院校名称,省份,科类,年份,批次,最低分,最低位次,招生计划
清华大学,重庆,历史类,2025,本科批,667,,
北京大学,重庆,历史类,2025,本科批,661,,
复旦大学,重庆,历史类,2025,本科批,651,75,
中国人民大学,重庆,历史类,2025,本科批,646,108,
浙江大学,重庆,历史类,2025,本科批,642,156,
南京大学,重庆,历史类,2025,本科批,641,167,
同济大学,重庆,历史类,2025,本科批,630,330,
武汉大学,重庆,历史类,2025,本科批,630,347,
北京师范大学,重庆,历史类,2025,本科批,629,372,
南开大学,重庆,历史类,2025,本科批,627,416,
北京航空航天大学,重庆,历史类,2025,本科批,626,447,
厦门大学,重庆,历史类,2025,本科提前批B段,624,477,
中山大学,重庆,历史类,2025,本科批,620,634,
西安交通大学,重庆,历史类,2025,本科批,620,634,
上海财经大学,重庆,历史类,2025,本科批,619,669,
华东师范大学,重庆,历史类,2025,本科批,618,707,
北京理工大学,重庆,历史类,2025,本科批,615,830,
中国政法大学,重庆,历史类,2025,本科批,614,863,
华东师范大学,重庆,历史类,2025,本科提前批B段,611,985,
东南大学,重庆,历史类,2025,本科批,610,1038,
中国人民公安大学,重庆,历史类,2025,本科提前批A段,610,1038,
华南理工大学,重庆,历史类,2025,本科批,608,1141,
哈尔滨工业大学,重庆,历史类,2025,本科批,606,1233,
山东大学,重庆,历史类,2025,本科批,605,1300,
中央财经大学,重庆,历史类,2025,本科批,603,1407,
华中科技大学,重庆,历史类,2025,本科批,603,1407,
外交学院,重庆,历史类,2025,本科提前批B段,603,1407,
中南大学,重庆,历史类,2025,本科批,601,1511,
上海外国语大学,重庆,历史类,2025,本科批,599,1649,
电子科技大学,重庆,历史类,2025,本科批,599,1649,
苏州大学,重庆,历史类,2025,本科批,598,1703,
西北工业大学,重庆,历史类,2025,本科批,596,1820,
北京交通大学,重庆,历史类,2025,本科批,595,1881,
吉林大学,重庆,历史类,2025,本科批,594,1953,
武警警官学院,重庆,历史类,2025,本科提前批A段,594,1953,
东华大学,重庆,历史类,2025,本科批,593,2031,
北京科技大学,重庆,历史类,2025,本科批,592,2114,
中国社会科学院大学,重庆,历史类,2025,本科批,592,2114,
吉林大学,重庆,历史类,2025,本科提前批B段,592,2114,
山东大学,重庆,历史类,2025,本科提前批B段,592,2114,
南京师范大学,重庆,历史类,2025,本科批,591,2192,
四川大学,重庆,历史类,2025,本科批,591,2192,
对外经济贸易大学,重庆,历史类,2025,本科提前批B段,591,2192,6
首都师范大学,重庆,历史类,2025,本科批,590,2192,
东北大学秦皇岛分校,重庆,历史类,2025,本科批,590,2261,
湖南大学,重庆,历史类,2025,本科批,589,2345,
西北农林科技大学,重庆,历史类,2025,本科批,589,2345,
中央民族大学,重庆,历史类,2025,本科批,588,2422,
天津大学,重庆,历史类,2025,本科批,588,2422,
中国海洋大学,重庆,历史类,2025,本科提前批B段,588,2422,
华北电力大学,重庆,历史类,2025,本科批,587,2504,
华中师范大学,重庆,历史类,2025,本科批,587,2504,
中国消防救援学院,重庆,历史类,2025,本科提前批A段,587,2504,
中央财经大学,重庆,历史类,2025,本科提前批B段,587,2504,
厦门大学,重庆,历史类,2025,本科批,585,2681,
兰州大学,重庆,历史类,2025,本科批,585,2681,
北京外国语大学,重庆,历史类,2025,本科批,584,2756,
中国传媒大学,重庆,历史类,2025,本科批,584,2756,
对外经济贸易大学,重庆,历史类,2025,本科批,584,2756,21
中国矿业大学,重庆,历史类,2025,本科批,583,2840,
深圳大学,重庆,历史类,2025,本科批,583,2840,
南京师范大学,重庆,历史类,2025,本科提前批B段,583,2756,
北京中医药大学,重庆,历史类,2025,本科批,582,2943,
中国石油大学(北京),重庆,历史类,2025,本科批,582,2943,
河海大学,重庆,历史类,2025,本科批,582,2943,
东北师范大学,重庆,历史类,2025,本科提前批B段,582,2943,
上海大学,重庆,历史类,2025,本科批,581,3042,
北京化工大学,重庆,历史类,2025,本科批,580,3140,
中国地质大学(北京),重庆,历史类,2025,本科批,580,3140,
上海海关学院,重庆,历史类,2025,本科批,580,3140,
华东政法大学,重庆,历史类,2025,本科批,579,3241,
中国药科大学,重庆,历史类,2025,本科批,579,3140,
中国海洋大学,重庆,历史类,2025,本科批,579,3241,
西安电子科技大学,重庆,历史类,2025,本科批,579,3241,
黑龙江中医药大学,重庆,历史类,2025,本科批,578,3349,
中国地质大学(武汉),重庆,历史类,2025,本科批,578,3349,
华东理工大学,重庆,历史类,2025,本科提前批B段,578,3349,
西南财经大学,重庆,历史类,2025,本科提前批B段,578,3349,
哈尔滨工程大学,重庆,历史类,2025,本科批,577,3464,
武汉理工大学,重庆,历史类,2025,本科批,577,3464,
广西大学,重庆,历史类,2025,本科批,577,3464,
西南交通大学,重庆,历史类,2025,本科批,577,3464,
郑州大学,重庆,历史类,2025,本科批,576,3581,
华中农业大学,重庆,历史类,2025,本科批,576,3581,
中南财经政法大学,重庆,历史类,2025,本科提前批B段,576,3581,
福州大学,重庆,历史类,2025,本科批,575,3697,
西北大学,重庆,历史类,2025,本科批,575,3697,
中国传媒大学,重庆,历史类,2025,本科提前批B段,575,3697,
贵州大学,重庆,历史类,2025,本科提前批B段,575,3697,
中国农业大学,重庆,历史类,2025,本科批,574,3804,
北京林业大学,重庆,历史类,2025,本科批,574,3804,
中央戏剧学院,重庆,历史类,2025,本科批,574,3697,
中国美术学院,重庆,历史类,2025,本科批,574,3804,
中国计量大学,重庆,历史类,2025,本科批,574,3697,
云南大学,重庆,历史类,2025,本科批,574,3804,
暨南大学,重庆,历史类,2025,本科批,573,3907,
浙江财经大学,重庆,历史类,2025,本科批,572,4019,
华南师范大学,重庆,历史类,2025,本科批,572,4019,
广西中医药大学,重庆,历史类,2025,本科批,572,4019,
山西大学,重庆,历史类,2025,本科批,571,4142,
南京审计大学,重庆,历史类,2025,本科批,571,4142,
深圳技术大学,重庆,历史类,2025,本科批,571,4142,
中南财经政法大学,重庆,历史类,2025,本科提前批A段,571,4142,
东北农业大学,重庆,历史类,2025,本科提前批B段,571,4142,
北京电影学院,重庆,历史类,2025,本科批,570,4253,
河北工业大学,重庆,历史类,2025,本科批,570,4253,
江南大学,重庆,历史类,2025,本科批,570,4253,
扬州大学,重庆,历史类,2025,本科批,570,4253,
广州中医药大学,重庆,历史类,2025,本科批,570,4253,
重庆师范大学,重庆,历史类,2025,本科提前批B段,570,4253,
首都经济贸易大学,重庆,历史类,2025,本科批,569,4375,
西南大学,重庆,历史类,2025,本科批,569,4375,
安徽大学,重庆,历史类,2025,本科批,568,4503,
江苏大学,重庆,历史类,2025,本科批,567,4620,
山西中医药大学,重庆,历史类,2025,本科批,566,4750,
大连海事大学,重庆,历史类,2025,本科批,566,4750,
东北农业大学,重庆,历史类,2025,本科批,566,4750,
温州大学,重庆,历史类,2025,本科批,566,4750,
太原理工大学,重庆,历史类,2025,本科批,565,4904,
湖北大学,重庆,历史类,2025,本科批,565,4904,
东北林业大学,重庆,历史类,2025,本科批,564,5044,
湖南师范大学,重庆,历史类,2025,本科批,564,5044,
西南大学,重庆,历史类,2025,本科提前批B段,564,5044,
内蒙古大学,重庆,历史类,2025,本科批,563,5175,
东北师范大学,重庆,历史类,2025,本科批,563,5175,
上海海洋大学,重庆,历史类,2025,本科批,563,5175,
四川警察学院,重庆,历史类,2025,本科批,563,5175,
上海对外经贸大学,重庆,历史类,2025,本科批,562,5334,
南京财经大学,重庆,历史类,2025,本科批,562,5334,
合肥工业大学,重庆,历史类,2025,本科批,562,5334,
西北政法大学,重庆,历史类,2025,本科批,562,5334,
扬州大学,重庆,历史类,2025,本科提前批B段,562,5334,
广西师范大学,重庆,历史类,2025,本科提前批B段,562,5334,
宁夏大学,重庆,历史类,2025,本科批,561,5482,
天津中医药大学,重庆,历史类,2025,本科批,560,5621,
浙江工商大学,重庆,历史类,2025,本科批,560,5621,
南昌大学,重庆,历史类,2025,本科批,560,5621,
重庆大学,重庆,历史类,2025,本科批,560,5621,
陕西师范大学,重庆,历史类,2025,本科批,560,5621,
长安大学,重庆,历史类,2025,本科批,560,5621,
湘潭大学,重庆,历史类,2025,本科批,558,5889,
华中师范大学,重庆,历史类,2025,本科提前批B段,558,5889,
杭州电子科技大学,重庆,历史类,2025,本科批,557,6017,
浙江理工大学,重庆,历史类,2025,本科批,557,6017,
湖北中医药大学,重庆,历史类,2025,本科批,557,6017,
中国石油大学(北京)克拉玛依校区,重庆,历史类,2025,本科批,557,6017,
湖北师范大学,重庆,历史类,2025,本科批,556,6163,
西南政法大学,重庆,历史类,2025,本科批,556,6163,
西南财经大学,重庆,历史类,2025,本科批,556,6163,
北京第二外国语学院,重庆,历史类,2025,本科批,555,6310,
哈尔滨医科大学,重庆,历史类,2025,本科批,555,6310,
武汉科技大学,重庆,历史类,2025,本科批,555,6310,
五邑大学,重庆,历史类,2025,本科批,555,6310,
天津师范大学,重庆,历史类,2025,本科提前批B段,555,6310,
中国民航大学,重庆,历史类,2025,本科批,554,6469,
浙江工业大学,重庆,历史类,2025,本科批,554,6469,
江西财经大学,重庆,历史类,2025,本科批,554,6469,
中国戏曲学院,重庆,历史类,2025,本科批,553,6633,
中南财经政法大学,重庆,历史类,2025,本科批,553,6633,
广东外语外贸大学,重庆,历史类,2025,本科批,552,6774,
新疆大学,重庆,历史类,2025,本科批,552,6774,
上海海事大学,重庆,历史类,2025,本科批,551,6928,
西藏大学,重庆,历史类,2025,本科批,551,6928,
南京工业大学,重庆,历史类,2025,本科批,550,7083,
河南大学,重庆,历史类,2025,本科批,550,7083,
广东工业大学,重庆,历史类,2025,本科批,550,7083,
汕头大学,重庆,历史类,2025,本科批,550,7083,
天津财经大学,重庆,历史类,2025,本科批,549,7239,
西交利物浦大学,重庆,历史类,2025,本科批,549,7239,
武汉工程大学,重庆,历史类,2025,本科批,549,7239,
南方医科大学,重庆,历史类,2025,本科批,549,7239,
上海立信会计金融学院,重庆,历史类,2025,本科批,548,7425,
燕山大学,重庆,历史类,2025,本科批,547,7586,
嘉兴南湖学院,重庆,历史类,2025,本科批,547,7586,
江西警察学院,重庆,历史类,2025,本科批,547,7586,
南华大学,重庆,历史类,2025,本科批,547,7586,
长沙理工大学,重庆,历史类,2025,本科批,547,7586,
云南警官学院,重庆,历史类,2025,本科批,547,7586,
天津外国语大学,重庆,历史类,2025,本科批,546,7760,
延边大学,重庆,历史类,2025,本科批,546,7760,
南通大学,重庆,历史类,2025,本科批,546,7760,
中央美术学院,重庆,历史类,2025,本科批,545,7936,
临沂大学,重庆,历史类,2025,本科批,545,7936,
武汉轻工大学,重庆,历史类,2025,本科批,545,7936,
苏州科技大学,重庆,历史类,2025,本科批,544,8116,
曲阜师范大学,重庆,历史类,2025,本科批,544,8116,
西南民族大学,重庆,历史类,2025,本科提前批B段,544,7760,
上海商学院,重庆,历史类,2025,本科批,543,8298,
南京艺术学院,重庆,历史类,2025,本科批,543,8298,
贵州警察学院,重庆,历史类,2025,本科批,543,8298,
延安大学,重庆,历史类,2025,本科批,543,8298,6
兰州理工大学,重庆,历史类,2025,本科批,543,8298,
上海师范大学,重庆,历史类,2025,本科批,542,8463,
青岛大学,重庆,历史类,2025,本科批,542,8463,
广东财经大学,重庆,历史类,2025,本科批,542,8463,
石河子大学,重庆,历史类,2025,本科批,542,8463,
北京印刷学院,重庆,历史类,2025,本科批,541,8640,
大连大学,重庆,历史类,2025,本科批,541,8640,
上海政法学院,重庆,历史类,2025,本科批,541,8640,
宁波诺丁汉大学,重庆,历史类,2025,本科批,541,8298,
贵州中医药大学,重庆,历史类,2025,本科批,541,8640,
中国劳动关系学院,重庆,历史类,2025,本科批,540,8824,
河北工程大学,重庆,历史类,2025,本科批,540,8824,
东北财经大学,重庆,历史类,2025,本科批,540,8824,
福建师范大学,重庆,历史类,2025,本科批,540,8824,
西安工业大学,重庆,历史类,2025,本科批,540,8824,
烟台大学,重庆,历史类,2025,本科批,539,9023,
湖南科技大学,重庆,历史类,2025,本科批,539,9023,
西南石油大学,重庆,历史类,2025,本科批,539,9023,
浙江农林大学,重庆,历史类,2025,本科批,538,9202,
安徽财经大学,重庆,历史类,2025,本科批,538,9202,
中南民族大学,重庆,历史类,2025,本科批,538,9202,
北师香港浸会大学,重庆,历史类,2025,本科批,538,9202,
重庆中医药学院,重庆,历史类,2025,本科批,538,9202,
西安财经大学,重庆,历史类,2025,本科批,538,9202,
成都理工大学,重庆,历史类,2025,本科批,537,9363,
贵州师范大学,重庆,历史类,2025,本科批,537,9363,
甘肃政法大学,重庆,历史类,2025,本科批,537,9363,
重庆交通大学,重庆,历史类,2025,本科提前批B段,537,9363,
山西大同大学,重庆,历史类,2025,本科批,536,9555,
浙江传媒学院,重庆,历史类,2025,本科批,536,9555,
河南师范大学,重庆,历史类,2025,本科批,536,9555,
四川农业大学,重庆,历史类,2025,本科批,536,9555,
天津科技大学,重庆,历史类,2025,本科批,535,9726,
河北大学,重庆,历史类,2025,本科批,535,9726,
大连交通大学,重庆,历史类,2025,本科批,535,9726,
辽宁大学,重庆,历史类,2025,本科批,535,9726,
景德镇陶瓷大学,重庆,历史类,2025,本科批,535,9726,
南昌医学院,重庆,历史类,2025,本科批,535,9726,
湖南工商大学,重庆,历史类,2025,本科批,535,9726,
河北医科大学,重庆,历史类,2025,本科批,534,9922,
北华大学,重庆,历史类,2025,本科批,534,9922,
广东金融学院,重庆,历史类,2025,本科批,534,9922,
中华女子学院,重庆,历史类,2025,本科批,533,10123,
常州大学,重庆,历史类,2025,本科批,533,10123,
集美大学,重庆,历史类,2025,本科批,533,10123,
贵州大学,重庆,历史类,2025,本科批,533,10123,
沈阳医学院,重庆,历史类,2025,本科批,532,10338,
东北电力大学,重庆,历史类,2025,本科批,532,10338,
厦门理工学院,重庆,历史类,2025,本科批,532,10338,
河南科技大学,重庆,历史类,2025,本科批,532,10338,
河南财经政法大学,重庆,历史类,2025,本科批,532,10338,
苏州城市学院,重庆,历史类,2025,本科批,532,10338,8
黑龙江大学,重庆,历史类,2025,本科批,531,10541,
上海理工大学,重庆,历史类,2025,本科批,531,10541,
无锡学院,重庆,历史类,2025,本科批,531,10541,
西安建筑科技大学,重庆,历史类,2025,本科批,531,10338,
重庆理工大学,重庆,历史类,2025,本科提前批B段,531,10541,
华侨大学,重庆,历史类,2025,本科批,530,10766,
赣南师范大学,重庆,历史类,2025,本科批,530,10766,6
天津医科大学临床医学院,重庆,历史类,2025,本科批,529,10984,
宁波大学,重庆,历史类,2025,本科批,529,10984,
安徽农业大学,重庆,历史类,2025,本科批,529,10984,
江西农业大学,重庆,历史类,2025,本科批,529,10984,
甘肃中医药大学,重庆,历史类,2025,本科批,529,10984,
华北理工大学,重庆,历史类,2025,本科批,528,11193,
东北石油大学,重庆,历史类,2025,本科批,528,11193,
河南理工大学,重庆,历史类,2025,本科批,528,11193,
河南工业大学,重庆,历史类,2025,本科批,528,11193,
广东技术师范大学,重庆,历史类,2025,本科批,528,11193,
西北师范大学,重庆,历史类,2025,本科批,528,11193,
福建农林大学,重庆,历史类,2025,本科批,527,11419,
三峡大学,重庆,历史类,2025,本科批,527,11419,
江汉大学,重庆,历史类,2025,本科批,527,11419,
黑龙江大学,重庆,历史类,2025,本科提前批B段,527,11419,
内蒙古财经大学,重庆,历史类,2025,本科批,526,11622,
山东财经大学,重庆,历史类,2025,本科批,526,11622,
青岛理工大学,重庆,历史类,2025,本科批,526,11622,
山东理工大学,重庆,历史类,2025,本科批,526,11622,
右江民族医学院,重庆,历史类,2025,本科批,526,11622,
四川轻化工大学,重庆,历史类,2025,本科批,526,11622,
陕西警察学院,重庆,历史类,2025,本科批,526,11419,
渤海大学,重庆,历史类,2025,本科批,525,11419,
广东海洋大学,重庆,历史类,2025,本科批,525,11865,
遵义师范学院,重庆,历史类,2025,本科批,525,11865,
昆明理工大学,重庆,历史类,2025,本科批,525,11865,
云南中医药大学,重庆,历史类,2025,本科批,525,11865,
新疆警察学院,重庆,历史类,2025,本科批,525,11865,
苏州工学院,重庆,历史类,2025,本科批,524,12075,
安徽工业大学,重庆,历史类,2025,本科批,524,12075,
阜阳师范大学,重庆,历史类,2025,本科批,524,12075,
济南大学,重庆,历史类,2025,本科批,524,12075,
南宁师范大学,重庆,历史类,2025,本科批,524,12075,
山西财经大学,重庆,历史类,2025,本科批,523,12316,
江苏科技大学,重庆,历史类,2025,本科批,523,12316,8
江西理工大学,重庆,历史类,2025,本科批,523,12316,
山东第一医科大学,重庆,历史类,2025,本科批,523,12316,
广州大学,重庆,历史类,2025,本科批,523,12316,
重庆交通大学,重庆,历史类,2025,本科批,523,12316,
西华师范大学,重庆,历史类,2025,本科批,523,12316,
首都体育学院,重庆,历史类,2025,本科批,522,12519,
天津职业技术师范大学,重庆,历史类,2025,本科批,522,12519,
鞍山师范学院,重庆,历史类,2025,本科批,522,12519,
合肥大学,重庆,历史类,2025,本科批,522,12519,
山东农业大学,重庆,历史类,2025,本科批,522,12519,
长江大学,重庆,历史类,2025,本科批,522,12519,
贵州财经大学,重庆,历史类,2025,本科批,522,12519,
北京物资学院,重庆,历史类,2025,本科批,521,12751,
太原师范学院,重庆,历史类,2025,本科批,521,12751,
湖北第二师范学院,重庆,历史类,2025,本科批,521,12751,
西安石油大学,重庆,历史类,2025,本科批,521,12751,
江苏第二师范学院,重庆,历史类,2025,本科批,521,12751,
江西中医药大学,重庆,历史类,2025,本科批,520,12962,
河南农业大学,重庆,历史类,2025,本科批,520,12962,
成都中医药大学,重庆,历史类,2025,本科批,520,12962,
山东师范大学,重庆,历史类,2025,本科提前批B段,520,12962,
石家庄铁道大学,重庆,历史类,2025,本科批,519,13219,
唐山学院,重庆,历史类,2025,本科批,519,13219,
山西医科大学,重庆,历史类,2025,本科批,519,13219,
闽江学院,重庆,历史类,2025,本科批,519,13219,
青岛科技大学,重庆,历史类,2025,本科批,519,13219,
山东建筑大学,重庆,历史类,2025,本科批,519,13219,
湖南中医药大学,重庆,历史类,2025,本科批,519,13219,
东莞理工学院,重庆,历史类,2025,本科批,519,13219,
西南科技大学,重庆,历史类,2025,本科批,519,13219,
内江师范学院,重庆,历史类,2025,本科批,519,13219,
四川民族学院,重庆,历史类,2025,本科批,519,13219,
兰州交通大学,重庆,历史类,2025,本科批,519,13219,
浙江师范大学,重庆,历史类,2025,本科批,518,13442,
长沙师范学院,重庆,历史类,2025,本科批,518,13442,
佛山大学,重庆,历史类,2025,本科批,518,13442,
重庆理工大学,重庆,历史类,2025,本科批,518,13442,
西南民族大学,重庆,历史类,2025,本科批,518,13442,
云南师范大学,重庆,历史类,2025,本科批,518,13442,
北方工业大学,重庆,历史类,2025,本科批,517,13677,
民政职业大学,重庆,历史类,2025,本科批,517,13677,
太原科技大学,重庆,历史类,2025,本科批,517,13677,
宁波工程学院,重庆,历史类,2025,本科批,517,13677,
淮北师范大学,重庆,历史类,2025,本科批,517,13677,
安徽师范大学,重庆,历史类,2025,本科批,517,13677,
湘南学院,重庆,历史类,2025,本科批,517,13677,
六盘水师范学院,重庆,历史类,2025,本科批,517,13677,
西安外国语大学,重庆,历史类,2025,本科批,517,13677,
西安医学院,重庆,历史类,2025,本科批,517,13677,
兰州石化职业技术大学,重庆,历史类,2025,本科批,517,13677,
天津商业大学,重庆,历史类,2025,本科批,516,13908,
金陵科技学院,重庆,历史类,2025,本科批,516,13908,4
湖北民族大学,重庆,历史类,2025,本科批,516,13908,
中南林业科技大学,重庆,历史类,2025,本科批,516,13908,
桂林电子科技大学,重庆,历史类,2025,本科批,516,13908,
西南医科大学,重庆,历史类,2025,本科批,516,13908,
保山学院,重庆,历史类,2025,本科批,516,13908,
河北地质大学,重庆,历史类,2025,本科批,515,14156,
大连民族大学,重庆,历史类,2025,本科批,515,14156,
南京工程学院,重庆,历史类,2025,本科批,515,14156,
福建江夏学院,重庆,历史类,2025,本科批,515,14156,
江西师范大学,重庆,历史类,2025,本科批,515,14156,
鲁东大学,重庆,历史类,2025,本科批,515,14156,
山东航空学院,重庆,历史类,2025,本科批,515,14156,
湖南理工学院,重庆,历史类,2025,本科批,515,14156,
中国民用航空飞行学院,重庆,历史类,2025,本科批,515,14156,
贵阳学院,重庆,历史类,2025,本科批,515,14156,
长春理工大学,重庆,历史类,2025,本科批,514,14376,
温州肯恩大学,重庆,历史类,2025,本科批,514,14376,
安徽建筑大学,重庆,历史类,2025,本科批,514,14376,
景德镇学院,重庆,历史类,2025,本科批,514,14376,
河南中医药大学,重庆,历史类,2025,本科批,514,14376,
武汉商学院,重庆,历史类,2025,本科批,514,14376,
长沙学院,重庆,历史类,2025,本科批,514,14376,
肇庆学院,重庆,历史类,2025,本科批,514,14376,
玉溪师范学院,重庆,历史类,2025,本科批,514,14376,
安康学院,重庆,历史类,2025,本科批,514,14376,
商洛学院,重庆,历史类,2025,本科批,514,14376,
北京联合大学,重庆,历史类,2025,本科批,513,14604,
山东师范大学,重庆,历史类,2025,本科批,513,14604,
郑州轻工业大学,重庆,历史类,2025,本科批,513,14604,
吉首大学,重庆,历史类,2025,本科批,513,14604,
湖南工业大学,重庆,历史类,2025,本科批,513,14604,
海南大学,重庆,历史类,2025,本科批,513,14604,
兴义民族师范学院,重庆,历史类,2025,本科批,513,14604,
河北经贸大学,重庆,历史类,2025,本科批,512,14858,
山西农业大学,重庆,历史类,2025,本科批,512,14858,
长春大学,重庆,历史类,2025,本科批,512,14858,
哈尔滨商业大学,重庆,历史类,2025,本科批,512,14858,
徐州工程学院,重庆,历史类,2025,本科批,512,14858,
安庆师范大学,重庆,历史类,2025,本科批,512,14858,
洛阳师范学院,重庆,历史类,2025,本科批,512,14858,
川北医学院,重庆,历史类,2025,本科批,512,14858,
乐山师范学院,重庆,历史类,2025,本科批,512,14858,
大理大学,重庆,历史类,2025,本科批,512,14858,
天水师范大学,重庆,历史类,2025,本科批,512,14858,
陇南师范学院,重庆,历史类,2025,本科批,512,14858,
齐齐哈尔大学,重庆,历史类,2025,本科批,511,15080,
南京晓庄学院,重庆,历史类,2025,本科批,511,15080,
宜春学院,重庆,历史类,2025,本科批,511,15080,
湖南财政经济学院,重庆,历史类,2025,本科批,511,15080,
岭南师范学院,重庆,历史类,2025,本科批,511,15080,
重庆科技大学,重庆,历史类,2025,本科批,511,15080,
南京工业职业技术大学,重庆,历史类,2025,本科批,510,15318,
郑州师范学院,重庆,历史类,2025,本科批,510,15318,
湖北理工学院,重庆,历史类,2025,本科批,510,15318,
桂林理工大学,重庆,历史类,2025,本科批,510,15318,
广西财经学院,重庆,历史类,2025,本科批,510,15318,
重庆邮电大学,重庆,历史类,2025,本科批,510,15318,
四川师范大学,重庆,历史类,2025,本科批,510,15318,
贵州民族大学,重庆,历史类,2025,本科批,510,15318,
西南林业大学,重庆,历史类,2025,本科批,510,15318,
青海师范大学,重庆,历史类,2025,本科批,510,15318,
四川外国语大学,重庆,历史类,2025,本科提前批B段,510,15318,
北华航天工业学院,重庆,历史类,2025,本科批,509,15556,
白城师范学院,重庆,历史类,2025,本科批,509,15556,
哈尔滨理工大学,重庆,历史类,2025,本科批,509,14858,
潍坊学院,重庆,历史类,2025,本科批,509,15556,
聊城大学,重庆,历史类,2025,本科批,509,15556,
安阳师范学院,重庆,历史类,2025,本科批,509,15556,
湖北经济学院,重庆,历史类,2025,本科批,509,15556,
怀化学院,重庆,历史类,2025,本科批,509,15556,
湖南工程学院,重庆,历史类,2025,本科批,509,15318,
广东轻工职业技术大学,重庆,历史类,2025,本科批,509,15556,
北部湾大学,重庆,历史类,2025,本科批,509,15556,
宜宾学院,重庆,历史类,2025,本科批,509,15556,
攀枝花学院,重庆,历史类,2025,本科批,509,15556,
成都工业学院,重庆,历史类,2025,本科批,509,15556,
贵州工程应用技术学院,重庆,历史类,2025,本科批,509,15556,
宝鸡文理学院,重庆,历史类,2025,本科批,509,15556,2
西安文理学院,重庆,历史类,2025,本科批,509,15556,
北京体育大学,重庆,历史类,2025,本科批,508,15814,
华北科技学院,重庆,历史类,2025,本科批,508,15814,
山西师范大学,重庆,历史类,2025,本科批,508,15814,10
辽宁工程技术大学,重庆,历史类,2025,本科批,508,15814,
井冈山大学,重庆,历史类,2025,本科批,508,15814,
济宁学院,重庆,历史类,2025,本科批,508,15814,
齐鲁工业大学,重庆,历史类,2025,本科批,508,15814,
洛阳理工学院,重庆,历史类,2025,本科批,508,15814,
邵阳学院,重庆,历史类,2025,本科批,508,15814,
重庆师范大学,重庆,历史类,2025,本科批,508,15814,
阿坝师范学院,重庆,历史类,2025,本科批,508,15814,
遵义医科大学,重庆,历史类,2025,本科批,508,15814,
陕西学前师范学院,重庆,历史类,2025,本科批,508,15814,
北方民族大学,重庆,历史类,2025,本科批,508,15814,
天津体育学院,重庆,历史类,2025,本科批,507,16063,
衡水学院,重庆,历史类,2025,本科批,507,16063,
沈阳理工大学,重庆,历史类,2025,本科批,507,16063,
长春师范大学,重庆,历史类,2025,本科批,507,16063,
江西水利电力大学,重庆,历史类,2025,本科批,507,16063,
郑州航空工业管理学院,重庆,历史类,2025,本科批,507,16063,
衡阳师范学院,重庆,历史类,2025,本科批,507,16063,
广西师范大学,重庆,历史类,2025,本科批,507,16063,
昭通学院,重庆,历史类,2025,本科批,507,16063,
陕西科技大学,重庆,历史类,2025,本科批,507,16063,
兰州财经大学,重庆,历史类,2025,本科批,507,16063,
宁夏师范大学,重庆,历史类,2025,本科批,507,16063,3
山东青年政治学院,重庆,历史类,2025,本科批,507,16063,
邢台学院,重庆,历史类,2025,本科批,506,16288,
吉林财经大学,重庆,历史类,2025,本科批,506,16288,
哈尔滨师范大学,重庆,历史类,2025,本科批,506,16288,
新余学院,重庆,历史类,2025,本科批,506,16288,
安阳工学院,重庆,历史类,2025,本科批,506,16288,
武汉体育学院,重庆,历史类,2025,本科批,506,16288,
三峡大学科技学院,重庆,历史类,2025,本科批,506,16288,
惠州学院,重庆,历史类,2025,本科批,506,16288,
韶关学院,重庆,历史类,2025,本科批,506,16288,
四川美术学院,重庆,历史类,2025,本科批,506,16288,
重庆第二师范学院,重庆,历史类,2025,本科批,506,16288,
云南民族大学,重庆,历史类,2025,本科批,506,16288,
滇西科技师范学院,重庆,历史类,2025,本科批,506,16288,
天津美术学院,重庆,历史类,2025,本科批,505,16516,
防灾科技学院,重庆,历史类,2025,本科批,505,16516,
南京特殊教育师范学院,重庆,历史类,2025,本科批,505,16516,
江苏理工学院,重庆,历史类,2025,本科批,505,16516,
武夷学院,重庆,历史类,2025,本科批,505,16516,
福建技术师范学院,重庆,历史类,2025,本科批,505,16516,
上饶师范学院,重庆,历史类,2025,本科批,505,16516,
山东石油化工学院,重庆,历史类,2025,本科批,505,16516,
湖南文理学院,重庆,历史类,2025,本科批,505,16516,
湖南科技学院,重庆,历史类,2025,本科批,505,16516,
湖南城市学院,重庆,历史类,2025,本科批,505,16516,
嘉应学院,重庆,历史类,2025,本科批,505,15814,
河池学院,重庆,历史类,2025,本科批,505,16516,11
桂林航天工业学院,重庆,历史类,2025,本科批,505,16063,
重庆三峡学院,重庆,历史类,2025,本科批,505,16516,
四川旅游学院,重庆,历史类,2025,本科批,505,16516,
黔南民族师范学院,重庆,历史类,2025,本科批,505,16516,
安顺学院,重庆,历史类,2025,本科批,505,16516,
铜仁学院,重庆,历史类,2025,本科批,505,16516,11
贵阳康养职业大学,重庆,历史类,2025,本科批,505,16516,
曲靖师范学院,重庆,历史类,2025,本科批,505,16516,
楚雄师范学院,重庆,历史类,2025,本科批,505,16063,
兰州文理学院,重庆,历史类,2025,本科批,505,16516,
北京语言大学,重庆,历史类,2025,本科批,504,16786,
北京城市学院,重庆,历史类,2025,本科批,504,16786,
天津师范大学,重庆,历史类,2025,本科批,504,16786,
河北医科大学临床学院,重庆,历史类,2025,本科批,504,16786,
唐山师范学院,重庆,历史类,2025,本科批,504,16786,
太原学院,重庆,历史类,2025,本科批,504,16786,
长治医学院,重庆,历史类,2025,本科批,504,16786,
内蒙古科技大学,重庆,历史类,2025,本科批,504,16786,
内蒙古民族大学,重庆,历史类,2025,本科批,504,16786,
吉林农业科技学院,重庆,历史类,2025,本科批,504,16786,
吉林工商学院,重庆,历史类,2025,本科批,504,16786,
哈尔滨学院,重庆,历史类,2025,本科批,504,16786,
绥化学院,重庆,历史类,2025,本科批,504,16786,
齐齐哈尔医学院,重庆,历史类,2025,本科批,504,16786,
江苏海洋大学,重庆,历史类,2025,本科批,504,16786,
亳州学院,重庆,历史类,2025,本科批,504,16786,
三明学院,重庆,历史类,2025,本科批,504,16516,
九江学院,重庆,历史类,2025,本科批,504,16786,
萍乡学院,重庆,历史类,2025,本科批,504,16786,
商丘师范学院,重庆,历史类,2025,本科批,504,16786,
南阳理工学院,重庆,历史类,2025,本科批,504,16786,
河南财政金融学院,重庆,历史类,2025,本科批,504,16786,
河南工程学院,重庆,历史类,2025,本科批,504,16786,
湖北汽车工业学院,重庆,历史类,2025,本科批,504,16786,
湖南农业大学,重庆,历史类,2025,本科批,504,16786,
湖南女子学院,重庆,历史类,2025,本科批,504,16063,
湖南科技大学潇湘学院,重庆,历史类,2025,本科批,504,16786,
长江师范学院,重庆,历史类,2025,本科批,504,16786,
绵阳师范学院,重庆,历史类,2025,本科批,504,16786,
四川文理学院,重庆,历史类,2025,本科批,504,16786,
成都师范学院,重庆,历史类,2025,本科批,504,16786,
昆明学院,重庆,历史类,2025,本科批,504,16786,
西藏民族大学,重庆,历史类,2025,本科批,504,16786,
陕西理工大学,重庆,历史类,2025,本科批,504,16786,
西北民族大学,重庆,历史类,2025,本科批,504,16786,
甘肃民族师范学院,重庆,历史类,2025,本科批,504,16786,
青海民族大学,重庆,历史类,2025,本科批,504,16786,
昌吉学院,重庆,历史类,2025,本科批,504,16786,
江西飞行学院,重庆,历史类,2025,本科批,504,16786,
保定学院,重庆,历史类,2025,本科批,503,17015,
石家庄铁道大学四方学院,重庆,历史类,2025,本科批,503,17015,
廊坊师范学院,重庆,历史类,2025,本科批,503,17015,
吕梁学院,重庆,历史类,2025,本科批,503,17015,
内蒙古工业大学,重庆,历史类,2025,本科批,503,17015,
黑龙江科技大学,重庆,历史类,2025,本科批,503,17015,
黑龙江工程学院,重庆,历史类,2025,本科批,503,16288,
丽水学院,重庆,历史类,2025,本科批,503,17015,
赣南科技学院,重庆,历史类,2025,本科批,503,16516,
泰山学院,重庆,历史类,2025,本科批,503,17015,
山东交通学院,重庆,历史类,2025,本科批,503,17015,
山东工商学院,重庆,历史类,2025,本科批,503,17015,
河南工学院,重庆,历史类,2025,本科批,503,17015,
广西科技师范学院,重庆,历史类,2025,本科批,503,17015,
桂林旅游学院,重庆,历史类,2025,本科批,503,17015,
贺州学院,重庆,历史类,2025,本科批,503,16516,
梧州学院,重庆,历史类,2025,本科批,503,17015,
百色学院,重庆,历史类,2025,本科批,503,17015,
凯里学院,重庆,历史类,2025,本科批,503,17015,
贵州师范学院,重庆,历史类,2025,本科批,503,17015,
榆林学院,重庆,历史类,2025,本科批,503,17015,
新疆第二医学院,重庆,历史类,2025,本科批,503,17015,
张家口学院,重庆,历史类,2025,本科批,502,17245,
上海杉达学院,重庆,历史类,2025,本科批,502,17245,
盐城师范学院,重庆,历史类,2025,本科批,502,17245,
淮阴工学院,重庆,历史类,2025,本科批,502,17245,
龙岩学院,重庆,历史类,2025,本科批,502,17245,
山东艺术学院,重庆,历史类,2025,本科批,502,17245,
平顶山学院,重庆,历史类,2025,本科批,502,17015,
重庆文理学院,重庆,历史类,2025,本科批,502,17245,
伊犁师范大学,重庆,历史类,2025,本科批,502,17245,
新疆财经大学,重庆,历史类,2025,本科批,502,17245,
新疆科技学院,重庆,历史类,2025,本科批,502,17245,
喀什大学,重庆,历史类,2025,本科批,502,17245,
山东女子学院,重庆,历史类,2025,本科批,502,17245,
河北环境工程学院,重庆,历史类,2025,本科批,501,17015,
山西传媒学院,重庆,历史类,2025,本科批,501,17460,
吉林师范大学,重庆,历史类,2025,本科批,501,17460,
哈尔滨金融学院,重庆,历史类,2025,本科批,501,17460,
浙江万里学院,重庆,历史类,2025,本科批,501,17460,
南昌师范学院,重庆,历史类,2025,本科批,501,16786,
许昌学院,重庆,历史类,2025,本科批,501,17460,
南阳师范学院,重庆,历史类,2025,本科批,501,17460,
信阳农林学院,重庆,历史类,2025,本科批,501,17245,
广西民族大学,重庆,历史类,2025,本科批,501,17460,
云南艺术学院,重庆,历史类,2025,本科批,501,17460,
红河学院,重庆,历史类,2025,本科批,501,17460,
西安美术学院,重庆,历史类,2025,本科批,501,17460,
河西学院,重庆,历史类,2025,本科批,501,17460,
新疆和田学院,重庆,历史类,2025,本科批,501,17460,
河北科技工程职业技术大学,重庆,历史类,2025,本科批,501,16786,
沧州师范学院,重庆,历史类,2025,本科批,500,17717,
忻州师范学院,重庆,历史类,2025,本科批,500,17717,
莆田学院,重庆,历史类,2025,本科批,500,17717,
黄淮学院,重庆,历史类,2025,本科批,500,17015,
河南科技学院,重庆,历史类,2025,本科批,500,17717,
南宁职业技术大学,重庆,历史类,2025,本科批,500,17717,
云南农业大学,重庆,历史类,2025,本科批,500,17717,10
云南财经大学,重庆,历史类,2025,本科批,500,17717,
酒泉职业技术大学,重庆,历史类,2025,本科批,500,17717,
新疆师范大学,重庆,历史类,2025,本科批,500,17717,
新疆理工学院,重庆,历史类,2025,本科批,500,17717,
新疆政法学院,重庆,历史类,2025,本科批,500,17717,
新疆艺术学院,重庆,历史类,2025,本科批,500,17460,
河南城建学院,重庆,历史类,2025,本科批,499,17973,
郑州工程技术学院,重庆,历史类,2025,本科批,499,17973,
湖北文理学院,重庆,历史类,2025,本科批,499,17973,
四川外国语大学,重庆,历史类,2025,本科批,499,17973,
四川音乐学院,重庆,历史类,2025,本科批,499,17973,
四川工商学院,重庆,历史类,2025,本科批,499,17973,
贵州商学院,重庆,历史类,2025,本科批,499,17973,
滇西应用技术大学,重庆,历史类,2025,本科批,499,17973,
咸阳师范学院,重庆,历史类,2025,本科批,499,17973,8
新疆农业大学,重庆,历史类,2025,本科批,499,17973,
南京理工大学紫金学院,重庆,历史类,2025,本科批,499,17973,
河北石油职业技术大学,重庆,历史类,2025,本科批,499,17973,
中国矿业大学徐海学院,重庆,历史类,2025,本科批,498,17717,
绍兴文理学院,重庆,历史类,2025,本科批,498,18234,
江西工程学院,重庆,历史类,2025,本科批,498,18234,
江西财经大学现代经济管理学院,重庆,历史类,2025,本科批,498,18234,
衡阳师范学院南岳学院,重庆,历史类,2025,本科批,498,18234,
西昌学院,重庆,历史类,2025,本科批,498,18234,
贵州医科大学神奇民族医药学院,重庆,历史类,2025,本科批,498,18234,
西藏农牧大学,重庆,历史类,2025,本科批,498,18234,
河北工业职业技术大学,重庆,历史类,2025,本科批,498,17717,
石家庄邮电职业技术学院,重庆,历史类,2025,专科批,497,17973,
陕西铁路工程职业技术学院,重庆,历史类,2025,专科批,497,18486,
北京科技大学天津学院,重庆,历史类,2025,本科批,497,18486,
河北金融学院,重庆,历史类,2025,本科批,497,18486,
内蒙古师范大学,重庆,历史类,2025,本科批,497,18486,
厦门大学嘉庚学院,重庆,历史类,2025,本科批,497,18486,
江西师范大学科学技术学院,重庆,历史类,2025,本科批,497,18486,
郑州工商学院,重庆,历史类,2025,本科批,497,18486,
南宁师范大学师园学院,重庆,历史类,2025,本科批,497,18234,
海南热带海洋学院,重庆,历史类,2025,本科批,497,18486,
西华大学,重庆,历史类,2025,本科批,497,18486,
辽宁师范大学,重庆,历史类,2025,本科批,496,18730,
东南大学成贤学院,重庆,历史类,2025,本科批,496,18234,
新疆农业职业技术大学,重庆,历史类,2025,本科批,496,18486,
天津城建大学,重庆,历史类,2025,本科批,495,19001,
天津理工大学中环信息学院,重庆,历史类,2025,本科批,495,18486,
牡丹江师范学院,重庆,历史类,2025,本科批,495,19001,
江西农业大学南昌商学院,重庆,历史类,2025,本科批,495,19001,
郑州财经学院,重庆,历史类,2025,本科批,495,19001,
武汉海事职业学院,重庆,历史类,2025,专科批,494,19282,
南京审计大学金审学院,重庆,历史类,2025,本科批,494,19282,
浙江工商大学杭州商学院,重庆,历史类,2025,本科批,494,19282,
郑州商学院,重庆,历史类,2025,本科批,494,19282,
中南林业科技大学涉外学院,重庆,历史类,2025,本科批,494,19282,
南京传媒学院,重庆,历史类,2025,本科批,493,19556,
福建师范大学协和学院,重庆,历史类,2025,本科批,493,19556,
福州大学至诚学院,重庆,历史类,2025,本科批,493,19001,
燕京理工学院,重庆,历史类,2025,本科批,493,19556,
郑州西亚斯学院,重庆,历史类,2025,本科批,493,19556,
长江大学文理学院,重庆,历史类,2025,本科批,493,19556,
集美大学诚毅学院,重庆,历史类,2025,本科批,492,19798,
海南师范大学,重庆,历史类,2025,本科批,491,20074,
江苏海事职业技术学院,重庆,历史类,2025,专科批,490,20354,
四川铁道职业学院,重庆,历史类,2025,专科批,490,20354,
四川大学锦江学院,重庆,历史类,2025,本科批,490,20354,
昆明医科大学海源学院,重庆,历史类,2025,本科批,490,20354,
渭南师范学院,重庆,历史类,2025,本科批,490,20354,11
上海财经大学浙江学院,重庆,历史类,2025,本科批,489,20603,
南京财经大学红山学院,重庆,历史类,2025,本科批,489,20603,
江苏大学京江学院,重庆,历史类,2025,本科批,488,20863,
豫章师范学院,重庆,历史类,2025,本科批,488,20863,
重庆工商大学,重庆,历史类,2025,本科批,488,20863,
武汉工商学院,重庆,历史类,2025,本科批,487,21111,
湖北大学知行学院,重庆,历史类,2025,本科批,487,21111,
成都体育学院,重庆,历史类,2025,本科批,487,21111,
四川传媒学院,重庆,历史类,2025,本科批,487,21111,
扬州大学广陵学院,重庆,历史类,2025,本科批,487,21111,
四川电影电视学院,重庆,历史类,2025,本科批,485,21660,
天津财经大学珠江学院,重庆,历史类,2025,本科批,484,21940,
珠海科技学院,重庆,历史类,2025,本科批,484,21940,
武汉体育学院体育科技学院,重庆,历史类,2025,本科批,484,21940,
南京工业大学浦江学院,重庆,历史类,2025,本科批,483,22215,
成都锦城学院,重庆,历史类,2025,本科批,483,22215,
昆明城市学院,重庆,历史类,2025,本科批,483,22215,
延安大学西安创新学院,重庆,历史类,2025,本科批,483,22215,
西南交通大学希望学院,重庆,历史类,2025,本科批,483,22215,
南京航空航天大学金城学院,重庆,历史类,2025,本科批,481,22779,
仰恩大学,重庆,历史类,2025,本科批,481,22779,
山东财经大学东方学院,重庆,历史类,2025,本科批,481,22779,
吉林外国语大学,重庆,历史类,2025,本科批,480,23065,
成都理工大学工程技术学院,重庆,历史类,2025,本科批,480,23065,
湖北工业大学工程技术学院,重庆,历史类,2025,本科批,478,23598,
电子科技大学成都学院,重庆,历史类,2025,本科批,478,23598,
常州大学怀德学院,重庆,历史类,2025,本科批,478,23598,
湖北经济学院法商学院,重庆,历史类,2025,本科批,478,23598,
大连财经学院,重庆,历史类,2025,本科批,477,23897,
常德学院,重庆,历史类,2025,本科批,477,23897,
成都东软学院,重庆,历史类,2025,本科批,477,23897,
贵州黔南经济学院,重庆,历史类,2025,本科批,477,23897,
武汉纺织大学外经贸学院,重庆,历史类,2025,本科批,476,24159,
辽宁理工学院,重庆,历史类,2025,本科批,475,24430,
武汉生物工程学院,重庆,历史类,2025,本科批,475,24430,
成都文理学院,重庆,历史类,2025,本科批,475,24430,
河北地质大学华信学院,重庆,历史类,2025,本科批,474,24696,
江西科技师范大学,重庆,历史类,2025,本科批,474,24696,
山东协和学院,重庆,历史类,2025,本科批,474,24696,
武汉华夏理工学院,重庆,历史类,2025,本科批,474,24696,
西安思源学院,重庆,历史类,2025,本科批,474,24696,
武汉城市学院,重庆,历史类,2025,本科批,473,25005,
无锡太湖学院,重庆,历史类,2025,本科批,472,25304,
南昌理工学院,重庆,历史类,2025,本科批,472,25304,
琼台师范学院,重庆,历史类,2025,本科批,472,25304,
南通大学杏林学院,重庆,历史类,2025,本科批,472,25304,
武汉传媒学院,重庆,历史类,2025,本科批,472,24430,
湖南高速铁路职业技术学院,重庆,历史类,2025,专科批,471,25591,
北京中医药大学东方学院,重庆,历史类,2025,专科批,471,25591,
河北东方学院,重庆,历史类,2025,本科批,471,25591,
晋中信息学院,重庆,历史类,2025,本科批,471,25591,
潍坊科技学院,重庆,历史类,2025,本科批,471,25591,
云南工商学院,重庆,历史类,2025,本科批,470,25876,
天津市职业大学,重庆,历史类,2025,专科批,469,26141,
石家庄铁路职业技术学院,重庆,历史类,2025,专科批,469,26141,
武昌理工学院,重庆,历史类,2025,本科批,469,26141,
上海视觉艺术学院,重庆,历史类,2025,本科批,468,26437,
湖北商贸学院,重庆,历史类,2025,本科批,468,26437,
湖南应用技术学院,重庆,历史类,2025,本科批,468,26437,
绵阳城市学院,重庆,历史类,2025,本科批,468,26437,
山西晋中理工学院,重庆,历史类,2025,本科批,467,26729,
南昌应用技术师范学院,重庆,历史类,2025,本科批,467,26729,
南宁学院,重庆,历史类,2025,本科批,466,26996,
苏州卫生职业技术学院,重庆,历史类,2025,专科批,465,27281,
青岛工学院,重庆,历史类,2025,本科批,465,27281,
广东外语外贸大学南国商学院,重庆,历史类,2025,本科批,465,27281,
重庆财经学院,重庆,历史类,2025,本科批,465,27281,
贵阳信息科技学院,重庆,历史类,2025,本科批,465,27281,
天津商业大学宝德学院,重庆,历史类,2025,本科批,464,27581,
山西应用科技学院,重庆,历史类,2025,本科批,464,27581,
银川科技学院,重庆,历史类,2025,本科批,464,27581,
三江学院,重庆,历史类,2025,本科批,463,27885,
南昌交通学院,重庆,历史类,2025,本科批,463,27885,
江西科技学院,重庆,历史类,2025,本科批,463,27885,
天津城市职业学院,重庆,历史类,2025,专科批,462,28184,
厦门工学院,重庆,历史类,2025,本科批,462,28184,
广州南方学院,重庆,历史类,2025,本科批,462,28184,
昆明文理学院,重庆,历史类,2025,本科批,462,28184,
长春医学高等专科学校,重庆,历史类,2025,专科批,461,28475,
四川工业科技学院,重庆,历史类,2025,本科批,461,28475,
四川文化艺术学院,重庆,历史类,2025,本科批,459,29044,
郑州工业应用技术学院,重庆,历史类,2025,本科批,458,29374,
华北理工大学轻工学院,重庆,历史类,2025,本科批,457,29657,
广州商学院,重庆,历史类,2025,本科批,457,29657,
西安培华学院,重庆,历史类,2025,本科批,457,29657,
武汉电力职业技术学院,重庆,历史类,2025,专科批,456,29956,
保定理工学院,重庆,历史类,2025,本科批,456,29956,
广州软件学院,重庆,历史类,2025,本科批,456,29956,
西安外事学院,重庆,历史类,2025,本科批,456,29956,
青岛黄海学院,重庆,历史类,2025,本科批,455,30235,
山东畜牧兽医职业学院,重庆,历史类,2025,专科批,454,30511,
上海建桥学院,重庆,历史类,2025,本科批,454,30511,
成都外国语学院,重庆,历史类,2025,本科批,454,30511,
武汉工程大学邮电与信息工程学院,重庆,历史类,2025,本科批,454,30511,
成都信息工程大学,重庆,历史类,2025,本科批,453,30824,
烟台科技学院,重庆,历史类,2025,本科批,453,30824,
湖南交通职业技术学院,重庆,历史类,2025,专科批,452,31130,
齐鲁理工学院,重庆,历史类,2025,本科批,452,31130,
云南经济管理学院,重庆,历史类,2025,本科批,452,31130,
上海师范大学天华学院,重庆,历史类,2025,本科批,451,31412,
广州新华学院,重庆,历史类,2025,本科批,451,31412,
滇池学院,重庆,历史类,2025,本科批,451,31412,
合肥城市学院,重庆,历史类,2025,本科批,450,31706,
重庆医科大学,重庆,历史类,2025,本科批,450,31706,
成都银杏酒店管理学院,重庆,历史类,2025,本科批,450,31706,
新疆天山职业技术大学,重庆,历史类,2025,本科批,450,31706,
长沙航空职业技术学院,重庆,历史类,2025,专科批,449,31130,
上海外国语大学贤达经济人文学院,重庆,历史类,2025,本科批,449,31993,
重庆对外经贸学院,重庆,历史类,2025,本科批,449,31993,
重庆工商大学派斯学院,重庆,历史类,2025,本科批,449,31993,
陕西服装工程学院,重庆,历史类,2025,本科批,449,30824,
陕西国际商贸学院,重庆,历史类,2025,本科批,449,31993,
烟台南山学院,重庆,历史类,2025,本科批,449,31706,
沈阳工学院,重庆,历史类,2025,本科批,448,32265,
长春科技学院,重庆,历史类,2025,本科批,448,32265,
南昌工学院,重庆,历史类,2025,本科批,448,32265,
天津外国语大学滨海外事学院,重庆,历史类,2025,本科批,447,32576,
运城职业技术大学,重庆,历史类,2025,本科批,447,32576,
长春财经学院,重庆,历史类,2025,本科批,447,32576,
广州城市理工学院,重庆,历史类,2025,本科批,447,32576,
昆明理工大学津桥学院,重庆,历史类,2025,本科批,447,32576,
中国刑事警察学院,重庆,历史类,2025,本科提前批A段,447,32576,10
武汉软件工程职业学院,重庆,历史类,2025,专科批,446,32868,
重庆移通学院,重庆,历史类,2025,本科批,446,32868,
重庆机电职业技术大学,重庆,历史类,2025,本科批,446,32868,
吉利学院,重庆,历史类,2025,本科批,446,32868,
南通理工学院,重庆,历史类,2025,本科批,446,32868,
江西应用技术职业学院,重庆,历史类,2025,专科批,445,33174,
遵义医药高等专科学校,重庆,历史类,2025,专科批,445,32868,
上海中侨职业技术大学,重庆,历史类,2025,本科批,445,33174,
山东现代学院,重庆,历史类,2025,本科批,445,33174,
重庆工程学院,重庆,历史类,2025,本科批,445,33174,
丽江文化旅游学院,重庆,历史类,2025,本科批,445,33174,
西安汽车职业大学,重庆,历史类,2025,本科批,445,33174,
西安明德理工学院,重庆,历史类,2025,本科批,445,33174,
广东轻工职业技术大学,重庆,历史类,2025,专科批,444,33442,
西安铁路职业技术学院,重庆,历史类,2025,专科批,444,33442,
江西应用科技学院,重庆,历史类,2025,本科批,444,33442,
南昌职业大学,重庆,历史类,2025,本科批,444,31993,
青岛城市学院,重庆,历史类,2025,本科批,444,33442,
重庆城市科技学院,重庆,历史类,2025,本科批,444,33442,
西京学院,重庆,历史类,2025,本科批,444,33442,5
宁夏理工学院,重庆,历史类,2025,本科批,444,33442,
浙江经济职业技术学院,重庆,历史类,2025,专科批,443,33759,
长春工业大学人文信息学院,重庆,历史类,2025,本科批,443,33759,
湛江科技学院,重庆,历史类,2025,本科批,443,32868,
广西外国语学院,重庆,历史类,2025,本科批,443,33759,
南宁理工学院,重庆,历史类,2025,本科批,443,33759,
桂林信息科技学院,重庆,历史类,2025,本科批,443,32868,
重庆外语外事学院,重庆,历史类,2025,本科批,443,33759,
西安欧亚学院,重庆,历史类,2025,本科批,443,33759,
西安翻译学院,重庆,历史类,2025,本科批,443,33759,
西安交通工程学院,重庆,历史类,2025,本科批,443,33759,
湖南交通工程学院,重庆,历史类,2025,本科批,443,33759,
沈阳城市学院,重庆,历史类,2025,本科批,442,32576,
江西服装学院,重庆,历史类,2025,本科批,442,33442,
青岛恒星科技学院,重庆,历史类,2025,本科批,442,34085,
山东英才学院,重庆,历史类,2025,本科批,442,34085,
广东培正学院,重庆,历史类,2025,本科批,442,34085,
广东工商职业技术大学,重庆,历史类,2025,本科批,442,34085,
重庆人文科技学院,重庆,历史类,2025,本科批,442,34085,
西安工商学院,重庆,历史类,2025,本科批,442,34085,
上海工艺美术职业学院,重庆,历史类,2025,专科批,441,34367,
天津仁爱学院,重庆,历史类,2025,本科批,441,34367,
辽宁对外经贸学院,重庆,历史类,2025,本科批,441,34367,
吉林师范大学博达学院,重庆,历史类,2025,本科批,441,34367,
湖南涉外经济学院,重庆,历史类,2025,本科批,441,34367,
广州华立学院,重庆,历史类,2025,本科批,441,34367,
华南农业大学珠江学院,重庆,历史类,2025,本科批,441,34085,
海南科技职业大学,重庆,历史类,2025,本科批,441,34367,
天津海运职业学院,重庆,历史类,2025,专科批,440,34669,
宜春职业技术学院,重庆,历史类,2025,专科批,440,34669,
广东工贸职业技术学院,重庆,历史类,2025,专科批,440,34669,
江苏电子信息职业学院,重庆,历史类,2025,专科批,440,34669,
黑龙江外国语学院,重庆,历史类,2025,本科批,440,34669,
陕西科技大学镐京学院,重庆,历史类,2025,本科批,440,33174,
山西卫生健康职业学院,重庆,历史类,2025,专科批,439,34957,
福州理工学院,重庆,历史类,2025,本科批,439,34957,
上海科学技术职业学院,重庆,历史类,2025,专科批,438,35253,
漳州职业技术学院,重庆,历史类,2025,专科批,438,35253,
湖南司法警官职业学院,重庆,历史类,2025,专科批,438,34669,
桂林旅游学院,重庆,历史类,2025,专科批,438,35253,
河北外国语学院,重庆,历史类,2025,本科批,438,35253,
黑龙江财经学院,重庆,历史类,2025,本科批,438,35253,
上海兴伟学院,重庆,历史类,2025,本科批,438,35253,
温州商学院,重庆,历史类,2025,本科批,438,35253,
福州外语外贸学院,重庆,历史类,2025,本科批,438,35253,
海口经济学院,重庆,历史类,2025,本科批,438,34085,
三亚学院,重庆,历史类,2025,本科批,438,35253,
成都大学,重庆,历史类,2025,本科批,438,35253,
西南财经大学天府学院,重庆,历史类,2025,本科批,438,35253,
西安科技大学高新学院,重庆,历史类,2025,本科批,438,35253,
陇东学院,重庆,历史类,2025,本科批,438,35253,
北京中医药大学东方学院,重庆,历史类,2025,本科批,438,35253,
武汉职业技术大学,重庆,历史类,2025,专科批,437,35576,
湖南大众传媒职业技术学院,重庆,历史类,2025,专科批,437,35576,
重庆三峡医药高等专科学校,重庆,历史类,2025,专科批,437,35576,
重庆医药高等专科学校,重庆,历史类,2025,专科批,437,35576,
益阳医学高等专科学校,重庆,历史类,2025,专科批,437,35576,
浙江机电职业技术大学,重庆,历史类,2025,专科批,436,35919,
日照职业技术学院,重庆,历史类,2025,专科批,436,35919,
新疆警察学院,重庆,历史类,2025,专科批,436,35919,
武汉警官职业学院,重庆,历史类,2025,专科批,435,36211,
贵州农业职业学院,重庆,历史类,2025,专科批,435,36211,
河北司法警官职业学院,重庆,历史类,2025,专科批,434,36516,
连云港职业技术学院,重庆,历史类,2025,专科批,434,36516,
浙江工贸职业技术学院,重庆,历史类,2025,专科批,434,36516,
广东科学技术职业学院,重庆,历史类,2025,专科批,434,36516,
达州职业技术学院,重庆,历史类,2025,专科批,434,35919,
上海出版印刷高等专科学校,重庆,历史类,2025,专科批,433,36860,
江西电力职业技术学院,重庆,历史类,2025,专科批,433,36860,
重庆电子科技职业大学,重庆,历史类,2025,专科批,433,36860,
成都职业技术学院,重庆,历史类,2025,专科批,433,36860,
天津铁道职业技术学院,重庆,历史类,2025,专科批,432,37168,
安徽审计职业学院,重庆,历史类,2025,专科批,432,37168,
江西信息应用职业技术学院,重庆,历史类,2025,专科批,432,37168,
丽江师范学院,重庆,历史类,2025,专科批,432,37168,
成都工业职业技术学院,重庆,历史类,2025,专科批,432,37168,
湖南邮电职业技术学院,重庆,历史类,2025,专科批,432,37168,
江苏农牧科技职业学院,重庆,历史类,2025,专科批,431,37498,
广州卫生职业技术学院,重庆,历史类,2025,专科批,431,37498,
毕节医学高等专科学校,重庆,历史类,2025,专科批,431,37498,
抚州医药学院,重庆,历史类,2025,专科批,430,37799,
湖南石油化工职业技术学院,重庆,历史类,2025,专科批,430,37799,
西安航空职业技术学院,重庆,历史类,2025,专科批,429,38086,
江苏商贸职业学院,重庆,历史类,2025,专科批,429,38086,
邢台医学院,重庆,历史类,2025,专科批,428,38399,
桂林理工大学,重庆,历史类,2025,专科批,428,38399,
重庆城市管理职业学院,重庆,历史类,2025,专科批,428,38399,
成都航空职业技术大学,重庆,历史类,2025,专科批,428,38399,
四川交通职业技术学院,重庆,历史类,2025,专科批,428,38399,
陕西交通职业技术学院,重庆,历史类,2025,专科批,428,36860,
浙江工商职业技术学院,重庆,历史类,2025,专科批,427,38697,
四川司法警官职业学院,重庆,历史类,2025,专科批,427,38697,
四川护理职业学院,重庆,历史类,2025,专科批,427,38697,
长春金融高等专科学校,重庆,历史类,2025,专科批,426,38984,
上海旅游高等专科学校,重庆,历史类,2025,专科批,426,38984,8
河南医学高等专科学校,重庆,历史类,2025,专科批,426,38984,
浙江商业职业技术学院,重庆,历史类,2025,专科批,425,39281,
云南司法警官职业学院,重庆,历史类,2025,专科批,425,38086,
上海城建职业学院,重庆,历史类,2025,专科批,424,39557,
焦作大学,重庆,历史类,2025,专科批,424,39557,
襄阳职业技术学院,重庆,历史类,2025,专科批,424,39557,
湘潭医卫职业技术学院,重庆,历史类,2025,专科批,424,39557,
广州科技贸易职业学院,重庆,历史类,2025,专科批,424,39557,
濮阳医学高等专科学校,重庆,历史类,2025,专科批,424,38984,
三峡大学科技学院,重庆,历史类,2025,专科批,423,39838,
张家界航空工业职业技术学院,重庆,历史类,2025,专科批,423,39838,
贵州健康职业学院,重庆,历史类,2025,专科批,423,39838,
大理护理职业学院,重庆,历史类,2025,专科批,423,39838,
兰州石化职业技术大学,重庆,历史类,2025,专科批,423,39838,
长沙卫生职业学院,重庆,历史类,2025,专科批,423,39838,
长沙职业技术学院,重庆,历史类,2025,专科批,423,39838,
厦门城市职业学院,重庆,历史类,2025,专科批,422,40141,
重庆工业职业技术大学,重庆,历史类,2025,专科批,422,40141,
徐州工业职业技术学院,重庆,历史类,2025,专科批,422,40141,
湖北幼儿师范高等专科学校,重庆,历史类,2025,专科批,422,40141,
江西职业技术大学,重庆,历史类,2025,专科批,421,40440,
江西交通职业技术学院,重庆,历史类,2025,专科批,421,39838,
郑州健康学院,重庆,历史类,2025,专科批,421,40440,
武汉铁路职业技术学院,重庆,历史类,2025,专科批,421,40440,
重庆工程职业技术学院,重庆,历史类,2025,专科批,421,40440,
曲靖健康医学院,重庆,历史类,2025,专科批,421,40440,
洛阳职业技术学院,重庆,历史类,2025,专科批,421,40440,
天津轻工职业技术学院,重庆,历史类,2025,专科批,420,40752,
湖南环境生物职业技术学院,重庆,历史类,2025,专科批,420,40752,
三峡电力职业学院,重庆,历史类,2025,专科批,420,40752,
四川卫生康复职业学院,重庆,历史类,2025,专科批,420,40752,
湖南化工职业技术学院,重庆,历史类,2025,专科批,420,40752,
上海民航职业技术学院,重庆,历史类,2025,专科批,419,41037,
江苏城市职业学院,重庆,历史类,2025,专科批,419,41037,
四川水利职业技术学院,重庆,历史类,2025,专科批,419,40440,
北京培黎职业学院,重庆,历史类,2025,专科批,418,41336,
吉林司法警官职业学院,重庆,历史类,2025,专科批,418,41336,
江西医学高等专科学校,重庆,历史类,2025,专科批,418,41336,
广西卫生职业技术学院,重庆,历史类,2025,专科批,418,41336,
重庆航天职业技术学院,重庆,历史类,2025,专科批,418,41336,
楚雄医药高等专科学校,重庆,历史类,2025,专科批,418,41336,
南通师范高等专科学校,重庆,历史类,2025,专科批,418,41336,
萍乡卫生职业学院,重庆,历史类,2025,专科批,418,41336,
达州中医药职业学院,重庆,历史类,2025,专科批,418,41336,
德宏职业学院,重庆,历史类,2025,专科批,417,41680,
商洛职业技术学院,重庆,历史类,2025,专科批,417,41680,
天津交通职业学院,重庆,历史类,2025,专科批,416,41973,
贵州护理职业技术学院,重庆,历史类,2025,专科批,416,41973,
湖南三一工业职业技术学院,重庆,历史类,2025,专科批,416,41973,
上海交通职业技术学院,重庆,历史类,2025,专科批,415,42272,
川北幼儿师范高等专科学校,重庆,历史类,2025,专科批,415,42272,
河南医学高等专科学校,重庆,历史类,2025,专科提前批,415,42272,
开封大学,重庆,历史类,2025,专科批,414,42554,
河南护理职业学院,重庆,历史类,2025,专科批,414,42554,
湖北国土资源职业学院,重庆,历史类,2025,专科批,414,42554,
安顺职业技术学院,重庆,历史类,2025,专科批,414,42554,
惠州卫生职业技术学院,重庆,历史类,2025,专科批,414,42554,
江苏航空职业技术学院,重庆,历史类,2025,专科批,414,42554,
江苏财会职业学院,重庆,历史类,2025,专科批,414,40752,
朝阳师范学院,重庆,历史类,2025,专科批,413,42853,
保山中医药高等专科学校,重庆,历史类,2025,专科批,413,42853,
邯郸职业技术学院,重庆,历史类,2025,专科批,412,43150,
南宁职业技术大学,重庆,历史类,2025,专科批,412,43150,
昆明冶金高等专科学校,重庆,历史类,2025,专科批,412,43150,
承德护理职业学院,重庆,历史类,2025,专科批,412,43150,
大庆医学高等专科学校,重庆,历史类,2025,专科批,411,43442,
黎明职业大学,重庆,历史类,2025,专科批,411,43442,
湖南汽车工程职业大学,重庆,历史类,2025,专科批,411,43442,
广东南华工商职业学院,重庆,历史类,2025,专科批,411,43442,
重庆工商职业学院,重庆,历史类,2025,专科批,411,43442,
成都农业科技职业学院,重庆,历史类,2025,专科批,411,43442,
哈尔滨铁道职业技术学院,重庆,历史类,2025,专科批,410,43752,
陕西服装工程学院,重庆,历史类,2025,专科批,410,43752,
廊坊卫生职业学院,重庆,历史类,2025,专科批,410,43752,
苏州工业职业技术学院,重庆,历史类,2025,专科批,410,43752,
开封文化艺术职业学院,重庆,历史类,2025,专科批,409,44040,
陕西财经职业技术学院,重庆,历史类,2025,专科批,409,44040,
湖北铁道运输职业学院,重庆,历史类,2025,专科批,409,44040,
江西司法警官职业学院,重庆,历史类,2025,专科批,408,44340,
湖北水利水电职业技术学院,重庆,历史类,2025,专科批,408,44340,
广西电力职业技术学院,重庆,历史类,2025,专科批,408,44340,
西安医学高等专科学校,重庆,历史类,2025,专科批,408,44340,
吉林电子信息职业技术学院,重庆,历史类,2025,专科批,407,44661,
赣南卫生健康职业学院,重庆,历史类,2025,专科批,407,44661,
湖南铁道职业技术学院,重庆,历史类,2025,专科批,407,44661,
重庆电力高等专科学校,重庆,历史类,2025,专科批,407,44661,
成都纺织高等专科学校,重庆,历史类,2025,专科批,407,44661,
贵阳职业技术学院,重庆,历史类,2025,专科批,407,44661,
伊春职业学院,重庆,历史类,2025,专科批,406,44934,
湖南安全技术职业学院,重庆,历史类,2025,专科批,406,44934,
四川工程职业技术大学,重庆,历史类,2025,专科批,406,44934,
渭南职业技术学院,重庆,历史类,2025,专科批,406,44934,
广东机电职业技术学院,重庆,历史类,2025,专科批,406,44934,
运城护理职业学院,重庆,历史类,2025,专科批,405,45237,
长江工程职业技术学院,重庆,历史类,2025,专科批,405,45237,
临汾职业技术学院,重庆,历史类,2025,专科批,404,45237,
贵州轻工职业大学,重庆,历史类,2025,专科批,404,45530,
上饶卫生健康职业学院,重庆,历史类,2025,专科批,404,43752,
唐山职业技术学院,重庆,历史类,2025,专科批,403,45825,
江西财经职业学院,重庆,历史类,2025,专科批,403,45825,
湖南工业职业技术学院,重庆,历史类,2025,专科批,403,45825,
四川航天职业技术学院,重庆,历史类,2025,专科批,403,45825,
宝鸡职业技术学院,重庆,历史类,2025,专科批,403,45825,
湖南食品药品职业学院,重庆,历史类,2025,专科批,402,46088,
四川传媒学院,重庆,历史类,2025,专科批,401,46382,
南昌健康职业技术学院,重庆,历史类,2025,专科批,401,46382,
武汉铁路桥梁职业学院,重庆,历史类,2025,专科批,401,46382,
湖北恩施学院,重庆,历史类,2025,专科批,400,45237,
咸阳职业技术学院,重庆,历史类,2025,专科批,400,46661,
四川电影电视学院,重庆,历史类,2025,专科批,400,46661,
四川机电职业技术学院,重庆,历史类,2025,专科批,399,46956,
昭通卫生职业学院,重庆,历史类,2025,专科批,399,46956,
天津现代职业技术学院,重庆,历史类,2025,专科批,398,47272,
大兴安岭职业学院,重庆,历史类,2025,专科批,398,47272,
九江职业大学,重庆,历史类,2025,专科批,397,47538,
湖北职业技术学院,重庆,历史类,2025,专科批,397,47538,
湖北交通职业技术学院,重庆,历史类,2025,专科批,397,47538,
铜仁职业技术大学,重庆,历史类,2025,专科批,397,47538,
西南交通大学希望学院,重庆,历史类,2025,专科批,397,47538,
湖南工程职业技术学院,重庆,历史类,2025,专科批,396,47855,
海南软件职业技术学院,重庆,历史类,2025,专科批,396,47855,
重庆商务职业学院,重庆,历史类,2025,专科批,396,47855,
江西航空职业技术学院,重庆,历史类,2025,专科提前批,396,47855,7
青岛港湾职业技术学院,重庆,历史类,2025,专科批,395,48160,
长沙民政职业技术学院,重庆,历史类,2025,专科批,395,48160,
长沙环境保护职业技术学院,重庆,历史类,2025,专科批,395,48160,
贵州机电职业技术学院,重庆,历史类,2025,专科批,395,48160,
青海农牧科技职业学院,重庆,历史类,2025,专科批,395,48160,
镇江市高等专科学校,重庆,历史类,2025,专科批,393,48709,
四川化工职业技术学院,重庆,历史类,2025,专科批,393,48709,
山东信息职业技术学院,重庆,历史类,2025,专科提前批,393,48709,
黑龙江护理高等专科学校,重庆,历史类,2025,专科批,391,49253,
湖南城建职业技术学院,重庆,历史类,2025,专科批,391,49253,
绵阳职业技术学院,重庆,历史类,2025,专科批,391,49253,
内江职业技术学院,重庆,历史类,2025,专科批,391,49253,
江门职业技术学院,重庆,历史类,2025,专科批,391,49253,
铁岭卫生职业学院,重庆,历史类,2025,专科批,391,49253,
黑龙江交通职业技术学院,重庆,历史类,2025,专科批,390,49528,
泸州职业技术学院,重庆,历史类,2025,专科批,390,49528,
抚州职业技术学院,重庆,历史类,2025,专科批,389,49804,
重庆三峡职业学院,重庆,历史类,2025,专科批,389,49804,
乐山职业技术学院,重庆,历史类,2025,专科批,389,49804,
黔南民族幼儿师范高等专科学校,重庆,历史类,2025,专科批,389,49804,
阿勒泰职业技术学院,重庆,历史类,2025,专科批,389,49804,
陕西航空职业技术学院,重庆,历史类,2025,专科批,388,50066,
鄂州职业大学,重庆,历史类,2025,专科批,387,50372,
辽宁省交通高等专科学校,重庆,历史类,2025,专科提前批,387,50372,
上海济光职业技术学院,重庆,历史类,2025,专科批,386,50698,
江西现代职业技术学院,重庆,历史类,2025,专科批,386,50698,
武汉交通职业学院,重庆,历史类,2025,专科批,386,50698,
湖北生态工程职业技术学院,重庆,历史类,2025,专科批,386,50698,
重庆建筑工程职业学院,重庆,历史类,2025,专科批,386,50698,
云南林业职业技术学院,重庆,历史类,2025,专科批,386,50698,
菏泽家政职业学院,重庆,历史类,2025,专科批,385,51006,
重庆机电职业技术大学,重庆,历史类,2025,专科批,385,51006,
四川文化产业职业学院,重庆,历史类,2025,专科批,385,51006,
西安职业技术学院,重庆,历史类,2025,专科批,385,51006,
天津国土资源和房屋职业学院,重庆,历史类,2025,专科批,383,51518,
岳阳职业技术学院,重庆,历史类,2025,专科批,383,51518,
安徽新闻出版职业技术学院,重庆,历史类,2025,专科批,382,51784,
江西环境工程职业学院,重庆,历史类,2025,专科批,382,51006,
武汉城市职业学院,重庆,历史类,2025,专科批,382,51784,
重庆财经职业学院,重庆,历史类,2025,专科批,382,51784,
重庆文化艺术职业学院,重庆,历史类,2025,专科批,382,51784,
黔西南民族职业技术学院,重庆,历史类,2025,专科批,382,51784,
天津石油职业技术学院,重庆,历史类,2025,专科批,381,52038,
荆州职业技术学院,重庆,历史类,2025,专科批,381,52038,
湖北三峡职业技术学院,重庆,历史类,2025,专科批,381,52038,
郴州职业技术学院,重庆,历史类,2025,专科批,381,52038,
重庆青年职业技术学院,重庆,历史类,2025,专科批,381,52038,
四川建筑职业技术学院,重庆,历史类,2025,专科批,381,50372,
安康职业技术学院,重庆,历史类,2025,专科批,381,52038,
甘肃建筑职业技术学院,重庆,历史类,2025,专科批,381,52038,
甘肃交通职业技术学院,重庆,历史类,2025,专科批,381,52038,
四川工商职业技术学院,重庆,历史类,2025,专科批,380,52329,
四川职业技术学院,重庆,历史类,2025,专科批,380,52329,
四川财经职业学院,重庆,历史类,2025,专科批,380,52329,
安阳职业技术学院,重庆,历史类,2025,专科批,380,52329,
宣城职业技术学院,重庆,历史类,2025,专科批,379,52587,
湖南科技职业学院,重庆,历史类,2025,专科批,379,52587,
柳州城市职业学院,重庆,历史类,2025,专科批,379,52587,
邯郸幼儿师范高等专科学校,重庆,历史类,2025,专科批,379,52587,
青岛酒店管理职业技术学院,重庆,历史类,2025,专科批,378,52846,
永州职业技术学院,重庆,历史类,2025,专科批,378,52846,
茂名职业技术学院,重庆,历史类,2025,专科批,378,52846,
遵义职业技术学院,重庆,历史类,2025,专科批,378,52846,
河北交通职业技术学院,重庆,历史类,2025,专科批,377,53097,
辽宁省交通高等专科学校,重庆,历史类,2025,专科批,377,53097,
三门峡职业技术学院,重庆,历史类,2025,专科批,377,53097,
武汉船舶职业技术学院,重庆,历史类,2025,专科批,377,53097,
黄冈职业技术学院,重庆,历史类,2025,专科批,377,53097,
广西工业职业技术学院,重庆,历史类,2025,专科批,377,53097,
贵州职业技术学院,重庆,历史类,2025,专科批,377,53097,
云南财经职业学院,重庆,历史类,2025,专科批,377,53097,
陕西邮电职业技术学院,重庆,历史类,2025,专科批,377,53097,
湖南机电职业技术学院,重庆,历史类,2025,专科批,376,53392,
海南外国语职业学院,重庆,历史类,2025,专科批,376,53392,
江西婺源茶业职业学院,重庆,历史类,2025,专科批,376,53392,
上海邦德职业技术学院,重庆,历史类,2025,专科批,375,53392,
焦作师范高等专科学校,重庆,历史类,2025,专科批,375,53669,
重庆水利电力职业技术学院,重庆,历史类,2025,专科批,375,53669,
德宏师范学院,重庆,历史类,2025,专科批,375,53669,
南充文化旅游职业学院,重庆,历史类,2025,专科批,375,51518,
广元中核职业技术学院,重庆,历史类,2025,专科批,375,53669,
天津城市建设管理职业技术学院,重庆,历史类,2025,专科批,374,53906,
湖北生物科技职业学院,重庆,历史类,2025,专科批,374,53906,
四川商务职业学院,重庆,历史类,2025,专科批,374,53906,
马鞍山师范高等专科学校,重庆,历史类,2025,专科批,373,53669,
盐城幼儿师范高等专科学校,重庆,历史类,2025,专科批,373,54168,
白城职业技术学院,重庆,历史类,2025,专科批,372,54426,
营口职业技术学院,重庆,历史类,2025,专科批,370,54973,
重庆工信职业学院,重庆,历史类,2025,专科批,370,54973,
天津生物工程职业技术学院,重庆,历史类,2025,专科批,369,55229,
南充职业技术学院,重庆,历史类,2025,专科批,369,55229,
贵阳幼儿师范高等专科学校,重庆,历史类,2025,专科批,369,55229,
合肥通用职业技术学院,重庆,历史类,2025,专科批,368,55516,
齐鲁理工学院,重庆,历史类,2025,专科批,368,55516,
信阳职业技术学院,重庆,历史类,2025,专科批,368,55516,
咸宁职业技术学院,重庆,历史类,2025,专科批,368,55516,
湖南商务职业技术学院,重庆,历史类,2025,专科批,368,55516,
常德职业技术学院,重庆,历史类,2025,专科批,368,55516,
重庆化工职业学院,重庆,历史类,2025,专科批,368,55516,
河北科技工程职业技术大学,重庆,历史类,2025,专科批,368,55516,
襄阳汽车职业技术学院,重庆,历史类,2025,专科批,368,55516,
河北旅游职业学院,重庆,历史类,2025,专科批,367,55782,
三峡旅游职业技术学院,重庆,历史类,2025,专科批,367,55782,
泰山职业技术学院,重庆,历史类,2025,专科批,367,55782,
广州民航职业技术学院,重庆,历史类,2025,专科批,366,56025,
陕西工商职业学院,重庆,历史类,2025,专科批,366,56025,
怀化职业技术学院,重庆,历史类,2025,专科批,365,56302,
重庆城市职业学院,重庆,历史类,2025,专科批,365,56302,
青岛航空科技职业学院,重庆,历史类,2025,专科批,365,56302,
石家庄人民医学高等专科学校,重庆,历史类,2025,专科批,364,56564,
山东水利职业学院,重庆,历史类,2025,专科批,364,56564,
湘西民族职业技术学院,重庆,历史类,2025,专科批,364,56564,
云南农业职业技术学院,重庆,历史类,2025,专科批,364,56564,
榆林能源科技职业学院,重庆,历史类,2025,专科批,364,53906,
湖南幼儿师范高等专科学校,重庆,历史类,2025,专科批,364,56564,
江西机电职业技术学院,重庆,历史类,2025,专科批,363,56812,9
唐山幼儿师范高等专科学校,重庆,历史类,2025,专科批,363,56812,
江西建设职业技术学院,重庆,历史类,2025,专科批,362,57053,
广西机电职业技术学院,重庆,历史类,2025,专科批,362,57053,
宜宾职业技术学院,重庆,历史类,2025,专科批,362,55229,
黔南民族职业技术学院,重庆,历史类,2025,专科批,362,56025,
六盘水职业技术学院,重庆,历史类,2025,专科批,362,57053,
毕节职业技术学院,重庆,历史类,2025,专科批,362,57053,
川南幼儿师范高等专科学校,重庆,历史类,2025,专科批,362,57053,
湖南九嶷职业技术学院,重庆,历史类,2025,专科批,362,57053,
威海职业学院,重庆,历史类,2025,专科提前批,362,57053,
辽宁职业学院,重庆,历史类,2025,专科批,361,57321,
黑龙江能源职业学院,重庆,历史类,2025,专科批,361,57321,
济源职业技术学院,重庆,历史类,2025,专科批,361,57321,
贵州财经职业学院,重庆,历史类,2025,专科批,361,57321,
河北软件职业技术学院,重庆,历史类,2025,专科批,360,57575,
锦州师范高等专科学校,重庆,历史类,2025,专科批,360,57575,
重庆旅游职业学院,重庆,历史类,2025,专科批,360,57575,
重庆五一职业技术学院,重庆,历史类,2025,专科批,360,57575,
广安职业技术学院,重庆,历史类,2025,专科批,360,57575,
湖北城市建设职业技术学院,重庆,历史类,2025,专科批,359,57841,
湖南民族职业学院,重庆,历史类,2025,专科批,359,57841,
海南职业技术学院,重庆,历史类,2025,专科批,359,57841,
重庆工贸职业技术学院,重庆,历史类,2025,专科批,359,57841,
贵州经贸职业技术学院,重庆,历史类,2025,专科批,359,56302,
铜川职业技术学院,重庆,历史类,2025,专科批,359,55782,
阳泉师范高等专科学校,重庆,历史类,2025,专科批,358,55229,
仙桃职业学院,重庆,历史类,2025,专科批,358,58122,
延安职业技术学院,重庆,历史类,2025,专科批,358,58122,
河北能源职业技术学院,重庆,历史类,2025,专科批,357,58373,
泉州经贸职业技术学院,重庆,历史类,2025,专科批,357,58373,
漯河职业技术学院,重庆,历史类,2025,专科批,357,58373,
铜仁幼儿师范高等专科学校,重庆,历史类,2025,专科批,357,58373,
江海职业技术学院,重庆,历史类,2025,专科批,357,58373,
石家庄幼儿师范高等专科学校,重庆,历史类,2025,专科批,357,58373,
河北建材职业技术学院,重庆,历史类,2025,专科批,356,57321,
荆州理工职业学院,重庆,历史类,2025,专科批,356,58625,
梧州医学高等专科学校,重庆,历史类,2025,专科批,356,58625,
重庆安全技术职业学院,重庆,历史类,2025,专科批,356,58625,
贵州航空职业技术学院,重庆,历史类,2025,专科批,356,58625,
上饶幼儿师范高等专科学校,重庆,历史类,2025,专科批,356,57575,
河南测绘职业学院,重庆,历史类,2025,专科批,356,56302,
江汉艺术职业学院,重庆,历史类,2025,专科批,355,58862,
重庆幼儿师范高等专科学校,重庆,历史类,2025,专科批,355,58862,
贵州工程职业学院,重庆,历史类,2025,专科批,355,58862,
毕节幼儿师范高等专科学校,重庆,历史类,2025,专科批,355,58862,
乌鲁木齐职业大学,重庆,历史类,2025,专科批,355,58862,
沈阳职业技术学院,重庆,历史类,2025,专科批,354,59110,
大庆职业学院,重庆,历史类,2025,专科批,354,59110,
鹤壁职业技术学院,重庆,历史类,2025,专科批,354,59110,
日喀则职业技术学院,重庆,历史类,2025,专科批,354,59110,
阿克苏工业职业技术学院,重庆,历史类,2025,专科批,354,59110,
西昌民族幼儿师范高等专科学校,重庆,历史类,2025,专科批,354,59110,
重庆农业职业学院,重庆,历史类,2025,专科批,354,59110,
贵州生态能源职业学院,重庆,历史类,2025,专科批,353,59335,
酒泉职业技术大学,重庆,历史类,2025,专科批,353,59335,
河南地矿职业学院,重庆,历史类,2025,专科批,353,59335,
三明医学科技职业学院,重庆,历史类,2025,专科批,352,59576,
平顶山工业职业技术学院,重庆,历史类,2025,专科批,352,58625,
湛江幼儿师范专科学校,重庆,历史类,2025,专科批,352,59576,
六盘水幼儿师范高等专科学校,重庆,历史类,2025,专科批,352,59576,
秦皇岛职业技术学院,重庆,历史类,2025,专科批,351,59816,
山东力明科技职业学院,重庆,历史类,2025,专科批,351,59816,
广西幼儿师范高等专科学校,重庆,历史类,2025,专科批,351,59816,
承德应用技术职业学院,重庆,历史类,2025,专科批,351,59816,
大连职业技术学院,重庆,历史类,2025,专科批,350,60018,
盘锦职业技术学院,重庆,历史类,2025,专科批,350,60018,
四川工商学院,重庆,历史类,2025,专科批,350,60018,
南阳农业职业学院,重庆,历史类,2025,专科批,350,60018,
广东茂名幼儿师范专科学校,重庆,历史类,2025,专科批,350,60018,
西双版纳职业技术学院,重庆,历史类,2025,专科批,349,60253,
新疆和田学院,重庆,历史类,2025,专科批,349,60253,
太原幼儿师范高等专科学校,重庆,历史类,2025,专科批,348,60477,
黔东南民族职业技术学院,重庆,历史类,2025,专科批,348,60477,
黑龙江农垦职业学院,重庆,历史类,2025,专科批,347,60698,
四川工业科技学院,重庆,历史类,2025,专科批,347,60698,
毕节工业职业技术学院,重庆,历史类,2025,专科批,347,60698,
黑龙江农业经济职业学院,重庆,历史类,2025,专科批,346,60903,
厦门华天涉外职业技术学院,重庆,历史类,2025,专科批,346,60903,
恩施职业技术学院,重庆,历史类,2025,专科批,346,60903,
新疆师范高等专科学校,重庆,历史类,2025,专科批,346,60903,
廊坊燕京职业技术学院,重庆,历史类,2025,专科批,346,60903,
武汉商贸职业学院,重庆,历史类,2025,专科批,345,61138,
黑龙江农业工程职业学院,重庆,历史类,2025,专科批,344,61352,
济南幼儿师范高等专科学校,重庆,历史类,2025,专科批,344,61352,
河北对外经贸职业学院,重庆,历史类,2025,专科批,343,61580,
长春健康职业学院,重庆,历史类,2025,专科批,343,61580,
黑龙江生态工程职业学院,重庆,历史类,2025,专科批,343,61580,
苏州职业技术大学,重庆,历史类,2025,专科批,343,61580,
甘肃有色冶金职业技术学院,重庆,历史类,2025,专科批,343,59110,
武汉外语外事职业学院,重庆,历史类,2025,专科批,343,61580,
湘南幼儿师范高等专科学校,重庆,历史类,2025,专科批,343,61580,
辽宁农业职业技术学院,重庆,历史类,2025,专科批,342,61793,
抚顺职业技术学院,重庆,历史类,2025,专科批,342,61793,
吉安职业技术学院,重庆,历史类,2025,专科批,342,61793,
安阳幼儿师范高等专科学校,重庆,历史类,2025,专科批,342,61793,
武汉生物工程学院,重庆,历史类,2025,专科批,342,61793,
甘肃畜牧工程职业技术学院,重庆,历史类,2025,专科批,342,61793,
喀什理工职业技术学院,重庆,历史类,2025,专科批,342,61793,
满洲里俄语职业学院,重庆,历史类,2025,专科批,341,62004,
牡丹江大学,重庆,历史类,2025,专科批,341,62004,
随州职业技术学院,重庆,历史类,2025,专科批,341,62004,
广西自然资源职业技术学院,重庆,历史类,2025,专科批,341,62004,
河北化工医药职业技术学院,重庆,历史类,2025,专科批,340,62215,
辽宁机电职业技术学院,重庆,历史类,2025,专科批,340,62215,
哈尔滨科学技术职业学院,重庆,历史类,2025,专科批,340,62215,
江西工程职业学院,重庆,历史类,2025,专科批,340,62215,
西安海棠职业学院,重庆,历史类,2025,专科批,340,62215,
新星职业技术学院,重庆,历史类,2025,专科批,340,59816,
四川三河职业学院,重庆,历史类,2025,专科批,340,62215,
抚顺师范高等专科学校,重庆,历史类,2025,专科批,338,62662,
福州墨尔本理工职业学院,重庆,历史类,2025,专科批,338,62662,
云南新兴职业学院,重庆,历史类,2025,专科批,338,62662,
黑龙江幼儿师范高等专科学校,重庆,历史类,2025,专科批,337,60253,
云南工商学院,重庆,历史类,2025,专科批,337,62855,
湖南高尔夫旅游职业学院,重庆,历史类,2025,专科批,337,62855,
黄山健康职业学院,重庆,历史类,2025,专科批,337,62662,
运城幼儿师范高等专科学校,重庆,历史类,2025,专科批,336,63052,
大连财经学院,重庆,历史类,2025,专科批,336,63052,
吉林交通职业技术学院,重庆,历史类,2025,专科批,336,63052,
江西水利职业学院,重庆,历史类,2025,专科批,336,63052,
周口职业技术学院,重庆,历史类,2025,专科批,336,63052,
梧州职业学院,重庆,历史类,2025,专科批,336,63052,
齐齐哈尔高等师范专科学校,重庆,历史类,2025,专科批,335,63242,
贵州民用航空职业学院,重庆,历史类,2025,专科批,335,61580,
新疆职业大学,重庆,历史类,2025,专科批,335,63242,
宿迁职业技术学院,重庆,历史类,2025,专科批,335,63242,
湘中幼儿师范高等专科学校,重庆,历史类,2025,专科批,335,63242,
昆玉职业技术学院,重庆,历史类,2025,专科批,334,63427,
哈尔滨幼儿师范高等专科学校,重庆,历史类,2025,专科批,333,63617,
陕西能源职业技术学院,重庆,历史类,2025,专科批,333,63617,
湖北开放职业学院,重庆,历史类,2025,专科批,332,63802,
新疆生产建设兵团兴新职业技术学院,重庆,历史类,2025,专科批,332,63802,
广州华立科技职业学院,重庆,历史类,2025,专科批,332,63802,
辽宁何氏医学院,重庆,历史类,2025,专科批,331,64006,
广西国际商务职业技术学院,重庆,历史类,2025,专科批,331,64006,
江西航空职业技术学院,重庆,历史类,2025,专科批,330,64180,
钦州幼儿师范高等专科学校,重庆,历史类,2025,专科批,329,64368,
贵州盛华职业学院,重庆,历史类,2025,专科批,329,64368,
云南医药健康职业学院,重庆,历史类,2025,专科批,329,64368,
赣州职业技术学院,重庆,历史类,2025,专科批,329,64368,
巴音郭楞职业技术学院,重庆,历史类,2025,专科批,328,64530,
四川文轩职业学院,重庆,历史类,2025,专科批,328,64530,
黑龙江林业职业技术学院,重庆,历史类,2025,专科批,327,64693,
贵州铜仁数据职业学院,重庆,历史类,2025,专科批,327,62215,
广东艺术职业学院,重庆,历史类,2025,专科批,327,64693,
沈阳北软信息职业技术学院,重庆,历史类,2025,专科批,326,64889,
南阳科技职业学院,重庆,历史类,2025,专科批,325,65052,
佳木斯职业学院,重庆,历史类,2025,专科批,324,65225,
宜春幼儿师范高等专科学校,重庆,历史类,2025,专科批,324,65225,
重庆科创职业学院,重庆,历史类,2025,专科批,324,65225,
资阳环境科技职业学院,重庆,历史类,2025,专科批,324,65225,
铁岭师范高等专科学校,重庆,历史类,2025,专科批,323,65381,
四川科技职业学院,重庆,历史类,2025,专科批,323,65381,
铁门关职业技术学院,重庆,历史类,2025,专科批,322,65543,
江西洪州职业学院,重庆,历史类,2025,专科批,320,65861,
塔里木职业技术学院,重庆,历史类,2025,专科批,320,65861,
贵州工商职业学院,重庆,历史类,2025,专科批,319,66026,
重庆交通职业学院,重庆,历史类,2025,专科批,316,66524,
哈尔滨北方航空职业技术学院,重庆,历史类,2025,专科批,313,66826,
江西科技职业学院,重庆,历史类,2025,专科批,313,63802,
武汉科技职业学院,重庆,历史类,2025,专科批,313,66997,
桂林生命与健康职业技术学院,重庆,历史类,2025,专科批,313,66997,
渤海理工职业学院,重庆,历史类,2025,专科批,313,66997,
重庆建筑科技职业学院,重庆,历史类,2025,专科批,312,67146,
西藏职业技术学院,重庆,历史类,2025,专科批,311,67289,
新疆应用职业技术学院,重庆,历史类,2025,专科批,309,67575,
重庆电信职业学院,重庆,历史类,2025,专科批,308,67696,
重庆公共运输职业学院,重庆,历史类,2025,专科批,308,67696,
四川大学锦江学院,重庆,历史类,2025,专科批,307,67844,
石河子工程职业技术学院,重庆,历史类,2025,专科批,306,67968,
新疆石河子职业技术学院,重庆,历史类,2025,专科批,305,68108,
塔城职业技术学院,重庆,历史类,2025,专科批,305,68108,
四川西南航空职业学院,重庆,历史类,2025,专科批,305,68108,
珠海艺术职业学院,重庆,历史类,2025,专科批,304,68235,
吐鲁番职业技术学院,重庆,历史类,2025,专科批,304,68235,
南昌工学院,重庆,历史类,2025,专科批,302,68472,
德阳城市轨道交通职业学院,重庆,历史类,2025,专科批,302,68472,
云南经济管理学院,重庆,历史类,2025,专科批,298,68918,
江西新能源科技职业学院,重庆,历史类,2025,专科批,294,69351,
广东信息工程职业学院,重庆,历史类,2025,专科批,294,69351,
绵阳飞行职业学院,重庆,历史类,2025,专科批,294,69351,
重庆信息技术职业学院,重庆,历史类,2025,专科批,293,69460,
德阳科贸职业学院,重庆,历史类,2025,专科批,292,69556,
苏州高博职业学院,重庆,历史类,2025,专科批,291,69656,
南昌理工学院,重庆,历史类,2025,专科批,291,69656,
云南城市建设职业学院,重庆,历史类,2025,专科批,291,69656,
博尔塔拉职业技术学院,重庆,历史类,2025,专科批,290,69776,
重庆海联职业技术学院,重庆,历史类,2025,专科批,289,69867,
江西软件职业技术大学,重庆,历史类,2025,专科批,287,67146,
广东亚视演艺职业学院,重庆,历史类,2025,专科批,285,70213,
广西理工职业技术学院,重庆,历史类,2025,专科批,285,70213,
宝鸡中北职业学院,重庆,历史类,2025,专科批,285,70213,
泉州纺织服装职业学院,重庆,历史类,2025,专科批,283,68472,
陕西旅游烹饪职业学院,重庆,历史类,2025,专科批,283,69460,
武昌职业学院,重庆,历史类,2025,专科批,283,70404,
潍坊环境工程职业学院,重庆,历史类,2025,专科批,283,70404,
太湖创意职业技术学院,重庆,历史类,2025,专科批,282,70490,
云南商务职业学院,重庆,历史类,2025,专科批,282,70490,
三亚城市职业学院,重庆,历史类,2025,专科批,280,70645,
重庆护理职业学院,重庆,历史类,2025,专科批,280,70645,
四川托普信息技术职业学院,重庆,历史类,2025,专科批,280,70645,
重庆理工职业学院,重庆,历史类,2025,专科批,279,70722,
云南理工职业学院,重庆,历史类,2025,专科批,279,70722,
四川电子机械职业技术学院,重庆,历史类,2025,专科批,279,70722,
青岛求实职业技术学院,重庆,历史类,2025,专科批,278,70817,
重庆经贸职业学院,重庆,历史类,2025,专科批,278,70817,
喀什职业技术学院,重庆,历史类,2025,专科批,278,70817,
重庆智能工程职业学院,重庆,历史类,2025,专科批,277,70879,
广西经济职业学院,重庆,历史类,2025,专科批,275,71040,
民办四川天一学院,重庆,历史类,2025,专科批,273,71190,
贵州城市职业学院,重庆,历史类,2025,专科批,272,71261,
四川文化传媒职业学院,重庆,历史类,2025,专科批,271,68108,
扬州中瑞酒店职业学院,重庆,历史类,2025,专科批,271,71329,
江阳城建职业学院,重庆,历史类,2025,专科批,271,70957,
三亚理工职业学院,重庆,历史类,2025,专科批,270,69031,
贵州工贸职业学院,重庆,历史类,2025,专科批,270,71376,
重庆传媒职业学院,重庆,历史类,2025,专科批,267,71562,
重庆现代制造职业学院,重庆,历史类,2025,专科批,267,71562,
西安工商学院,重庆,历史类,2025,专科批,267,71562,
重庆科技职业学院,重庆,历史类,2025,专科批,266,71621,
成都外国语学院,重庆,历史类,2025,专科批,266,71621,
重庆轻工职业学院,重庆,历史类,2025,专科批,265,71688,
海南健康管理职业技术学院,重庆,历史类,2025,专科批,263,71800,
泉州海洋职业学院,重庆,历史类,2025,专科批,261,71890,
重庆电讯职业学院,重庆,历史类,2025,专科批,261,71890,
大连汽车职业技术学院,重庆,历史类,2025,专科批,260,71939,
重庆应用技术职业学院,重庆,历史类,2025,专科批,257,72064,
天府新区航空旅游职业学院,重庆,历史类,2025,专科批,257,72064,
南充科技职业学院,重庆,历史类,2025,专科批,256,72108,
重庆安防职业学院,重庆,历史类,2025,专科批,253,72229,
攀枝花攀西职业学院,重庆,历史类,2025,专科批,253,71105,
新疆农业职业技术大学,重庆,历史类,2025,专科批,251,72323,
丽江文化旅游学院,重庆,历史类,2025,专科批,248,69776,
山东海事职业学院,重庆,历史类,2025,专科批,241,72665,
石家庄工商职业学院,重庆,历史类,2025,专科批,235,72809,
三亚中瑞酒店管理职业学院,重庆,历史类,2025,专科批,235,72809,
四川华新现代职业学院,重庆,历史类,2025,专科批,230,69867,
北海康养职业学院,重庆,历史类,2025,专科批,213,73155,
四川城市职业学院,重庆,历史类,2025,专科批,213,73155,
昆明卫生职业学院,重庆,历史类,2025,专科批,202,73247,
广东文理职业学院,重庆,历史类,2025,专科批,199,73276,
石家庄科技信息职业学院,重庆,历史类,2025,专科批,180,73373,
石家庄医学高等专科学校,重庆,历史类,2025,专科批,180,73373,
辽宁广告职业学院,重庆,历史类,2025,专科批,180,73373,
苏州百年职业学院,重庆,历史类,2025,专科批,180,73373,
泉州轻工职业学院,重庆,历史类,2025,专科批,180,73373,
福州软件职业技术学院,重庆,历史类,2025,专科批,180,73373,
南昌职业大学,重庆,历史类,2025,专科批,180,73373,
江西工商职业技术学院,重庆,历史类,2025,专科批,180,73373,
江西枫林涉外经贸职业学院,重庆,历史类,2025,专科批,180,70957,
景德镇陶瓷职业技术学院,重庆,历史类,2025,专科批,180,73373,
青岛黄海学院,重庆,历史类,2025,专科批,180,73373,
曲阜远东职业技术学院,重庆,历史类,2025,专科批,180,73373,
山东外国语职业技术大学,重庆,历史类,2025,专科批,180,73373,
湖南应用技术学院,重庆,历史类,2025,专科批,180,73373,
湖南外国语职业学院,重庆,历史类,2025,专科批,180,71040,
海口经济学院,重庆,历史类,2025,专科批,180,73373,
三亚航空旅游职业学院,重庆,历史类,2025,专科批,180,73373,
海南科技职业大学,重庆,历史类,2025,专科批,180,72229,
海南东方新丝路职业学院,重庆,历史类,2025,专科批,180,73373,
三亚护理职业学院,重庆,历史类,2025,专科批,180,73373,
重庆能源职业学院,重庆,历史类,2025,专科批,180,73373,
重庆艺术工程职业学院,重庆,历史类,2025,专科批,180,73373,
重庆健康职业学院,重庆,历史类,2025,专科批,180,73373,
重庆数字产业职业技术学院,重庆,历史类,2025,专科批,180,71439,
重庆资源与环境保护职业学院,重庆,历史类,2025,专科批,180,73373,
四川国际标榜职业学院,重庆,历史类,2025,专科批,180,72508,
四川现代职业学院,重庆,历史类,2025,专科批,180,73373,
四川长江职业学院,重庆,历史类,2025,专科批,180,73373,
西安思源学院,重庆,历史类,2025,专科批,180,73373,
西安汽车职业大学,重庆,历史类,2025,专科批,180,73373,
西安城市建设职业学院,重庆,历史类,2025,专科批,180,73373,
西安信息职业大学,重庆,历史类,2025,专科批,180,73373,
兰州外语职业学院,重庆,历史类,2025,专科批,180,73031,
可克达拉职业技术学院,重庆,历史类,2025,专科批,180,73373,
南充电影工业职业学院,重庆,历史类,2025,专科批,180,70957,
四川希望汽车职业学院,重庆,历史类,2025,专科批,180,73373,
四川应用技术职业学院,重庆,历史类,2025,专科批,180,71105,
四川汽车职业技术学院,重庆,历史类,2025,专科批,180,73373,
天府新区信息职业学院,重庆,历史类,2025,专科批,180,73373,
天府新区通用航空职业学院,重庆,历史类,2025,专科批,180,73373,
山东圣翰财贸职业学院,重庆,历史类,2025,专科批,180,73373,
山东文化产业职业学院,重庆,历史类,2025,专科批,180,69776,
巴中职业技术学院,重庆,历史类,2025,专科批,180,73373,
德阳农业科技职业学院,重庆,历史类,2025,专科批,180,73003,
日照航海工程职业学院,重庆,历史类,2025,专科批,180,73373,
泰山科技学院,重庆,历史类,2025,专科批,180,73373,
泸州医疗器械职业学院,重庆,历史类,2025,专科批,180,73373,
湖北孝感美珈职业学院,重庆,历史类,2025,专科批,180,73373,
烟台黄金职业学院,重庆,历史类,2025,专科批,180,73373,
眉山药科职业学院,重庆,历史类,2025,专科批,180,73373,
遂宁职业学院,重庆,历史类,2025,专科批,180,73373,
长江艺术工程职业学院,重庆,历史类,2025,专科批,180,73373,
黄冈科技职业学院,重庆,历史类,2025,专科批,180,73373,
北京大学,重庆,物理类,2025,本科批,693,,
清华大学,重庆,物理类,2025,本科批,692,,
复旦大学,重庆,物理类,2025,本科批,676,276,
上海交通大学,重庆,物理类,2025,本科批,676,276,
浙江大学,重庆,物理类,2025,本科批,676,276,
北京大学医学部,重庆,物理类,2025,本科批,673,374,
中国科学技术大学,重庆,物理类,2025,本科批,673,374,
中国人民大学,重庆,物理类,2025,本科批,669,516,
西湖大学,重庆,物理类,2025,本科批,669,516,
上海交通大学医学院,重庆,物理类,2025,本科批,666,643,
浙江大学医学院,重庆,物理类,2025,本科批,663,792,
复旦大学上海医学院,重庆,物理类,2025,本科批,662,844,
东南大学,重庆,物理类,2025,本科批,654,1381,
同济大学,重庆,物理类,2025,本科批,651,1619,
北京航空航天大学,重庆,物理类,2025,本科批,643,2472,
南开大学,重庆,物理类,2025,本科批,643,2472,
南京大学,重庆,物理类,2025,本科批,643,2472,
华东师范大学,重庆,物理类,2025,本科批,638,3140,
哈尔滨工业大学,重庆,物理类,2025,本科提前批B段,637,3304,
北京师范大学,重庆,物理类,2025,本科批,634,3733,
华南理工大学,重庆,物理类,2025,本科批,629,4544,
天津大学,重庆,物理类,2025,本科批,626,5142,
华中科技大学,重庆,物理类,2025,本科批,625,5354,
上海财经大学,重庆,物理类,2025,本科批,624,5565,
武汉大学,重庆,物理类,2025,本科批,623,5765,
北京邮电大学,重庆,物理类,2025,本科提前批B段,621,6202,11
西安电子科技大学,重庆,物理类,2025,本科批,620,6407,
中国人民公安大学,重庆,物理类,2025,本科提前批A段,620,6407,
苏州大学,重庆,物理类,2025,本科批,619,6632,
北京理工大学,重庆,物理类,2025,本科批,618,6864,
西北工业大学,重庆,物理类,2025,本科批,618,6864,
厦门大学,重庆,物理类,2025,本科提前批B段,618,6864,
哈尔滨工业大学,重庆,物理类,2025,本科批,615,7630,
南京邮电大学,重庆,物理类,2025,本科批,615,7630,
外交学院,重庆,物理类,2025,本科提前批B段,615,7630,
华东师范大学,重庆,物理类,2025,本科提前批B段,615,7630,
四川大学,重庆,物理类,2025,本科批,614,7866,
中国政法大学,重庆,物理类,2025,本科批,613,8129,
电子科技大学,重庆,物理类,2025,本科批,613,8129,
北京科技大学,重庆,物理类,2025,本科批,612,8369,
中国社会科学院大学,重庆,物理类,2025,本科批,611,8639,
上海外国语大学,重庆,物理类,2025,本科批,611,8639,
南京信息工程大学,重庆,物理类,2025,本科批,610,8639,
中国刑事警察学院,重庆,物理类,2025,本科提前批A段,609,9189,12
湖南大学,重庆,物理类,2025,本科批,608,9455,
南京航空航天大学,重庆,物理类,2025,本科批,607,9740,
西安交通大学,重庆,物理类,2025,本科批,607,9740,
中山大学,重庆,物理类,2025,本科批,606,10026,
大连理工大学,重庆,物理类,2025,本科批,604,10556,
华东理工大学,重庆,物理类,2025,本科批,603,10859,
中央民族大学,重庆,物理类,2025,本科提前批B段,603,10859,
北京外国语大学,重庆,物理类,2025,本科批,600,11716,
中央财经大学,重庆,物理类,2025,本科批,600,11716,
南京理工大学,重庆,物理类,2025,本科批,600,11716,
兰州大学,重庆,物理类,2025,本科批,600,11716,
对外经济贸易大学,重庆,物理类,2025,本科提前批B段,600,11716,
东北大学,重庆,物理类,2025,本科批,599,12008,
厦门大学,重庆,物理类,2025,本科批,599,12008,
深圳技术大学,重庆,物理类,2025,本科批,598,12327,
北京化工大学,重庆,物理类,2025,本科提前批B段,598,12327,
北京邮电大学,重庆,物理类,2025,本科批,597,12651,
首都师范大学,重庆,物理类,2025,本科批,597,12651,
对外经济贸易大学,重庆,物理类,2025,本科批,597,12651,30
北京协和医学院,重庆,物理类,2025,本科批,597,12651,
河海大学,重庆,物理类,2025,本科批,597,12651,
南京师范大学,重庆,物理类,2025,本科批,597,12651,
东北大学秦皇岛分校,重庆,物理类,2025,本科批,596,12962,
上海海关学院,重庆,物理类,2025,本科批,596,12962,
上海财经大学,重庆,物理类,2025,本科提前批B段,596,12962,
吉林大学,重庆,物理类,2025,本科批,594,13602,
中国海洋大学,重庆,物理类,2025,本科批,594,13602,
中南大学,重庆,物理类,2025,本科批,594,13602,
中央民族大学,重庆,物理类,2025,本科批,593,13949,
华北电力大学,重庆,物理类,2025,本科批,593,13949,
东华大学,重庆,物理类,2025,本科批,593,13949,
上海大学,重庆,物理类,2025,本科批,593,13949,
山东大学,重庆,物理类,2025,本科批,593,13949,
山东大学,重庆,物理类,2025,本科提前批B段,593,13949,
中国石油大学(北京),重庆,物理类,2025,本科批,591,14652,
哈尔滨工程大学,重庆,物理类,2025,本科批,591,14652,
北京交通大学,重庆,物理类,2025,本科批,590,14988,
天津医科大学,重庆,物理类,2025,本科批,590,14988,
华东理工大学,重庆,物理类,2025,本科提前批B段,590,14988,
温州医科大学,重庆,物理类,2025,本科批,589,15346,
武汉理工大学,重庆,物理类,2025,本科批,589,15346,
中国海洋大学,重庆,物理类,2025,本科提前批B段,589,15346,
中国农业大学,重庆,物理类,2025,本科批,585,16764,
中国石油大学(华东),重庆,物理类,2025,本科批,585,16764,
华中师范大学,重庆,物理类,2025,本科批,585,16764,
中国人民解放军陆军军医大学,重庆,物理类,2025,本科批,585,16764,
北京中医药大学,重庆,物理类,2025,本科批,584,17147,
重庆大学,重庆,物理类,2025,本科批,584,17147,
北京中医药大学,重庆,物理类,2025,本科提前批B段,584,17147,
中国石油大学(华东),重庆,物理类,2025,本科提前批B段,582,17853,
北京工业大学,重庆,物理类,2025,本科批,581,18260,
北京化工大学,重庆,物理类,2025,本科批,579,19056,
暨南大学,重庆,物理类,2025,本科批,579,19056,
北京科技大学,重庆,物理类,2025,本科提前批B段,579,19056,9
中国民航大学,重庆,物理类,2025,本科提前批B段,579,19056,
山西大学,重庆,物理类,2025,本科批,578,19441,
深圳大学,重庆,物理类,2025,本科批,577,19815,
中国人民解放军陆军军医大学,重庆,物理类,2025,本科提前批A段,577,19815,
中国地质大学(北京),重庆,物理类,2025,本科提前批B段,577,19815,
东北师范大学,重庆,物理类,2025,本科提前批B段,577,19815,
吉林大学,重庆,物理类,2025,本科提前批B段,576,20247,
北京信息科技大学,重庆,物理类,2025,本科批,575,20633,
南京农业大学,重庆,物理类,2025,本科批,575,20633,
中国传媒大学,重庆,物理类,2025,本科提前批B段,575,20633,
南京邮电大学,重庆,物理类,2025,本科提前批B段,575,20248,
中国传媒大学,重庆,物理类,2025,本科批,574,21006,
中国地质大学(北京),重庆,物理类,2025,本科批,574,21006,
辽宁大学,重庆,物理类,2025,本科批,574,21006,
中国药科大学,重庆,物理类,2025,本科批,574,21006,
华南师范大学,重庆,物理类,2025,本科批,574,21006,
成都医学院,重庆,物理类,2025,本科批,574,21006,
西南财经大学,重庆,物理类,2025,本科提前批B段,574,21006,
南方医科大学,重庆,物理类,2025,本科批,573,21426,
中国消防救援学院,重庆,物理类,2025,本科提前批A段,573,21426,
中国矿业大学,重庆,物理类,2025,本科批,572,21842,
南京医科大学,重庆,物理类,2025,本科批,572,21842,
华东政法大学,重庆,物理类,2025,本科批,571,22294,
福州大学,重庆,物理类,2025,本科批,571,22294,
广州大学,重庆,物理类,2025,本科批,571,22294,
南京理工大学,重庆,物理类,2025,本科提前批B段,571,22294,
陆军工程大学,重庆,物理类,2025,本科批,570,22723,
北京工商大学,重庆,物理类,2025,本科提前批B段,570,22294,
辽宁石油化工大学,重庆,物理类,2025,本科提前批B段,570,22723,2
北京工业大学,重庆,物理类,2025,本科提前批B段,569,23142,
上海对外经贸大学,重庆,物理类,2025,本科提前批B段,569,23142,
中国民航大学,重庆,物理类,2025,本科批,568,23571,
广州中医药大学,重庆,物理类,2025,本科批,568,23571,
武汉科技大学,重庆,物理类,2025,本科批,567,24004,
西北农林科技大学,重庆,物理类,2025,本科批,567,24004,
南京师范大学,重庆,物理类,2025,本科提前批B段,567,24004,
贵州大学,重庆,物理类,2025,本科提前批B段,567,24004,
湖南师范大学,重庆,物理类,2025,本科批,566,24396,
西北大学,重庆,物理类,2025,本科批,566,24396,
大连大学,重庆,物理类,2025,本科提前批B段,566,24396,1
杭州电子科技大学,重庆,物理类,2025,本科批,565,24885,
武警警官学院,重庆,物理类,2025,本科提前批A段,565,24885,
华中农业大学,重庆,物理类,2025,本科批,564,25339,
沈阳理工大学,重庆,物理类,2025,本科提前批B段,564,25339,
江南大学,重庆,物理类,2025,本科批,563,25811,
四川警察学院,重庆,物理类,2025,本科批,563,25811,
中央财经大学,重庆,物理类,2025,本科提前批B段,563,25811,
南京信息工程大学,重庆,物理类,2025,本科提前批B段,563,25811,
南昌大学,重庆,物理类,2025,本科批,562,26280,
华中师范大学,重庆,物理类,2025,本科提前批B段,562,26280,
上海电力大学,重庆,物理类,2025,本科批,561,26800,
郑州大学,重庆,物理类,2025,本科批,561,26800,
江汉大学,重庆,物理类,2025,本科批,561,26800,
西北政法大学,重庆,物理类,2025,本科批,561,26800,
北京林业大学,重庆,物理类,2025,本科提前批B段,561,26800,
哈尔滨理工大学,重庆,物理类,2025,本科提前批B段,561,26800,
天津工业大学,重庆,物理类,2025,本科批,560,27291,
沈阳工程学院,重庆,物理类,2025,本科批,560,27291,
东北师范大学,重庆,物理类,2025,本科批,560,27291,
江南大学,重庆,物理类,2025,本科提前批B段,560,26801,16
广西大学,重庆,物理类,2025,本科提前批B段,560,27291,
北京第二外国语学院,重庆,物理类,2025,本科批,559,27774,
上海海洋大学,重庆,物理类,2025,本科批,559,27774,
江苏大学,重庆,物理类,2025,本科批,559,27774,
延边大学,重庆,物理类,2025,本科批,558,28271,
武汉工程大学,重庆,物理类,2025,本科批,558,28271,
江苏大学,重庆,物理类,2025,本科提前批B段,558,28271,9
山东理工大学,重庆,物理类,2025,本科提前批B段,558,28271,
中国地质大学(武汉),重庆,物理类,2025,本科提前批B段,558,28271,
中南财经政法大学,重庆,物理类,2025,本科提前批B段,558,28271,
大连医科大学,重庆,物理类,2025,本科批,557,28751,
中国石油大学(北京)克拉玛依校区,重庆,物理类,2025,本科批,557,28751,
西南大学,重庆,物理类,2025,本科提前批B段,557,28751,
上海理工大学,重庆,物理类,2025,本科批,556,29255,
中国计量大学,重庆,物理类,2025,本科批,556,29255,
重庆师范大学,重庆,物理类,2025,本科提前批B段,556,29255,
西南财经大学,重庆,物理类,2025,本科批,555,29783,
首都经济贸易大学,重庆,物理类,2025,本科批,554,30286,
南京中医药大学,重庆,物理类,2025,本科批,554,30286,
南京艺术学院,重庆,物理类,2025,本科批,554,30286,
安徽大学,重庆,物理类,2025,本科批,553,30770,
河南大学,重庆,物理类,2025,本科批,553,30770,
云南警官学院,重庆,物理类,2025,本科批,553,30770,
陕西师范大学,重庆,物理类,2025,本科批,553,30770,
上海海洋大学,重庆,物理类,2025,本科提前批B段,553,30770,
太原理工大学,重庆,物理类,2025,本科批,552,31257,
长安大学,重庆,物理类,2025,本科批,552,31257,
广西大学,重庆,物理类,2025,本科批,551,31746,
西南石油大学,重庆,物理类,2025,本科批,551,31746,
西安理工大学,重庆,物理类,2025,本科批,551,31746,
东北农业大学,重庆,物理类,2025,本科提前批B段,551,31746,
重庆医科大学,重庆,物理类,2025,本科提前批B段,551,31746,
石河子大学,重庆,物理类,2025,本科提前批B段,551,31746,
中国民航大学,重庆,物理类,2025,民航飞行技术批,551,31746,
上海海事大学,重庆,物理类,2025,本科批,550,32260,
广东财经大学,重庆,物理类,2025,本科批,550,30770,
西安邮电大学,重庆,物理类,2025,本科批,550,32260,
河西学院,重庆,物理类,2025,本科提前批B段,550,32260,
北京工商大学,重庆,物理类,2025,本科批,549,32804,
青海大学,重庆,物理类,2025,本科批,549,32804,
合肥工业大学,重庆,物理类,2025,本科批,548,33312,
重庆邮电大学,重庆,物理类,2025,本科批,548,33312,
天津工业大学,重庆,物理类,2025,本科提前批B段,548,33312,
浙江财经大学,重庆,物理类,2025,本科批,546,34376,
福建中医药大学,重庆,物理类,2025,本科批,546,34376,
大连海事大学,重庆,物理类,2025,本科提前批B段,546,34376,
扬州大学,重庆,物理类,2025,本科批,545,34938,
无锡学院,重庆,物理类,2025,本科批,545,34938,
宁波诺丁汉大学,重庆,物理类,2025,本科批,545,34938,
湖北医药学院,重庆,物理类,2025,本科批,545,34938,
陕西中医药大学,重庆,物理类,2025,本科批,545,34938,
中国石油大学(北京)克拉玛依校区,重庆,物理类,2025,本科提前批B段,545,34938,
北京林业大学,重庆,物理类,2025,本科批,544,35519,
长春中医药大学,重庆,物理类,2025,本科批,544,35519,
西交利物浦大学,重庆,物理类,2025,本科批,544,35519,
中国地质大学(武汉),重庆,物理类,2025,本科批,544,35519,
浙江海洋大学,重庆,物理类,2025,本科提前批B段,544,35519,
北京石油化工学院,重庆,物理类,2025,本科批,543,36058,
哈尔滨医科大学,重庆,物理类,2025,本科批,543,36058,
内蒙古大学,重庆,物理类,2025,本科批,542,36620,
河南医药大学,重庆,物理类,2025,本科批,542,36620,15
湖北大学,重庆,物理类,2025,本科批,542,36620,
三峡大学,重庆,物理类,2025,本科批,542,36620,
湘潭大学,重庆,物理类,2025,本科批,542,36620,
广州医科大学,重庆,物理类,2025,本科批,542,36620,
西安医学院,重庆,物理类,2025,本科批,542,36620,
河北工业大学,重庆,物理类,2025,本科批,541,37188,
哈尔滨理工大学,重庆,物理类,2025,本科批,541,37188,
南京工业大学,重庆,物理类,2025,本科提前批B段,541,37188,10
西南民族大学,重庆,物理类,2025,本科提前批B段,541,37188,
南京财经大学,重庆,物理类,2025,本科批,540,37736,
西南政法大学,重庆,物理类,2025,本科批,540,37736,
贵州警察学院,重庆,物理类,2025,本科批,540,37736,
北京建筑大学,重庆,物理类,2025,本科提前批B段,540,37736,
南京审计大学,重庆,物理类,2025,本科批,539,38272,
扬州大学,重庆,物理类,2025,本科提前批B段,539,38272,
宁波大学,重庆,物理类,2025,本科提前批B段,539,38272,
安徽医科大学,重庆,物理类,2025,本科批,538,38835,
大连海事大学,重庆,物理类,2025,本科批,537,39422,
宁波大学,重庆,物理类,2025,本科批,537,39422,
湖北中医药大学,重庆,物理类,2025,本科批,537,39422,
北师香港浸会大学,重庆,物理类,2025,本科批,537,39422,
东北林业大学,重庆,物理类,2025,本科提前批B段,537,39422,
天津中医药大学,重庆,物理类,2025,本科批,536,39989,
河北医科大学,重庆,物理类,2025,本科批,536,39989,
江西警察学院,重庆,物理类,2025,本科批,536,39989,
西南大学,重庆,物理类,2025,本科批,536,39989,
西南交通大学,重庆,物理类,2025,本科批,536,39989,
杭州师范大学,重庆,物理类,2025,本科提前批B段,536,39989,12
天津师范大学,重庆,物理类,2025,本科批,535,40611,
上海对外经贸大学,重庆,物理类,2025,本科批,535,40611,
汕头大学,重庆,物理类,2025,本科批,535,40611,
黑龙江大学,重庆,物理类,2025,本科提前批B段,535,40611,
山东师范大学,重庆,物理类,2025,本科提前批B段,535,40611,
天津科技大学,重庆,物理类,2025,本科批,534,41158,
杭州师范大学,重庆,物理类,2025,本科批,534,41158,
昆明医科大学,重庆,物理类,2025,本科批,534,41158,
沈阳建筑大学,重庆,物理类,2025,本科提前批B段,534,41158,
沈阳农业大学,重庆,物理类,2025,本科提前批B段,534,41158,
集美大学,重庆,物理类,2025,本科提前批B段,534,41158,22
北方工业大学,重庆,物理类,2025,本科批,533,41740,
燕山大学,重庆,物理类,2025,本科批,533,41740,
河北中医药大学,重庆,物理类,2025,本科批,533,41740,
南京工业大学,重庆,物理类,2025,本科批,533,41740,
浙江工商大学,重庆,物理类,2025,本科批,533,41740,
中南财经政法大学,重庆,物理类,2025,本科批,533,41740,
辽宁石油化工大学,重庆,物理类,2025,本科批,532,42282,
广西中医药大学,重庆,物理类,2025,本科批,532,42282,
天津财经大学,重庆,物理类,2025,本科批,531,42889,
南通大学,重庆,物理类,2025,本科批,531,42889,
厦门理工学院,重庆,物理类,2025,本科批,531,42889,
南昌医学院,重庆,物理类,2025,本科批,531,42889,
武汉纺织大学,重庆,物理类,2025,本科批,531,42889,
湖北师范大学,重庆,物理类,2025,本科批,531,42889,
湖南第一师范学院,重庆,物理类,2025,本科批,531,42889,
西安石油大学,重庆,物理类,2025,本科批,531,42889,
东北农业大学,重庆,物理类,2025,本科批,530,43501,
浙江师范大学,重庆,物理类,2025,本科批,530,43501,
广东药科大学,重庆,物理类,2025,本科批,530,43501,
广东技术师范大学,重庆,物理类,2025,本科批,530,43501,
新疆大学,重庆,物理类,2025,本科批,530,43501,
东北电力大学,重庆,物理类,2025,本科批,529,44108,
东北林业大学,重庆,物理类,2025,本科批,529,44108,
浙江理工大学,重庆,物理类,2025,本科批,529,44108,
五邑大学,重庆,物理类,2025,本科批,529,44108,
成都理工大学,重庆,物理类,2025,本科批,529,44108,
云南大学,重庆,物理类,2025,本科批,529,44108,
石河子大学,重庆,物理类,2025,本科批,529,44108,
天津理工大学,重庆,物理类,2025,本科批,528,44745,
安徽医科大学临床医学院,重庆,物理类,2025,本科批,528,44745,
集美大学,重庆,物理类,2025,本科批,528,44745,
青岛科技大学,重庆,物理类,2025,本科批,528,44745,
山东第二医科大学,重庆,物理类,2025,本科批,528,44745,
华南农业大学,重庆,物理类,2025,本科批,528,44745,
广东外语外贸大学,重庆,物理类,2025,本科批,528,44745,
云南中医药大学,重庆,物理类,2025,本科批,528,44745,
中国矿业大学,重庆,物理类,2025,本科提前批B段,528,44745,
北京联合大学,重庆,物理类,2025,本科批,527,45354,
大连交通大学,重庆,物理类,2025,本科批,527,45354,
上海立信会计金融学院,重庆,物理类,2025,本科批,527,45354,
山东师范大学,重庆,物理类,2025,本科批,527,45354,
广东工业大学,重庆,物理类,2025,本科批,527,45354,
川北医学院,重庆,物理类,2025,本科批,527,45354,
西安科技大学,重庆,物理类,2025,本科批,527,45354,
宁夏大学,重庆,物理类,2025,本科批,527,45354,
中国医科大学,重庆,物理类,2025,本科批,526,45961,
甘肃医学院,重庆,物理类,2025,本科批,526,45961,
沈阳药科大学,重庆,物理类,2025,本科批,525,46560,
青岛大学,重庆,物理类,2025,本科批,525,46560,
湖南中医药大学,重庆,物理类,2025,本科批,525,46560,
湖南工商大学,重庆,物理类,2025,本科批,525,46560,
广州航海学院,重庆,物理类,2025,本科批,525,46560,
四川农业大学,重庆,物理类,2025,本科批,525,46560,
西藏大学,重庆,物理类,2025,本科批,525,46560,
东北财经大学,重庆,物理类,2025,本科批,524,47131,
嘉兴南湖学院,重庆,物理类,2025,本科批,524,47131,
东莞理工学院,重庆,物理类,2025,本科批,524,47131,
四川轻化工大学,重庆,物理类,2025,本科批,524,47131,
天津师范大学,重庆,物理类,2025,本科提前批B段,524,47131,
中央美术学院,重庆,物理类,2025,本科批,523,47737,
承德医学院,重庆,物理类,2025,本科批,523,47737,
锦州医科大学,重庆,物理类,2025,本科批,523,47737,
南京工业职业技术大学,重庆,物理类,2025,本科批,523,47737,
浙江海洋大学,重庆,物理类,2025,本科批,523,47737,
山东中医药大学,重庆,物理类,2025,本科批,523,47737,
贵州大学,重庆,物理类,2025,本科批,523,47737,
兰州交通大学,重庆,物理类,2025,本科批,523,47737,
广州航海学院,重庆,物理类,2025,本科提前批B段,523,47737,13
中国人民警察大学,重庆,物理类,2025,本科批,522,48378,
山东财经大学,重庆,物理类,2025,本科批,522,48378,
山东第一医科大学,重庆,物理类,2025,本科批,522,48378,
中国民用航空飞行学院,重庆,物理类,2025,本科批,522,48378,
陕西警察学院,重庆,物理类,2025,本科批,522,48378,
苏州城市学院,重庆,物理类,2025,本科批,522,45961,15
北方民族大学,重庆,物理类,2025,本科提前批B段,522,48378,
北京农学院,重庆,物理类,2025,本科批,521,48947,
鞍山师范学院,重庆,物理类,2025,本科批,521,48947,
锦州医科大学医疗学院,重庆,物理类,2025,本科批,521,48947,
南京林业大学,重庆,物理类,2025,本科批,521,48947,
温州大学,重庆,物理类,2025,本科批,521,48947,
湖州学院,重庆,物理类,2025,本科批,521,47131,
武汉轻工大学,重庆,物理类,2025,本科批,521,48947,
湖南医药学院,重庆,物理类,2025,本科批,521,48947,
海南大学,重庆,物理类,2025,本科批,521,48947,
重庆中医药学院,重庆,物理类,2025,本科批,521,48947,
成都信息工程大学,重庆,物理类,2025,本科批,521,48947,
遵义医科大学医学与科技学院,重庆,物理类,2025,本科批,521,48947,
北部湾大学,重庆,物理类,2025,本科提前批B段,521,48378,
重庆理工大学,重庆,物理类,2025,本科提前批B段,521,48947,
北京体育大学,重庆,物理类,2025,本科批,520,49565,
中国劳动关系学院,重庆,物理类,2025,本科批,520,49565,
河北北方学院,重庆,物理类,2025,本科批,520,49565,
浙江农林大学,重庆,物理类,2025,本科批,520,49565,
福建师范大学,重庆,物理类,2025,本科批,520,49565,
临沂大学,重庆,物理类,2025,本科批,520,49565,
贵州师范大学,重庆,物理类,2025,本科批,520,49565,
海南热带海洋学院,重庆,物理类,2025,本科提前批B段,520,49565,
首都体育学院,重庆,物理类,2025,本科批,519,50211,
北京建筑大学,重庆,物理类,2025,本科批,519,50211,
山西中医药大学,重庆,物理类,2025,本科批,519,50211,
黑龙江大学,重庆,物理类,2025,本科批,519,50211,
盐城工学院,重庆,物理类,2025,本科批,519,50211,
南昌航空大学,重庆,物理类,2025,本科批,519,50211,
河南科技大学,重庆,物理类,2025,本科批,519,50211,
安阳师范学院,重庆,物理类,2025,本科批,519,48947,
中南民族大学,重庆,物理类,2025,本科批,519,50211,
新疆警察学院,重庆,物理类,2025,本科批,519,50211,
中南财经政法大学,重庆,物理类,2025,本科提前批A段,519,50211,
北京印刷学院,重庆,物理类,2025,本科批,518,50814,
天津中德应用技术大学,重庆,物理类,2025,本科批,518,50814,
内蒙古医科大学,重庆,物理类,2025,本科批,518,50814,
沈阳农业大学,重庆,物理类,2025,本科批,518,50814,
黑龙江中医药大学,重庆,物理类,2025,本科批,518,50814,
上海工程技术大学,重庆,物理类,2025,本科批,518,50814,
上海电机学院,重庆,物理类,2025,本科批,518,50814,
重庆理工大学,重庆,物理类,2025,本科批,518,50814,
重庆交通大学,重庆,物理类,2025,本科提前批B段,518,50814,
河北大学,重庆,物理类,2025,本科批,517,51374,
上海第二工业大学,重庆,物理类,2025,本科批,517,51374,
南京晓庄学院,重庆,物理类,2025,本科批,517,51374,
浙江传媒学院,重庆,物理类,2025,本科批,517,51374,
安徽财经大学,重庆,物理类,2025,本科批,517,51374,
西南民族大学,重庆,物理类,2025,本科批,517,51374,
遵义医科大学,重庆,物理类,2025,本科批,517,51374,
大连医科大学,重庆,物理类,2025,本科提前批B段,517,51374,
塔里木大学,重庆,物理类,2025,本科提前批B段,517,51374,
中北大学,重庆,物理类,2025,本科批,516,51989,
上海商学院,重庆,物理类,2025,本科批,516,51989,
河南农业大学,重庆,物理类,2025,本科批,516,51374,
重庆师范大学,重庆,物理类,2025,本科批,516,51989,
西安工程大学,重庆,物理类,2025,本科批,516,51989,
中华女子学院,重庆,物理类,2025,本科批,515,52572,
华北理工大学,重庆,物理类,2025,本科批,515,52572,
上海应用技术大学,重庆,物理类,2025,本科批,515,52572,
苏州科技大学,重庆,物理类,2025,本科批,515,52572,
湖北理工学院,重庆,物理类,2025,本科批,515,52572,
湖北科技学院,重庆,物理类,2025,本科批,515,52572,
沈阳化工大学,重庆,物理类,2025,本科批,514,53184,
常州大学,重庆,物理类,2025,本科批,514,53184,
河南中医药大学,重庆,物理类,2025,本科批,514,53184,
湖北第二师范学院,重庆,物理类,2025,本科批,514,51374,
南华大学,重庆,物理类,2025,本科批,514,53184,
重庆医科大学,重庆,物理类,2025,本科批,514,53184,
成都工业学院,重庆,物理类,2025,本科批,514,53184,
兰州文理学院,重庆,物理类,2025,本科批,514,53184,
肇庆医学院,重庆,物理类,2025,本科批,514,53184,
重庆医科大学莱斯特大学联合学院,重庆,物理类,2025,本科批,514,53184,
北京科技职业大学,重庆,物理类,2025,本科批,513,53788,
河北医科大学临床学院,重庆,物理类,2025,本科批,513,53788,
辽宁中医药大学,重庆,物理类,2025,本科批,513,53788,
江苏理工学院,重庆,物理类,2025,本科批,513,53788,
山东科技大学,重庆,物理类,2025,本科批,513,53788,
成都中医药大学,重庆,物理类,2025,本科批,513,53788,
西安文理学院,重庆,物理类,2025,本科批,513,53788,
邢台医学院,重庆,物理类,2025,本科批,512,54412,
上海政法学院,重庆,物理类,2025,本科批,512,54412,
温州理工学院,重庆,物理类,2025,本科批,512,54412,
郑州工程技术学院,重庆,物理类,2025,本科批,512,54412,
大理大学,重庆,物理类,2025,本科批,512,54412,
聊城大学,重庆,物理类,2025,本科批,511,55069,
广东金融学院,重庆,物理类,2025,本科批,511,55069,
桂林理工大学,重庆,物理类,2025,本科批,511,55069,
陕西科技大学,重庆,物理类,2025,本科批,511,55069,
青海师范大学,重庆,物理类,2025,本科批,511,55069,
江苏第二师范学院,重庆,物理类,2025,本科批,511,55069,
唐山学院,重庆,物理类,2025,本科批,510,55724,
山西工学院,重庆,物理类,2025,本科批,510,55724,
沈阳工业大学,重庆,物理类,2025,本科批,510,53788,
嘉兴大学,重庆,物理类,2025,本科批,510,55724,
滨州医学院,重庆,物理类,2025,本科批,510,55724,
四川美术学院,重庆,物理类,2025,本科批,510,55724,
西华大学,重庆,物理类,2025,本科批,510,55724,
云南民族大学,重庆,物理类,2025,本科批,510,55724,
延安大学,重庆,物理类,2025,本科批,510,55724,24
新疆医科大学,重庆,物理类,2025,本科批,510,55724,
天津体育学院,重庆,物理类,2025,本科批,509,56392,
河北科技大学,重庆,物理类,2025,本科批,509,56392,
长春工业大学,重庆,物理类,2025,本科批,509,56392,
苏州工学院,重庆,物理类,2025,本科批,509,56392,
景德镇陶瓷大学,重庆,物理类,2025,本科批,509,56392,
济南大学,重庆,物理类,2025,本科批,509,56392,
重庆交通大学,重庆,物理类,2025,本科批,509,56392,
沈阳医学院,重庆,物理类,2025,本科批,508,56995,
合肥大学,重庆,物理类,2025,本科批,508,56995,
齐鲁工业大学,重庆,物理类,2025,本科批,508,56995,
湖南理工学院,重庆,物理类,2025,本科批,508,56995,
西华师范大学,重庆,物理类,2025,本科批,508,56995,
咸阳师范学院,重庆,物理类,2025,本科批,508,56995,3
天津商业大学,重庆,物理类,2025,本科批,507,57604,
常州工学院,重庆,物理类,2025,本科批,507,57604,
徐州工程学院,重庆,物理类,2025,本科批,507,55724,
华侨大学,重庆,物理类,2025,本科批,507,57604,
湖北工业大学,重庆,物理类,2025,本科批,507,57604,
湖南中医药大学湘杏学院,重庆,物理类,2025,本科批,507,57604,
佛山大学,重庆,物理类,2025,本科批,507,57604,
海南医科大学,重庆,物理类,2025,本科批,507,57604,59
甘肃政法大学,重庆,物理类,2025,本科批,507,57604,
长治医学院,重庆,物理类,2025,本科批,506,58277,
佳木斯大学,重庆,物理类,2025,本科批,506,56995,
浙江工业大学,重庆,物理类,2025,本科批,506,58277,
厦门医学院,重庆,物理类,2025,本科批,506,58277,
江西农业大学,重庆,物理类,2025,本科批,506,56392,
赣南医科大学,重庆,物理类,2025,本科批,506,58277,
井冈山大学,重庆,物理类,2025,本科批,506,58277,
湘南学院,重庆,物理类,2025,本科批,506,58277,
广东海洋大学,重庆,物理类,2025,本科批,506,58277,
桂林航天工业学院,重庆,物理类,2025,本科批,506,58277,
西藏民族大学,重庆,物理类,2025,本科批,506,58277,
辽宁科技学院,重庆,物理类,2025,本科批,505,58929,
东北石油大学,重庆,物理类,2025,本科批,505,58929,
金陵科技学院,重庆,物理类,2025,本科批,505,58929,12
浙大宁波理工学院,重庆,物理类,2025,本科批,505,58929,
安徽农业大学,重庆,物理类,2025,本科批,505,58929,
淮北师范大学,重庆,物理类,2025,本科批,505,58929,
闽江学院,重庆,物理类,2025,本科批,505,58929,
江西理工大学,重庆,物理类,2025,本科批,505,58929,
烟台大学,重庆,物理类,2025,本科批,505,56995,
山东理工大学,重庆,物理类,2025,本科批,505,58929,
曲阜师范大学,重庆,物理类,2025,本科批,505,58929,
湖北经济学院,重庆,物理类,2025,本科批,505,58929,
桂林电子科技大学,重庆,物理类,2025,本科批,505,58929,
昆明理工大学,重庆,物理类,2025,本科批,505,58929,
甘肃中医药大学,重庆,物理类,2025,本科批,505,58929,
兰州石化职业技术大学,重庆,物理类,2025,本科批,505,58929,
河北工程大学,重庆,物理类,2025,本科批,504,59528,
北华航天工业学院,重庆,物理类,2025,本科批,504,59528,
太原科技大学,重庆,物理类,2025,本科批,504,59528,
黑龙江八一农垦大学,重庆,物理类,2025,本科批,504,59528,
上海师范大学,重庆,物理类,2025,本科批,504,59528,
江苏海洋大学,重庆,物理类,2025,本科批,504,59528,
山东建筑大学,重庆,物理类,2025,本科批,504,59528,
攀枝花学院,重庆,物理类,2025,本科批,504,59528,
成都师范学院,重庆,物理类,2025,本科批,504,59528,
贵阳学院,重庆,物理类,2025,本科批,504,59528,
西安工业大学,重庆,物理类,2025,本科批,504,59528,
兰州理工大学,重庆,物理类,2025,本科批,504,59528,
沈阳建筑大学,重庆,物理类,2025,本科批,503,60202,
大连海洋大学,重庆,物理类,2025,本科批,503,60202,
福建江夏学院,重庆,物理类,2025,本科批,503,60202,
郑州师范学院,重庆,物理类,2025,本科批,503,60202,
海南师范大学,重庆,物理类,2025,本科批,503,60202,
内江师范学院,重庆,物理类,2025,本科批,503,60202,
兰州财经大学,重庆,物理类,2025,本科批,503,60202,
石家庄铁道大学,重庆,物理类,2025,本科批,502,60834,
山西大同大学,重庆,物理类,2025,本科批,502,60834,
辽宁工程技术大学,重庆,物理类,2025,本科批,502,60834,
大连民族大学,重庆,物理类,2025,本科批,502,60834,
大连大学,重庆,物理类,2025,本科批,502,60834,
上海健康医学院,重庆,物理类,2025,本科批,502,60834,
宁波工程学院,重庆,物理类,2025,本科批,502,60834,
阜阳师范大学,重庆,物理类,2025,本科批,502,60834,
江西科技师范大学,重庆,物理类,2025,本科批,502,60834,
河南财经政法大学,重庆,物理类,2025,本科批,502,60834,
湖北汽车工业学院,重庆,物理类,2025,本科批,502,60834,
荆楚理工学院,重庆,物理类,2025,本科批,502,60834,
长沙理工大学,重庆,物理类,2025,本科批,502,60834,
长沙医学院,重庆,物理类,2025,本科批,502,60834,
四川音乐学院,重庆,物理类,2025,本科批,502,60202,
西安外国语大学,重庆,物理类,2025,本科批,502,60834,
西安航空学院,重庆,物理类,2025,本科批,502,60834,
甘肃农业大学,重庆,物理类,2025,本科批,502,60834,
西北师范大学,重庆,物理类,2025,本科批,502,60834,
宁夏医科大学,重庆,物理类,2025,本科批,502,60834,
山西财经大学,重庆,物理类,2025,本科批,501,61431,
盐城师范学院,重庆,物理类,2025,本科批,501,61431,
衢州学院,重庆,物理类,2025,本科批,501,61431,
赣南师范大学,重庆,物理类,2025,本科批,501,61431,9
河南工学院,重庆,物理类,2025,本科批,501,61431,
周口师范学院,重庆,物理类,2025,本科批,501,61431,
怀化学院,重庆,物理类,2025,本科批,501,61431,
湖南工业大学,重庆,物理类,2025,本科批,501,61431,
北部湾大学,重庆,物理类,2025,本科批,501,61431,
遵义师范学院,重庆,物理类,2025,本科批,501,61431,
西南林业大学,重庆,物理类,2025,本科批,501,61431,
西安建筑科技大学,重庆,物理类,2025,本科批,501,61431,
辽宁何氏医学院,重庆,物理类,2025,本科批,500,62078,
华东交通大学,重庆,物理类,2025,本科批,500,62078,
山东石油化工学院,重庆,物理类,2025,本科批,500,62078,
湖南工程学院,重庆,物理类,2025,本科批,500,62078,
长沙学院,重庆,物理类,2025,本科批,500,62078,
贵州医科大学神奇民族医药学院,重庆,物理类,2025,本科批,500,62078,
陕西理工大学,重庆,物理类,2025,本科批,500,62078,
河北经贸大学,重庆,物理类,2025,本科批,499,62675,
太原师范学院,重庆,物理类,2025,本科批,499,61431,
吉林师范大学,重庆,物理类,2025,本科批,499,62675,
哈尔滨商业大学,重庆,物理类,2025,本科批,499,62675,
安徽工业大学,重庆,物理类,2025,本科批,499,62675,
山东工商学院,重庆,物理类,2025,本科批,499,62675,
信阳农林学院,重庆,物理类,2025,本科批,499,62675,
吉首大学,重庆,物理类,2025,本科批,499,62675,
衡阳师范学院,重庆,物理类,2025,本科批,499,62675,
湖南科技学院,重庆,物理类,2025,本科批,499,62675,
右江民族医学院,重庆,物理类,2025,本科批,499,62675,
甘肃民族师范学院,重庆,物理类,2025,本科批,499,62078,
宁夏师范大学,重庆,物理类,2025,本科批,499,62675,8
民政职业大学,重庆,物理类,2025,本科批,498,63323,
湖州师范学院,重庆,物理类,2025,本科批,498,63323,
蚌埠学院,重庆,物理类,2025,本科批,498,63323,
江西中医药大学,重庆,物理类,2025,本科批,498,63323,
济宁医学院,重庆,物理类,2025,本科批,498,63323,
河南工业大学,重庆,物理类,2025,本科批,498,63323,
长沙师范学院,重庆,物理类,2025,本科批,498,63323,
广东石油化工学院,重庆,物理类,2025,本科批,498,63323,
玉林师范学院,重庆,物理类,2025,本科批,498,63323,
宜宾学院,重庆,物理类,2025,本科批,498,63323,
四川民族学院,重庆,物理类,2025,本科批,498,63323,
贵州中医药大学,重庆,物理类,2025,本科批,498,63323,
贵州民族大学,重庆,物理类,2025,本科批,498,63323,
榆林学院,重庆,物理类,2025,本科批,498,61431,
西北民族大学,重庆,物理类,2025,本科批,498,63323,
四川外国语大学,重庆,物理类,2025,本科提前批B段,498,63323,
天津农学院,重庆,物理类,2025,本科批,497,63946,
吉林工商学院,重庆,物理类,2025,本科批,497,63946,
东华理工大学,重庆,物理类,2025,本科批,497,63946,
景德镇学院,重庆,物理类,2025,本科批,497,63946,
兴义民族师范学院,重庆,物理类,2025,本科批,497,62078,
玉溪师范学院,重庆,物理类,2025,本科批,497,63946,
河北地质大学,重庆,物理类,2025,本科批,496,64536,
山西师范大学,重庆,物理类,2025,本科批,496,64536,10
内蒙古财经大学,重庆,物理类,2025,本科批,496,64536,
吉林财经大学,重庆,物理类,2025,本科批,496,64536,
亳州学院,重庆,物理类,2025,本科批,496,64536,
武汉职业技术大学,重庆,物理类,2025,本科批,496,64536,
贵州中医药大学时珍学院,重庆,物理类,2025,本科批,496,62078,
贵州师范学院,重庆,物理类,2025,本科批,496,64536,
西安财经大学,重庆,物理类,2025,本科批,496,64536,
安康学院,重庆,物理类,2025,本科批,496,64536,
北方民族大学,重庆,物理类,2025,本科批,496,64536,
河北科技工程职业技术大学,重庆,物理类,2025,本科批,496,61431,
北京物资学院,重庆,物理类,2025,本科批,495,65119,
邢台学院,重庆,物理类,2025,本科批,495,65119,
辽宁科技大学,重庆,物理类,2025,本科批,495,65119,
黑龙江科技大学,重庆,物理类,2025,本科批,495,65119,
齐齐哈尔医学院,重庆,物理类,2025,本科批,495,65119,
江苏科技大学,重庆,物理类,2025,本科批,495,65119,89
南京特殊教育师范学院,重庆,物理类,2025,本科批,495,65119,
浙江万里学院,重庆,物理类,2025,本科批,495,65119,
安徽理工大学,重庆,物理类,2025,本科批,495,65119,
泉州师范学院,重庆,物理类,2025,本科批,495,62078,
河南财政金融学院,重庆,物理类,2025,本科批,495,65119,
河南师范大学,重庆,物理类,2025,本科批,495,65119,
湖南科技大学,重庆,物理类,2025,本科批,495,65119,
广东医科大学,重庆,物理类,2025,本科批,495,65119,
陇南师范学院,重庆,物理类,2025,本科批,495,63946,
保定学院,重庆,物理类,2025,本科批,494,65772,
内蒙古科技大学包头医学院,重庆,物理类,2025,本科批,494,65772,
安徽科技学院,重庆,物理类,2025,本科批,494,65772,
泰山学院,重庆,物理类,2025,本科批,494,65772,
济宁学院,重庆,物理类,2025,本科批,494,65772,
湖南文理学院,重庆,物理类,2025,本科批,494,64536,
南宁师范大学,重庆,物理类,2025,本科批,494,65772,
乐山师范学院,重庆,物理类,2025,本科批,494,65772,
阿坝师范学院,重庆,物理类,2025,本科批,494,65772,
天津职业技术师范大学,重庆,物理类,2025,本科批,493,66408,
淮南师范学院,重庆,物理类,2025,本科批,493,65119,
福建技术师范学院,重庆,物理类,2025,本科批,493,66408,
南阳师范学院,重庆,物理类,2025,本科批,493,66408,
湖南农业大学,重庆,物理类,2025,本科批,493,66408,
广西科技大学,重庆,物理类,2025,本科批,493,66408,
广西师范大学,重庆,物理类,2025,本科批,493,66408,
贵州理工学院,重庆,物理类,2025,本科批,493,66408,
兰州城市学院,重庆,物理类,2025,本科批,493,66408,
中国民用航空飞行学院,重庆,物理类,2025,专科批,492,67042,
河北农业大学,重庆,物理类,2025,本科批,492,67042,
太原工业学院,重庆,物理类,2025,本科批,492,67042,
山西电子科技学院,重庆,物理类,2025,本科批,492,67042,
南京工程学院,重庆,物理类,2025,本科批,492,67042,
安徽师范大学,重庆,物理类,2025,本科批,492,67042,
安庆师范大学,重庆,物理类,2025,本科批,492,67042,
潍坊学院,重庆,物理类,2025,本科批,492,67042,
中原工学院,重庆,物理类,2025,本科批,492,67042,
豫北医学院,重庆,物理类,2025,本科批,492,67042,
信阳师范大学,重庆,物理类,2025,本科批,492,67042,
桂林医科大学,重庆,物理类,2025,本科批,492,67042,
贵阳康养职业大学,重庆,物理类,2025,本科批,492,67042,
文山学院,重庆,物理类,2025,本科批,492,67042,
保山学院,重庆,物理类,2025,本科批,492,67042,
昭通学院,重庆,物理类,2025,本科批,492,67042,
天水师范大学,重庆,物理类,2025,本科批,492,67042,
青海理工学院,重庆,物理类,2025,本科批,492,67042,
华北科技学院,重庆,物理类,2025,本科批,491,67694,
郑州轻工业大学,重庆,物理类,2025,本科批,491,67694,
洛阳师范学院,重庆,物理类,2025,本科批,491,67694,
湖南人文科技学院,重庆,物理类,2025,本科批,491,67694,
肇庆学院,重庆,物理类,2025,本科批,491,67694,
贺州学院,重庆,物理类,2025,本科批,491,67694,
重庆科技大学,重庆,物理类,2025,本科批,491,67694,
西南医科大学,重庆,物理类,2025,本科批,491,67694,
成都大学,重庆,物理类,2025,本科批,491,67694,
安顺学院,重庆,物理类,2025,本科批,491,67694,
楚雄师范学院,重庆,物理类,2025,本科批,491,67694,
滇西科技师范学院,重庆,物理类,2025,本科批,491,67694,
衡水学院,重庆,物理类,2025,本科批,490,68311,
内蒙古农业大学,重庆,物理类,2025,本科批,490,68311,
长春理工大学,重庆,物理类,2025,本科批,490,68311,
吉林农业科技学院,重庆,物理类,2025,本科批,490,68311,
长春汽车职业技术大学,重庆,物理类,2025,本科批,490,68311,
福建理工大学,重庆,物理类,2025,本科批,490,68311,
武夷学院,重庆,物理类,2025,本科批,490,68311,
萍乡学院,重庆,物理类,2025,本科批,490,68311,
河南科技学院,重庆,物理类,2025,本科批,490,68311,
韶关学院,重庆,物理类,2025,本科批,490,68311,
绵阳师范学院,重庆,物理类,2025,本科批,490,68311,
黔南民族师范学院,重庆,物理类,2025,本科批,490,68311,
六盘水师范学院,重庆,物理类,2025,本科批,490,68311,
宝鸡文理学院,重庆,物理类,2025,本科批,490,68311,6
陇东学院,重庆,物理类,2025,本科批,490,68311,
石家庄邮电职业技术学院,重庆,物理类,2025,专科批,489,68964,
邯郸学院,重庆,物理类,2025,本科批,489,68964,
内蒙古师范大学,重庆,物理类,2025,本科批,489,68964,
吉林建筑大学,重庆,物理类,2025,本科批,489,68964,
吉林农业大学,重庆,物理类,2025,本科批,489,68964,
安徽建筑大学,重庆,物理类,2025,本科批,489,68964,
赣南科技学院,重庆,物理类,2025,本科批,489,68964,
新余学院,重庆,物理类,2025,本科批,489,68964,
河南理工大学,重庆,物理类,2025,本科批,489,68964,
湖北民族大学,重庆,物理类,2025,本科批,489,68964,
桂林旅游学院,重庆,物理类,2025,本科批,489,67042,
西南科技大学,重庆,物理类,2025,本科批,489,68964,
昆明学院,重庆,物理类,2025,本科批,489,68964,
上海财经大学浙江学院,重庆,物理类,2025,本科批,489,68964,
山东农业工程学院,重庆,物理类,2025,本科批,489,68964,
晋中学院,重庆,物理类,2025,本科批,488,69571,
山西传媒学院,重庆,物理类,2025,本科批,488,67042,
通化师范学院,重庆,物理类,2025,本科批,488,69571,
齐齐哈尔大学,重庆,物理类,2025,本科批,488,69571,
哈尔滨师范大学,重庆,物理类,2025,本科批,488,69571,
上海杉达学院,重庆,物理类,2025,本科批,488,69571,
丽水学院,重庆,物理类,2025,本科批,488,69571,
九江学院,重庆,物理类,2025,本科批,488,69571,
赣东学院,重庆,物理类,2025,本科批,488,69571,
河南城建学院,重庆,物理类,2025,本科批,488,69571,
平顶山学院,重庆,物理类,2025,本科批,488,67042,
黄淮学院,重庆,物理类,2025,本科批,488,69571,
邵阳学院,重庆,物理类,2025,本科批,488,69571,
岭南师范学院,重庆,物理类,2025,本科批,488,69571,
长江师范学院,重庆,物理类,2025,本科批,488,69571,
贵州商学院,重庆,物理类,2025,本科批,488,69571,
云南师范大学,重庆,物理类,2025,本科批,488,69571,
曲靖师范学院,重庆,物理类,2025,本科批,488,69571,
陕西学前师范学院,重庆,物理类,2025,本科批,488,69571,
山东女子学院,重庆,物理类,2025,本科批,488,69571,
廊坊师范学院,重庆,物理类,2025,本科批,487,70203,
沧州师范学院,重庆,物理类,2025,本科批,487,70203,
吕梁学院,重庆,物理类,2025,本科批,487,70203,
白城师范学院,重庆,物理类,2025,本科批,487,70203,
绥化学院,重庆,物理类,2025,本科批,487,68311,
淮阴工学院,重庆,物理类,2025,本科批,487,70203,
青岛农业大学,重庆,物理类,2025,本科批,487,70203,
郑州航空工业管理学院,重庆,物理类,2025,本科批,487,70203,
洛阳理工学院,重庆,物理类,2025,本科批,487,70203,
河南工程学院,重庆,物理类,2025,本科批,487,70203,
湖北文理学院,重庆,物理类,2025,本科批,487,70203,
湖南城市学院,重庆,物理类,2025,本科批,487,70203,
湖南工学院,重庆,物理类,2025,本科批,487,70203,
惠州学院,重庆,物理类,2025,本科批,487,70203,
嘉应学院,重庆,物理类,2025,本科批,487,68311,
河池学院,重庆,物理类,2025,本科批,487,70203,19
琼台师范学院,重庆,物理类,2025,本科批,487,70203,
四川外国语大学,重庆,物理类,2025,本科批,487,70203,
四川旅游学院,重庆,物理类,2025,本科批,487,70203,
贵州工程应用技术学院,重庆,物理类,2025,本科批,487,70203,
凯里学院,重庆,物理类,2025,本科批,487,70203,
普洱学院,重庆,物理类,2025,本科批,487,70203,
新疆财经大学,重庆,物理类,2025,本科批,487,70203,
唐山师范学院,重庆,物理类,2025,本科批,486,70780,
忻州师范学院,重庆,物理类,2025,本科批,486,70203,
呼伦贝尔学院,重庆,物理类,2025,本科批,486,70780,
内蒙古民族大学,重庆,物理类,2025,本科批,486,70780,
哈尔滨学院,重庆,物理类,2025,本科批,486,70780,
山东航空学院,重庆,物理类,2025,本科批,486,70780,
枣庄学院,重庆,物理类,2025,本科批,486,70780,
中南林业科技大学,重庆,物理类,2025,本科批,486,70780,
广东轻工职业技术大学,重庆,物理类,2025,本科批,486,70780,
百色学院,重庆,物理类,2025,本科批,486,70780,
重庆三峡学院,重庆,物理类,2025,本科批,486,70780,
重庆电子科技职业大学,重庆,物理类,2025,本科批,486,68311,
四川工程职业技术大学,重庆,物理类,2025,本科批,486,70780,
贵州医科大学,重庆,物理类,2025,本科批,486,70780,
云南农业大学,重庆,物理类,2025,本科批,486,70780,40
河西学院,重庆,物理类,2025,本科批,486,70780,
塔里木大学,重庆,物理类,2025,本科批,486,70780,
江西应用技术职业学院,重庆,物理类,2025,专科批,485,71425,
河北环境工程学院,重庆,物理类,2025,本科批,485,71425,
哈尔滨金融学院,重庆,物理类,2025,本科批,485,71425,
牡丹江师范学院,重庆,物理类,2025,本科批,485,71425,
上海视觉艺术学院,重庆,物理类,2025,本科批,485,71425,
莆田学院,重庆,物理类,2025,本科批,485,71425,
龙岩学院,重庆,物理类,2025,本科批,485,71425,
江西水利电力大学,重庆,物理类,2025,本科批,485,71425,
商丘师范学院,重庆,物理类,2025,本科批,485,71425,
柳州职业技术大学,重庆,物理类,2025,本科批,485,70203,
梧州学院,重庆,物理类,2025,本科批,485,71425,
广西中医药大学赛恩斯新医药学院,重庆,物理类,2025,本科批,485,71425,
成都文理学院,重庆,物理类,2025,本科批,485,71425,
西藏农牧大学,重庆,物理类,2025,本科批,485,71425,
新疆师范大学,重庆,物理类,2025,本科批,485,71425,
昌吉学院,重庆,物理类,2025,本科批,485,71425,
新疆艺术学院,重庆,物理类,2025,本科批,485,70780,
江西飞行学院,重庆,物理类,2025,本科批,485,71425,
河北石油职业技术大学,重庆,物理类,2025,本科批,485,71425,
河北建筑工程学院,重庆,物理类,2025,本科批,484,72040,
山西医科大学,重庆,物理类,2025,本科批,484,72040,
吉林医药学院,重庆,物理类,2025,本科批,484,72040,
黑龙江工程学院,重庆,物理类,2025,本科批,484,72040,
牡丹江医科大学,重庆,物理类,2025,本科批,484,72040,
哈尔滨职业技术大学,重庆,物理类,2025,本科批,484,71425,
南京航空航天大学金城学院,重庆,物理类,2025,本科批,484,72040,
上饶师范学院,重庆,物理类,2025,本科批,484,72040,
江西职业技术大学,重庆,物理类,2025,本科批,484,72040,
河南牧业经济学院,重庆,物理类,2025,本科批,484,72040,
广西科技师范学院,重庆,物理类,2025,本科批,484,72040,
茅台学院,重庆,物理类,2025,本科批,484,72040,
云南财经大学,重庆,物理类,2025,本科批,484,72040,
商洛学院,重庆,物理类,2025,本科批,484,72040,
兰州资源环境职业技术大学,重庆,物理类,2025,本科批,484,72040,
甘肃林业职业技术大学,重庆,物理类,2025,本科批,484,70203,
酒泉职业技术大学,重庆,物理类,2025,本科批,484,72040,
新疆第二医学院,重庆,物理类,2025,本科批,484,72040,
河北工业职业技术大学,重庆,物理类,2025,本科批,484,72040,
山西农业大学,重庆,物理类,2025,本科批,483,72625,
沈阳大学,重庆,物理类,2025,本科批,483,72625,
辽宁师范大学,重庆,物理类,2025,本科批,483,72625,
宜春学院,重庆,物理类,2025,本科批,483,72625,
山东农业大学,重庆,物理类,2025,本科批,483,72625,
安阳工学院,重庆,物理类,2025,本科批,483,72625,
南阳理工学院,重庆,物理类,2025,本科批,483,72625,
武昌理工学院,重庆,物理类,2025,本科批,483,71425,
广西财经学院,重庆,物理类,2025,本科批,483,72625,
南宁职业技术大学,重庆,物理类,2025,本科批,483,71425,
西昌学院,重庆,物理类,2025,本科批,483,72625,
红河学院,重庆,物理类,2025,本科批,483,72625,
新疆政法学院,重庆,物理类,2025,本科批,483,72625,
喀什大学,重庆,物理类,2025,本科批,483,72625,
北京语言大学,重庆,物理类,2025,本科批,482,73224,
河北金融学院,重庆,物理类,2025,本科批,482,73224,
内蒙古科技大学,重庆,物理类,2025,本科批,482,73224,
内蒙古工业大学,重庆,物理类,2025,本科批,482,73224,
沈阳理工大学,重庆,物理类,2025,本科批,482,73224,
长春工程学院,重庆,物理类,2025,本科批,482,73224,
南昌大学科学技术学院,重庆,物理类,2025,本科批,482,73224,
江西师范大学科学技术学院,重庆,物理类,2025,本科批,482,73224,
郑州工商学院,重庆,物理类,2025,本科批,482,72040,
四川工商学院,重庆,物理类,2025,本科批,482,71425,
四川文理学院,重庆,物理类,2025,本科批,482,73224,
新疆工程学院,重庆,物理类,2025,本科批,482,73224,
江苏海事职业技术学院,重庆,物理类,2025,专科批,481,73860,
石家庄铁道大学四方学院,重庆,物理类,2025,本科批,481,73860,
山西工程技术学院,重庆,物理类,2025,本科批,481,73860,
长江大学,重庆,物理类,2025,本科批,481,73860,
湖南工程学院应用技术学院,重庆,物理类,2025,本科批,481,72040,
四川师范大学,重庆,物理类,2025,本科批,481,73860,
伊犁师范大学,重庆,物理类,2025,本科批,481,73860,
新疆工业学院,重庆,物理类,2025,本科批,481,73860,
乌鲁木齐职业大学,重庆,物理类,2025,本科批,481,72625,
绍兴文理学院,重庆,物理类,2025,本科批,480,74439,
南昌航空大学科技学院,重庆,物理类,2025,本科批,480,74439,
武汉生物工程学院,重庆,物理类,2025,本科批,480,74439,
湖北恩施学院,重庆,物理类,2025,本科批,480,74439,
广西医科大学,重庆,物理类,2025,本科批,480,74439,
昆明医科大学海源学院,重庆,物理类,2025,本科批,480,74439,
滇西应用技术大学,重庆,物理类,2025,本科批,480,74439,
西藏藏医药大学,重庆,物理类,2025,本科批,480,74439,
天津外国语大学,重庆,物理类,2025,本科批,479,75006,
天津医科大学临床医学院,重庆,物理类,2025,本科批,479,75006,
南京邮电大学通达学院,重庆,物理类,2025,本科批,479,75006,
南昌师范学院,重庆,物理类,2025,本科批,479,75006,
青岛理工大学,重庆,物理类,2025,本科批,479,75006,
鲁东大学,重庆,物理类,2025,本科批,479,75006,
三峡大学科技学院,重庆,物理类,2025,本科批,479,75006,
珠海科技学院,重庆,物理类,2025,本科批,479,75006,
新疆农业大学,重庆,物理类,2025,本科批,479,75006,
新疆科技学院,重庆,物理类,2025,本科批,479,75006,
武汉软件工程职业学院,重庆,物理类,2025,专科批,478,72040,
深圳职业技术大学,重庆,物理类,2025,专科批,478,75574,
天津城建大学,重庆,物理类,2025,本科批,478,75574,
新疆理工学院,重庆,物理类,2025,本科批,478,75574,
新疆和田学院,重庆,物理类,2025,本科批,478,75574,
南京理工大学紫金学院,重庆,物理类,2025,本科批,478,75574,
江西信息应用职业技术学院,重庆,物理类,2025,专科批,477,76161,
浙江工商大学杭州商学院,重庆,物理类,2025,本科批,477,76161,
南昌应用技术师范学院,重庆,物理类,2025,本科批,477,73860,
广西民族大学,重庆,物理类,2025,本科批,477,76161,
贵州财经大学,重庆,物理类,2025,本科批,477,76161,
新疆农业职业技术大学,重庆,物理类,2025,本科批,477,76161,
闽南师范大学,重庆,物理类,2025,本科批,476,76786,
江西财经大学,重庆,物理类,2025,本科批,476,76786,
江西财经大学现代经济管理学院,重庆,物理类,2025,本科批,476,76786,
华北水利水电大学,重庆,物理类,2025,本科批,476,76786,
武汉纺织大学外经贸学院,重庆,物理类,2025,本科批,476,75574,
湖北工业大学工程技术学院,重庆,物理类,2025,本科批,476,76786,
重庆文理学院,重庆,物理类,2025,本科批,476,76786,
成都理工大学工程技术学院,重庆,物理类,2025,本科批,476,76786,
铜仁学院,重庆,物理类,2025,本科批,476,76786,16
苏州大学应用技术学院,重庆,物理类,2025,本科批,476,76786,
天津市职业大学,重庆,物理类,2025,专科批,475,75574,
浙江工业大学之江学院,重庆,物理类,2025,本科批,475,77404,
南宁师范大学师园学院,重庆,物理类,2025,本科批,475,77404,
四川传媒学院,重庆,物理类,2025,本科批,475,77404,
齐鲁医药学院,重庆,物理类,2025,本科批,474,78003,
成都体育学院,重庆,物理类,2025,本科批,474,78003,
南京理工大学泰州科技学院,重庆,物理类,2025,本科批,474,78003,
河北工程大学科信学院,重庆,物理类,2025,本科批,473,78587,
吉林外国语大学,重庆,物理类,2025,本科批,473,78587,
三明学院,重庆,物理类,2025,本科批,473,78587,
郑州财经学院,重庆,物理类,2025,本科批,473,78587,
郑州商学院,重庆,物理类,2025,本科批,473,78587,
湖北大学知行学院,重庆,物理类,2025,本科批,473,78587,
西南交通大学希望学院,重庆,物理类,2025,本科批,473,78587,
天津外国语大学滨海外事学院,重庆,物理类,2025,本科批,472,79189,
东南大学成贤学院,重庆,物理类,2025,本科批,472,79189,
中国矿业大学徐海学院,重庆,物理类,2025,本科批,472,76786,
南京审计大学金审学院,重庆,物理类,2025,本科批,472,79189,
温州商学院,重庆,物理类,2025,本科批,472,79189,
集美大学诚毅学院,重庆,物理类,2025,本科批,472,79189,
南昌交通学院,重庆,物理类,2025,本科批,472,79189,
山东协和学院,重庆,物理类,2025,本科批,472,79189,
湖南财政经济学院,重庆,物理类,2025,本科批,472,79189,
贵阳信息科技学院,重庆,物理类,2025,本科批,472,77404,
郑州西亚斯学院,重庆,物理类,2025,本科批,472,77404,
北京城市学院,重庆,物理类,2025,本科批,471,79745,
天津理工大学中环信息学院,重庆,物理类,2025,本科批,471,79745,
电子科技大学成都学院,重庆,物理类,2025,本科批,471,79745,
青海民族大学,重庆,物理类,2025,本科批,471,79745,
扬州大学广陵学院,重庆,物理类,2025,本科批,471,79745,
湖北经济学院法商学院,重庆,物理类,2025,本科批,471,79745,
厦门大学嘉庚学院,重庆,物理类,2025,本科批,470,80338,
江西农业大学南昌商学院,重庆,物理类,2025,本科批,470,80338,
武汉工商学院,重庆,物理类,2025,本科批,470,80338,
湖北医药学院药护学院,重庆,物理类,2025,本科批,470,80338,
海南热带海洋学院,重庆,物理类,2025,本科批,469,79189,
四川大学锦江学院,重庆,物理类,2025,本科批,469,80906,
四川电影电视学院,重庆,物理类,2025,本科批,469,79189,
河北师范大学,重庆,物理类,2025,本科批,468,81501,
山西晋中理工学院,重庆,物理类,2025,本科批,468,78003,
长春师范大学,重庆,物理类,2025,本科批,468,81501,
福建师范大学协和学院,重庆,物理类,2025,本科批,468,81501,
福州大学至诚学院,重庆,物理类,2025,本科批,468,81501,
中南林业科技大学涉外学院,重庆,物理类,2025,本科批,468,81501,
常州大学怀德学院,重庆,物理类,2025,本科批,468,81501,
陕西铁路工程职业技术学院,重庆,物理类,2025,专科批,467,80906,
北京科技大学天津学院,重庆,物理类,2025,本科批,467,82102,
郑州工业应用技术学院,重庆,物理类,2025,本科批,467,82102,
北京中医药大学东方学院,重庆,物理类,2025,本科批,467,82102,
燕京理工学院,重庆,物理类,2025,本科批,467,82102,
浙江机电职业技术大学,重庆,物理类,2025,专科批,466,82660,
保定理工学院,重庆,物理类,2025,本科批,466,82660,
大连医科大学中山学院,重庆,物理类,2025,本科批,466,82660,
豫章师范学院,重庆,物理类,2025,本科批,466,82660,
重庆第二师范学院,重庆,物理类,2025,本科批,466,82660,
贵州黔南科技学院,重庆,物理类,2025,本科批,466,82660,
南京财经大学红山学院,重庆,物理类,2025,本科批,466,82660,
湖南高速铁路职业技术学院,重庆,物理类,2025,专科批,465,83220,
防灾科技学院,重庆,物理类,2025,本科批,465,83220,
河北东方学院,重庆,物理类,2025,本科批,465,83220,
湖南科技大学潇湘学院,重庆,物理类,2025,本科批,465,83220,
重庆工商大学,重庆,物理类,2025,本科批,465,83220,
成都锦城学院,重庆,物理类,2025,本科批,465,83220,
长江大学文理学院,重庆,物理类,2025,本科批,465,83220,
郑州电力高等专科学校,重庆,物理类,2025,专科批,464,83738,
渤海大学,重庆,物理类,2025,本科批,464,83738,
成都外国语学院,重庆,物理类,2025,本科批,464,83738,
西安思源学院,重庆,物理类,2025,本科批,464,83738,
武汉电力职业技术学院,重庆,物理类,2025,专科批,463,83220,
潍坊科技学院,重庆,物理类,2025,本科批,463,82102,
武汉华夏理工学院,重庆,物理类,2025,本科批,462,84831,
绵阳城市学院,重庆,物理类,2025,本科批,462,84831,
湖北商贸学院,重庆,物理类,2025,本科批,461,85348,
武汉城市学院,重庆,物理类,2025,本科批,461,85348,
天津海运职业学院,重庆,物理类,2025,专科批,460,84831,
湖北中医药高等专科学校,重庆,物理类,2025,专科批,460,85897,
景德镇艺术职业大学,重庆,物理类,2025,本科批,459,86477,
云南工商学院,重庆,物理类,2025,本科批,459,86477,
南京工业大学浦江学院,重庆,物理类,2025,本科批,458,87032,
南通大学杏林学院,重庆,物理类,2025,本科批,458,87032,
石家庄铁路职业技术学院,重庆,物理类,2025,专科批,457,83738,
重庆人文科技学院,重庆,物理类,2025,本科批,457,87578,
仰恩大学,重庆,物理类,2025,本科批,456,88104,
长春大学,重庆,物理类,2025,本科批,455,88620,
福建农林大学,重庆,物理类,2025,本科批,455,88620,
广东外语外贸大学南国商学院,重庆,物理类,2025,本科批,454,89161,
烟台科技学院,重庆,物理类,2025,本科批,454,89161,
天津商业大学宝德学院,重庆,物理类,2025,本科批,453,89678,
江西工程学院,重庆,物理类,2025,本科批,453,89678,
齐鲁理工学院,重庆,物理类,2025,本科批,453,89678,
广州南方学院,重庆,物理类,2025,本科批,453,89678,
山东财经大学东方学院,重庆,物理类,2025,本科批,452,90201,
四川文化艺术学院,重庆,物理类,2025,本科批,452,90201,
烟台南山学院,重庆,物理类,2025,本科批,452,90201,
天津财经大学珠江学院,重庆,物理类,2025,本科批,451,90739,
山西应用科技学院,重庆,物理类,2025,本科批,451,90739,
大连财经学院,重庆,物理类,2025,本科批,451,90739,
西安铁路职业技术学院,重庆,物理类,2025,专科批,450,91261,
武汉工程大学邮电与信息工程学院,重庆,物理类,2025,本科批,450,91261,
晋中信息学院,重庆,物理类,2025,本科批,449,91780,
四川工业科技学院,重庆,物理类,2025,本科批,449,91780,
西安信息职业大学,重庆,物理类,2025,本科批,449,91780,
江西电力职业技术学院,重庆,物理类,2025,专科批,448,92301,
江苏大学京江学院,重庆,物理类,2025,本科批,448,92301,
银川科技学院,重庆,物理类,2025,本科批,448,92301,
常德学院,重庆,物理类,2025,本科批,447,92792,
运城职业技术大学,重庆,物理类,2025,本科批,446,93312,
新疆天山职业技术大学,重庆,物理类,2025,本科批,446,93312,
温州肯恩大学,重庆,物理类,2025,本科批,444,94296,
西安明德理工学院,重庆,物理类,2025,本科批,444,94296,
无锡太湖学院,重庆,物理类,2025,本科批,443,94799,
上海科学技术职业学院,重庆,物理类,2025,专科批,442,95317,
西安建筑科技大学华清学院,重庆,物理类,2025,本科批,442,90739,
湛江科技学院,重庆,物理类,2025,本科批,441,91261,
宁夏大学新华学院,重庆,物理类,2025,本科批,441,95801,
山东交通学院,重庆,物理类,2025,本科批,440,96289,
辽宁理工学院,重庆,物理类,2025,本科批,439,95317,
贵州黔南经济学院,重庆,物理类,2025,本科批,439,96773,
浙江工贸职业技术学院,重庆,物理类,2025,专科批,438,97269,
齐齐哈尔工程学院,重庆,物理类,2025,本科批,438,97269,
江西科技学院,重庆,物理类,2025,本科批,438,92792,
武汉职业技术大学,重庆,物理类,2025,专科批,437,97772,
南昌职业大学,重庆,物理类,2025,本科批,437,97772,
广州软件学院,重庆,物理类,2025,本科批,437,97772,
重庆对外经贸学院,重庆,物理类,2025,本科批,437,97772,
湖南科技职业学院,重庆,物理类,2025,专科批,436,98260,
上海外国语大学贤达经济人文学院,重庆,物理类,2025,本科批,436,98260,
昆明文理学院,重庆,物理类,2025,本科批,436,98260,
兰州博文科技学院,重庆,物理类,2025,本科批,436,98260,
宁夏理工学院,重庆,物理类,2025,本科批,436,98260,
武汉海事职业学院,重庆,物理类,2025,专科批,434,99150,
河北地质大学华信学院,重庆,物理类,2025,本科批,434,99150,
西京学院,重庆,物理类,2025,本科批,434,99150,9
成都银杏酒店管理学院,重庆,物理类,2025,本科批,433,99645,
华北理工大学轻工学院,重庆,物理类,2025,本科批,432,100092,
上海师范大学天华学院,重庆,物理类,2025,本科批,432,100092,
西安外事学院,重庆,物理类,2025,本科批,432,100092,
太原学院,重庆,物理类,2025,本科批,431,100543,
福建医科大学,重庆,物理类,2025,本科批,431,100543,
重庆工商大学派斯学院,重庆,物理类,2025,本科批,431,100543,
浙江经济职业技术学院,重庆,物理类,2025,专科批,430,100988,
桂林理工大学,重庆,物理类,2025,专科批,430,100988,
西安航空职业技术学院,重庆,物理类,2025,专科批,430,100988,
北华大学,重庆,物理类,2025,本科批,430,100988,
广州商学院,重庆,物理类,2025,本科批,430,100988,
广东南华工商职业学院,重庆,物理类,2025,专科批,428,101917,
山东现代学院,重庆,物理类,2025,本科批,428,101917,
广州华立学院,重庆,物理类,2025,本科批,428,101917,
西安工商学院,重庆,物理类,2025,本科批,428,101917,
长沙航空职业技术学院,重庆,物理类,2025,专科批,427,102364,
青岛工学院,重庆,物理类,2025,本科批,427,102364,
河北司法警官职业学院,重庆,物理类,2025,专科批,426,102787,
武汉警官职业学院,重庆,物理类,2025,专科批,426,102787,
江苏卫生健康职业学院,重庆,物理类,2025,专科批,426,102787,
大连东软信息学院,重庆,物理类,2025,本科批,426,102787,
安徽新华学院,重庆,物理类,2025,本科批,426,102787,
山东工程职业技术大学,重庆,物理类,2025,本科批,426,102787,
上海电子信息职业技术学院,重庆,物理类,2025,专科批,425,103219,
成都航空职业技术大学,重庆,物理类,2025,专科批,425,103219,
天津仁爱学院,重庆,物理类,2025,本科批,425,103219,
河北外国语学院,重庆,物理类,2025,本科批,425,103219,
河北工程技术学院,重庆,物理类,2025,本科批,425,103219,
辽宁对外经贸学院,重庆,物理类,2025,本科批,425,103219,
沈阳城市学院,重庆,物理类,2025,本科批,425,98699,
沈阳工学院,重庆,物理类,2025,本科批,425,103219,
沈阳城市建设学院,重庆,物理类,2025,本科批,425,103219,
辽宁传媒学院,重庆,物理类,2025,本科批,425,103219,
长春财经学院,重庆,物理类,2025,本科批,425,103219,
长春建筑学院,重庆,物理类,2025,本科批,425,103219,
长春大学旅游学院,重庆,物理类,2025,本科批,425,103219,
长春工业大学人文信息学院,重庆,物理类,2025,本科批,425,103219,
吉林师范大学博达学院,重庆,物理类,2025,本科批,425,103219,
长春电子科技学院,重庆,物理类,2025,本科批,425,103219,
长春科技学院,重庆,物理类,2025,本科批,425,103219,
黑龙江财经学院,重庆,物理类,2025,本科批,425,103219,
哈尔滨信息工程学院,重庆,物理类,2025,本科批,425,103219,
黑龙江外国语学院,重庆,物理类,2025,本科批,425,103219,
上海建桥学院,重庆,物理类,2025,本科批,425,103219,
上海兴伟学院,重庆,物理类,2025,本科批,425,103219,
上海中侨职业技术大学,重庆,物理类,2025,本科批,425,103219,
三江学院,重庆,物理类,2025,本科批,425,103219,
合肥城市学院,重庆,物理类,2025,本科批,425,103219,
福州外语外贸学院,重庆,物理类,2025,本科批,425,103219,
福州理工学院,重庆,物理类,2025,本科批,425,103219,
厦门华厦学院,重庆,物理类,2025,本科批,425,103219,
厦门工学院,重庆,物理类,2025,本科批,425,103219,
泉州信息工程学院,重庆,物理类,2025,本科批,425,103219,
江西师范大学,重庆,物理类,2025,本科批,425,103219,
南昌理工学院,重庆,物理类,2025,本科批,425,103219,
江西应用科技学院,重庆,物理类,2025,本科批,425,103219,
南昌工学院,重庆,物理类,2025,本科批,425,103219,
青岛恒星科技学院,重庆,物理类,2025,本科批,425,103219,
青岛黄海学院,重庆,物理类,2025,本科批,425,103219,
青岛城市学院,重庆,物理类,2025,本科批,425,103219,
山东英才学院,重庆,物理类,2025,本科批,425,103219,
湖南涉外经济学院,重庆,物理类,2025,本科批,425,103219,
湖南应用技术学院,重庆,物理类,2025,本科批,425,103219,
广东培正学院,重庆,物理类,2025,本科批,425,103219,
广州城市理工学院,重庆,物理类,2025,本科批,425,103219,
华南农业大学珠江学院,重庆,物理类,2025,本科批,425,103219,
广州新华学院,重庆,物理类,2025,本科批,425,103219,
广东以色列理工学院,重庆,物理类,2025,本科批,425,103219,
广东工商职业技术大学,重庆,物理类,2025,本科批,425,103219,
柳州工学院,重庆,物理类,2025,本科批,425,103219,
南宁学院,重庆,物理类,2025,本科批,425,103219,
广西外国语学院,重庆,物理类,2025,本科批,425,103219,
南宁理工学院,重庆,物理类,2025,本科批,425,103219,
桂林信息科技学院,重庆,物理类,2025,本科批,425,103219,
海口经济学院,重庆,物理类,2025,本科批,425,99150,
三亚学院,重庆,物理类,2025,本科批,425,100988,
海南比勒费尔德应用科学大学,重庆,物理类,2025,本科批,425,103219,
海南科技职业大学,重庆,物理类,2025,本科批,425,103219,
重庆外语外事学院,重庆,物理类,2025,本科批,425,103219,
重庆财经学院,重庆,物理类,2025,本科批,425,103219,
重庆移通学院,重庆,物理类,2025,本科批,425,103219,
重庆工程学院,重庆,物理类,2025,本科批,425,103219,
重庆机电职业技术大学,重庆,物理类,2025,本科批,425,103219,
重庆城市科技学院,重庆,物理类,2025,本科批,425,103219,
成都东软学院,重庆,物理类,2025,本科批,425,103219,
成都东软学院(中外合作办学项目),重庆,物理类,2025,本科批,425,103219,
吉利学院,重庆,物理类,2025,本科批,425,103219,
西南财经大学天府学院,重庆,物理类,2025,本科批,425,103219,
滇池学院,重庆,物理类,2025,本科批,425,103219,
丽江文化旅游学院,重庆,物理类,2025,本科批,425,103219,
昆明城市学院,重庆,物理类,2025,本科批,425,103219,
云南经济管理学院,重庆,物理类,2025,本科批,425,103219,
昆明理工大学津桥学院,重庆,物理类,2025,本科批,425,103219,
西安欧亚学院,重庆,物理类,2025,本科批,425,103219,
西安翻译学院,重庆,物理类,2025,本科批,425,103219,
陕西服装工程学院,重庆,物理类,2025,本科批,425,103219,
陕西国际商贸学院,重庆,物理类,2025,本科批,425,103219,
西安汽车职业大学,重庆,物理类,2025,本科批,425,103219,
陕西科技大学镐京学院,重庆,物理类,2025,本科批,425,103219,
延安大学西安创新学院,重庆,物理类,2025,本科批,425,103219,
西安科技大学高新学院,重庆,物理类,2025,本科批,425,103219,
西安交通工程学院,重庆,物理类,2025,本科批,425,103219,
兰州信息科技学院,重庆,物理类,2025,本科批,425,103219,
南通理工学院,重庆,物理类,2025,本科批,425,103219,
泰山科技学院,重庆,物理类,2025,本科批,425,103219,
湖南交通工程学院,重庆,物理类,2025,本科批,425,103219,
重庆移通学院德国工程学院,重庆,物理类,2025,本科批,425,103219,
漳州职业技术学院,重庆,物理类,2025,专科批,424,103653,
山东畜牧兽医职业学院,重庆,物理类,2025,专科批,424,103653,
西安培华学院,重庆,物理类,2025,本科批,424,103653,
贵州交通职业大学,重庆,物理类,2025,专科批,423,104066,
苏州卫生职业技术学院,重庆,物理类,2025,专科批,423,99150,
天津现代职业技术学院,重庆,物理类,2025,专科批,422,104526,
安徽第二医学院,重庆,物理类,2025,专科批,422,104526,
四川中医药高等专科学校,重庆,物理类,2025,专科批,422,104526,
新疆警察学院,重庆,物理类,2025,专科批,422,104066,
上海民航职业技术学院,重庆,物理类,2025,专科批,421,104987,
浙江工商职业技术学院,重庆,物理类,2025,专科批,421,104987,
广州铁路职业技术学院,重庆,物理类,2025,专科批,421,104987,
广东工贸职业技术学院,重庆,物理类,2025,专科批,420,104987,
兰州资源环境职业技术大学,重庆,物理类,2025,专科批,420,105425,
厦门软件职业技术学院,重庆,物理类,2025,专科批,419,105820,
黄河水利职业技术大学,重庆,物理类,2025,专科批,419,105820,
湖南信息职业技术学院,重庆,物理类,2025,专科批,419,105820,
桂林旅游学院,重庆,物理类,2025,专科批,419,105820,
苏州工业职业技术学院,重庆,物理类,2025,专科批,419,105820,
天津电子信息职业技术学院,重庆,物理类,2025,专科批,417,106632,
上海城建职业学院,重庆,物理类,2025,专科批,417,106632,
广州卫生职业技术学院,重庆,物理类,2025,专科批,417,106632,
四川机电职业技术学院,重庆,物理类,2025,专科批,417,106632,
三峡电力职业学院,重庆,物理类,2025,专科批,417,102787,
包头铁道职业技术学院,重庆,物理类,2025,专科批,416,107061,
上海工艺美术职业学院,重庆,物理类,2025,专科批,416,107061,
四川电力职业技术学院,重庆,物理类,2025,专科批,416,107061,
江门职业技术学院,重庆,物理类,2025,专科批,416,107061,
广东东软学院,重庆,物理类,2025,本科批,416,107061,
湖北水利水电职业技术学院,重庆,物理类,2025,专科批,415,104987,
四川邮电职业技术学院,重庆,物理类,2025,专科提前批,415,102364,
上海旅游高等专科学校,重庆,物理类,2025,专科批,414,107852,5
广东轻工职业技术大学,重庆,物理类,2025,专科批,414,107852,
重庆三峡医药高等专科学校,重庆,物理类,2025,专科批,414,107852,
贵州健康职业学院,重庆,物理类,2025,专科批,414,107852,
江苏航空职业技术学院,重庆,物理类,2025,专科批,414,107852,
上海出版印刷高等专科学校,重庆,物理类,2025,专科批,413,108277,
浙江商业职业技术学院,重庆,物理类,2025,专科批,413,108277,
青岛港湾职业技术学院,重庆,物理类,2025,专科批,413,108277,
广州科技贸易职业学院,重庆,物理类,2025,专科批,413,105425,
北京科技职业大学,重庆,物理类,2025,专科提前批,413,108277,10
商丘医学高等专科学校,重庆,物理类,2025,专科批,412,108668,
广东科学技术职业学院,重庆,物理类,2025,专科批,412,108668,
重庆电子科技职业大学,重庆,物理类,2025,专科批,412,108668,
成都大学,重庆,物理类,2025,专科批,412,108668,
成都工业职业技术学院,重庆,物理类,2025,专科批,412,108668,
益阳医学高等专科学校,重庆,物理类,2025,专科批,412,108668,
邢台医学院,重庆,物理类,2025,专科批,411,109026,
焦作大学,重庆,物理类,2025,专科批,411,109026,
惠州卫生职业技术学院,重庆,物理类,2025,专科批,411,109026,
江苏电子信息职业学院,重庆,物理类,2025,专科批,411,108277,
北京培黎职业学院,重庆,物理类,2025,专科批,410,109455,
上海交通职业技术学院,重庆,物理类,2025,专科批,410,109455,
江苏农牧科技职业学院,重庆,物理类,2025,专科批,410,109455,
湖南石油化工职业技术学院,重庆,物理类,2025,专科批,410,109455,
天津交通职业学院,重庆,物理类,2025,专科批,409,109842,
苏州职业技术大学,重庆,物理类,2025,专科批,409,109842,
抚州医药学院,重庆,物理类,2025,专科批,409,107473,
郑州健康学院,重庆,物理类,2025,专科批,409,109842,
武汉铁路职业技术学院,重庆,物理类,2025,专科批,409,109842,
湖北国土资源职业学院,重庆,物理类,2025,专科批,409,104987,
湖南铁道职业技术学院,重庆,物理类,2025,专科批,409,109842,
山东职业学院,重庆,物理类,2025,专科批,408,110249,
湖南大众传媒职业技术学院,重庆,物理类,2025,专科批,408,110249,
江苏医药职业学院,重庆,物理类,2025,专科批,408,104987,
洛阳职业技术学院,重庆,物理类,2025,专科批,408,110249,
天津城市建设管理职业技术学院,重庆,物理类,2025,专科批,406,110623,
张家界航空工业职业技术学院,重庆,物理类,2025,专科批,406,107852,
贵州护理职业技术学院,重庆,物理类,2025,专科批,406,110972,
湖南工业职业技术学院,重庆,物理类,2025,专科批,405,106225,
重庆电力高等专科学校,重庆,物理类,2025,专科批,405,111360,
贵州轻工职业大学,重庆,物理类,2025,专科批,405,106632,
徐州工业职业技术学院,重庆,物理类,2025,专科批,405,111360,
天津轻工职业技术学院,重庆,物理类,2025,专科批,404,111757,
江西职业技术大学,重庆,物理类,2025,专科批,404,111757,
重庆工业职业技术大学,重庆,物理类,2025,专科批,404,111757,
重庆医药高等专科学校,重庆,物理类,2025,专科批,404,111757,
四川铁道职业学院,重庆,物理类,2025,专科批,404,111757,
丽江师范学院,重庆,物理类,2025,专科批,404,111757,
陕西航空职业技术学院,重庆,物理类,2025,专科批,404,111757,
江苏商贸职业学院,重庆,物理类,2025,专科批,404,110249,
江苏城市职业学院,重庆,物理类,2025,专科批,403,112125,
湖南交通职业技术学院,重庆,物理类,2025,专科批,403,112125,
四川司法警官职业学院,重庆,物理类,2025,专科批,403,112125,
遵义医药高等专科学校,重庆,物理类,2025,专科批,403,112125,
上饶卫生健康职业学院,重庆,物理类,2025,专科批,403,112125,
北京中医药大学东方学院,重庆,物理类,2025,专科批,403,112125,
四川护理职业学院,重庆,物理类,2025,专科批,403,112125,
湖南化工职业技术学院,重庆,物理类,2025,专科批,403,109842,
天津国土资源和房屋职业学院,重庆,物理类,2025,专科批,402,112465,
大庆医学高等专科学校,重庆,物理类,2025,专科批,402,112465,
河南医学高等专科学校,重庆,物理类,2025,专科批,402,112465,
河北交通职业技术学院,重庆,物理类,2025,专科批,401,112843,
湖南司法警官职业学院,重庆,物理类,2025,专科批,401,112125,
成都农业科技职业学院,重庆,物理类,2025,专科批,401,112843,
湖南邮电职业技术学院,重庆,物理类,2025,专科批,401,112843,
重庆航天职业技术学院,重庆,物理类,2025,专科批,400,113203,
四川工业科技学院,重庆,物理类,2025,专科批,400,113203,
哈尔滨铁道职业技术学院,重庆,物理类,2025,专科批,399,113525,
云南司法警官职业学院,重庆,物理类,2025,专科批,399,109026,
厦门城市职业学院,重庆,物理类,2025,专科批,398,113892,
成都纺织高等专科学校,重庆,物理类,2025,专科批,398,113892,
曲靖健康医学院,重庆,物理类,2025,专科批,398,113892,
长春医学高等专科学校,重庆,物理类,2025,专科批,397,114243,
广西电力职业技术学院,重庆,物理类,2025,专科批,397,114243,
重庆文化艺术职业学院,重庆,物理类,2025,专科批,397,114243,
湖北铁道运输职业学院,重庆,物理类,2025,专科批,397,114243,
安徽审计职业学院,重庆,物理类,2025,专科批,396,114578,
江西司法警官职业学院,重庆,物理类,2025,专科批,396,110249,
广州民航职业技术学院,重庆,物理类,2025,专科批,396,114578,
河北软件职业技术学院,重庆,物理类,2025,专科批,395,114918,
襄阳职业技术学院,重庆,物理类,2025,专科批,395,114918,
绵阳职业技术学院,重庆,物理类,2025,专科批,395,114918,
黎明职业大学,重庆,物理类,2025,专科批,394,115282,
达州中医药职业学院,重庆,物理类,2025,专科批,394,115282,
四川航天职业技术学院,重庆,物理类,2025,专科批,393,115614,
江西航空职业技术学院,重庆,物理类,2025,专科提前批,393,111757,13
江苏食品药品职业技术学院,重庆,物理类,2025,专科批,392,115930,
云南机电职业技术学院,重庆,物理类,2025,专科批,392,115614,
天津铁道职业技术学院,重庆,物理类,2025,专科批,391,116254,
重庆工程职业技术学院,重庆,物理类,2025,专科批,391,116254,
商洛职业技术学院,重庆,物理类,2025,专科批,391,116254,
陕西财经职业技术学院,重庆,物理类,2025,专科批,390,116566,
萍乡卫生职业学院,重庆,物理类,2025,专科批,390,116566,
天津城市职业学院,重庆,物理类,2025,专科批,389,116882,
河南护理职业学院,重庆,物理类,2025,专科批,389,116882,
湖北职业技术学院,重庆,物理类,2025,专科批,389,116882,
湖南工程职业技术学院,重庆,物理类,2025,专科批,389,111757,
湖南环境生物职业技术学院,重庆,物理类,2025,专科批,389,116882,
成都职业技术学院,重庆,物理类,2025,专科批,389,116882,
毕节医学高等专科学校,重庆,物理类,2025,专科批,389,116882,
云南林业职业技术学院,重庆,物理类,2025,专科批,389,116882,
大理护理职业学院,重庆,物理类,2025,专科批,389,116882,
德宏职业学院,重庆,物理类,2025,专科批,389,116882,
镇江市高等专科学校,重庆,物理类,2025,专科批,388,112125,
四川水利职业技术学院,重庆,物理类,2025,专科批,388,117216,
武汉铁路桥梁职业学院,重庆,物理类,2025,专科批,388,117216,
江苏建筑职业技术学院,重庆,物理类,2025,专科批,387,114243,
连云港职业技术学院,重庆,物理类,2025,专科批,387,117512,
合肥职业技术学院,重庆,物理类,2025,专科批,387,117512,
开封大学,重庆,物理类,2025,专科批,387,117512,
湘潭医卫职业技术学院,重庆,物理类,2025,专科批,387,113203,
昆明铁道职业技术学院,重庆,物理类,2025,专科批,387,117512,
西南交通大学希望学院,重庆,物理类,2025,专科批,387,117512,
武汉城市职业学院,重庆,物理类,2025,专科批,386,117838,
广西卫生职业技术学院,重庆,物理类,2025,专科批,386,117838,
安顺职业技术学院,重庆,物理类,2025,专科批,386,112843,
楚雄医药高等专科学校,重庆,物理类,2025,专科批,386,117838,
山西卫生健康职业学院,重庆,物理类,2025,专科批,385,118146,
长沙民政职业技术学院,重庆,物理类,2025,专科批,385,118146,
承德护理职业学院,重庆,物理类,2025,专科批,385,118146,
辽宁铁道职业技术学院,重庆,物理类,2025,专科批,384,118467,
江西财经职业学院,重庆,物理类,2025,专科批,384,114243,
吉林司法警官职业学院,重庆,物理类,2025,专科批,383,118751,
哈尔滨职业技术大学,重庆,物理类,2025,专科批,383,113525,
河南工业职业技术学院,重庆,物理类,2025,专科批,383,118751,
湖南汽车工程职业大学,重庆,物理类,2025,专科批,383,118751,
重庆工商职业学院,重庆,物理类,2025,专科批,383,118751,
雅安职业技术学院,重庆,物理类,2025,专科批,383,114243,
川北幼儿师范高等专科学校,重庆,物理类,2025,专科批,383,118751,
濮阳医学高等专科学校,重庆,物理类,2025,专科批,383,118751,
江苏财会职业学院,重庆,物理类,2025,专科批,382,116254,
江西水利电力大学,重庆,物理类,2025,专科提前批,382,114918,10
唐山职业技术学院,重庆,物理类,2025,专科批,381,119416,
常德职业技术学院,重庆,物理类,2025,专科批,381,119416,
四川交通职业技术学院,重庆,物理类,2025,专科批,381,119416,
黔南民族医学高等专科学校,重庆,物理类,2025,专科批,381,119416,
昆明冶金高等专科学校,重庆,物理类,2025,专科批,381,119416,
贵州机电职业技术学院,重庆,物理类,2025,专科批,380,119690,
广东机电职业技术学院,重庆,物理类,2025,专科批,380,119690,
盐城幼儿师范高等专科学校,重庆,物理类,2025,专科批,380,118146,
河南医学高等专科学校,重庆,物理类,2025,专科提前批,380,114243,
运城护理职业学院,重庆,物理类,2025,专科批,379,119987,
江西师范高等专科学校,重庆,物理类,2025,专科批,379,119987,
长江工程职业技术学院,重庆,物理类,2025,专科批,379,119987,
长沙商贸旅游职业技术学院,重庆,物理类,2025,专科批,379,119987,
内江职业技术学院,重庆,物理类,2025,专科批,379,119987,
河南交通职业技术学院,重庆,物理类,2025,专科提前批,379,114918,
黑龙江交通职业技术学院,重庆,物理类,2025,专科批,378,120244,
黑龙江护理高等专科学校,重庆,物理类,2025,专科批,378,120244,
上海济光职业技术学院,重庆,物理类,2025,专科批,378,116882,
宣城职业技术学院,重庆,物理类,2025,专科批,378,120244,
江西工业职业技术学院,重庆,物理类,2025,专科批,378,120244,
江西现代职业技术学院,重庆,物理类,2025,专科批,378,119987,
江西工程职业学院,重庆,物理类,2025,专科批,378,120244,
西安职业技术学院,重庆,物理类,2025,专科批,378,120244,
廊坊卫生职业学院,重庆,物理类,2025,专科批,378,120244,
河北科技工程职业技术大学,重庆,物理类,2025,专科批,378,117838,
辽宁省交通高等专科学校,重庆,物理类,2025,专科提前批,377,117838,
天津石油职业技术学院,重庆,物理类,2025,专科批,376,115282,
江西机电职业技术学院,重庆,物理类,2025,专科批,376,120813,11
山东水利职业学院,重庆,物理类,2025,专科批,376,120813,
湖北交通职业技术学院,重庆,物理类,2025,专科批,376,120813,
武汉交通职业学院,重庆,物理类,2025,专科批,376,120813,
达州职业技术学院,重庆,物理类,2025,专科批,376,120813,
黑龙江司法警官职业学院,重庆,物理类,2025,专科批,375,117512,
大兴安岭职业学院,重庆,物理类,2025,专科批,375,121108,
赣南卫生健康职业学院,重庆,物理类,2025,专科批,375,121108,
长沙环境保护职业技术学院,重庆,物理类,2025,专科批,375,121108,
乐山职业技术学院,重庆,物理类,2025,专科批,375,121108,
铜仁职业技术大学,重庆,物理类,2025,专科批,375,121108,
酒泉职业技术大学,重庆,物理类,2025,专科批,375,115282,
江西交通职业技术学院,重庆,物理类,2025,专科批,374,115930,
重庆商务职业学院,重庆,物理类,2025,专科批,374,121418,
甘肃交通职业技术学院,重庆,物理类,2025,专科批,374,121418,
江西婺源茶业职业学院,重庆,物理类,2025,专科批,374,121418,
重庆建筑工程职业学院,重庆,物理类,2025,专科批,373,121688,
石家庄人民医学高等专科学校,重庆,物理类,2025,专科批,372,121958,
黄冈职业技术学院,重庆,物理类,2025,专科批,372,121958,
泸州职业技术学院,重庆,物理类,2025,专科批,372,121958,
新疆生产建设兵团兴新职业技术学院,重庆,物理类,2025,专科批,372,119063,
济源职业技术学院,重庆,物理类,2025,专科批,371,119063,
郴州职业技术学院,重庆,物理类,2025,专科批,371,122227,
湖南城建职业技术学院,重庆,物理类,2025,专科批,371,122227,
广西工业职业技术学院,重庆,物理类,2025,专科批,371,122227,
渭南职业技术学院,重庆,物理类,2025,专科批,371,122227,
南通师范高等专科学校,重庆,物理类,2025,专科批,371,122227,
宜春职业技术学院,重庆,物理类,2025,专科批,370,122465,
湖北生态工程职业技术学院,重庆,物理类,2025,专科批,370,122465,
重庆青年职业技术学院,重庆,物理类,2025,专科批,370,122465,
四川文化产业职业学院,重庆,物理类,2025,专科批,370,122465,
黔东南民族职业技术学院,重庆,物理类,2025,专科批,370,122465,
周口职业技术学院,重庆,物理类,2025,专科批,369,122703,
宝鸡职业技术学院,重庆,物理类,2025,专科批,369,122703,
临汾职业技术学院,重庆,物理类,2025,专科批,368,120512,
陕西邮电职业技术学院,重庆,物理类,2025,专科批,368,122932,
江西水利职业学院,重庆,物理类,2025,专科批,367,118751,
四川工商职业技术学院,重庆,物理类,2025,专科批,367,120244,
四川卫生康复职业学院,重庆,物理类,2025,专科批,367,123183,
贵州农业职业学院,重庆,物理类,2025,专科批,366,123410,
三门峡职业技术学院,重庆,物理类,2025,专科批,365,121958,
南充职业技术学院,重庆,物理类,2025,专科批,365,123654,
海南软件职业技术学院,重庆,物理类,2025,专科批,364,123916,
贵阳职业技术学院,重庆,物理类,2025,专科批,364,123916,
咸阳职业技术学院,重庆,物理类,2025,专科批,364,123916,
青海农牧科技职业学院,重庆,物理类,2025,专科批,364,123916,
南充文化旅游职业学院,重庆,物理类,2025,专科批,364,119690,
吉林电子信息职业技术学院,重庆,物理类,2025,专科批,363,124163,
湖南安全技术职业学院,重庆,物理类,2025,专科批,363,124163,
重庆三峡职业学院,重庆,物理类,2025,专科批,363,124163,
四川化工职业技术学院,重庆,物理类,2025,专科批,363,124163,
四川财经职业学院,重庆,物理类,2025,专科批,363,124163,
贵州工业职业技术学院,重庆,物理类,2025,专科批,363,124163,
云南财经职业学院,重庆,物理类,2025,专科批,363,124163,
河南测绘职业学院,重庆,物理类,2025,专科批,363,121418,
铁岭卫生职业学院,重庆,物理类,2025,专科批,363,124163,
辽宁职业学院,重庆,物理类,2025,专科批,362,120813,
怀化职业技术学院,重庆,物理类,2025,专科批,362,124405,
广西机电职业技术学院,重庆,物理类,2025,专科批,362,124405,
重庆财经职业学院,重庆,物理类,2025,专科批,362,124405,
四川大学锦江学院,重庆,物理类,2025,专科批,362,124405,
贵州航天职业技术学院,重庆,物理类,2025,专科批,362,124405,
柳州城市职业学院,重庆,物理类,2025,专科批,361,124643,
昭通卫生职业学院,重庆,物理类,2025,专科批,361,124643,
三峡旅游职业技术学院,重庆,物理类,2025,专科批,361,124643,
湖南九嶷职业技术学院,重庆,物理类,2025,专科批,361,124643,
邯郸职业技术学院,重庆,物理类,2025,专科批,360,124855,
辽宁石化职业技术学院,重庆,物理类,2025,专科批,360,124405,
三峡大学科技学院,重庆,物理类,2025,专科批,360,124855,
四川工商学院,重庆,物理类,2025,专科批,360,124855,
贵州电子信息职业技术学院,重庆,物理类,2025,专科批,360,124855,
大理农林职业技术学院,重庆,物理类,2025,专科批,360,124163,
南昌健康职业技术学院,重庆,物理类,2025,专科批,360,124855,
重庆工信职业学院,重庆,物理类,2025,专科批,359,125087,
贵州航空职业技术学院,重庆,物理类,2025,专科批,359,125087,
广东茂名幼儿师范专科学校,重庆,物理类,2025,专科批,359,125087,
石家庄幼儿师范高等专科学校,重庆,物理类,2025,专科批,359,125087,
荆州职业技术学院,重庆,物理类,2025,专科批,358,125293,
四川职业技术学院,重庆,物理类,2025,专科批,358,125293,
遵义职业技术学院,重庆,物理类,2025,专科批,358,125293,
河北机电职业技术学院,重庆,物理类,2025,专科批,357,119416,
伊春职业学院,重庆,物理类,2025,专科批,357,125534,
重庆化工职业学院,重庆,物理类,2025,专科批,357,125534,
四川工程职业技术大学,重庆,物理类,2025,专科批,357,125534,
宜宾职业技术学院,重庆,物理类,2025,专科批,357,119690,
云南交通职业技术学院,重庆,物理类,2025,专科批,357,122703,
上海邦德职业技术学院,重庆,物理类,2025,专科批,356,125534,
六盘水幼儿师范高等专科学校,重庆,物理类,2025,专科批,356,125754,
延安职业技术学院,重庆,物理类,2025,专科批,356,125754,
威海职业学院,重庆,物理类,2025,专科提前批,356,119690,
长春金融高等专科学校,重庆,物理类,2025,专科批,355,126004,
青岛酒店管理职业技术学院,重庆,物理类,2025,专科批,355,126004,
铜仁幼儿师范高等专科学校,重庆,物理类,2025,专科批,355,126004,
保山中医药高等专科学校,重庆,物理类,2025,专科批,355,126004,
云南医药健康职业学院,重庆,物理类,2025,专科批,355,126004,
湖南三一工业职业技术学院,重庆,物理类,2025,专科批,355,126004,
襄阳汽车职业技术学院,重庆,物理类,2025,专科批,355,126004,
河北化工医药职业技术学院,重庆,物理类,2025,专科批,354,126240,
山西工程职业学院,重庆,物理类,2025,专科批,354,126004,
日照职业技术学院,重庆,物理类,2025,专科批,354,126240,
平顶山工业职业技术学院,重庆,物理类,2025,专科批,354,125087,
贵州传媒职业学院,重庆,物理类,2025,专科批,354,126240,
云南农业职业技术学院,重庆,物理类,2025,专科批,354,126240,
广元中核职业技术学院,重庆,物理类,2025,专科批,354,126240,
天津医学高等专科学校,重庆,物理类,2025,专科批,353,126466,
泉州经贸职业技术学院,重庆,物理类,2025,专科批,353,123654,
川南幼儿师范高等专科学校,重庆,物理类,2025,专科批,353,126466,
贵州经贸职业技术学院,重庆,物理类,2025,专科批,352,126004,
云南国土资源职业学院,重庆,物理类,2025,专科批,352,126666,
西安交通工程学院,重庆,物理类,2025,专科批,352,126666,
廊坊职业技术学院,重庆,物理类,2025,专科批,352,126666,5
河北旅游职业学院,重庆,物理类,2025,专科批,351,123916,
辽宁机电职业技术学院,重庆,物理类,2025,专科批,351,126882,
邯郸幼儿师范高等专科学校,重庆,物理类,2025,专科批,351,122227,
盘锦职业技术学院,重庆,物理类,2025,专科批,350,127087,
湘西民族职业技术学院,重庆,物理类,2025,专科批,350,127087,
四川建筑职业技术学院,重庆,物理类,2025,专科批,350,127087,
新疆师范高等专科学校,重庆,物理类,2025,专科批,350,127087,
内江卫生与健康职业学院,重庆,物理类,2025,专科批,350,127087,
大连职业技术学院,重庆,物理类,2025,专科批,349,127299,
江西环境工程职业学院,重庆,物理类,2025,专科批,349,127299,
黔南民族职业技术学院,重庆,物理类,2025,专科批,349,125087,
毕节工业职业技术学院,重庆,物理类,2025,专科批,349,121108,
毕节幼儿师范高等专科学校,重庆,物理类,2025,专科批,349,127299,
阿克苏工业职业技术学院,重庆,物理类,2025,专科批,349,127299,
白城职业技术学院,重庆,物理类,2025,专科批,348,127491,
黑龙江农业工程职业学院,重庆,物理类,2025,专科批,348,127491,
重庆五一职业技术学院,重庆,物理类,2025,专科批,348,127491,
西双版纳职业技术学院,重庆,物理类,2025,专科批,348,127491,
河南轻工职业学院,重庆,物理类,2025,专科批,348,124163,
营口职业技术学院,重庆,物理类,2025,专科批,347,127702,
鹤壁职业技术学院,重庆,物理类,2025,专科批,347,127702,
漯河医学高等专科学校,重庆,物理类,2025,专科批,347,127702,
重庆安全技术职业学院,重庆,物理类,2025,专科批,347,127702,
安徽新闻出版职业技术学院,重庆,物理类,2025,专科批,346,127895,
湖南机电职业技术学院,重庆,物理类,2025,专科批,346,127895,
海南外国语职业学院,重庆,物理类,2025,专科批,346,127895,
重庆工贸职业技术学院,重庆,物理类,2025,专科批,346,127895,
重庆旅游职业学院,重庆,物理类,2025,专科批,346,127895,
陕西能源职业技术学院,重庆,物理类,2025,专科批,346,127895,
铜川职业技术学院,重庆,物理类,2025,专科批,346,122465,
承德应用技术职业学院,重庆,物理类,2025,专科批,345,128103,
辽源职业技术学院,重庆,物理类,2025,专科批,344,128287,
信阳职业技术学院,重庆,物理类,2025,专科批,344,128287,
广西幼儿师范高等专科学校,重庆,物理类,2025,专科批,344,124855,
梧州医学高等专科学校,重庆,物理类,2025,专科批,344,128287,
重庆城市职业学院,重庆,物理类,2025,专科批,344,128287,
贵阳幼儿师范高等专科学校,重庆,物理类,2025,专科批,344,128287,
甘肃有色冶金职业技术学院,重庆,物理类,2025,专科批,343,126882,
安阳职业技术学院,重庆,物理类,2025,专科批,343,128468,
泰山职业技术学院,重庆,物理类,2025,专科批,343,126004,
合肥通用职业技术学院,重庆,物理类,2025,专科批,342,124855,
吉安职业技术学院,重庆,物理类,2025,专科批,342,128657,
重庆水利电力职业技术学院,重庆,物理类,2025,专科批,342,128657,
黔东南理工职业学院,重庆,物理类,2025,专科批,342,123654,
河北对外经贸职业学院,重庆,物理类,2025,专科批,341,128832,
黑龙江农业经济职业学院,重庆,物理类,2025,专科批,341,128832,
武汉船舶职业技术学院,重庆,物理类,2025,专科批,341,128832,
仙桃职业学院,重庆,物理类,2025,专科批,341,128832,
贵州工程职业学院,重庆,物理类,2025,专科批,341,122932,
兰州石化职业技术大学,重庆,物理类,2025,专科批,340,129017,
湖南食品药品职业学院,重庆,物理类,2025,专科批,340,129017,
重庆农业职业学院,重庆,物理类,2025,专科批,340,125534,
河北能源职业技术学院,重庆,物理类,2025,专科批,339,129189,
江西枫林涉外经贸职业学院,重庆,物理类,2025,专科批,339,129189,
荆州理工职业学院,重庆,物理类,2025,专科批,339,129189,
贵州职业技术学院,重庆,物理类,2025,专科批,339,129189,
安康职业技术学院,重庆,物理类,2025,专科批,339,129189,
廊坊燕京职业技术学院,重庆,物理类,2025,专科批,339,129189,
四川传媒学院,重庆,物理类,2025,专科批,338,129396,
山东信息职业技术学院,重庆,物理类,2025,专科提前批,338,129396,
吉林交通职业技术学院,重庆,物理类,2025,专科批,337,129572,
毕节职业技术学院,重庆,物理类,2025,专科批,337,129572,
赣州职业技术学院,重庆,物理类,2025,专科批,337,129572,
泉州海洋职业学院,重庆,物理类,2025,专科批,336,128832,
湖北生物科技职业学院,重庆,物理类,2025,专科批,336,129759,
西安医学高等专科学校,重庆,物理类,2025,专科批,336,129759,
甘肃建筑职业技术学院,重庆,物理类,2025,专科批,336,128468,
秦皇岛职业技术学院,重庆,物理类,2025,专科批,335,129955,
辽宁省交通高等专科学校,重庆,物理类,2025,专科批,335,129955,
河南地矿职业学院,重庆,物理类,2025,专科批,334,130120,
三明医学科技职业学院,重庆,物理类,2025,专科批,333,130290,
江西建设职业技术学院,重庆,物理类,2025,专科批,333,130290,
昆明工业职业技术学院,重庆,物理类,2025,专科批,333,127895,
资阳口腔职业学院,重庆,物理类,2025,专科批,332,130470,
佳木斯职业学院,重庆,物理类,2025,专科批,330,130802,
江西航空职业技术学院,重庆,物理类,2025,专科批,330,129759,
上饶幼儿师范高等专科学校,重庆,物理类,2025,专科批,330,130802,
黑龙江林业职业技术学院,重庆,物理类,2025,专科批,329,126882,
厦门南洋职业学院,重庆,物理类,2025,专科批,329,130964,
赣西科技职业学院,重庆,物理类,2025,专科批,329,130964,
重庆幼儿师范高等专科学校,重庆,物理类,2025,专科批,329,130964,
厦门华天涉外职业技术学院,重庆,物理类,2025,专科批,328,131132,
湖南民族职业学院,重庆,物理类,2025,专科批,328,131132,
厦门兴才职业技术学院,重庆,物理类,2025,专科批,327,131286,
海南职业技术学院,重庆,物理类,2025,专科批,327,125754,
广安职业技术学院,重庆,物理类,2025,专科批,327,131286,
四川三河职业学院,重庆,物理类,2025,专科批,327,131286,
长沙卫生职业学院,重庆,物理类,2025,专科批,327,131286,
黑龙江生态工程职业学院,重庆,物理类,2025,专科批,326,131452,
漯河职业技术学院,重庆,物理类,2025,专科批,326,131452,
重庆机电职业技术大学,重庆,物理类,2025,专科批,326,131452,
南阳农业职业学院,重庆,物理类,2025,专科批,326,131452,
苏州百年职业学院,重庆,物理类,2025,专科批,325,131604,
重庆科创职业学院,重庆,物理类,2025,专科批,325,131604,
江西科技职业学院,重庆,物理类,2025,专科批,324,127087,
随州职业技术学院,重庆,物理类,2025,专科批,324,131775,
六盘水职业技术学院,重庆,物理类,2025,专科批,324,131775,
广州华立科技职业学院,重庆,物理类,2025,专科批,324,131775,
湖北恩施学院,重庆,物理类,2025,专科批,323,131909,
哈尔滨科学技术职业学院,重庆,物理类,2025,专科批,322,132054,
新疆石河子职业技术学院,重庆,物理类,2025,专科批,322,132054,
山东铝业职业学院,重庆,物理类,2025,专科批,321,132195,
太湖创意职业技术学院,重庆,物理类,2025,专科批,320,131132,
九江职业大学,重庆,物理类,2025,专科批,320,132348,
贵州铜仁数据职业学院,重庆,物理类,2025,专科批,320,127299,
长春健康职业学院,重庆,物理类,2025,专科批,319,132498,
牡丹江大学,重庆,物理类,2025,专科批,317,132784,
南昌工学院,重庆,物理类,2025,专科批,317,132784,
陕西交通职业技术学院,重庆,物理类,2025,专科批,317,132784,
西昌民族幼儿师范高等专科学校,重庆,物理类,2025,专科批,317,127702,
贵州生态能源职业学院,重庆,物理类,2025,专科批,316,132916,
武汉生物工程学院,重庆,物理类,2025,专科批,315,133055,
永州职业技术学院,重庆,物理类,2025,专科批,315,133055,
黑龙江能源职业学院,重庆,物理类,2025,专科批,314,129017,
昆玉职业技术学院,重庆,物理类,2025,专科批,314,129572,
武汉商贸职业学院,重庆,物理类,2025,专科批,313,133351,
天津生物工程职业技术学院,重庆,物理类,2025,专科批,312,133487,
重庆公共运输职业学院,重庆,物理类,2025,专科批,312,133487,
江西医学高等专科学校,重庆,物理类,2025,专科批,311,133607,
甘肃畜牧工程职业技术学院,重庆,物理类,2025,专科批,311,133607,
南阳科技职业学院,重庆,物理类,2025,专科批,311,133607,
大庆职业学院,重庆,物理类,2025,专科批,310,133725,
梧州职业学院,重庆,物理类,2025,专科批,310,133725,
新星职业技术学院,重庆,物理类,2025,专科批,310,128103,
广西理工职业技术学院,重庆,物理类,2025,专科批,309,133867,
南宁职业技术大学,重庆,物理类,2025,专科批,308,134002,
重庆交通职业学院,重庆,物理类,2025,专科批,308,134002,
贵州盛华职业学院,重庆,物理类,2025,专科批,307,134123,
西安汽车职业大学,重庆,物理类,2025,专科批,307,129017,
黔西南民族职业技术学院,重庆,物理类,2025,专科批,306,134245,
新疆和田学院,重庆,物理类,2025,专科批,305,134362,
德宏师范学院,重庆,物理类,2025,专科批,304,134473,
沈阳职业技术学院,重庆,物理类,2025,专科批,303,134576,
阿克苏职业技术学院,重庆,物理类,2025,专科批,303,127895,
齐齐哈尔高等师范专科学校,重庆,物理类,2025,专科批,302,134704,
苏州高博职业学院,重庆,物理类,2025,专科批,302,134704,
唐山幼儿师范高等专科学校,重庆,物理类,2025,专科批,302,134704,
湘南幼儿师范高等专科学校,重庆,物理类,2025,专科批,302,130120,
黑龙江建筑职业技术学院,重庆,物理类,2025,专科批,300,134938,
湖北开放职业学院,重庆,物理类,2025,专科批,300,134938,
黔南民族幼儿师范高等专科学校,重庆,物理类,2025,专科批,300,134938,
新疆轻工职业技术学院,重庆,物理类,2025,专科批,300,134938,
抚顺师范高等专科学校,重庆,物理类,2025,专科批,298,135149,
阿勒泰职业技术学院,重庆,物理类,2025,专科批,298,135149,
玉溪农业职业技术学院,重庆,物理类,2025,专科批,297,135249,
濮阳职业技术学院,重庆,物理类,2025,专科批,295,135326,
贵州民用航空职业学院,重庆,物理类,2025,专科批,295,134938,
湖北城市建设职业技术学院,重庆,物理类,2025,专科批,293,135632,
四川托普信息技术职业学院,重庆,物理类,2025,专科批,293,134938,
兰州资源环境职业技术大学,重庆,物理类,2025,专科提前批,293,132348,
日喀则职业技术学院,重庆,物理类,2025,专科批,291,135841,
西安海棠职业学院,重庆,物理类,2025,专科批,291,135841,
广西自然资源职业技术学院,重庆,物理类,2025,专科批,289,136036,
三亚理工职业学院,重庆,物理类,2025,专科批,286,134704,
辽宁农业职业技术学院,重庆,物理类,2025,专科批,284,136485,
泉州轻工职业学院,重庆,物理类,2025,专科批,284,136215,
沈阳北软信息职业技术学院,重庆,物理类,2025,专科批,283,134938,
江海职业技术学院,重庆,物理类,2025,专科批,283,136574,
重庆电信职业学院,重庆,物理类,2025,专科批,279,136883,
长江艺术工程职业学院,重庆,物理类,2025,专科批,279,136883,
新疆应用职业技术学院,重庆,物理类,2025,专科批,277,137020,
广东信息工程职业学院,重庆,物理类,2025,专科批,275,137153,
西安工商学院,重庆,物理类,2025,专科批,274,137214,
重庆现代制造职业学院,重庆,物理类,2025,专科批,273,137286,
德阳城市轨道交通职业学院,重庆,物理类,2025,专科批,272,137345,
抚顺职业技术学院,重庆,物理类,2025,专科批,270,137473,
朝阳师范学院,重庆,物理类,2025,专科批,267,137659,
重庆智能工程职业学院,重庆,物理类,2025,专科批,267,137659,
天府新区航空旅游职业学院,重庆,物理类,2025,专科批,266,136036,
石家庄工商职业学院,重庆,物理类,2025,专科批,264,132645,
石家庄科技信息职业学院,重庆,物理类,2025,专科批,264,137823,
黑龙江农垦职业学院,重庆,物理类,2025,专科批,264,137823,
珠海艺术职业学院,重庆,物理类,2025,专科批,264,137823,
鄂州职业大学,重庆,物理类,2025,专科批,263,137873,
陕西旅游烹饪职业学院,重庆,物理类,2025,专科批,263,137873,
汕尾职业技术学院,重庆,物理类,2025,专科批,262,137924,
重庆信息技术职业学院,重庆,物理类,2025,专科批,257,138168,
硅湖职业技术学院,重庆,物理类,2025,专科批,257,138168,
宿迁职业技术学院,重庆,物理类,2025,专科批,256,138214,
天津滨海汽车工程职业学院,重庆,物理类,2025,专科批,253,138340,
图木舒克职业技术学院,重庆,物理类,2025,专科批,253,132916,
潍坊工程职业学院,重庆,物理类,2025,专科提前批,249,137592,
黑龙江幼儿师范高等专科学校,重庆,物理类,2025,专科批,247,138561,
四川科技职业学院,重庆,物理类,2025,专科批,247,138561,
江西新能源科技职业学院,重庆,物理类,2025,专科批,241,138757,
四川电影电视学院,重庆,物理类,2025,专科批,233,138977,
石家庄城市经济职业学院,重庆,物理类,2025,专科批,228,138022,
青岛航空科技职业学院,重庆,物理类,2025,专科批,225,139134,
南昌理工学院,重庆,物理类,2025,专科批,212,139331,
宁夏职业技术大学,重庆,物理类,2025,专科提前批,202,139400,
海南健康管理职业技术学院,重庆,物理类,2025,专科批,197,139421,
渤海理工职业学院,重庆,物理类,2025,专科批,191,139449,
石家庄医学高等专科学校,重庆,物理类,2025,专科批,180,139478,
满洲里俄语职业学院,重庆,物理类,2025,专科批,180,139478,
大连财经学院,重庆,物理类,2025,专科批,180,139478,
铁岭师范高等专科学校,重庆,物理类,2025,专科批,180,139478,
辽宁广告职业学院,重庆,物理类,2025,专科批,180,139478,
锦州师范高等专科学校,重庆,物理类,2025,专科批,180,139478,
大连航运职业技术学院,重庆,物理类,2025,专科批,180,139478,
辽宁何氏医学院,重庆,物理类,2025,专科批,180,139478,
大连汽车职业技术学院,重庆,物理类,2025,专科批,180,139478,
梅河口康美职业技术学院,重庆,物理类,2025,专科批,180,139478,
哈尔滨幼儿师范高等专科学校,重庆,物理类,2025,专科批,180,139478,
哈尔滨北方航空职业技术学院,重庆,物理类,2025,专科批,180,138022,
明达职业技术学院,重庆,物理类,2025,专科批,180,139478,
泉州纺织服装职业学院,重庆,物理类,2025,专科批,180,139478,
漳州科技职业学院,重庆,物理类,2025,专科批,180,139478,
武夷山职业学院,重庆,物理类,2025,专科批,180,139478,
福州墨尔本理工职业学院,重庆,物理类,2025,专科批,180,136798,
福州软件职业技术学院,重庆,物理类,2025,专科批,180,139478,
江西应用科技学院,重庆,物理类,2025,专科批,180,139478,
南昌职业大学,重庆,物理类,2025,专科批,180,132916,
江西软件职业技术大学,重庆,物理类,2025,专科批,180,139478,
江西工商职业技术学院,重庆,物理类,2025,专科批,180,139478,
景德镇陶瓷职业技术学院,重庆,物理类,2025,专科批,180,139478,
山东力明科技职业学院,重庆,物理类,2025,专科批,180,139478,
青岛求实职业技术学院,重庆,物理类,2025,专科批,180,139478,
青岛黄海学院,重庆,物理类,2025,专科批,180,139478,
曲阜远东职业技术学院,重庆,物理类,2025,专科批,180,139478,
齐鲁理工学院,重庆,物理类,2025,专科批,180,137473,
山东海事职业学院,重庆,物理类,2025,专科批,180,139478,
恩施职业技术学院,重庆,物理类,2025,专科批,180,139478,
武汉科技职业学院,重庆,物理类,2025,专科批,180,139478,
咸宁职业技术学院,重庆,物理类,2025,专科批,180,139478,
湖北三峡职业技术学院,重庆,物理类,2025,专科批,180,139478,
湖南应用技术学院,重庆,物理类,2025,专科批,180,139478,
岳阳职业技术学院,重庆,物理类,2025,专科批,180,139478,
湖南外国语职业学院,重庆,物理类,2025,专科批,180,139478,
广东亚视演艺职业学院,重庆,物理类,2025,专科批,180,139478,
广东文理职业学院,重庆,物理类,2025,专科批,180,139478,
广西国际商务职业技术学院,重庆,物理类,2025,专科批,180,139478,
广西经济职业学院,重庆,物理类,2025,专科批,180,138376,
广西科技职业学院,重庆,物理类,2025,专科批,180,139478,
钦州幼儿师范高等专科学校,重庆,物理类,2025,专科批,180,139478,
桂林生命与健康职业技术学院,重庆,物理类,2025,专科批,180,139478,
北海康养职业学院,重庆,物理类,2025,专科批,180,139478,
海口经济学院,重庆,物理类,2025,专科批,180,138022,
三亚城市职业学院,重庆,物理类,2025,专科批,180,139478,
海南工商职业学院,重庆,物理类,2025,专科批,180,139478,
三亚航空旅游职业学院,重庆,物理类,2025,专科批,180,139478,
海南科技职业大学,重庆,物理类,2025,专科批,180,134362,
三亚中瑞酒店管理职业学院,重庆,物理类,2025,专科批,180,137403,
海南东方新丝路职业学院,重庆,物理类,2025,专科批,180,139478,
三亚护理职业学院,重庆,物理类,2025,专科批,180,139478,
重庆城市管理职业学院,重庆,物理类,2025,专科批,180,139478,
重庆海联职业技术学院,重庆,物理类,2025,专科批,180,139478,
重庆传媒职业学院,重庆,物理类,2025,专科批,180,139478,
重庆建筑科技职业学院,重庆,物理类,2025,专科批,180,139478,
重庆应用技术职业学院,重庆,物理类,2025,专科批,180,139478,
重庆电讯职业学院,重庆,物理类,2025,专科批,180,139478,
重庆能源职业学院,重庆,物理类,2025,专科批,180,139478,
重庆安防职业学院,重庆,物理类,2025,专科批,180,139478,
重庆艺术工程职业学院,重庆,物理类,2025,专科批,180,133607,
重庆轻工职业学院,重庆,物理类,2025,专科批,180,139478,
重庆经贸职业学院,重庆,物理类,2025,专科批,180,139478,
重庆科技职业学院,重庆,物理类,2025,专科批,180,139478,
重庆理工职业学院,重庆,物理类,2025,专科批,180,139478,
重庆健康职业学院,重庆,物理类,2025,专科批,180,139292,
重庆数字产业职业技术学院,重庆,物理类,2025,专科批,180,139440,
重庆护理职业学院,重庆,物理类,2025,专科批,180,139478,
重庆资源与环境保护职业学院,重庆,物理类,2025,专科批,180,139478,
成都外国语学院,重庆,物理类,2025,专科批,180,139478,
民办四川天一学院,重庆,物理类,2025,专科批,180,133351,
四川国际标榜职业学院,重庆,物理类,2025,专科批,180,139478,
自贡职业技术学院,重庆,物理类,2025,专科批,180,139308,
四川现代职业学院,重庆,物理类,2025,专科批,180,139478,
四川文化传媒职业学院,重庆,物理类,2025,专科批,180,134002,
四川华新现代职业学院,重庆,物理类,2025,专科批,180,136883,
四川长江职业学院,重庆,物理类,2025,专科批,180,139478,
四川城市职业学院,重庆,物理类,2025,专科批,180,139478,
贵州城市职业学院,重庆,物理类,2025,专科批,180,136574,
贵州工商职业学院,重庆,物理类,2025,专科批,180,139478,
贵州工贸职业学院,重庆,物理类,2025,专科批,180,139478,
贵州财经职业学院,重庆,物理类,2025,专科批,180,139478,
丽江文化旅游学院,重庆,物理类,2025,专科批,180,135632,
云南经济管理学院,重庆,物理类,2025,专科批,180,139478,
云南新兴职业学院,重庆,物理类,2025,专科批,180,139478,
云南工商学院,重庆,物理类,2025,专科批,180,139478,
云南经贸外事职业学院,重庆,物理类,2025,专科批,180,134002,
云南城市建设职业学院,重庆,物理类,2025,专科批,180,137873,
云南三鑫职业技术学院,重庆,物理类,2025,专科批,180,136649,
昆明卫生职业学院,重庆,物理类,2025,专科批,180,139478,
云南商务职业学院,重庆,物理类,2025,专科批,180,138022,
云南理工职业学院,重庆,物理类,2025,专科批,180,139478,
西藏职业技术学院,重庆,物理类,2025,专科批,180,139478,
西安思源学院,重庆,物理类,2025,专科批,180,139478,
西安城市建设职业学院,重庆,物理类,2025,专科批,180,139478,
西安信息职业大学,重庆,物理类,2025,专科批,180,139478,
汉中职业技术学院,重庆,物理类,2025,专科批,180,139478,
榆林能源科技职业学院,重庆,物理类,2025,专科批,180,139478,
兰州外语职业学院,重庆,物理类,2025,专科批,180,139478,
青海卫生职业技术学院,重庆,物理类,2025,专科批,180,139478,
新疆工程学院,重庆,物理类,2025,专科批,180,139478,
乌鲁木齐职业大学,重庆,物理类,2025,专科批,180,139478,
新疆农业职业技术大学,重庆,物理类,2025,专科批,180,139478,
新疆职业大学,重庆,物理类,2025,专科批,180,139478,
巴音郭楞职业技术学院,重庆,物理类,2025,专科批,180,139478,
吐鲁番职业技术学院,重庆,物理类,2025,专科批,180,139478,
博尔塔拉职业技术学院,重庆,物理类,2025,专科批,180,139478,
铁门关职业技术学院,重庆,物理类,2025,专科批,180,139478,
石河子工程职业技术学院,重庆,物理类,2025,专科批,180,139478,
喀什职业技术学院,重庆,物理类,2025,专科批,180,139478,
克孜勒苏职业技术学院,重庆,物理类,2025,专科批,180,137924,
塔城职业技术学院,重庆,物理类,2025,专科批,180,139478,
塔里木职业技术学院,重庆,物理类,2025,专科批,180,139478,
喀什理工职业技术学院,重庆,物理类,2025,专科批,180,139478,
可克达拉职业技术学院,重庆,物理类,2025,专科批,180,139478,
南充电影工业职业学院,重庆,物理类,2025,专科批,180,138881,
南充科技职业学院,重庆,物理类,2025,专科批,180,139478,
四川希望汽车职业学院,重庆,物理类,2025,专科批,180,139478,
四川应用技术职业学院,重庆,物理类,2025,专科批,180,139478,
四川文轩职业学院,重庆,物理类,2025,专科批,180,137403,
四川汽车职业技术学院,重庆,物理类,2025,专科批,180,136036,
四川电子机械职业技术学院,重庆,物理类,2025,专科批,180,139478,
四川西南航空职业学院,重庆,物理类,2025,专科批,180,139478,
天府新区信息职业学院,重庆,物理类,2025,专科批,180,138063,
天府新区通用航空职业学院,重庆,物理类,2025,专科批,180,134938,
宝鸡中北职业学院,重庆,物理类,2025,专科批,180,139478,
宿州航空职业学院,重庆,物理类,2025,专科批,180,132645,
山东圣翰财贸职业学院,重庆,物理类,2025,专科批,180,139478,
山东文化产业职业学院,重庆,物理类,2025,专科批,180,139478,
巴中职业技术学院,重庆,物理类,2025,专科批,180,139478,
德阳农业科技职业学院,重庆,物理类,2025,专科批,180,138122,
德阳科贸职业学院,重庆,物理类,2025,专科批,180,139478,
扬州中瑞酒店职业学院,重庆,物理类,2025,专科批,180,139478,
攀枝花攀西职业学院,重庆,物理类,2025,专科批,180,139478,
日照航海工程职业学院,重庆,物理类,2025,专科批,180,134123,
武昌职业学院,重庆,物理类,2025,专科批,180,139478,
武汉外语外事职业学院,重庆,物理类,2025,专科批,180,139478,
江阳城建职业学院,重庆,物理类,2025,专科批,180,137823,
泰山科技学院,重庆,物理类,2025,专科批,180,133487,
泸州医疗器械职业学院,重庆,物理类,2025,专科批,180,139478,
湖北孝感美珈职业学院,重庆,物理类,2025,专科批,180,139478,
湖南幼儿师范高等专科学校,重庆,物理类,2025,专科批,180,139478,
湖南高尔夫旅游职业学院,重庆,物理类,2025,专科批,180,139478,
湘中幼儿师范高等专科学校,重庆,物理类,2025,专科批,180,139478,
潍坊环境工程职业学院,重庆,物理类,2025,专科批,180,139478,
烟台黄金职业学院,重庆,物理类,2025,专科批,180,139478,
眉山药科职业学院,重庆,物理类,2025,专科批,180,133055,
绵阳飞行职业学院,重庆,物理类,2025,专科批,180,136322,
资阳环境科技职业学院,重庆,物理类,2025,专科批,180,139478,
遂宁职业学院,重庆,物理类,2025,专科批,180,139478,
郴州智能科技职业学院,重庆,物理类,2025,专科批,180,139478,
黄冈科技职业学院,重庆,物理类,2025,专科批,180,139478,
黄山健康职业学院,重庆,物理类,2025,专科批,180,132645,
