院校名称,省份,科类,年份,批次,最低分,最低位次,招生计划
清华大学,贵州,历史类,2025,本科批,674,,3
北京大学,贵州,历史类,2025,本科批,670,,23
清华大学,贵州,历史类,2025,本科提前批B段,668,33,2
上海交通大学,贵州,历史类,2025,本科批,664,46,2
北京大学,贵州,历史类,2025,本科提前批B段,664,48,4
复旦大学,贵州,历史类,2025,本科批,659,77,15
浙江大学,贵州,历史类,2025,本科批,654,132,11
南京大学,贵州,历史类,2025,本科提前批B段,650,184,2
浙江大学,贵州,历史类,2025,本科提前批B段,650,183,1
中国人民大学,贵州,历史类,2025,本科批,649,209,38
南京大学,贵州,历史类,2025,本科批,648,224,31
武汉大学,贵州,历史类,2025,本科批,647,242,24
北京师范大学,贵州,历史类,2025,本科批,641,346,13
北京电子科技学院,贵州,历史类,2025,本科提前批A段,639,391,3
中国政法大学,贵州,历史类,2025,本科提前批B段,639,374,1
中国人民大学,贵州,历史类,2025,本科提前批B段,636,476,2
华中科技大学,贵州,历史类,2025,本科批,635,510,5
北京航空航天大学,贵州,历史类,2025,本科批,634,527,9
香港中文大学(深圳),贵州,历史类,2025,本科提前批B段,634,527,6
武汉大学,贵州,历史类,2025,本科提前批B段,633,553,1
同济大学,贵州,历史类,2025,本科批,632,587,13
北京师范大学,贵州,历史类,2025,本科提前批B段,631,592,1
东南大学,贵州,历史类,2025,本科提前批B段,630,642,1
南开大学,贵州,历史类,2025,本科批,628,716,33
哈尔滨工业大学,贵州,历史类,2025,本科批,627,748,7
中山大学,贵州,历史类,2025,本科提前批B段,627,719,2
厦门大学,贵州,历史类,2025,本科批,625,829,32
陕西师范大学,贵州,历史类,2025,本科提前批B段,625,806,2
华东师范大学,贵州,历史类,2025,本科批,623,913,18
上海财经大学,贵州,历史类,2025,本科批,623,913,17
西安交通大学,贵州,历史类,2025,本科批,623,913,2
北京理工大学,贵州,历史类,2025,本科批,622,948,16
香港中文大学,贵州,历史类,2025,本科提前批B段,622,948,7
华东师范大学,贵州,历史类,2025,本科提前批C段,622,948,21
东北师范大学,贵州,历史类,2025,本科提前批C段,621,977,17
外交学院,贵州,历史类,2025,本科提前批B段,620,1019,7
西南政法大学,贵州,历史类,2025,本科提前批B段,619,1023,1
北京师范大学,贵州,历史类,2025,本科提前批C段,618,1107,9
电子科技大学,贵州,历史类,2025,本科批,615,1274,5
湖南大学,贵州,历史类,2025,本科批,614,1338,23
中国政法大学,贵州,历史类,2025,本科批,614,1338,47
东南大学,贵州,历史类,2025,本科批,614,1338,15
华中师范大学,贵州,历史类,2025,本科提前批C段,614,1338,
西北工业大学,贵州,历史类,2025,本科批,613,1399,7
山东大学,贵州,历史类,2025,本科批,612,1443,32
湖南大学,贵州,历史类,2025,本科提前批B段,612,1434,1
东北师范大学,贵州,历史类,2025,本科提前批B段,612,1443,1
天津大学,贵州,历史类,2025,本科批,611,1459,11
厦门大学,贵州,历史类,2025,本科提前批B段,611,1446,1
陕西师范大学,贵州,历史类,2025,本科提前批C段,611,1490,48
西南大学,贵州,历史类,2025,本科提前批C段,611,1490,91
贵州师范大学,贵州,历史类,2025,本科提前批C段,611,1471,6
中山大学,贵州,历史类,2025,本科批,610,1554,36
南开大学,贵州,历史类,2025,本科提前批B段,610,1502,5
四川大学,贵州,历史类,2025,本科提前批B段,610,1512,6
中南大学,贵州,历史类,2025,本科提前批B段,610,1546,1
吉林大学,贵州,历史类,2025,本科批,608,1689,17
华东师范大学,贵州,历史类,2025,本科提前批B段,607,1760,5
兰州大学,贵州,历史类,2025,本科提前批B段,607,1760,2
苏州大学,贵州,历史类,2025,本科提前批B段,607,1717,1
深圳大学,贵州,历史类,2025,本科批,606,1821,11
上海外国语大学,贵州,历史类,2025,本科提前批B段,606,1821,5
中国社会科学院大学,贵州,历史类,2025,本科批,605,1881,24
大连理工大学,贵州,历史类,2025,本科批,605,1881,26
华南理工大学,贵州,历史类,2025,本科批,604,1935,26
兰州大学,贵州,历史类,2025,本科批,604,1935,13
中国农业大学,贵州,历史类,2025,本科批,604,1935,13
中南大学,贵州,历史类,2025,本科批,604,1935,35
西北农林科技大学,贵州,历史类,2025,本科批,603,2019,9
西南政法大学,贵州,历史类,2025,本科批,603,2019,35
北京科技大学,贵州,历史类,2025,本科批,602,2091,8
中国传媒大学,贵州,历史类,2025,本科批,602,2091,22
中国海洋大学,贵州,历史类,2025,本科批,602,2091,27
东北大学秦皇岛分校,贵州,历史类,2025,本科批,602,2091,8
华中师范大学,贵州,历史类,2025,本科批,601,2160,3
中央财经大学,贵州,历史类,2025,本科批,600,2238,25
南京师范大学,贵州,历史类,2025,本科批,599,2313,39
中央民族大学,贵州,历史类,2025,本科批,599,2313,66
湖南师范大学,贵州,历史类,2025,本科批,598,2405,22
上海外国语大学,贵州,历史类,2025,本科批,598,2405,9
西南财经大学,贵州,历史类,2025,本科批,598,2405,51
中国药科大学,贵州,历史类,2025,本科批,598,2353,5
中国人民解放军国防科技大学,贵州,历史类,2025,本科提前批A段,598,2405,6
华中师范大学,贵州,历史类,2025,本科提前批B段,598,2405,
中国海洋大学,贵州,历史类,2025,本科提前批B段,598,2345,1
西北政法大学,贵州,历史类,2025,本科批,597,2481,23
东华大学,贵州,历史类,2025,本科批,597,2481,14
对外经济贸易大学,贵州,历史类,2025,本科批,597,2481,22
河海大学,贵州,历史类,2025,本科批,596,2556,13
北京化工大学,贵州,历史类,2025,本科批,595,2629,13
北京交通大学,贵州,历史类,2025,本科批,595,2629,7
陕西师范大学,贵州,历史类,2025,本科批,595,2629,9
中央财经大学,贵州,历史类,2025,本科提前批B段,595,2569,1
四川大学,贵州,历史类,2025,本科批,594,2701,56
西北大学,贵州,历史类,2025,本科批,594,2701,19
中国地质大学(武汉),贵州,历史类,2025,本科批,594,2701,13
苏州大学,贵州,历史类,2025,本科批,593,2779,46
中国石油大学(华东),贵州,历史类,2025,本科批,593,2779,5
西南大学,贵州,历史类,2025,本科提前批B段,593,2779,5
华东理工大学,贵州,历史类,2025,本科批,592,2878,
华南师范大学,贵州,历史类,2025,本科批,592,2878,25
武汉理工大学,贵州,历史类,2025,本科批,592,2878,38
郑州大学,贵州,历史类,2025,本科批,592,2789,19
河北工业大学,贵州,历史类,2025,本科批,592,2878,3
安徽大学,贵州,历史类,2025,本科批,591,2965,29
福州大学,贵州,历史类,2025,本科批,591,2965,16
南昌大学,贵州,历史类,2025,本科批,590,3064,22
南京医科大学,贵州,历史类,2025,本科批,590,3055,1
北京中医药大学,贵州,历史类,2025,本科批,590,3064,4
中国矿业大学,贵州,历史类,2025,本科批,590,3064,18
南京师范大学,贵州,历史类,2025,本科提前批B段,590,3020,1
中国传媒大学,贵州,历史类,2025,本科提前批B段,590,3035,2
华北电力大学,贵州,历史类,2025,本科批,589,3179,11
北京外国语大学,贵州,历史类,2025,本科提前批A段,589,3179,2
华东政法大学,贵州,历史类,2025,本科批,588,3260,81
云南大学,贵州,历史类,2025,本科批,588,3256,18
重庆大学,贵州,历史类,2025,本科批,588,3260,20
北京林业大学,贵州,历史类,2025,本科批,587,3361,16
长安大学,贵州,历史类,2025,本科批,587,3361,13
大连医科大学,贵州,历史类,2025,本科批,587,3331,1
华中农业大学,贵州,历史类,2025,本科批,586,3458,18
上海大学,贵州,历史类,2025,本科批,586,3458,14
西南大学,贵州,历史类,2025,本科批,586,3458,50
西南交通大学,贵州,历史类,2025,本科批,586,3458,21
中央戏剧学院,贵州,历史类,2025,本科批,586,3458,3
东北师范大学,贵州,历史类,2025,本科批,586,3458,15
河南财经政法大学,贵州,历史类,2025,本科批,586,3415,1
江南大学,贵州,历史类,2025,本科批,585,3563,15
中南财经政法大学,贵州,历史类,2025,本科批,585,3563,44
福建师范大学,贵州,历史类,2025,本科提前批B段,585,3525,3
暨南大学,贵州,历史类,2025,本科批,584,3679,29
大连海事大学,贵州,历史类,2025,本科批,584,3679,10
北京体育大学,贵州,历史类,2025,本科批,583,3784,13
山西大学,贵州,历史类,2025,本科批,583,3784,10
首都师范大学,贵州,历史类,2025,本科批,583,3784,12
湘潭大学,贵州,历史类,2025,本科批,583,3784,25
国际关系学院,贵州,历史类,2025,本科提前批A段,583,3784,6
中南财经政法大学,贵州,历史类,2025,本科提前批B段,583,3784,3
武警警官学院,贵州,历史类,2025,本科提前批A段,582,3886,
合肥工业大学,贵州,历史类,2025,本科批,581,4009,12
对外经济贸易大学,贵州,历史类,2025,本科提前批B段,581,4008,
广州大学,贵州,历史类,2025,本科批,580,4125,14
云南大学,贵州,历史类,2025,本科提前批B段,580,4119,1
海南大学,贵州,历史类,2025,国家专项计划批,579,4238,
西安邮电大学,贵州,历史类,2025,本科批,578,4328,2
中国戏曲学院,贵州,历史类,2025,本科批,578,4248,1
西北大学,贵州,历史类,2025,本科提前批B段,578,4285,1
贵州大学,贵州,历史类,2025,本科提前批B段,578,4365,5
吉林大学,贵州,历史类,2025,本科提前批B段,577,4486,1
北京语言大学,贵州,历史类,2025,本科提前批B段,577,4418,4
上海戏剧学院,贵州,历史类,2025,本科批,575,4703,5
浙江工业大学,贵州,历史类,2025,本科批,575,4703,21
汕头大学,贵州,历史类,2025,本科批,574,4786,2
中国石油大学(北京)克拉玛依校区,贵州,历史类,2025,本科批,574,4705,6
长沙理工大学,贵州,历史类,2025,本科批,573,4944,4
南京中医药大学,贵州,历史类,2025,本科批,572,4947,6
深圳技术大学,贵州,历史类,2025,本科批,571,5205,8
西南石油大学,贵州,历史类,2025,本科批,571,5205,6
上海海事大学,贵州,历史类,2025,本科批,570,5225,15
东北林业大学,贵州,历史类,2025,本科批,570,5348,14
上海海洋大学,贵州,历史类,2025,本科批,569,5492,
江西师范大学,贵州,历史类,2025,本科提前批B段,569,5408,1
西安建筑科技大学,贵州,历史类,2025,本科批,567,5796,4
南京邮电大学,贵州,历史类,2025,本科批,566,5962,44
五邑大学,贵州,历史类,2025,本科批,565,6018,1
江苏大学,贵州,历史类,2025,本科批,564,6229,22
重庆师范大学,贵州,历史类,2025,本科批,564,6229,34
广东外语外贸大学,贵州,历史类,2025,本科批,564,6229,20
中国民航大学,贵州,历史类,2025,本科批,563,6358,
中国消防救援学院,贵州,历史类,2025,本科提前批A段,563,6358,
西南财经大学,贵州,历史类,2025,本科提前批B段,563,6343,1
南京审计大学,贵州,历史类,2025,本科批,562,6507,62
中国美术学院,贵州,历史类,2025,本科批,562,6507,3
湖北大学,贵州,历史类,2025,本科批,561,6546,23
兰州理工大学,贵州,历史类,2025,本科批,561,6651,6
延边大学,贵州,历史类,2025,本科批,561,6651,23
安徽农业大学,贵州,历史类,2025,本科批,561,6651,2
东北农业大学,贵州,历史类,2025,本科批,561,6651,31
南京信息工程大学,贵州,历史类,2025,本科批,560,6823,36
上海体育大学,贵州,历史类,2025,本科批,560,6823,4
西藏大学,贵州,历史类,2025,本科批,560,6823,8
延安大学,贵州,历史类,2025,本科批,560,6823,4
广东警官学院,贵州,历史类,2025,本科批,560,6812,2
贵州师范大学,贵州,历史类,2025,本科提前批B段,560,6732,30
华北理工大学,贵州,历史类,2025,本科批,559,6867,3
北京第二外国语学院,贵州,历史类,2025,本科批,559,6968,21
南方医科大学,贵州,历史类,2025,本科批,559,6968,12
四川警察学院,贵州,历史类,2025,本科批,559,6912,1
安徽建筑大学,贵州,历史类,2025,本科批,559,6968,2
山东大学,贵州,历史类,2025,本科提前批B段,559,6908,1
北京物资学院,贵州,历史类,2025,本科批,558,7156,3
浙江理工大学,贵州,历史类,2025,本科批,558,7156,6
西南政法大学,贵州,历史类,2025,本科提前批A段,558,7143,2
四川师范大学,贵州,历史类,2025,本科提前批B段,558,7047,1
南京林业大学,贵州,历史类,2025,本科批,557,7325,14
武汉科技大学,贵州,历史类,2025,本科批,557,7325,29
西安石油大学,贵州,历史类,2025,本科批,557,7325,5
上海理工大学,贵州,历史类,2025,本科批,556,7485,55
广东工业大学,贵州,历史类,2025,本科批,556,7485,17
广东金融学院,贵州,历史类,2025,本科批,556,7485,7
河南师范大学,贵州,历史类,2025,本科批,556,7485,20
河南中医药大学,贵州,历史类,2025,本科批,556,7425,2
浙江师范大学,贵州,历史类,2025,本科批,555,7645,36
香港城市大学,贵州,历史类,2025,本科提前批B段,555,7645,2
武汉工程大学,贵州,历史类,2025,本科批,553,7951,12
西华师范大学,贵州,历史类,2025,本科批,553,7951,15
重庆医科大学,贵州,历史类,2025,本科批,553,7951,5
天津工业大学,贵州,历史类,2025,本科批,552,8116,19
昆明理工大学,贵州,历史类,2025,本科批,551,8302,
辽宁大学,贵州,历史类,2025,本科批,551,8302,51
上海政法学院,贵州,历史类,2025,本科批,551,8302,3
新疆大学,贵州,历史类,2025,本科批,551,8302,21
重庆交通大学,贵州,历史类,2025,本科批,551,8302,12
东华理工大学,贵州,历史类,2025,本科批,551,8302,12
河北师范大学,贵州,历史类,2025,本科批,551,8149,7
南京艺术学院,贵州,历史类,2025,本科批,550,8439,1
石家庄铁道大学,贵州,历史类,2025,本科批,550,8471,2
云南警官学院,贵州,历史类,2025,本科批,550,8335,4
甘肃政法大学,贵州,历史类,2025,本科批,550,8471,6
南京财经大学,贵州,历史类,2025,本科批,549,8699,70
温州大学,贵州,历史类,2025,本科批,549,8699,32
西南科技大学,贵州,历史类,2025,本科批,549,8699,16
安庆师范大学,贵州,历史类,2025,本科批,549,8407,10
广州中医药大学,贵州,历史类,2025,本科批,549,8699,7
杭州师范大学,贵州,历史类,2025,本科批,549,8612,4
贵州中医药大学,贵州,历史类,2025,本科提前批C段,549,8699,21
湖北警官学院,贵州,历史类,2025,本科批,548,8839,6
浙江农林大学,贵州,历史类,2025,本科批,548,8877,11
中南民族大学,贵州,历史类,2025,本科批,548,8877,88
杭州电子科技大学,贵州,历史类,2025,本科批,548,8877,24
内蒙古大学,贵州,历史类,2025,本科批,547,9052,17
北京印刷学院,贵州,历史类,2025,本科批,547,9052,6
长江大学,贵州,历史类,2025,本科批,547,9052,21
西华大学,贵州,历史类,2025,本科批,547,9052,16
浙江工商大学,贵州,历史类,2025,本科批,547,9052,21
成都师范学院,贵州,历史类,2025,本科批,547,9052,4
四川外国语大学,贵州,历史类,2025,本科提前批B段,547,9052,6
华东交通大学,贵州,历史类,2025,本科批,546,9238,11
江西财经大学,贵州,历史类,2025,本科批,546,9238,15
江西理工大学,贵州,历史类,2025,本科批,546,9095,2
江西师范大学,贵州,历史类,2025,本科批,546,9238,49
宁夏师范大学,贵州,历史类,2025,本科批,546,9238,4
南京工业大学,贵州,历史类,2025,本科批,545,9435,26
四川轻化工大学,贵州,历史类,2025,本科批,545,9435,11
浙江财经大学,贵州,历史类,2025,本科批,545,9435,28
浙江科技大学,贵州,历史类,2025,本科批,545,9435,4
成都大学,贵州,历史类,2025,本科批,544,9642,30
安徽财经大学,贵州,历史类,2025,本科批,544,9642,19
湖南工商大学,贵州,历史类,2025,本科批,543,9871,5
宁夏大学,贵州,历史类,2025,本科批,543,9871,17
青岛理工大学,贵州,历史类,2025,本科批,543,9871,11
扬州大学,贵州,历史类,2025,本科批,543,9871,41
广东财经大学,贵州,历史类,2025,本科批,543,9871,7
江苏科技大学,贵州,历史类,2025,本科批,542,10081,11
江西农业大学,贵州,历史类,2025,本科批,542,9593,4
武汉纺织大学,贵州,历史类,2025,本科批,542,10081,13
湖南科技大学,贵州,历史类,2025,本科批,541,10264,11
三峡大学,贵州,历史类,2025,本科批,541,10264,21
首都经济贸易大学,贵州,历史类,2025,本科批,541,10264,31
湖南财政经济学院,贵州,历史类,2025,本科批,540,10483,5
南通大学,贵州,历史类,2025,本科批,540,10483,40
新疆师范大学,贵州,历史类,2025,本科提前批B段,540,10387,2
山西大同大学,贵州,历史类,2025,本科批,539,10554,10
上海对外经贸大学,贵州,历史类,2025,本科批,539,10698,63
西安工业大学,贵州,历史类,2025,本科批,539,10698,8
西安外国语大学,贵州,历史类,2025,本科批,539,10579,14
西交利物浦大学,贵州,历史类,2025,本科批,539,10698,17
浙江中医药大学,贵州,历史类,2025,本科批,539,10698,6
成都中医药大学,贵州,历史类,2025,本科批,539,10698,10
成都信息工程大学,贵州,历史类,2025,本科批,538,10904,9
广东技术师范大学,贵州,历史类,2025,本科批,538,10428,5
淮北师范大学,贵州,历史类,2025,本科批,537,11111,10
曲靖师范学院,贵州,历史类,2025,本科批,537,11052,7
石河子大学,贵州,历史类,2025,本科批,537,11111,16
天津外国语大学,贵州,历史类,2025,本科批,537,11111,55
大连交通大学,贵州,历史类,2025,本科批,537,10998,2
东北电力大学,贵州,历史类,2025,本科批,537,10930,2
广西科技大学,贵州,历史类,2025,本科批,537,10983,2
北方工业大学,贵州,历史类,2025,本科批,536,11354,18
南昌航空大学,贵州,历史类,2025,本科批,536,11354,6
苏州科技大学,贵州,历史类,2025,本科批,536,11354,66
中北大学,贵州,历史类,2025,本科批,536,11354,6
福建师范大学,贵州,历史类,2025,本科批,536,11354,33
福建医科大学,贵州,历史类,2025,本科批,536,11354,8
贵州警察学院,贵州,历史类,2025,本科批,536,11354,105
贵州大学,贵州,历史类,2025,本科批,535,11559,826
湖北师范大学,贵州,历史类,2025,本科批,534,11799,31
湖南理工学院,贵州,历史类,2025,本科批,534,11799,14
嘉兴大学,贵州,历史类,2025,本科批,534,11799,17
青岛大学,贵州,历史类,2025,本科批,534,11799,26
青海师范大学,贵州,历史类,2025,本科批,534,11799,9
上海立信会计金融学院,贵州,历史类,2025,本科批,534,11799,59
常州大学,贵州,历史类,2025,本科批,534,11799,36
浙大城市学院,贵州,历史类,2025,本科批,534,11799,12
重庆理工大学,贵州,历史类,2025,本科批,534,11799,14
宁波诺丁汉大学,贵州,历史类,2025,本科批,533,12026,11
上海第二工业大学,贵州,历史类,2025,本科批,533,12026,
上海工程技术大学,贵州,历史类,2025,本科批,533,12026,7
四川师范大学,贵州,历史类,2025,本科批,533,12026,40
四川外国语大学,贵州,历史类,2025,本科批,533,12026,21
西北师范大学,贵州,历史类,2025,本科批,533,12026,22
海南大学,贵州,历史类,2025,本科批,533,12026,
河南科技大学,贵州,历史类,2025,本科批,533,12026,11
江汉大学,贵州,历史类,2025,本科批,532,12272,32
甘肃中医药大学,贵州,历史类,2025,本科批,532,12272,3
安徽中医药大学,贵州,历史类,2025,本科批,532,12272,2
广西中医药大学,贵州,历史类,2025,本科批,532,12272,2
河北经贸大学,贵州,历史类,2025,本科批,532,12272,14
集美大学,贵州,历史类,2025,本科批,531,12500,46
佛山大学,贵州,历史类,2025,本科批,531,12317,3
贵州警察学院,贵州,历史类,2025,本科提前批A段,531,12500,175
衡阳师范学院,贵州,历史类,2025,本科批,530,12768,3
湖南中医药大学,贵州,历史类,2025,本科批,530,12768,15
江苏师范大学,贵州,历史类,2025,本科批,530,12768,55
北京外国语大学,贵州,历史类,2025,本科批,530,12768,23
西南医科大学,贵州,历史类,2025,本科批,530,12768,12
重庆第二师范学院,贵州,历史类,2025,本科批,530,12768,8
河北地质大学,贵州,历史类,2025,本科批,530,12768,4
北部湾大学,贵州,历史类,2025,本科批,529,13017,12
北师香港浸会大学,贵州,历史类,2025,本科批,529,13017,9
山西中医药大学,贵州,历史类,2025,本科批,529,13017,9
太原科技大学,贵州,历史类,2025,本科批,529,12998,2
西安财经大学,贵州,历史类,2025,本科批,529,13017,14
浙江海洋大学,贵州,历史类,2025,本科批,529,13017,22
成都理工大学,贵州,历史类,2025,本科批,529,13017,8
福建农林大学,贵州,历史类,2025,本科批,529,13017,10
湖北工业大学,贵州,历史类,2025,本科批,528,13266,17
华侨大学,贵州,历史类,2025,本科批,528,13266,40
济南大学,贵州,历史类,2025,本科批,528,13266,21
山东师范大学,贵州,历史类,2025,本科批,528,13266,19
四川民族学院,贵州,历史类,2025,本科批,528,13266,9
长沙师范学院,贵州,历史类,2025,本科批,528,13173,2
赣南师范大学,贵州,历史类,2025,本科批,528,13266,33
河北大学,贵州,历史类,2025,本科批,528,13266,25
河南财政金融学院,贵州,历史类,2025,本科批,528,13266,10
河南农业大学,贵州,历史类,2025,本科批,528,13266,14
曲阜师范大学,贵州,历史类,2025,本科批,527,13532,30
山东农业大学,贵州,历史类,2025,本科批,527,13384,9
上海应用技术大学,贵州,历史类,2025,本科批,527,13532,25
天水师范大学,贵州,历史类,2025,本科批,527,13532,
中南林业科技大学,贵州,历史类,2025,本科批,527,13532,6
赣东学院,贵州,历史类,2025,本科批,527,13532,5
河池学院,贵州,历史类,2025,本科批,527,13532,4
兰州交通大学,贵州,历史类,2025,本科批,526,13793,7
南华大学,贵州,历史类,2025,本科批,526,13793,10
玉溪师范学院,贵州,历史类,2025,本科批,526,13678,4
重庆科技大学,贵州,历史类,2025,本科批,526,13793,4
河南大学,贵州,历史类,2025,本科批,526,13793,
天津中医药大学,贵州,历史类,2025,本科批,525,14044,17
重庆三峡学院,贵州,历史类,2025,本科批,525,14044,12
重庆邮电大学,贵州,历史类,2025,本科批,525,13843,6
河北医科大学,贵州,历史类,2025,本科批,525,14000,3
保定学院,贵州,历史类,2025,本科批,524,14117,4
北华大学,贵州,历史类,2025,本科批,524,14309,32
江西中医药大学,贵州,历史类,2025,本科批,524,14309,12
宁波大学,贵州,历史类,2025,本科批,524,14309,28
山东财经大学,贵州,历史类,2025,本科批,524,14309,36
山西财经大学,贵州,历史类,2025,本科批,524,14309,25
绍兴文理学院,贵州,历史类,2025,本科批,524,14309,15
西南林业大学,贵州,历史类,2025,本科批,524,14309,14
中国民用航空飞行学院,贵州,历史类,2025,本科批,524,14309,8
上海师范大学,贵州,历史类,2025,本科批,523,14577,5
天津科技大学,贵州,历史类,2025,本科批,523,14577,34
哈尔滨医科大学,贵州,历史类,2025,本科批,523,14577,9
阿坝师范学院,贵州,历史类,2025,本科批,522,14850,6
湖南工业大学,贵州,历史类,2025,本科批,522,14850,19
湖南农业大学,贵州,历史类,2025,本科批,522,14850,12
云南财经大学,贵州,历史类,2025,本科批,522,14850,21
成都工业学院,贵州,历史类,2025,本科批,522,14850,4
福建中医药大学,贵州,历史类,2025,本科批,522,14692,9
广西医科大学,贵州,历史类,2025,本科批,522,14755,7
无锡学院,贵州,历史类,2025,本科批,521,15116,15
重庆中医药学院,贵州,历史类,2025,本科批,521,15116,15
海南医科大学,贵州,历史类,2025,本科批,521,15116,6
河南工业大学,贵州,历史类,2025,本科批,521,15116,9
黄淮学院,贵州,历史类,2025,本科批,520,14632,10
山东石油化工学院,贵州,历史类,2025,本科批,520,15369,6
天津财经大学,贵州,历史类,2025,本科批,520,15392,64
广西警察学院,贵州,历史类,2025,本科批,520,15392,5
中央司法警官学院,贵州,历史类,2025,本科提前批A段,520,15392,34
南昌医学院,贵州,历史类,2025,本科批,519,15508,3
山东第一医科大学,贵州,历史类,2025,本科批,519,15586,4
咸阳师范学院,贵州,历史类,2025,本科批,519,15705,8
宜春学院,贵州,历史类,2025,本科批,519,15456,1
苏州工学院,贵州,历史类,2025,本科批,519,15705,15
云南中医药大学,贵州,历史类,2025,本科批,519,15705,2
肇庆学院,贵州,历史类,2025,本科批,519,15705,8
浙江传媒学院,贵州,历史类,2025,本科批,519,15705,37
大连工业大学,贵州,历史类,2025,本科批,519,15705,12
保山学院,贵州,历史类,2025,本科批,518,15965,8
湖北中医药大学,贵州,历史类,2025,本科批,518,15990,37
江苏海洋大学,贵州,历史类,2025,本科批,518,15990,44
青海民族大学,贵州,历史类,2025,本科批,518,15990,6
太原师范学院,贵州,历史类,2025,本科批,518,15990,
湘南学院,贵州,历史类,2025,本科批,518,15990,5
右江民族医学院,贵州,历史类,2025,本科批,518,15819,1
兰州文理学院,贵州,历史类,2025,本科批,517,15991,5
四川美术学院,贵州,历史类,2025,本科批,517,16289,9
苏州城市学院,贵州,历史类,2025,本科批,517,16289,30
中国劳动关系学院,贵州,历史类,2025,本科批,517,16289,28
重庆工商大学,贵州,历史类,2025,本科批,517,16289,66
海南师范大学,贵州,历史类,2025,本科批,517,16289,52
汉江师范学院,贵州,历史类,2025,本科批,517,16289,18
湖南人文科技学院,贵州,历史类,2025,本科批,516,16363,4
江西水利电力大学,贵州,历史类,2025,本科批,516,16562,4
山东航空学院,贵州,历史类,2025,本科批,516,16562,8
沈阳航空航天大学,贵州,历史类,2025,本科批,516,16417,2
榆林学院,贵州,历史类,2025,本科批,516,16562,5
江苏第二师范学院,贵州,历史类,2025,本科批,515,16885,27
山东理工大学,贵州,历史类,2025,本科批,515,16885,17
郑州轻工业大学,贵州,历史类,2025,本科批,515,16885,26
重庆财经学院,贵州,历史类,2025,本科批,515,16885,4
大连外国语大学,贵州,历史类,2025,本科批,515,16885,52
桂林理工大学,贵州,历史类,2025,本科批,515,16885,7
河南科技学院,贵州,历史类,2025,本科批,515,16885,6
中国人民公安大学,贵州,历史类,2025,本科提前批A段,515,16885,
嘉兴南湖学院,贵州,历史类,2025,本科批,514,17173,35
井冈山大学,贵州,历史类,2025,本科批,514,17173,19
内江师范学院,贵州,历史类,2025,本科批,514,17173,8
攀枝花学院,贵州,历史类,2025,本科批,514,17106,5
烟台大学,贵州,历史类,2025,本科批,514,17173,10
宜宾学院,贵州,历史类,2025,本科批,514,17173,8
福建理工大学,贵州,历史类,2025,本科批,514,17173,52
韩山师范学院,贵州,历史类,2025,本科批,514,16562,4
中国人民警察大学,贵州,历史类,2025,本科提前批A段,514,17173,9
临沂大学,贵州,历史类,2025,本科批,513,17475,23
洛阳师范学院,贵州,历史类,2025,本科批,513,17475,30
南昌师范学院,贵州,历史类,2025,本科批,513,17419,6
商洛学院,贵州,历史类,2025,本科批,513,17443,1
上海电机学院,贵州,历史类,2025,本科批,513,17357,2
沈阳医学院,贵州,历史类,2025,本科批,513,17269,2
渭南师范学院,贵州,历史类,2025,本科批,513,17475,13
甘肃民族师范学院,贵州,历史类,2025,本科批,513,17475,4
贵州医科大学,贵州,历史类,2025,本科批,513,17475,235
辽宁科技大学,贵州,历史类,2025,本科批,512,17764,7
辽宁师范大学,贵州,历史类,2025,本科批,512,17764,43
南京工程学院,贵州,历史类,2025,本科批,512,17764,20
文山学院,贵州,历史类,2025,本科批,512,17672,5
长治学院,贵州,历史类,2025,本科批,512,17764,7
云南民族大学,贵州,历史类,2025,本科批,512,17764,17
阜阳师范大学,贵州,历史类,2025,本科批,512,17764,14
河北科技工程职业技术大学,贵州,历史类,2025,本科批,512,17548,2
惠州学院,贵州,历史类,2025,本科批,511,17863,4
江西科技师范大学,贵州,历史类,2025,本科批,511,18102,11
景德镇陶瓷大学,贵州,历史类,2025,本科批,511,18102,11
岭南师范学院,贵州,历史类,2025,本科批,511,18102,22
泰州学院,贵州,历史类,2025,本科批,511,18102,25
温州理工学院,贵州,历史类,2025,本科批,511,18102,17
昭通学院,贵州,历史类,2025,本科批,511,18102,8
重庆文理学院,贵州,历史类,2025,本科批,511,18102,14
广西民族大学,贵州,历史类,2025,本科批,511,18102,15
邯郸学院,贵州,历史类,2025,本科批,511,18036,13
呼伦贝尔学院,贵州,历史类,2025,本科批,510,18161,8
湖南工程学院,贵州,历史类,2025,本科批,510,18231,2
北华航天工业学院,贵州,历史类,2025,本科批,510,18431,6
吉林农业大学,贵州,历史类,2025,本科批,510,18431,9
民政职业大学,贵州,历史类,2025,本科批,510,18431,14
南阳理工学院,贵州,历史类,2025,本科批,510,18431,5
山西农业大学,贵州,历史类,2025,本科批,510,18431,12
台州学院,贵州,历史类,2025,本科批,510,18431,16
长沙学院,贵州,历史类,2025,本科批,510,18115,2
湖南科技大学潇湘学院,贵州,历史类,2025,本科批,509,18755,2
江西工程学院,贵州,历史类,2025,本科批,509,18651,2
宁波工程学院,贵州,历史类,2025,本科批,509,18755,13
北京语言大学,贵州,历史类,2025,本科批,509,18755,21
长春理工大学,贵州,历史类,2025,本科批,509,18755,15
天津体育学院,贵州,历史类,2025,本科批,509,18755,7
新余学院,贵州,历史类,2025,本科批,509,18755,4
遵义医科大学,贵州,历史类,2025,本科批,509,18755,239
安康学院,贵州,历史类,2025,本科批,509,18745,3
湖南城市学院,贵州,历史类,2025,本科批,508,19090,8
兰州财经大学,贵州,历史类,2025,本科批,508,19090,18
辽宁中医药大学,贵州,历史类,2025,本科批,508,19090,13
陇东学院,贵州,历史类,2025,本科批,508,19090,4
内蒙古民族大学,贵州,历史类,2025,本科批,508,18872,2
山东中医药大学,贵州,历史类,2025,本科批,508,18855,1
沈阳理工大学,贵州,历史类,2025,本科批,508,19090,6
通化师范学院,贵州,历史类,2025,本科批,508,19090,22
成都体育学院,贵州,历史类,2025,本科批,508,19090,19
大连大学,贵州,历史类,2025,本科批,508,19090,28
大连海洋大学,贵州,历史类,2025,本科批,508,19090,20
大连民族大学,贵州,历史类,2025,本科批,508,19090,104
广东石油化工学院,贵州,历史类,2025,本科批,508,19090,10
黑龙江中医药大学,贵州,历史类,2025,本科批,507,19402,16
湖南文理学院,贵州,历史类,2025,本科批,507,19402,10
金陵科技学院,贵州,历史类,2025,本科批,507,19402,20
锦州医科大学,贵州,历史类,2025,本科批,507,18791,4
浙江外国语学院,贵州,历史类,2025,本科批,507,19402,63
滇西应用技术大学,贵州,历史类,2025,本科批,507,19291,4
东北石油大学,贵州,历史类,2025,本科批,507,19402,26
齐鲁工业大学,贵州,历史类,2025,本科批,506,19725,45
陕西学前师范学院,贵州,历史类,2025,本科批,506,19448,9
上海商学院,贵州,历史类,2025,本科批,506,19725,37
上饶师范学院,贵州,历史类,2025,本科批,506,19725,8
甘肃农业大学,贵州,历史类,2025,本科批,506,19630,6
贵州理工学院,贵州,历史类,2025,本科批,506,19725,37
桂林旅游学院,贵州,历史类,2025,本科批,506,19418,6
河西学院,贵州,历史类,2025,本科批,506,19725,4
南京警察学院,贵州,历史类,2025,本科提前批A段,506,19725,7
湖北民族大学,贵州,历史类,2025,本科批,505,19797,55
湖北医药学院,贵州,历史类,2025,本科批,505,20069,26
湖州师范学院,贵州,历史类,2025,本科批,505,20069,42
湖州学院,贵州,历史类,2025,本科批,505,20069,17
晋中学院,贵州,历史类,2025,本科批,505,20069,2
内蒙古科技大学,贵州,历史类,2025,本科批,505,20069,9
萍乡学院,贵州,历史类,2025,本科批,505,20069,4
亳州学院,贵州,历史类,2025,本科批,505,20069,3
周口师范学院,贵州,历史类,2025,本科批,505,20069,4
菏泽学院,贵州,历史类,2025,本科批,505,20069,10
黑龙江工程学院,贵州,历史类,2025,本科批,505,20069,7
济宁学院,贵州,历史类,2025,本科批,504,20413,15
嘉应学院,贵州,历史类,2025,本科批,504,20413,9
景德镇学院,贵州,历史类,2025,本科批,504,20131,4
辽宁工业大学,贵州,历史类,2025,本科批,504,20413,13
北京联合大学,贵州,历史类,2025,本科批,504,20413,49
南京特殊教育师范学院,贵州,历史类,2025,本科批,504,20413,16
山东第二医科大学,贵州,历史类,2025,本科批,504,20413,14
滨州医学院,贵州,历史类,2025,本科批,504,20413,10
渤海大学,贵州,历史类,2025,本科批,504,20413,16
四川文理学院,贵州,历史类,2025,本科批,504,20413,6
塔里木大学,贵州,历史类,2025,本科批,504,20413,10
邢台学院,贵州,历史类,2025,本科批,504,20413,10
玉林师范学院,贵州,历史类,2025,本科批,504,20413,6
常州工学院,贵州,历史类,2025,本科批,504,20413,25
郑州财经学院,贵州,历史类,2025,本科批,504,20413,4
黑龙江大学,贵州,历史类,2025,本科批,504,20413,62
湖北第二师范学院,贵州,历史类,2025,本科批,503,20764,38
聊城大学,贵州,历史类,2025,本科批,503,20764,43
北京石油化工学院,贵州,历史类,2025,本科批,503,20764,15
齐齐哈尔大学,贵州,历史类,2025,本科批,503,20764,44
山东建筑大学,贵州,历史类,2025,本科批,503,20764,19
山东青年政治学院,贵州,历史类,2025,本科批,503,20764,20
山东政法学院,贵州,历史类,2025,本科批,503,20764,26
沈阳大学,贵州,历史类,2025,本科批,503,20764,27
天津商业大学,贵州,历史类,2025,本科批,503,20764,135
信阳学院,贵州,历史类,2025,本科批,503,20730,3
郑州航空工业管理学院,贵州,历史类,2025,本科批,503,20764,16
河南工程学院,贵州,历史类,2025,本科批,503,20764,6
郑州警察学院,贵州,历史类,2025,本科提前批A段,503,20764,8
湖北理工学院,贵州,历史类,2025,本科批,502,21129,27
吉林医药学院,贵州,历史类,2025,本科批,502,21129,4
喀什大学,贵州,历史类,2025,本科批,502,21129,9
绵阳师范学院,贵州,历史类,2025,本科批,502,21129,10
南京晓庄学院,贵州,历史类,2025,本科批,502,21129,90
山东农业工程学院,贵州,历史类,2025,本科批,502,21129,14
韶关学院,贵州,历史类,2025,本科批,502,21129,10
天津城建大学,贵州,历史类,2025,本科批,502,21129,51
天津中德应用技术大学,贵州,历史类,2025,本科批,502,21129,8
西安文理学院,贵州,历史类,2025,本科批,502,21129,10
西昌学院,贵州,历史类,2025,本科批,502,21129,10
浙江药科职业大学,贵州,历史类,2025,本科批,502,21129,10
赤峰学院,贵州,历史类,2025,本科批,502,21129,5
防灾科技学院,贵州,历史类,2025,本科批,502,21129,13
福建江夏学院,贵州,历史类,2025,本科批,502,21129,67
浙江警官职业学院,贵州,历史类,2025,专科提前批,501,21524,
衡水学院,贵州,历史类,2025,本科批,501,21317,2
衡阳师范学院南岳学院,贵州,历史类,2025,本科批,501,21227,5
湖北工程学院,贵州,历史类,2025,本科批,501,21524,21
湖北经济学院,贵州,历史类,2025,本科批,501,21524,74
湖北文理学院,贵州,历史类,2025,本科批,501,21524,31
北方民族大学,贵州,历史类,2025,本科批,501,21524,69
华北科技学院,贵州,历史类,2025,本科批,501,21524,27
怀化学院,贵州,历史类,2025,本科批,501,21524,5
九江学院,贵州,历史类,2025,本科批,501,21524,22
龙岩学院,贵州,历史类,2025,本科批,501,21524,34
南京工业职业技术大学,贵州,历史类,2025,本科批,501,21524,22
内蒙古科技大学包头师范学院,贵州,历史类,2025,本科批,501,21524,7
山东交通学院,贵州,历史类,2025,本科批,501,21524,28
沈阳工业大学,贵州,历史类,2025,本科批,501,21524,14
西安美术学院,贵州,历史类,2025,本科批,501,21246,2
厦门理工学院,贵州,历史类,2025,本科批,501,21524,60
徐州工程学院,贵州,历史类,2025,本科批,501,21524,67
伊犁师范大学,贵州,历史类,2025,本科批,501,21524,20
云南农业大学,贵州,历史类,2025,本科批,501,21524,10
云南师范大学,贵州,历史类,2025,本科批,501,21524,22
福建商学院,贵州,历史类,2025,本科批,501,21524,28
桂林航天工业学院,贵州,历史类,2025,本科批,501,21524,10
贺州学院,贵州,历史类,2025,本科批,501,21524,6
湖南科技学院,贵州,历史类,2025,本科批,500,21892,6
湖南女子学院,贵州,历史类,2025,本科批,500,21892,7
佳木斯大学,贵州,历史类,2025,本科批,500,21892,20
洛阳理工学院,贵州,历史类,2025,本科批,500,21892,4
齐齐哈尔医学院,贵州,历史类,2025,本科批,500,21892,7
衢州学院,贵州,历史类,2025,本科批,500,21892,11
山西传媒学院,贵州,历史类,2025,本科批,500,21892,11
宿迁学院,贵州,历史类,2025,本科批,500,21892,16
天津师范大学,贵州,历史类,2025,本科批,500,21892,99
西安医学院,贵州,历史类,2025,本科批,500,21892,6
西北民族大学,贵州,历史类,2025,本科批,500,21892,109
郑州工程技术学院,贵州,历史类,2025,本科批,500,21616,5
大理大学,贵州,历史类,2025,本科批,500,21892,28
赣南科技学院,贵州,历史类,2025,本科批,500,21892,6
广西民族师范学院,贵州,历史类,2025,本科批,500,21892,30
贵阳学院,贵州,历史类,2025,本科批,500,21892,475
哈尔滨学院,贵州,历史类,2025,本科批,500,21892,42
黑龙江科技大学,贵州,历史类,2025,本科批,500,21892,31
昆明学院,贵州,历史类,2025,本科批,499,22281,6
丽水学院,贵州,历史类,2025,本科批,499,22281,18
北京农学院,贵州,历史类,2025,本科批,499,22281,4
闽江学院,贵州,历史类,2025,本科批,499,22281,60
泉州师范学院,贵州,历史类,2025,本科批,499,22281,57
石家庄铁道大学四方学院,贵州,历史类,2025,本科批,499,22258,2
太原学院,贵州,历史类,2025,本科批,499,22281,4
梧州学院,贵州,历史类,2025,本科批,499,22281,13
长江师范学院,贵州,历史类,2025,本科批,499,21986,4
武汉商学院,贵州,历史类,2025,本科批,499,22281,30
盐城工学院,贵州,历史类,2025,本科批,499,22281,12
德州学院,贵州,历史类,2025,本科批,499,22281,20
东北财经大学,贵州,历史类,2025,本科批,499,22281,29
广东轻工职业技术大学,贵州,历史类,2025,本科批,499,22056,1
广西科技师范学院,贵州,历史类,2025,本科批,499,22281,9
广西农业职业技术大学,贵州,历史类,2025,本科批,499,22092,5
广西师范大学,贵州,历史类,2025,本科批,499,22281,30
哈尔滨金融学院,贵州,历史类,2025,本科批,499,22281,50
哈尔滨商业大学,贵州,历史类,2025,本科批,499,22281,28
湖北科技学院,贵州,历史类,2025,本科批,498,22633,36
湖北汽车工业学院,贵州,历史类,2025,本科批,498,22633,19
湖南工程学院应用技术学院,贵州,历史类,2025,本科批,498,22510,3
乐山师范学院,贵州,历史类,2025,本科批,498,22313,6
宁德师范学院,贵州,历史类,2025,本科批,498,22633,21
平顶山学院,贵州,历史类,2025,本科批,498,22523,3
昌吉学院,贵州,历史类,2025,本科批,498,22633,10
四川音乐学院,贵州,历史类,2025,本科批,498,22633,
唐山师范学院,贵州,历史类,2025,本科批,498,22633,14
天津美术学院,贵州,历史类,2025,本科批,498,22633,2
武夷学院,贵州,历史类,2025,本科批,498,22633,28
黑龙江八一农垦大学,贵州,历史类,2025,本科批,498,22633,34
黄冈师范学院,贵州,历史类,2025,本科批,497,22989,54
吉林工程技术师范学院,贵州,历史类,2025,本科批,497,22989,20
连云港师范学院,贵州,历史类,2025,本科批,497,22989,10
吕梁学院,贵州,历史类,2025,本科批,497,22989,5
闽南师范大学,贵州,历史类,2025,本科批,497,22989,116
内蒙古财经大学,贵州,历史类,2025,本科批,497,22989,20
三明学院,贵州,历史类,2025,本科批,497,22989,23
山东工商学院,贵州,历史类,2025,本科批,497,22989,21
绍兴理工学院,贵州,历史类,2025,本科批,497,22989,31
沈阳师范大学,贵州,历史类,2025,本科批,497,22989,63
天津职业技术师范大学,贵州,历史类,2025,本科批,497,22989,25
潍坊学院,贵州,历史类,2025,本科批,497,22989,19
武汉体育学院,贵州,历史类,2025,本科批,497,22989,18
云南艺术学院,贵州,历史类,2025,本科批,497,22989,6
白城师范学院,贵州,历史类,2025,本科批,497,22989,49
百色学院,贵州,历史类,2025,本科批,497,22989,15
新疆和田学院,贵州,历史类,2025,本科批,497,22989,10
苏州卫生职业技术学院,贵州,历史类,2025,专科批,496,23039,1
淮阴师范学院,贵州,历史类,2025,本科批,496,23352,76
吉林财经大学,贵州,历史类,2025,本科批,496,23352,32
集宁师范学院,贵州,历史类,2025,本科批,496,23352,19
江苏理工学院,贵州,历史类,2025,本科批,496,23352,52
江西师范大学科学技术学院,贵州,历史类,2025,本科批,496,23352,14
金华职业技术大学,贵州,历史类,2025,本科批,496,23103,3
北京金融科技学院,贵州,历史类,2025,本科批,496,23327,2
牡丹江师范学院,贵州,历史类,2025,本科批,496,23352,46
南宁师范大学,贵州,历史类,2025,本科批,496,23352,23
青岛科技大学,贵州,历史类,2025,本科批,496,23352,26
山东女子学院,贵州,历史类,2025,本科批,496,23352,7
长春工业大学,贵州,历史类,2025,本科批,496,23352,16
绥化学院,贵州,历史类,2025,本科批,496,23352,35
泰山学院,贵州,历史类,2025,本科批,496,23352,15
西南交通大学希望学院,贵州,历史类,2025,本科批,496,23076,1
新疆财经大学,贵州,历史类,2025,本科批,496,23352,17
营口理工学院,贵州,历史类,2025,本科批,496,23352,4
鞍山师范学院,贵州,历史类,2025,本科批,496,23352,53
淮阴工学院,贵州,历史类,2025,本科批,495,23762,31
吉林农业科技学院,贵州,历史类,2025,本科批,495,23762,19
兰州石化职业技术大学,贵州,历史类,2025,本科批,495,23762,4
辽东学院,贵州,历史类,2025,本科批,495,23762,18
山东管理学院,贵州,历史类,2025,本科批,495,23762,35
山西师范大学,贵州,历史类,2025,本科批,495,23762,10
山西医科大学,贵州,历史类,2025,本科批,495,23762,9
新疆政法学院,贵州,历史类,2025,本科批,495,23762,18
盐城师范学院,贵州,历史类,2025,本科批,495,23762,51
大庆师范学院,贵州,历史类,2025,本科批,495,23762,51
福建技术师范学院,贵州,历史类,2025,本科批,495,23762,13
河南城建学院,贵州,历史类,2025,本科批,495,23551,5
河南牧业经济学院,贵州,历史类,2025,本科批,495,23123,10
四川铁道职业学院,贵州,历史类,2025,专科批,494,23909,3
红河学院,贵州,历史类,2025,本科批,494,24166,8
常德学院,贵州,历史类,2025,本科批,494,24166,6
吉林警察学院,贵州,历史类,2025,本科批,494,24166,41
荆楚理工学院,贵州,历史类,2025,本科批,494,24166,12
兰州资源环境职业技术大学,贵州,历史类,2025,本科批,494,24166,6
廊坊师范学院,贵州,历史类,2025,本科批,494,24166,15
辽宁科技学院,贵州,历史类,2025,本科批,494,24166,15
四川大学锦江学院,贵州,历史类,2025,本科批,494,24166,15
新疆科技学院,贵州,历史类,2025,本科批,494,23631,18
浙江机电职业技术大学,贵州,历史类,2025,本科批,494,24166,4
贵阳康养职业大学,贵州,历史类,2025,本科批,494,24166,321
河北石油职业技术大学,贵州,历史类,2025,本科批,494,23967,3
黑龙江工业学院,贵州,历史类,2025,本科批,494,24166,46
陇南师范学院,贵州,历史类,2025,本科批,493,24559,5
闽南理工学院,贵州,历史类,2025,本科批,493,24559,2
内蒙古师范大学,贵州,历史类,2025,本科批,493,24559,25
新疆第二医学院,贵州,历史类,2025,本科批,493,24200,1
中华女子学院,贵州,历史类,2025,本科批,493,24559,33
中原工学院,贵州,历史类,2025,本科批,493,24559,22
贵州交通职业大学,贵州,历史类,2025,本科批,493,24559,100
河南工学院,贵州,历史类,2025,本科批,493,24559,5
湖北恩施学院,贵州,历史类,2025,本科批,492,24987,8
湖北工程学院新技术学院,贵州,历史类,2025,本科批,492,24987,12
吉林工商学院,贵州,历史类,2025,本科批,492,24987,58
拉萨师范学院,贵州,历史类,2025,本科批,492,24910,10
新疆农业大学,贵州,历史类,2025,本科批,492,24987,12
浙江万里学院,贵州,历史类,2025,本科批,492,24987,29
广西职业师范学院,贵州,历史类,2025,本科批,492,24987,20
贵州轻工职业大学,贵州,历史类,2025,本科批,492,24666,50
贵州中医药大学,贵州,历史类,2025,本科批,492,24915,514
湖南农业大学东方科技学院,贵州,历史类,2025,本科批,491,25292,3
酒泉职业技术大学,贵州,历史类,2025,本科批,491,25379,2
南宁职业技术大学,贵州,历史类,2025,本科批,491,25049,5
天津农学院,贵州,历史类,2025,本科批,491,25379,34
潍坊科技学院,贵州,历史类,2025,本科批,491,25180,3
温州肯恩大学,贵州,历史类,2025,本科批,491,25232,2
河北工程大学科信学院,贵州,历史类,2025,本科批,491,25379,4
河北金融学院,贵州,历史类,2025,本科批,491,25379,23
茅台学院,贵州,历史类,2025,本科批,490,25773,97
普洱学院,贵州,历史类,2025,本科批,490,25603,5
新疆理工学院,贵州,历史类,2025,本科批,490,25773,25
黑河学院,贵州,历史类,2025,本科批,490,25773,21
重庆医药高等专科学校,贵州,历史类,2025,专科批,489,26151,4
晋中信息学院,贵州,历史类,2025,本科批,489,26151,3
四川工商学院,贵州,历史类,2025,本科批,489,26151,6
新疆师范大学,贵州,历史类,2025,本科批,489,26151,28
云南工商学院,贵州,历史类,2025,本科批,489,26011,6
哈尔滨师范大学,贵州,历史类,2025,本科批,489,26074,58
南京信息职业技术学院,贵州,历史类,2025,专科批,488,25368,4
广州铁路职业技术学院,贵州,历史类,2025,专科批,488,26471,2
三峡大学科技学院,贵州,历史类,2025,本科批,488,26535,8
武汉轻工大学,贵州,历史类,2025,本科批,488,26535,19
河南医药大学,贵州,历史类,2025,本科批,488,26535,6
重庆工程学院,贵州,历史类,2025,本科批,488,25914,6
武汉海事职业学院,贵州,历史类,2025,专科提前批,487,26548,2
铜仁职业技术大学,贵州,历史类,2025,本科批,487,26905,60
成都理工大学工程技术学院,贵州,历史类,2025,本科批,487,26905,13
遵义师范学院,贵州,历史类,2025,本科批,487,26905,445
贵州师范学院,贵州,历史类,2025,本科批,487,26905,768
中国刑事警察学院,贵州,历史类,2025,本科提前批A段,487,26905,15
南阳师范学院,贵州,历史类,2025,本科批,486,27290,21
陕西理工大学,贵州,历史类,2025,本科批,486,27290,4
西南民族大学,贵州,历史类,2025,本科批,486,27290,155
仰恩大学,贵州,历史类,2025,本科批,486,27057,5
枣庄学院,贵州,历史类,2025,本科批,486,27290,20
重庆城市科技学院,贵州,历史类,2025,本科批,486,27290,24
哈尔滨职业技术大学,贵州,历史类,2025,本科批,486,27023,10
河北工程大学,贵州,历史类,2025,本科批,486,27290,
中南财经政法大学,贵州,历史类,2025,本科提前批A段,486,27067,3
杭州职业技术大学,贵州,历史类,2025,专科批,485,27688,2
湖北文理学院理工学院,贵州,历史类,2025,本科批,485,27688,13
江西财经大学现代经济管理学院,贵州,历史类,2025,本科批,485,27688,18
绵阳城市学院,贵州,历史类,2025,本科批,485,27688,5
上海中医药大学,贵州,历史类,2025,本科批,485,27688,
重庆对外经贸学院,贵州,历史类,2025,本科批,485,27688,20
安顺学院,贵州,历史类,2025,本科批,485,27688,457
海南科技职业大学,贵州,历史类,2025,本科提前批B段,485,27688,5
鲁东大学,贵州,历史类,2025,本科批,484,28079,11
南昌工学院,贵州,历史类,2025,本科批,484,28038,2
南昌航空大学科技学院,贵州,历史类,2025,本科批,484,28079,14
厦门大学嘉庚学院,贵州,历史类,2025,本科批,484,28079,35
鄂尔多斯应用技术学院,贵州,历史类,2025,本科批,484,27691,2
石家庄邮电职业技术学院,贵州,历史类,2025,专科提前批,483,28474,27
吉林师范大学,贵州,历史类,2025,本科批,483,28474,36
莆田学院,贵州,历史类,2025,本科批,483,28474,33
四川工业科技学院,贵州,历史类,2025,本科批,483,28346,3
西安信息职业大学,贵州,历史类,2025,本科批,483,28474,2
成都锦城学院,贵州,历史类,2025,本科批,483,28474,22
江西应用技术职业学院,贵州,历史类,2025,专科批,482,28597,1
长春大学,贵州,历史类,2025,本科批,482,28879,41
长春师范大学,贵州,历史类,2025,本科批,482,28879,56
重庆机电职业技术大学,贵州,历史类,2025,本科批,482,28525,5
贵州民族大学,贵州,历史类,2025,本科批,482,28879,766
西华大学,贵州,历史类,2025,本科提前批B段,482,28731,2
保定理工学院,贵州,历史类,2025,本科批,481,29326,4
重庆人文科技学院,贵州,历史类,2025,本科批,481,29326,11
江苏航运职业技术学院,贵州,历史类,2025,专科提前批,480,29104,6
吉首大学,贵州,历史类,2025,本科批,480,29551,24
集美大学诚毅学院,贵州,历史类,2025,本科批,480,29735,15
中国矿业大学徐海学院,贵州,历史类,2025,本科批,480,29735,10
电子科技大学成都学院,贵州,历史类,2025,本科批,480,29735,11
长沙航空职业技术学院,贵州,历史类,2025,专科批,479,29223,6
聊城大学东昌学院,贵州,历史类,2025,本科批,479,28982,10
南京理工大学紫金学院,贵州,历史类,2025,本科批,479,30161,12
武昌理工学院,贵州,历史类,2025,本科批,479,30161,8
武汉文理学院,贵州,历史类,2025,本科批,479,30035,21
成都东软学院,贵州,历史类,2025,本科批,479,30161,4
重庆移通学院,贵州,历史类,2025,本科批,479,30161,16
汉口学院,贵州,历史类,2025,本科批,479,30161,22
南昌大学科学技术学院,贵州,历史类,2025,本科批,478,30562,16
南京审计大学金审学院,贵州,历史类,2025,本科批,478,30562,39
浙江警官职业学院,贵州,历史类,2025,专科批,477,30562,
江西农业大学南昌商学院,贵州,历史类,2025,本科批,477,31045,11
重庆工商大学派斯学院,贵州,历史类,2025,本科批,477,31045,20
兰州工商学院,贵州,历史类,2025,本科批,476,31212,6
内蒙古大学创业学院,贵州,历史类,2025,本科批,476,31499,8
烟台南山学院,贵州,历史类,2025,本科批,476,31499,5
重庆外语外事学院,贵州,历史类,2025,本科批,476,31499,41
福州大学至诚学院,贵州,历史类,2025,本科批,476,31499,4
贵州中医药大学时珍学院,贵州,历史类,2025,本科批,476,31499,340
河北外国语学院,贵州,历史类,2025,本科批,476,31499,3
南宁学院,贵州,历史类,2025,本科批,475,31904,4
天津医科大学,贵州,历史类,2025,本科批,475,31599,2
郑州商学院,贵州,历史类,2025,本科批,475,31904,10
汉江师范学院,贵州,历史类,2025,专科批,474,31944,3
齐鲁医药学院,贵州,历史类,2025,本科批,474,32336,9
黔南民族师范学院,贵州,历史类,2025,本科批,474,32336,600
四川传媒学院,贵州,历史类,2025,本科批,474,32336,11
天津理工大学中环信息学院,贵州,历史类,2025,本科批,474,32336,17
运城学院,贵州,历史类,2025,本科批,474,32336,12
广州大学,贵州,历史类,2025,本科提前批B段,474,32075,1
丽江师范学院,贵州,历史类,2025,专科批,473,32773,14
成都航空职业技术大学,贵州,历史类,2025,专科批,473,32480,2
南昌理工学院,贵州,历史类,2025,本科批,473,32773,10
天津财经大学珠江学院,贵州,历史类,2025,本科批,473,32773,106
长江大学文理学院,贵州,历史类,2025,本科批,473,32410,22
郑州工业应用技术学院,贵州,历史类,2025,本科批,473,32355,10
贵州师范大学,贵州,历史类,2025,本科批,473,32773,1124
武汉电力职业技术学院,贵州,历史类,2025,专科批,472,33209,4
江西科技学院,贵州,历史类,2025,本科批,472,31945,5
内蒙古鸿德文理学院,贵州,历史类,2025,本科批,472,33209,5
天津医科大学临床医学院,贵州,历史类,2025,本科批,472,33209,20
厦门工学院,贵州,历史类,2025,本科批,472,32644,4
成都外国语学院,贵州,历史类,2025,本科批,472,33209,34
广西财经学院,贵州,历史类,2025,本科批,472,33209,19
广州华立学院,贵州,历史类,2025,本科批,472,33115,1
北京城市学院,贵州,历史类,2025,本科批,471,33608,2
吉林动画学院,贵州,历史类,2025,本科批,471,33546,4
江苏大学京江学院,贵州,历史类,2025,本科批,471,33608,26
北京中医药大学东方学院,贵州,历史类,2025,本科批,471,33608,7
贵州商学院,贵州,历史类,2025,本科批,471,33608,979
湖北师范大学文理学院,贵州,历史类,2025,本科批,470,34039,19
武汉工商学院,贵州,历史类,2025,本科批,470,34039,12
成都银杏酒店管理学院,贵州,历史类,2025,本科批,470,34039,17
湖南交通工程学院,贵州,历史类,2025,本科批,469,34389,2
吉林外国语大学,贵州,历史类,2025,本科批,469,34503,16
景德镇艺术职业大学,贵州,历史类,2025,本科批,469,34503,4
六盘水师范学院,贵州,历史类,2025,本科批,469,34503,161
南京师范大学泰州学院,贵州,历史类,2025,本科批,469,34503,64
山西晋中理工学院,贵州,历史类,2025,本科批,469,34075,6
武汉体育学院体育科技学院,贵州,历史类,2025,本科批,469,34503,9
烟台科技学院,贵州,历史类,2025,本科批,469,34503,8
吉利学院,贵州,历史类,2025,本科批,468,34933,4
凯里学院,贵州,历史类,2025,本科批,468,34933,392
南京师范大学中北学院,贵州,历史类,2025,本科批,468,34933,28
云南经济管理学院,贵州,历史类,2025,本科批,468,34933,22
浙江财经大学东方学院,贵州,历史类,2025,本科批,468,34933,36
广东外语外贸大学南国商学院,贵州,历史类,2025,本科批,468,34933,4
河北东方学院,贵州,历史类,2025,本科批,468,34933,3
安徽第二医学院,贵州,历史类,2025,专科批,467,35380,6
广东轻工职业技术大学,贵州,历史类,2025,专科批,467,35194,2
湖北大学知行学院,贵州,历史类,2025,本科批,467,35380,25
湖北经济学院法商学院,贵州,历史类,2025,本科批,467,35380,22
江苏科技大学苏州理工学院,贵州,历史类,2025,本科批,467,35380,14
荆州学院,贵州,历史类,2025,本科批,467,35380,11
闽南科技学院,贵州,历史类,2025,本科批,467,35380,4
上海视觉艺术学院,贵州,历史类,2025,本科批,467,35218,1
武汉学院,贵州,历史类,2025,本科批,467,35380,27
中南林业科技大学涉外学院,贵州,历史类,2025,本科批,467,35380,11
福建农林大学金山学院,贵州,历史类,2025,本科批,467,35380,4
广西民族大学相思湖学院,贵州,历史类,2025,本科批,467,35380,15
贵阳人文科技学院,贵州,历史类,2025,本科批,467,35380,766
长沙电力职业技术学院,贵州,历史类,2025,专科批,466,35813,5
浙江机电职业技术大学,贵州,历史类,2025,专科批,466,35813,4
南京航空航天大学金城学院,贵州,历史类,2025,本科批,466,35813,25
铜仁学院,贵州,历史类,2025,本科批,466,35813,441
遵义医科大学医学与科技学院,贵州,历史类,2025,本科批,466,35775,315
浙江金融职业学院,贵州,历史类,2025,专科批,465,36286,10
广州华商职业学院,贵州,历史类,2025,专科批,465,35825,1
昆明城市学院,贵州,历史类,2025,本科批,465,36286,23
南通大学杏林学院,贵州,历史类,2025,本科批,465,36286,20
天津外国语大学滨海外事学院,贵州,历史类,2025,本科批,465,36286,21
武汉东湖学院,贵州,历史类,2025,本科批,465,36286,12
福建师范大学协和学院,贵州,历史类,2025,本科批,465,36286,8
湖南高速铁路职业技术学院,贵州,历史类,2025,专科批,464,36706,10
江苏护理职业学院,贵州,历史类,2025,专科批,464,36706,5
湖南应用技术学院,贵州,历史类,2025,本科批,464,36706,10
华北理工大学轻工学院,贵州,历史类,2025,本科批,464,36706,5
北京科技大学天津学院,贵州,历史类,2025,本科批,464,36706,34
南昌交通学院,贵州,历史类,2025,本科批,464,36706,18
武汉城市学院,贵州,历史类,2025,本科批,464,36706,19
新疆天山职业技术大学,贵州,历史类,2025,本科批,464,36706,24
兴义民族师范学院,贵州,历史类,2025,本科批,464,36706,404
浙江师范大学行知学院,贵州,历史类,2025,本科批,464,36706,19
广西城市职业大学,贵州,历史类,2025,本科批,464,36706,7
贵阳信息科技学院,贵州,历史类,2025,本科批,464,36706,369
贵州黔南经济学院,贵州,历史类,2025,本科批,464,36706,771
贵州黔南科技学院,贵州,历史类,2025,本科批,464,36706,833
河北地质大学华信学院,贵州,历史类,2025,本科批,464,36706,10
四川司法警官职业学院,贵州,历史类,2025,专科批,463,35454,7
天津师范大学,贵州,历史类,2025,专科批,463,36784,6
湖北工业大学工程技术学院,贵州,历史类,2025,本科批,463,37131,19
湖北商贸学院,贵州,历史类,2025,本科批,463,37131,18
江苏师范大学科文学院,贵州,历史类,2025,本科批,463,37131,56
江西应用科技学院,贵州,历史类,2025,本科批,463,36254,5
南京财经大学红山学院,贵州,历史类,2025,本科批,463,37131,31
南京理工大学泰州科技学院,贵州,历史类,2025,本科批,463,35326,44
宁夏理工学院,贵州,历史类,2025,本科批,463,37131,6
青岛工学院,贵州,历史类,2025,本科批,463,37131,16
上海财经大学浙江学院,贵州,历史类,2025,本科批,463,37131,32
苏州科技大学天平学院,贵州,历史类,2025,本科批,463,37131,31
天津商业大学宝德学院,贵州,历史类,2025,本科批,463,37131,25
武昌工学院,贵州,历史类,2025,本科批,463,37131,27
西安明德理工学院,贵州,历史类,2025,本科批,463,37131,4
西安培华学院,贵州,历史类,2025,本科批,463,37131,
扬州大学广陵学院,贵州,历史类,2025,本科批,463,37131,50
银川科技学院,贵州,历史类,2025,本科批,463,37131,6
常州大学怀德学院,贵州,历史类,2025,本科批,463,37131,48
郑州升达经贸管理学院,贵州,历史类,2025,本科批,463,37129,2
贵州工程应用技术学院,贵州,历史类,2025,本科批,463,37131,233
杭州电子科技大学信息工程学院,贵州,历史类,2025,本科批,463,37131,25
湖南涉外经济学院,贵州,历史类,2025,本科批,462,37600,6
南京工业大学浦江学院,贵州,历史类,2025,本科批,462,37600,34
南京医科大学康达学院,贵州,历史类,2025,本科批,462,37198,31
苏州大学应用技术学院,贵州,历史类,2025,本科批,462,37600,66
武昌首义学院,贵州,历史类,2025,本科批,462,37600,20
武汉工程大学邮电与信息工程学院,贵州,历史类,2025,本科批,462,37600,24
武汉华夏理工学院,贵州,历史类,2025,本科批,462,37600,18
武汉晴川学院,贵州,历史类,2025,本科批,462,37600,16
武汉生物工程学院,贵州,历史类,2025,本科批,462,37600,8
西安财经大学行知学院,贵州,历史类,2025,本科批,462,37600,5
西安交通工程学院,贵州,历史类,2025,本科批,462,37600,4
浙江工商大学杭州商学院,贵州,历史类,2025,本科批,462,37600,32
珠海科技学院,贵州,历史类,2025,本科批,462,37600,25
滇池学院,贵州,历史类,2025,本科批,462,37600,23
贵州财经大学,贵州,历史类,2025,本科批,462,37600,1063
哈尔滨广厦学院,贵州,历史类,2025,本科批,462,35740,17
青岛港湾职业技术学院,贵州,历史类,2025,专科提前批,461,37840,4
湖南信息学院,贵州,历史类,2025,本科批,461,38057,3
宁波大学科学技术学院,贵州,历史类,2025,本科批,461,38057,13
琼台师范学院,贵州,历史类,2025,本科批,461,38057,
长春光华学院,贵州,历史类,2025,本科批,461,38057,10
长春科技学院,贵州,历史类,2025,本科批,461,38057,6
长春人文学院,贵州,历史类,2025,本科批,461,38057,21
温州医科大学仁济学院,贵州,历史类,2025,本科批,461,38057,32
烟台理工学院,贵州,历史类,2025,本科批,461,38057,10
浙江工业大学之江学院,贵州,历史类,2025,本科批,461,38057,50
浙江农林大学暨阳学院,贵州,历史类,2025,本科批,461,38057,14
大连财经学院,贵州,历史类,2025,本科批,461,38057,18
福州工商学院,贵州,历史类,2025,本科批,461,37959,3
贵州医科大学神奇民族医药学院,贵州,历史类,2025,本科批,461,38033,624
海南热带海洋学院,贵州,历史类,2025,本科批,461,38057,
柳州铁道职业技术学院,贵州,历史类,2025,专科批,460,38473,5
南京城市职业学院,贵州,历史类,2025,专科批,460,38473,4
四川护理职业学院,贵州,历史类,2025,专科批,460,38473,10
昆明理工大学津桥学院,贵州,历史类,2025,本科批,460,38473,9
南京传媒学院,贵州,历史类,2025,本科批,460,38473,30
青岛恒星科技学院,贵州,历史类,2025,本科批,460,38202,2
山东工程职业技术大学,贵州,历史类,2025,本科批,460,38286,3
长春财经学院,贵州,历史类,2025,本科批,460,38473,15
文华学院,贵州,历史类,2025,本科批,460,38473,21
武汉设计工程学院,贵州,历史类,2025,本科批,460,38473,9
大连理工大学城市学院,贵州,历史类,2025,本科批,460,38356,2
东南大学成贤学院,贵州,历史类,2025,本科批,460,38473,17
广州工商学院,贵州,历史类,2025,本科批,460,38079,2
广州商学院,贵州,历史类,2025,本科批,460,38473,12
桂林信息科技学院,贵州,历史类,2025,本科批,460,38473,10
桂林学院,贵州,历史类,2025,本科批,460,38473,15
哈尔滨远东理工学院,贵州,历史类,2025,本科批,460,36581,11
海口经济学院,贵州,历史类,2025,本科批,460,38388,3
民政职业大学,贵州,历史类,2025,专科批,459,38918,6
北京中医药大学东方学院,贵州,历史类,2025,专科批,459,38832,1
天津市职业大学,贵州,历史类,2025,专科批,459,38918,4
邢台医学院,贵州,历史类,2025,专科批,459,38239,8
成都农业科技职业学院,贵州,历史类,2025,专科批,459,38918,6
重庆工商职业学院,贵州,历史类,2025,专科批,459,38918,7
吉林师范大学博达学院,贵州,历史类,2025,本科批,459,38918,23
辽宁理工学院,贵州,历史类,2025,本科批,459,38918,10
辽宁师范大学海华学院,贵州,历史类,2025,本科批,459,38918,26
宁波财经学院,贵州,历史类,2025,本科批,459,38918,16
齐鲁理工学院,贵州,历史类,2025,本科批,459,38830,4
齐齐哈尔工程学院,贵州,历史类,2025,本科批,459,37649,5
青岛滨海学院,贵州,历史类,2025,本科批,459,38918,25
三江学院,贵州,历史类,2025,本科批,459,38918,22
山东协和学院,贵州,历史类,2025,本科批,459,38502,15
山东英才学院,贵州,历史类,2025,本科批,459,38572,5
上海建桥学院,贵州,历史类,2025,本科批,459,38918,10
沈阳城市学院,贵州,历史类,2025,本科批,459,38918,7
温州商学院,贵州,历史类,2025,本科批,459,38194,4
武汉传媒学院,贵州,历史类,2025,本科批,459,38918,11
武汉工程科技学院,贵州,历史类,2025,本科批,459,38918,13
西安科技大学高新学院,贵州,历史类,2025,本科批,459,37301,5
西安汽车职业大学,贵州,历史类,2025,本科批,459,38918,8
西京学院,贵州,历史类,2025,本科批,459,38918,22
张家界学院,贵州,历史类,2025,本科批,459,38918,10
中国计量大学现代科技学院,贵州,历史类,2025,本科批,459,38918,39
大连东软信息学院,贵州,历史类,2025,本科批,459,38586,2
大连工业大学艺术与信息工程学院,贵州,历史类,2025,本科批,459,37705,8
广东科技学院,贵州,历史类,2025,本科批,459,38918,3
广东理工学院,贵州,历史类,2025,本科批,459,37216,3
哈尔滨华德学院,贵州,历史类,2025,本科批,459,38918,7
哈尔滨剑桥学院,贵州,历史类,2025,本科批,459,38846,10
黑龙江财经学院,贵州,历史类,2025,本科批,459,38918,15
苏州职业技术大学,贵州,历史类,2025,专科批,458,39331,5
浙江艺术职业学院,贵州,历史类,2025,专科批,458,39331,5
黑龙江外国语学院,贵州,历史类,2025,本科批,458,38263,15
岳阳学院,贵州,历史类,2025,本科批,458,39331,16
江西服装学院,贵州,历史类,2025,本科批,458,39034,1
昆明文理学院,贵州,历史类,2025,本科批,458,39331,23
丽江文化旅游学院,贵州,历史类,2025,本科批,458,39331,74
辽宁传媒学院,贵州,历史类,2025,本科批,458,39331,14
辽宁对外经贸学院,贵州,历史类,2025,本科批,458,39331,5
柳州工学院,贵州,历史类,2025,本科批,458,39331,19
南通理工学院,贵州,历史类,2025,本科批,458,39331,22
青岛城市学院,贵州,历史类,2025,本科批,458,39331,10
三亚学院,贵州,历史类,2025,本科批,458,39331,28
陕西国际商贸学院,贵州,历史类,2025,本科批,458,39331,9
上海杉达学院,贵州,历史类,2025,本科批,458,39331,17
上海师范大学天华学院,贵州,历史类,2025,本科批,458,39331,21
上海外国语大学贤达经济人文学院,贵州,历史类,2025,本科批,458,39331,11
上海中侨职业技术大学,贵州,历史类,2025,本科批,458,39331,4
沈阳城市建设学院,贵州,历史类,2025,本科批,458,39331,3
沈阳工学院,贵州,历史类,2025,本科批,458,39258,2
沈阳科技学院,贵州,历史类,2025,本科批,458,38923,4
长春大学旅游学院,贵州,历史类,2025,本科批,458,39331,8
长春电子科技学院,贵州,历史类,2025,本科批,458,39331,10
天津传媒学院,贵州,历史类,2025,本科批,458,38357,2
天津仁爱学院,贵州,历史类,2025,本科批,458,38627,13
天津天狮学院,贵州,历史类,2025,本科批,458,39331,17
无锡太湖学院,贵州,历史类,2025,本科批,458,39331,85
武汉纺织大学外经贸学院,贵州,历史类,2025,本科批,458,39331,10
西安翻译学院,贵州,历史类,2025,本科批,458,39331,26
西安欧亚学院,贵州,历史类,2025,本科批,458,39331,25
西安思源学院,贵州,历史类,2025,本科批,458,39331,22
西安外事学院,贵州,历史类,2025,本科批,458,39331,20
西南财经大学天府学院,贵州,历史类,2025,本科批,458,38956,18
湛江科技学院,贵州,历史类,2025,本科批,458,39001,2
浙江树人学院,贵州,历史类,2025,本科批,458,39331,17
浙江越秀外国语学院,贵州,历史类,2025,本科批,458,39331,11
福州外语外贸学院,贵州,历史类,2025,本科批,458,39331,6
广东白云学院,贵州,历史类,2025,本科批,458,39331,15
广西外国语学院,贵州,历史类,2025,本科批,458,39331,30
广州城市理工学院,贵州,历史类,2025,本科批,458,39331,23
广州南方学院,贵州,历史类,2025,本科批,458,39331,13
广州新华学院,贵州,历史类,2025,本科批,458,39331,18
哈尔滨石油学院,贵州,历史类,2025,本科批,458,38403,7
哈尔滨信息工程学院,贵州,历史类,2025,本科批,458,37772,7
海南科技职业大学,贵州,历史类,2025,本科批,458,39331,19
黑龙江东方学院,贵州,历史类,2025,本科批,458,39331,17
黑龙江工程学院昆仑旅游学院,贵州,历史类,2025,本科批,458,38637,23
江苏海事职业技术学院,贵州,历史类,2025,专科批,457,39480,1
江西师范高等专科学校,贵州,历史类,2025,专科批,457,39746,14
厦门海洋职业技术学院,贵州,历史类,2025,专科批,457,39746,1
杭州科技职业技术学院,贵州,历史类,2025,专科批,457,39746,5
云南司法警官职业学院,贵州,历史类,2025,专科批,456,40158,12
成都纺织高等专科学校,贵州,历史类,2025,专科批,456,40158,8
成都职业技术学院,贵州,历史类,2025,专科批,456,39989,5
重庆电子科技职业大学,贵州,历史类,2025,专科批,456,40158,20
重庆工业职业技术大学,贵州,历史类,2025,专科批,456,40158,15
广州民航职业技术学院,贵州,历史类,2025,专科批,456,40158,12
广州卫生职业技术学院,贵州,历史类,2025,专科批,456,40158,7
焦作师范高等专科学校,贵州,历史类,2025,专科批,455,40244,5
长沙民政职业技术学院,贵州,历史类,2025,专科批,455,40583,12
贵阳康养职业大学,贵州,历史类,2025,专科批,455,40583,87
湖南大众传媒职业技术学院,贵州,历史类,2025,专科批,454,41021,15
湖南铁道职业技术学院,贵州,历史类,2025,专科批,454,41021,23
江苏航空职业技术学院,贵州,历史类,2025,专科批,454,41021,5
沧州医学高等专科学校,贵州,历史类,2025,专科批,454,41021,20
扬州职业技术大学,贵州,历史类,2025,专科批,454,40716,4
浙江特殊教育职业学院,贵州,历史类,2025,专科批,454,41021,5
成都工业职业技术学院,贵州,历史类,2025,专科批,454,41021,22
安徽中医药高等专科学校,贵州,历史类,2025,专科批,454,41021,14
贵州交通职业大学,贵州,历史类,2025,专科批,454,41021,269
桂林理工大学,贵州,历史类,2025,专科批,454,41021,12
长沙航空职业技术学院,贵州,历史类,2025,专科提前批,454,41021,8
陕西铁路工程职业技术学院,贵州,历史类,2025,专科批,453,41474,7
上海民航职业技术学院,贵州,历史类,2025,专科批,453,40775,16
遵义医药高等专科学校,贵州,历史类,2025,专科批,453,41474,790
安徽城市管理职业学院,贵州,历史类,2025,专科批,453,41344,6
南京机电职业技术学院,贵州,历史类,2025,专科批,452,41898,3
浙江工贸职业技术学院,贵州,历史类,2025,专科批,452,41898,3
武汉软件工程职业学院,贵州,历史类,2025,专科批,451,42331,6
西安铁路职业技术学院,贵州,历史类,2025,专科批,451,42180,5
菏泽医学专科学校,贵州,历史类,2025,专科批,451,40364,3
重庆医药高等专科学校,贵州,历史类,2025,专科提前批,451,42331,6
嘉兴职业技术学院,贵州,历史类,2025,专科批,450,42489,10
江苏城市职业学院,贵州,历史类,2025,专科批,450,42769,2
开封大学,贵州,历史类,2025,专科批,450,42769,9
北京信息职业技术学院,贵州,历史类,2025,专科批,450,42769,12
山东司法警官职业学院,贵州,历史类,2025,专科批,450,42483,5
四川交通职业技术学院,贵州,历史类,2025,专科批,450,42769,11
重庆城市管理职业学院,贵州,历史类,2025,专科批,450,42769,14
重庆工程职业技术学院,贵州,历史类,2025,专科批,450,42769,6
楚雄医药高等专科学校,贵州,历史类,2025,专科批,450,42652,4
安徽卫生健康职业学院,贵州,历史类,2025,专科批,450,42171,8
江苏财经职业技术学院,贵州,历史类,2025,专科批,449,43215,4
江苏食品药品职业技术学院,贵州,历史类,2025,专科批,449,43197,5
辽宁医药职业学院,贵州,历史类,2025,专科批,449,43083,2
阿坝职业学院,贵州,历史类,2025,专科批,449,43215,8
武汉职业技术大学,贵州,历史类,2025,专科批,449,43215,22
新疆司法警官职业学院,贵州,历史类,2025,专科批,449,43068,1
镇江市高等专科学校,贵州,历史类,2025,专科批,449,43215,5
江苏工程职业技术学院,贵州,历史类,2025,专科批,448,43500,2
安徽国防科技职业学院,贵州,历史类,2025,专科批,448,43634,8
四川卫生康复职业学院,贵州,历史类,2025,专科批,448,43588,10
四川文化产业职业学院,贵州,历史类,2025,专科批,448,42565,10
长沙卫生职业学院,贵州,历史类,2025,专科批,448,43634,31
益阳医学高等专科学校,贵州,历史类,2025,专科批,448,43634,26
阿克苏工业职业技术学院,贵州,历史类,2025,专科批,448,43225,3
湖北职业技术学院,贵州,历史类,2025,专科批,447,44086,20
吉林铁道职业技术大学,贵州,历史类,2025,专科批,447,44086,5
丽水职业技术学院,贵州,历史类,2025,专科批,447,44086,2
连云港职业技术学院,贵州,历史类,2025,专科批,447,44024,2
长春健康职业学院,贵州,历史类,2025,专科批,447,43770,1
广东科学技术职业学院,贵州,历史类,2025,专科批,447,44086,10
海南科技职业大学,贵州,历史类,2025,专科提前批,447,43697,3
山东中医药高等专科学校,贵州,历史类,2025,专科批,446,44526,10
上海科学技术职业学院,贵州,历史类,2025,专科批,446,44526,4
常州机电职业技术学院,贵州,历史类,2025,专科批,446,44526,5
大理护理职业学院,贵州,历史类,2025,专科批,446,44444,5
德宏师范学院,贵州,历史类,2025,专科批,446,44526,8
汉口学院,贵州,历史类,2025,专科批,446,44526,4
河南医学高等专科学校,贵州,历史类,2025,专科批,446,44526,10
抚州医药学院,贵州,历史类,2025,专科批,445,44980,23
顺德职业技术大学,贵州,历史类,2025,专科批,445,44980,15
达州职业技术学院,贵州,历史类,2025,专科批,445,44728,5
广东工贸职业技术学院,贵州,历史类,2025,专科批,445,44980,10
广州城市职业学院,贵州,历史类,2025,专科批,445,44980,12
浙江商业职业技术学院,贵州,历史类,2025,专科批,444,45401,8
浙江树人学院,贵州,历史类,2025,专科批,444,45401,2
广东理工职业学院,贵州,历史类,2025,专科批,444,45383,2
河北司法警官职业学院,贵州,历史类,2025,专科批,444,45401,20
上海城建职业学院,贵州,历史类,2025,专科批,443,45829,18
福建电力职业技术学院,贵州,历史类,2025,专科批,443,45161,3
广州职业技术大学,贵州,历史类,2025,专科批,443,45681,10
山东畜牧兽医职业学院,贵州,历史类,2025,专科批,442,46295,15
浙江工商职业技术学院,贵州,历史类,2025,专科批,442,46295,10
湖南国防工业职业技术学院,贵州,历史类,2025,专科提前批,442,46295,6
淮南联合大学,贵州,历史类,2025,专科批,441,46695,8
江西司法警官职业学院,贵州,历史类,2025,专科批,441,46695,7
辽阳职业技术学院,贵州,历史类,2025,专科批,441,46296,2
宁波卫生职业技术学院,贵州,历史类,2025,专科批,441,46695,6
陕西交通职业技术学院,贵州,历史类,2025,专科批,441,46695,6
重庆三峡职业学院,贵州,历史类,2025,专科批,441,46695,16
南京科技职业学院,贵州,历史类,2025,专科批,440,47120,5
山西铁道职业技术学院,贵州,历史类,2025,专科批,440,47120,5
漳州职业技术学院,贵州,历史类,2025,专科批,440,47120,8
广东茂名健康职业学院,贵州,历史类,2025,专科批,440,47037,4
上海工商职业技术学院,贵州,历史类,2025,专科批,439,47529,
新疆警察学院,贵州,历史类,2025,专科批,439,45649,5
湖南司法警官职业学院,贵州,历史类,2025,专科批,438,47987,18
洛阳职业技术学院,贵州,历史类,2025,专科批,438,47987,25
宁波城市职业技术学院,贵州,历史类,2025,专科批,438,47987,13
山东职业学院,贵州,历史类,2025,专科批,438,47987,3
四川工程职业技术大学,贵州,历史类,2025,专科批,438,47987,22
厦门城市职业学院,贵州,历史类,2025,专科批,438,47987,8
川北幼儿师范高等专科学校,贵州,历史类,2025,专科批,438,47678,4
大理农林职业技术学院,贵州,历史类,2025,专科批,438,47904,5
广州科技职业技术大学,贵州,历史类,2025,专科批,438,47987,3
桂林师范学院,贵州,历史类,2025,专科批,438,47987,10
河北轨道运输职业技术学院,贵州,历史类,2025,专科批,438,47987,10
北京艺术传媒职业学院,贵州,历史类,2025,专科批,437,48173,2
上海旅游高等专科学校,贵州,历史类,2025,专科批,437,48428,6
广东交通职业技术学院,贵州,历史类,2025,专科批,437,48428,14
山东信息职业技术学院,贵州,历史类,2025,专科提前批,437,48428,8
天津海运职业学院,贵州,历史类,2025,专科提前批,437,48428,46
湖北中医药高等专科学校,贵州,历史类,2025,专科批,436,48861,15
齐鲁理工学院,贵州,历史类,2025,专科批,436,48751,1
长春医学高等专科学校,贵州,历史类,2025,专科批,436,48861,7
东莞职业技术学院,贵州,历史类,2025,专科批,436,47730,5
长江职业学院,贵州,历史类,2025,专科批,435,49297,9
长沙职业技术学院,贵州,历史类,2025,专科批,435,49297,4
常州工业职业技术学院,贵州,历史类,2025,专科批,435,49124,2
兰州石化职业技术大学,贵州,历史类,2025,专科批,434,49527,2
濮阳医学高等专科学校,贵州,历史类,2025,专科批,434,49759,4
四川财经职业学院,贵州,历史类,2025,专科批,434,47303,13
武汉城市职业学院,贵州,历史类,2025,专科批,434,49759,20
漳州卫生职业学院,贵州,历史类,2025,专科批,434,49759,16
成都工贸职业技术学院,贵州,历史类,2025,专科批,434,49567,5
河南推拿职业学院,贵州,历史类,2025,专科批,434,49385,15
湖北师范大学文理学院,贵州,历史类,2025,专科批,433,50211,9
湖南石油化工职业技术学院,贵州,历史类,2025,专科批,433,50211,5
上海民远职业技术学院,贵州,历史类,2025,专科批,433,49794,1
重庆航天职业技术学院,贵州,历史类,2025,专科批,433,50211,12
桂林旅游学院,贵州,历史类,2025,专科批,433,50211,10
包头铁道职业技术学院,贵州,历史类,2025,专科批,433,50211,9
成都大学,贵州,历史类,2025,本科提前批B段,433,49948,1
四川职业技术学院,贵州,历史类,2025,专科批,432,48327,10
云南国防工业职业技术学院,贵州,历史类,2025,专科批,432,50659,10
广西工商职业技术学院,贵州,历史类,2025,专科批,432,50228,2
北京警察学院,贵州,历史类,2025,本科提前批B段,432,50524,1
江西电力职业技术学院,贵州,历史类,2025,专科批,431,51062,10
酒泉职业技术大学,贵州,历史类,2025,专科批,431,51062,4
南通师范高等专科学校,贵州,历史类,2025,专科批,431,51062,15
石家庄铁路职业技术学院,贵州,历史类,2025,专科批,431,51062,16
福州职业技术学院,贵州,历史类,2025,专科批,431,50884,2
江苏财会职业学院,贵州,历史类,2025,专科批,430,51478,8
上海行健职业学院,贵州,历史类,2025,专科批,430,51478,
长江大学文理学院,贵州,历史类,2025,专科批,430,48989,5
咸阳职业技术学院,贵州,历史类,2025,专科批,430,50308,4
云南轻纺职业学院,贵州,历史类,2025,专科批,430,51228,2
漳州科技职业学院,贵州,历史类,2025,专科批,430,51177,1
江西软件职业技术大学,贵州,历史类,2025,专科批,429,50706,2
江西医学高等专科学校,贵州,历史类,2025,专科批,429,51923,6
朝阳师范学院,贵州,历史类,2025,专科批,429,51923,34
江苏农牧科技职业学院,贵州,历史类,2025,专科批,428,52353,12
抚州幼儿师范高等专科学校,贵州,历史类,2025,专科批,428,52353,10
湖南外国语职业学院,贵州,历史类,2025,专科批,427,52736,1
惠州卫生职业技术学院,贵州,历史类,2025,专科批,427,52442,3
南宁职业技术大学,贵州,历史类,2025,专科批,427,52402,5
内蒙古电子信息职业技术学院,贵州,历史类,2025,专科批,427,52604,1
三峡大学科技学院,贵州,历史类,2025,专科批,427,52774,6
长沙商贸旅游职业技术学院,贵州,历史类,2025,专科批,427,52717,6
襄阳职业技术学院,贵州,历史类,2025,专科批,427,52774,24
承德护理职业学院,贵州,历史类,2025,专科批,427,52774,5
重庆工信职业学院,贵州,历史类,2025,专科批,427,52774,20
福建卫生职业技术学院,贵州,历史类,2025,专科批,427,52774,10
海南经贸职业技术学院,贵州,历史类,2025,专科批,427,52774,
河南工业职业技术学院,贵州,历史类,2025,专科批,427,52652,5
吉林司法警官职业学院,贵州,历史类,2025,专科批,426,53203,25
江西职业技术大学,贵州,历史类,2025,专科批,426,53203,72
马鞍山师范高等专科学校,贵州,历史类,2025,专科批,426,53203,3
四川航天职业技术学院,贵州,历史类,2025,专科批,426,53203,10
重庆幼儿师范高等专科学校,贵州,历史类,2025,专科批,426,53203,29
福建林业职业技术学院,贵州,历史类,2025,专科批,426,53203,5
福建农业职业技术学院,贵州,历史类,2025,专科批,426,52933,3
山东海事职业学院,贵州,历史类,2025,专科提前批,426,53203,6
湖南交通职业技术学院,贵州,历史类,2025,专科批,425,53640,8
上海农林职业技术学院,贵州,历史类,2025,专科批,425,53640,8
泰州职业技术学院,贵州,历史类,2025,专科批,425,53640,10
广东食品药品职业学院,贵州,历史类,2025,专科批,425,53640,9
安康职业技术学院,贵州,历史类,2025,专科批,425,53640,6
黎明职业大学,贵州,历史类,2025,专科批,424,54053,12
北京培黎职业学院,贵州,历史类,2025,专科批,424,54053,4
武汉船舶职业技术学院,贵州,历史类,2025,专科批,424,54053,6
浙江工业职业技术学院,贵州,历史类,2025,专科批,424,54053,15
福建船政交通职业学院,贵州,历史类,2025,专科批,424,54053,6
黑龙江司法警官职业学院,贵州,历史类,2025,专科批,423,52254,12
湖北幼儿师范高等专科学校,贵州,历史类,2025,专科批,423,54484,9
江苏旅游职业学院,贵州,历史类,2025,专科批,423,54330,2
重庆电力高等专科学校,贵州,历史类,2025,专科批,423,54484,40
重庆商务职业学院,贵州,历史类,2025,专科批,423,54484,71
广州珠江职业技术学院,贵州,历史类,2025,专科批,423,54227,1
朔州师范高等专科学校,贵州,历史类,2025,专科批,422,54903,10
武汉警官职业学院,贵州,历史类,2025,专科批,422,54903,23
湘潭医卫职业技术学院,贵州,历史类,2025,专科批,422,54903,13
广西卫生职业技术学院,贵州,历史类,2025,专科批,422,54903,9
阜阳职业技术学院,贵州,历史类,2025,专科提前批,422,52556,4
安徽电子信息职业技术学院,贵州,历史类,2025,专科批,421,55274,18
上海出版印刷高等专科学校,贵州,历史类,2025,专科批,421,55274,13
唐山工业职业技术大学,贵州,历史类,2025,专科批,421,55274,12
广东建设职业技术学院,贵州,历史类,2025,专科批,421,55274,7
浙江广厦建设职业技术大学,贵州,历史类,2025,专科批,420,55695,3
赣南卫生健康职业学院,贵州,历史类,2025,专科批,420,55695,13
合肥通用职业技术学院,贵州,历史类,2025,专科批,420,55437,1
湖北铁道运输职业学院,贵州,历史类,2025,专科批,419,56106,25
南京旅游职业学院,贵州,历史类,2025,专科批,419,56106,10
珠海城市职业技术学院,贵州,历史类,2025,专科批,419,56106,17
重庆城市职业学院,贵州,历史类,2025,专科批,419,56106,70
湖北交通职业技术学院,贵州,历史类,2025,专科批,418,56538,9
济南护理职业学院,贵州,历史类,2025,专科批,418,56538,10
南昌健康职业技术学院,贵州,历史类,2025,专科批,418,56538,9
天府新区信息职业学院,贵州,历史类,2025,专科批,418,56469,1
天津中德应用技术大学,贵州,历史类,2025,专科批,418,56202,10
武汉铁路职业技术学院,贵州,历史类,2025,专科批,418,56538,33
烟台黄金职业学院,贵州,历史类,2025,专科批,418,56362,1
安徽新闻出版职业技术学院,贵州,历史类,2025,专科批,418,56538,10
江苏海事职业技术学院,贵州,历史类,2025,专科提前批,418,56538,3
泸州职业技术学院,贵州,历史类,2025,专科批,417,56983,20
温州科技职业学院,贵州,历史类,2025,专科批,417,56983,8
温州商学院,贵州,历史类,2025,专科批,417,56983,3
浙江安防职业技术学院,贵州,历史类,2025,专科批,417,56983,5
郑州健康学院,贵州,历史类,2025,专科批,417,56983,4
安庆医药高等专科学校,贵州,历史类,2025,专科批,417,56983,13
江西交通职业技术学院,贵州,历史类,2025,专科批,416,57361,16
绵阳职业技术学院,贵州,历史类,2025,专科批,416,57135,5
张家界航空工业职业技术学院,贵州,历史类,2025,专科提前批,416,57361,6
青海农牧科技职业学院,贵州,历史类,2025,专科批,415,57766,6
甘肃卫生职业学院,贵州,历史类,2025,专科批,415,57766,23
广西农业职业技术大学,贵州,历史类,2025,专科批,415,57394,7
张家界航空工业职业技术学院,贵州,历史类,2025,专科批,414,58195,16
保山中医药高等专科学校,贵州,历史类,2025,专科批,413,58637,21
江苏商贸职业学院,贵州,历史类,2025,专科批,413,58637,4
江西农业工程职业学院,贵州,历史类,2025,专科批,413,58637,5
焦作大学,贵州,历史类,2025,专科批,413,56939,20
平顶山工业职业技术学院,贵州,历史类,2025,专科批,413,58220,2
黔南民族医学高等专科学校,贵州,历史类,2025,专科批,413,58637,255
曲靖健康医学院,贵州,历史类,2025,专科批,413,58637,50
武汉交通职业学院,贵州,历史类,2025,专科批,413,58637,18
湖南汽车工程职业大学,贵州,历史类,2025,专科提前批,413,58637,3
湖南理工职业技术学院,贵州,历史类,2025,专科批,412,58202,5
萍乡卫生职业学院,贵州,历史类,2025,专科批,412,59035,9
湖南机电职业技术学院,贵州,历史类,2025,专科批,411,59418,24
江苏城乡建设职业学院,贵州,历史类,2025,专科批,411,59418,6
江西生物科技职业学院,贵州,历史类,2025,专科批,411,59418,4
青岛港湾职业技术学院,贵州,历史类,2025,专科批,411,59418,6
上海中侨职业技术大学,贵州,历史类,2025,专科批,411,59418,2
宜春职业技术学院,贵州,历史类,2025,专科批,411,59418,24
玉溪农业职业技术学院,贵州,历史类,2025,专科批,411,59418,4
海南卫生健康职业学院,贵州,历史类,2025,专科批,411,59418,4
江苏航运职业技术学院,贵州,历史类,2025,专科批,410,59809,13
赣州职业技术学院,贵州,历史类,2025,专科批,410,59809,7
武汉交通职业学院,贵州,历史类,2025,专科提前批,410,59809,6
湖南信息职业技术学院,贵州,历史类,2025,专科批,409,60179,4
江西财经职业学院,贵州,历史类,2025,专科批,409,60179,28
广东机电职业技术学院,贵州,历史类,2025,专科批,409,60179,11
湖南国防工业职业技术学院,贵州,历史类,2025,专科批,408,60583,10
江西科技职业学院,贵州,历史类,2025,专科批,408,60229,1
茂名职业技术学院,贵州,历史类,2025,专科批,408,60573,1
浙江纺织服装职业技术学院,贵州,历史类,2025,专科批,408,60583,10
淄博职业技术大学,贵州,历史类,2025,专科批,408,60583,13
宝鸡职业技术学院,贵州,历史类,2025,专科批,408,60583,11
湖南邮电职业技术学院,贵州,历史类,2025,专科批,407,60970,7
江苏电子信息职业学院,贵州,历史类,2025,专科批,407,60970,8
齐鲁医药学院,贵州,历史类,2025,专科批,407,60970,13
徐州幼儿师范高等专科学校,贵州,历史类,2025,专科批,407,60597,5
阿克苏职业技术学院,贵州,历史类,2025,专科批,407,60970,6
广安职业技术学院,贵州,历史类,2025,专科批,407,60970,10
广州工程技术职业学院,贵州,历史类,2025,专科批,407,60749,7
河北正定师范高等专科学校,贵州,历史类,2025,专科批,407,60970,6
新疆和田学院,贵州,历史类,2025,专科批,406,61379,6
安徽工业职业技术学院,贵州,历史类,2025,专科批,405,61752,10
毕节医学高等专科学校,贵州,历史类,2025,专科批,405,61752,304
渭南职业技术学院,贵州,历史类,2025,专科批,405,61752,15
永州职业技术学院,贵州,历史类,2025,专科批,405,61752,14
黑龙江交通职业技术学院,贵州,历史类,2025,专科批,405,61752,11
宿迁职业技术学院,贵州,历史类,2025,专科批,404,61849,1
西安高新科技职业学院,贵州,历史类,2025,专科批,404,62138,4
新疆生产建设兵团兴新职业技术学院,贵州,历史类,2025,专科批,404,61922,2
日喀则职业技术学院,贵州,历史类,2025,专科批,404,61760,1
重庆化工职业学院,贵州,历史类,2025,专科批,404,62138,50
江西外语外贸职业学院,贵州,历史类,2025,专科批,403,62536,5
四川商务职业学院,贵州,历史类,2025,专科批,403,62536,20
重庆财经职业学院,贵州,历史类,2025,专科批,403,62536,36
甘肃交通职业技术学院,贵州,历史类,2025,专科批,403,62536,3
河南地矿职业学院,贵州,历史类,2025,专科批,403,62536,5
湖南工商职业学院,贵州,历史类,2025,专科批,402,62940,2
临汾职业技术学院,贵州,历史类,2025,专科批,402,62849,2
泉州幼儿师范高等专科学校,贵州,历史类,2025,专科批,402,62918,4
皖北卫生职业学院,贵州,历史类,2025,专科批,402,62940,40
永州师范高等专科学校,贵州,历史类,2025,专科批,402,62786,1
湖南科技职业学院,贵州,历史类,2025,专科批,401,62945,3
江西航空职业技术学院,贵州,历史类,2025,专科批,401,63323,4
通化医药健康职业学院,贵州,历史类,2025,专科批,401,63323,5
江西现代职业技术学院,贵州,历史类,2025,专科批,400,63710,5
三亚理工职业学院,贵州,历史类,2025,专科批,400,63710,2
徐州工业职业技术学院,贵州,历史类,2025,专科批,400,63710,4
邯郸幼儿师范高等专科学校,贵州,历史类,2025,专科批,400,63710,9
百色职业学院,贵州,历史类,2025,专科批,400,63710,6
湖南工业职业技术学院,贵州,历史类,2025,专科批,399,63746,7
昆玉职业技术学院,贵州,历史类,2025,专科批,399,64063,10
云南特殊教育职业学院,贵州,历史类,2025,专科批,399,64063,8
湖南环境生物职业技术学院,贵州,历史类,2025,专科批,398,64432,38
江苏安全技术职业学院,贵州,历史类,2025,专科批,398,64432,7
绵阳飞行职业学院,贵州,历史类,2025,专科批,398,64398,1
陕西能源职业技术学院,贵州,历史类,2025,专科批,398,64432,11
商丘职业技术学院,贵州,历史类,2025,专科批,398,64432,10
武汉工商学院,贵州,历史类,2025,专科批,398,64432,8
湖南应用技术学院,贵州,历史类,2025,专科批,397,64721,1
四川建筑职业技术学院,贵州,历史类,2025,专科批,397,64771,20
四川三河职业学院,贵州,历史类,2025,专科批,395,65470,4
天津现代职业技术学院,贵州,历史类,2025,专科批,395,65470,20
盐城幼儿师范高等专科学校,贵州,历史类,2025,专科批,395,65470,9
大庆职业学院,贵州,历史类,2025,专科批,395,65470,4
三亚航空旅游职业学院,贵州,历史类,2025,专科提前批,395,65168,5
延安职业技术学院,贵州,历史类,2025,专科提前批,395,65470,5
山东科技职业学院,贵州,历史类,2025,专科批,394,65837,5
上饶卫生健康职业学院,贵州,历史类,2025,专科批,394,65837,3
苏州百年职业学院,贵州,历史类,2025,专科批,394,65834,2
延安职业技术学院,贵州,历史类,2025,专科批,394,65837,4
株洲师范高等专科学校,贵州,历史类,2025,专科批,394,65645,5
福建信息职业技术学院,贵州,历史类,2025,专科批,394,65837,10
江西航空职业技术学院,贵州,历史类,2025,专科提前批,394,65837,5
山东水利职业学院,贵州,历史类,2025,专科批,393,66212,7
重庆青年职业技术学院,贵州,历史类,2025,专科批,393,66212,45
杭州万向职业技术学院,贵州,历史类,2025,专科批,393,66212,4
运城护理职业学院,贵州,历史类,2025,专科批,392,66558,9
安徽粮食工程职业学院,贵州,历史类,2025,专科批,391,66908,10
湖北轻工职业技术学院,贵州,历史类,2025,专科批,390,67298,10
南通科技职业学院,贵州,历史类,2025,专科批,390,67298,11
长春金融高等专科学校,贵州,历史类,2025,专科批,390,67298,5
湖北交通职业技术学院,贵州,历史类,2025,专科提前批,390,67298,6
吉林农业大学,贵州,历史类,2025,本科提前批B段,389,67610,1
昆明卫生职业学院,贵州,历史类,2025,专科批,388,67970,9
天津轻工职业技术学院,贵州,历史类,2025,专科批,388,67970,20
西安科技大学高新学院,贵州,历史类,2025,专科批,388,67933,1
湖北水利水电职业技术学院,贵州,历史类,2025,专科批,387,68315,12
日照职业技术学院,贵州,历史类,2025,专科批,387,68315,10
西安外事学院,贵州,历史类,2025,专科批,387,68315,7
九江职业大学,贵州,历史类,2025,专科批,386,68633,36
闽西职业技术学院,贵州,历史类,2025,专科批,386,68633,6
山东商业职业技术学院,贵州,历史类,2025,专科批,386,68633,10
天津天狮学院,贵州,历史类,2025,专科批,386,68633,2
泉州海洋职业学院,贵州,历史类,2025,专科提前批,386,68633,13
湖南有色金属职业技术学院,贵州,历史类,2025,专科批,385,68994,6
天津铁道职业技术学院,贵州,历史类,2025,专科批,385,68994,15
西南交通大学希望学院,贵州,历史类,2025,专科批,385,68994,9
湖北三峡职业技术学院,贵州,历史类,2025,专科批,384,69321,37
廊坊卫生职业学院,贵州,历史类,2025,专科批,384,69321,30
天津商务职业学院,贵州,历史类,2025,专科批,384,69321,14
漳州城市职业学院,贵州,历史类,2025,专科批,384,69321,10
上饶幼儿师范高等专科学校,贵州,历史类,2025,专科批,383,69659,8
云南财经职业学院,贵州,历史类,2025,专科批,383,69659,24
宝鸡中北职业学院,贵州,历史类,2025,专科批,382,69660,2
江西应用工程职业学院,贵州,历史类,2025,专科批,381,70302,5
清远职业技术学院,贵州,历史类,2025,专科批,381,70302,8
重庆工贸职业技术学院,贵州,历史类,2025,专科批,381,70302,30
广东环境保护工程职业学院,贵州,历史类,2025,专科批,381,70302,10
长春师范高等专科学校,贵州,历史类,2025,专科批,380,70623,2
信阳职业技术学院,贵州,历史类,2025,专科批,380,70623,20
德阳科贸职业学院,贵州,历史类,2025,专科批,380,70346,1
河南工业贸易职业学院,贵州,历史类,2025,专科批,380,70456,4
石家庄人民医学高等专科学校,贵州,历史类,2025,专科批,379,70943,4
唐山职业技术学院,贵州,历史类,2025,专科批,379,70943,36
长江工程职业技术学院,贵州,历史类,2025,专科批,379,70943,18
武汉航海职业技术学院,贵州,历史类,2025,专科批,379,70943,16
广东南华工商职业学院,贵州,历史类,2025,专科批,379,70943,25
贵阳幼儿师范高等专科学校,贵州,历史类,2025,专科批,379,70943,304
湖南体育职业学院,贵州,历史类,2025,专科提前批,379,70943,4
闽江师范高等专科学校,贵州,历史类,2025,专科批,378,71254,5
陕西青年职业学院,贵州,历史类,2025,专科批,378,71254,4
邵阳职业技术学院,贵州,历史类,2025,专科批,378,71254,5
三峡电力职业学院,贵州,历史类,2025,专科批,377,71560,44
云南国土资源职业学院,贵州,历史类,2025,专科批,377,71560,8
湖南幼儿师范高等专科学校,贵州,历史类,2025,专科批,376,71879,9
柳州职业技术大学,贵州,历史类,2025,专科批,376,71879,27
广西交通职业技术学院,贵州,历史类,2025,专科批,376,71879,12
潍坊工程职业学院,贵州,历史类,2025,专科提前批,376,71566,5
青岛职业技术学院,贵州,历史类,2025,专科批,375,72192,14
陕西航空职业技术学院,贵州,历史类,2025,专科批,375,72192,22
桐城师范高等专科学校,贵州,历史类,2025,专科批,375,72192,10
广西建设职业技术学院,贵州,历史类,2025,专科批,375,68624,4
黑龙江建筑职业技术学院,贵州,历史类,2025,专科批,375,72101,2
南充文化旅游职业学院,贵州,历史类,2025,专科批,374,69849,6
苏州健雄职业技术学院,贵州,历史类,2025,专科批,374,72512,5
皖西卫生职业学院,贵州,历史类,2025,专科批,374,72512,15
郴州思科职业学院,贵州,历史类,2025,专科批,374,72330,1
黑龙江护理高等专科学校,贵州,历史类,2025,专科批,374,72512,15
武汉船舶职业技术学院,贵州,历史类,2025,专科提前批,374,72512,4
山东信息职业技术学院,贵州,历史类,2025,专科批,373,72799,5
天津机电职业技术学院,贵州,历史类,2025,专科批,372,73106,18
云南能源职业技术学院,贵州,历史类,2025,专科批,372,73106,15
崇左幼儿师范高等专科学校,贵州,历史类,2025,专科批,372,73106,12
广东信息工程职业学院,贵州,历史类,2025,专科批,372,73106,5
湖南生物机电职业技术学院,贵州,历史类,2025,专科批,371,73404,6
潍坊科技学院,贵州,历史类,2025,专科提前批,371,73404,6
河南护理职业学院,贵州,历史类,2025,专科批,370,73691,20
滨州职业学院,贵州,历史类,2025,专科提前批,370,73691,4
江西信息应用职业技术学院,贵州,历史类,2025,专科批,369,73995,3
山西老区职业技术学院,贵州,历史类,2025,专科批,369,73963,5
黑龙江生态工程职业学院,贵州,历史类,2025,专科批,369,73807,1
山东传媒职业学院,贵州,历史类,2025,专科批,368,74265,35
四川化工职业技术学院,贵州,历史类,2025,专科批,368,74265,20
广东农工商职业技术学院,贵州,历史类,2025,专科批,368,74265,20
武汉铁路桥梁职业学院,贵州,历史类,2025,专科批,367,74535,31
贵州建设职业技术学院,贵州,历史类,2025,专科批,367,74535,188
湖南财经工业职业技术学院,贵州,历史类,2025,专科批,366,74802,8
泰山科技学院,贵州,历史类,2025,专科批,366,74721,2
武汉生物工程学院,贵州,历史类,2025,专科批,366,74802,20
云南农业职业技术学院,贵州,历史类,2025,专科批,366,74802,9
黄冈职业技术学院,贵州,历史类,2025,专科批,365,75091,18
四川水利职业技术学院,贵州,历史类,2025,专科批,365,75091,20
厦门华天涉外职业技术学院,贵州,历史类,2025,专科批,365,75013,1
湘中幼儿师范高等专科学校,贵州,历史类,2025,专科批,365,75091,5
忻州职业技术学院,贵州,历史类,2025,专科批,365,75091,10
潍坊护理职业学院,贵州,历史类,2025,专科批,364,75301,6
呼和浩特职业技术大学,贵州,历史类,2025,专科批,363,75404,8
江西水利职业学院,贵州,历史类,2025,专科批,362,75753,2
三门峡职业技术学院,贵州,历史类,2025,专科批,362,75893,31
宿州职业技术学院,贵州,历史类,2025,专科批,362,72404,34
广东创新科技职业学院,贵州,历史类,2025,专科批,362,75745,3
河北工艺美术职业学院,贵州,历史类,2025,专科批,362,75878,1
眉山药科职业学院,贵州,历史类,2025,专科批,361,76133,3
长白山职业技术学院,贵州,历史类,2025,专科批,361,75907,5
湖北恩施学院,贵州,历史类,2025,专科批,360,76393,15
太原幼儿师范高等专科学校,贵州,历史类,2025,专科批,360,76187,2
广西自然资源职业技术学院,贵州,历史类,2025,专科批,360,75092,13
西安信息职业大学,贵州,历史类,2025,专科批,359,76522,1
东营职业学院,贵州,历史类,2025,专科批,359,73802,2
贵阳职业技术学院,贵州,历史类,2025,专科批,359,76642,801
贵州财经职业学院,贵州,历史类,2025,专科批,359,76642,307
贵州工业职业技术学院,贵州,历史类,2025,专科批,359,76642,220
湖北国土资源职业学院,贵州,历史类,2025,专科批,358,76891,45
上饶职业技术学院,贵州,历史类,2025,专科批,358,76891,4
岳阳职业技术学院,贵州,历史类,2025,专科批,358,76891,43
安徽审计职业学院,贵州,历史类,2025,专科批,358,76891,25
贵州护理职业技术学院,贵州,历史类,2025,专科批,358,76891,293
九江科技职业大学,贵州,历史类,2025,专科批,358,76670,1
唐山幼儿师范高等专科学校,贵州,历史类,2025,专科批,357,77152,7
鹰潭卫生职业学院,贵州,历史类,2025,专科批,357,77089,1
湖北生态工程职业技术学院,贵州,历史类,2025,专科批,356,77397,10
商洛职业技术学院,贵州,历史类,2025,专科批,356,77397,4
天津工业职业学院,贵州,历史类,2025,专科批,356,77397,10
莱芜职业技术学院,贵州,历史类,2025,专科批,355,77628,12
大连装备制造职业技术学院,贵州,历史类,2025,专科批,355,77628,2
嘉兴南洋职业技术学院,贵州,历史类,2025,专科批,354,77739,2
邵阳工业职业技术学院,贵州,历史类,2025,专科批,354,77845,1
西安职业技术学院,贵州,历史类,2025,专科批,354,77658,5
北海职业学院,贵州,历史类,2025,专科批,353,78096,20
青岛酒店管理职业技术学院,贵州,历史类,2025,专科批,353,78067,3
日照航海工程职业学院,贵州,历史类,2025,专科批,352,78221,2
湖北孝感美珈职业学院,贵州,历史类,2025,专科批,351,78381,2
吉林工业职业技术学院,贵州,历史类,2025,专科批,351,78510,1
泉州纺织服装职业学院,贵州,历史类,2025,专科批,351,78361,2
天府新区航空旅游职业学院,贵州,历史类,2025,专科批,351,78312,1
梧州职业学院,贵州,历史类,2025,专科批,351,78527,6
云南旅游职业学院,贵州,历史类,2025,专科批,351,78527,15
大庆医学高等专科学校,贵州,历史类,2025,专科批,351,78527,13
德宏职业学院,贵州,历史类,2025,专科批,351,78527,35
广东艺术职业学院,贵州,历史类,2025,专科批,351,78527,10
河南测绘职业学院,贵州,历史类,2025,专科批,351,78527,6
湖南化工职业技术学院,贵州,历史类,2025,专科批,350,78726,12
昆明工业职业技术学院,贵州,历史类,2025,专科批,350,78537,17
武汉传媒学院,贵州,历史类,2025,专科批,350,78726,16
湖南民族职业学院,贵州,历史类,2025,专科批,349,78949,18
内蒙古机电职业技术学院,贵州,历史类,2025,专科批,349,78900,2
海南健康管理职业技术学院,贵州,历史类,2025,专科批,349,78949,2
黑龙江能源职业学院,贵州,历史类,2025,专科批,349,78880,3
湖北黄冈应急管理职业技术学院,贵州,历史类,2025,专科批,348,79151,3
吉安幼儿师范高等专科学校,贵州,历史类,2025,专科批,348,79012,2
天津渤海职业技术学院,贵州,历史类,2025,专科批,348,79151,7
天津海运职业学院,贵州,历史类,2025,专科批,348,79151,16
无锡南洋职业技术学院,贵州,历史类,2025,专科批,348,78988,1
湖南三一工业职业技术学院,贵州,历史类,2025,专科批,347,79205,1
吉林电子信息职业技术学院,贵州,历史类,2025,专科批,347,79201,1
辽宁现代服务职业技术学院,贵州,历史类,2025,专科批,347,78930,3
宁德职业技术学院,贵州,历史类,2025,专科批,347,79381,5
西安交通工程学院,贵州,历史类,2025,专科批,347,79381,6
白城职业技术学院,贵州,历史类,2025,专科批,347,79261,2
仙桃职业学院,贵州,历史类,2025,专科批,346,79567,50
重庆水利电力职业技术学院,贵州,历史类,2025,专科批,346,79567,52
川南幼儿师范高等专科学校,贵州,历史类,2025,专科批,346,79395,20
安阳幼儿师范高等专科学校,贵州,历史类,2025,专科批,346,79567,56
湖南网络工程职业学院,贵州,历史类,2025,专科批,345,79762,9
西双版纳职业技术学院,贵州,历史类,2025,专科批,345,79762,4
黑龙江农业工程职业学院,贵州,历史类,2025,专科批,345,79762,4
湖南安全技术职业学院,贵州,历史类,2025,专科批,344,79975,6
拉萨师范学院,贵州,历史类,2025,专科批,344,79975,20
泰山护理职业学院,贵州,历史类,2025,专科批,344,79975,16
广西电力职业技术学院,贵州,历史类,2025,专科批,344,79975,38
广西体育高等专科学校,贵州,历史类,2025,专科批,344,79975,10
沙洲职业工学院,贵州,历史类,2025,专科批,343,80159,10
云南水利水电职业学院,贵州,历史类,2025,专科批,343,80159,17
周口职业技术学院,贵州,历史类,2025,专科批,343,80159,14
湖南汽车工程职业大学,贵州,历史类,2025,专科批,342,80366,18
江西工商职业技术学院,贵州,历史类,2025,专科批,342,80366,2
铁岭师范高等专科学校,贵州,历史类,2025,专科批,342,80366,7
常州纺织服装职业技术学院,贵州,历史类,2025,专科批,342,80366,10
郑州医药健康职业学院,贵州,历史类,2025,专科批,342,80366,3
重庆科技职业学院,贵州,历史类,2025,专科批,342,79534,10
辽宁工程职业学院,贵州,历史类,2025,专科批,341,80475,4
广东肇庆航空职业学院,贵州,历史类,2025,专科批,341,80556,3
安顺职业技术学院,贵州,历史类,2025,专科批,341,80556,539
合肥幼儿师范高等专科学校,贵州,历史类,2025,专科批,341,80556,10
渤海理工职业学院,贵州,历史类,2025,专科批,340,80734,2
济源职业技术学院,贵州,历史类,2025,专科批,339,80907,14
武汉体育学院体育科技学院,贵州,历史类,2025,专科批,339,80856,6
贵州职业技术学院,贵州,历史类,2025,专科批,339,80907,602
湖南工程职业技术学院,贵州,历史类,2025,专科批,338,81084,18
湖南食品药品职业学院,贵州,历史类,2025,专科批,338,81084,74
江西机电职业技术学院,贵州,历史类,2025,专科批,338,81084,12
石家庄信息工程职业学院,贵州,历史类,2025,专科批,338,81084,15
长江艺术工程职业学院,贵州,历史类,2025,专科批,338,81060,1
广州东华职业学院,贵州,历史类,2025,专科批,338,81084,3
江门职业技术学院,贵州,历史类,2025,专科批,337,81239,11
山东海事职业学院,贵州,历史类,2025,专科批,337,81239,4
乌兰察布职业学院,贵州,历史类,2025,专科批,337,81152,7
湖南高尔夫旅游职业学院,贵州,历史类,2025,专科批,336,81374,1
江西婺源茶业职业学院,贵州,历史类,2025,专科批,336,81394,5
昆山登云科技职业学院,贵州,历史类,2025,专科批,336,81344,1
新疆师范高等专科学校,贵州,历史类,2025,专科批,336,81394,8
昭通卫生职业学院,贵州,历史类,2025,专科批,336,81394,30
贵州装备制造职业学院,贵州,历史类,2025,专科批,336,81394,180
兰州职业技术学院,贵州,历史类,2025,专科批,335,81568,5
青海柴达木职业技术学院,贵州,历史类,2025,专科批,335,81405,1
陕西电子信息职业技术学院,贵州,历史类,2025,专科批,335,81568,2
陕西邮电职业技术学院,贵州,历史类,2025,专科批,335,81568,5
太湖创意职业技术学院,贵州,历史类,2025,专科批,335,81449,2
湖南商务职业技术学院,贵州,历史类,2025,专科批,334,81740,20
陕西财经职业技术学院,贵州,历史类,2025,专科批,334,81740,7
四川现代职业学院,贵州,历史类,2025,专科批,334,81740,6
铜川职业技术学院,贵州,历史类,2025,专科批,334,81740,22
重庆数字产业职业技术学院,贵州,历史类,2025,专科批,334,81672,2
广元中核职业技术学院,贵州,历史类,2025,专科批,334,81681,2
江西环境工程职业学院,贵州,历史类,2025,专科批,333,81919,9
青岛航空科技职业学院,贵州,历史类,2025,专科批,333,81757,2
石家庄科技信息职业学院,贵州,历史类,2025,专科批,333,81782,1
河北对外经贸职业学院,贵州,历史类,2025,专科批,333,81919,7
青岛黄海学院,贵州,历史类,2025,专科批,332,82041,5
陕西服装工程学院,贵州,历史类,2025,专科批,332,82007,1
武汉商贸职业学院,贵州,历史类,2025,专科批,332,82041,8
湖南劳动人事职业学院,贵州,历史类,2025,专科批,331,82210,13
石家庄幼儿师范高等专科学校,贵州,历史类,2025,专科批,331,82210,18
天津生物工程职业技术学院,贵州,历史类,2025,专科批,331,82210,14
廊坊燕京职业技术学院,贵州,历史类,2025,专科批,330,82257,3
新疆应用职业技术学院,贵州,历史类,2025,专科批,330,82359,2
保定幼儿师范高等专科学校,贵州,历史类,2025,专科批,329,82510,23
辽宁传媒学院,贵州,历史类,2025,专科批,329,82384,3
武汉文理学院,贵州,历史类,2025,专科批,329,82510,9
广西农业工程职业技术学院,贵州,历史类,2025,专科批,329,82510,12
聊城职业技术学院,贵州,历史类,2025,专科批,328,82660,23
天津城市职业学院,贵州,历史类,2025,专科批,328,82660,7
郴州职业技术学院,贵州,历史类,2025,专科批,328,82660,13
广州涉外经济职业技术学院,贵州,历史类,2025,专科批,328,82529,2
天津交通职业学院,贵州,历史类,2025,专科批,327,82800,14
营口职业技术学院,贵州,历史类,2025,专科批,327,82800,12
云南林业职业技术学院,贵州,历史类,2025,专科批,327,82800,18
开封文化艺术职业学院,贵州,历史类,2025,专科批,326,82634,14
郑州职业技术学院,贵州,历史类,2025,专科批,326,82942,10
河北化工医药职业技术学院,贵州,历史类,2025,专科批,326,82942,10
济宁职业技术学院,贵州,历史类,2025,专科批,325,83074,8
陕西机电职业技术学院,贵州,历史类,2025,专科批,325,83074,4
通辽职业学院,贵州,历史类,2025,专科批,325,83064,3
新疆职业大学,贵州,历史类,2025,专科批,325,83074,5
云南城市建设职业学院,贵州,历史类,2025,专科批,325,83074,6
内蒙古建筑职业技术大学,贵州,历史类,2025,专科批,324,83197,3
大连航运职业技术学院,贵州,历史类,2025,专科批,324,83197,3
甘肃林业职业技术大学,贵州,历史类,2025,专科批,324,83197,9
辽宁农业职业技术学院,贵州,历史类,2025,专科批,323,83318,17
西安翻译学院,贵州,历史类,2025,专科批,323,83318,4
三明医学科技职业学院,贵州,历史类,2025,专科批,322,83461,17
和田职业技术学院,贵州,历史类,2025,专科批,322,83461,4
江海职业技术学院,贵州,历史类,2025,专科批,321,83554,1
天津国土资源和房屋职业学院,贵州,历史类,2025,专科批,321,83046,4
铁岭卫生职业学院,贵州,历史类,2025,专科批,321,83584,16
西藏职业技术学院,贵州,历史类,2025,专科批,321,83481,2
常德职业技术学院,贵州,历史类,2025,专科批,321,83584,199
湛江幼儿师范专科学校,贵州,历史类,2025,专科批,321,83584,7
阜新高等专科学校,贵州,历史类,2025,专科批,321,83584,8
哈尔滨传媒职业学院,贵州,历史类,2025,专科批,321,83475,1
潍坊科技学院,贵州,历史类,2025,专科批,320,83699,11
广东碧桂园职业学院,贵州,历史类,2025,专科批,320,83699,4
广西现代职业技术学院,贵州,历史类,2025,专科批,320,83699,28
辽宁经济职业技术学院,贵州,历史类,2025,专科批,319,83815,12
齐齐哈尔高等师范专科学校,贵州,历史类,2025,专科批,319,83815,4
咸宁职业技术学院,贵州,历史类,2025,专科批,319,83815,30
重庆安全技术职业学院,贵州,历史类,2025,专科批,319,83815,120
黑龙江农垦职业学院,贵州,历史类,2025,专科批,319,80224,6
哈密职业技术学院,贵州,历史类,2025,专科批,318,83865,1
青海高等职业技术学院,贵州,历史类,2025,专科批,317,82843,4
三门峡社会管理职业学院,贵州,历史类,2025,专科批,317,84026,13
陕西职业技术学院,贵州,历史类,2025,专科批,317,84026,17
神木职业技术学院,贵州,历史类,2025,专科批,317,84026,6
湖南现代物流职业技术学院,贵州,历史类,2025,专科批,316,84130,7
南充科技职业学院,贵州,历史类,2025,专科批,316,84130,6
泉州海洋职业学院,贵州,历史类,2025,专科批,316,84130,7
山西同文职业技术学院,贵州,历史类,2025,专科批,316,84111,1
河北软件职业技术学院,贵州,历史类,2025,专科批,316,84117,3
南阳科技职业学院,贵州,历史类,2025,专科批,315,84232,9
石家庄医学高等专科学校,贵州,历史类,2025,专科批,315,84232,14
抚顺师范高等专科学校,贵州,历史类,2025,专科批,315,84232,9
广东文理职业学院,贵州,历史类,2025,专科批,315,84232,11
江汉艺术职业学院,贵州,历史类,2025,专科批,314,84345,48
泸州医疗器械职业学院,贵州,历史类,2025,专科批,314,84345,8
大连科技学院,贵州,历史类,2025,专科批,314,84345,5
秦皇岛职业技术学院,贵州,历史类,2025,专科批,313,84427,3
正德职业技术学院,贵州,历史类,2025,专科批,313,84399,1
江西青年职业学院,贵州,历史类,2025,专科批,312,84553,3
南阳职业学院,贵州,历史类,2025,专科批,312,84553,
宜春幼儿师范高等专科学校,贵州,历史类,2025,专科批,312,84553,37
福州黎明职业技术学院,贵州,历史类,2025,专科批,312,84501,1
桂林生命与健康职业技术学院,贵州,历史类,2025,专科批,312,84553,9
湖北科技职业学院,贵州,历史类,2025,专科批,311,84667,34
辽宁省交通高等专科学校,贵州,历史类,2025,专科批,311,84667,26
吐鲁番职业技术学院,贵州,历史类,2025,专科批,311,84651,1
阳江职业技术学院,贵州,历史类,2025,专科批,311,84649,3
重庆应用技术职业学院,贵州,历史类,2025,专科批,311,84667,2
淮南职业技术学院,贵州,历史类,2025,专科批,310,84772,7
天津城市建设管理职业技术学院,贵州,历史类,2025,专科批,310,84772,13
云南商务职业学院,贵州,历史类,2025,专科批,310,84772,9
贵州农业职业学院,贵州,历史类,2025,专科批,310,84772,570
黑龙江幼儿师范高等专科学校,贵州,历史类,2025,专科批,309,84878,16
烟台汽车工程职业学院,贵州,历史类,2025,专科批,309,84809,8
益阳职业技术学院,贵州,历史类,2025,专科批,309,84878,14
重庆信息技术职业学院,贵州,历史类,2025,专科批,309,84878,10
河北科技工程职业技术大学,贵州,历史类,2025,专科批,309,84878,9
湖南吉利汽车职业技术学院,贵州,历史类,2025,专科批,308,84906,2
武汉信息传播职业技术学院,贵州,历史类,2025,专科批,308,84993,8
枣庄科技职业学院,贵州,历史类,2025,专科批,308,84993,7
广州华立科技职业学院,贵州,历史类,2025,专科批,308,84993,11
西昌民族幼儿师范高等专科学校,贵州,历史类,2025,专科批,307,85091,5
巴音郭楞职业技术学院,贵州,历史类,2025,专科批,307,85091,2
四川城市职业学院,贵州,历史类,2025,专科批,306,85193,4
鹤岗师范高等专科学校,贵州,历史类,2025,专科批,306,85107,7
长沙环境保护职业技术学院,贵州,历史类,2025,专科批,305,85291,20
重庆资源与环境保护职业学院,贵州,历史类,2025,专科批,305,85291,5
黑龙江林业职业技术学院,贵州,历史类,2025,专科批,305,85221,1
黑龙江旅游职业技术学院,贵州,历史类,2025,专科批,305,85291,8
武汉光谷职业学院,贵州,历史类,2025,专科批,304,85373,4
榆林能源科技职业学院,贵州,历史类,2025,专科批,304,85373,5
大兴安岭职业学院,贵州,历史类,2025,专科批,304,85373,5
辽宁民族师范高等专科学校,贵州,历史类,2025,专科批,303,83958,6
潍坊工程职业学院,贵州,历史类,2025,专科批,303,85431,3
武汉外语外事职业学院,贵州,历史类,2025,专科批,303,85476,9
枣庄职业学院,贵州,历史类,2025,专科批,303,85476,6
广西国际商务职业技术学院,贵州,历史类,2025,专科批,303,85476,15
巴中职业技术学院,贵州,历史类,2025,专科批,303,85476,13
哈尔滨应用职业技术学院,贵州,历史类,2025,专科批,303,85401,1
辽宁地质工程职业学院,贵州,历史类,2025,专科批,302,85561,7
青岛求实职业技术学院,贵州,历史类,2025,专科批,302,85561,4
湘西民族职业技术学院,贵州,历史类,2025,专科批,302,85561,17
哈尔滨幼儿师范高等专科学校,贵州,历史类,2025,专科批,302,84529,7
黑龙江农业经济职业学院,贵州,历史类,2025,专科批,302,85543,2
湖南水利水电职业技术学院,贵州,历史类,2025,专科批,301,85645,26
江西工业工程职业技术学院,贵州,历史类,2025,专科批,301,85645,9
景德镇艺术职业大学,贵州,历史类,2025,专科批,301,85645,6
辽宁生态工程职业学院,贵州,历史类,2025,专科批,301,85645,4
辽宁职业学院,贵州,历史类,2025,专科批,301,85645,6
闽北职业技术学院,贵州,历史类,2025,专科批,301,85276,8
江西传媒职业学院,贵州,历史类,2025,专科批,300,85716,42
辽宁轻工职业学院,贵州,历史类,2025,专科批,300,85716,11
四川科技职业学院,贵州,历史类,2025,专科批,300,85716,10
伊春职业学院,贵州,历史类,2025,专科批,300,85716,16
重庆护理职业学院,贵州,历史类,2025,专科批,300,85716,27
泰山职业技术学院,贵州,历史类,2025,专科提前批,300,85716,4
辽宁特殊教育师范高等专科学校,贵州,历史类,2025,专科批,299,85801,10
襄阳科技职业学院,贵州,历史类,2025,专科批,299,85801,11
重庆海联职业技术学院,贵州,历史类,2025,专科批,299,85801,13
重庆建筑工程职业学院,贵州,历史类,2025,专科批,299,85801,132
海南外国语职业学院,贵州,历史类,2025,专科批,299,85801,
南昌理工学院,贵州,历史类,2025,专科批,298,85877,16
梧州医学高等专科学校,贵州,历史类,2025,专科批,298,85877,7
广东茂名幼儿师范专科学校,贵州,历史类,2025,专科批,298,85877,23
广西幼儿师范高等专科学校,贵州,历史类,2025,专科批,298,85877,19
河南工业和信息化职业学院,贵州,历史类,2025,专科批,298,85838,1
娄底职业技术学院,贵州,历史类,2025,专科批,297,85964,45
襄阳汽车职业技术学院,贵州,历史类,2025,专科批,297,85964,13
德阳城市轨道交通职业学院,贵州,历史类,2025,专科批,297,85964,6
广东工程职业技术学院,贵州,历史类,2025,专科批,297,85964,18
广西安全工程职业技术学院,贵州,历史类,2025,专科批,297,85964,8
钦州幼儿师范高等专科学校,贵州,历史类,2025,专科批,296,83784,11
资阳环境科技职业学院,贵州,历史类,2025,专科批,296,86019,2
鹤壁职业技术学院,贵州,历史类,2025,专科批,296,86019,24
陕西艺术职业学院,贵州,历史类,2025,专科批,295,86025,5
海南科技职业大学,贵州,历史类,2025,专科批,295,86087,8
广东南方职业学院,贵州,历史类,2025,专科批,294,86152,2
贵州健康职业学院,贵州,历史类,2025,专科批,294,86152,749
昆明艺术职业学院,贵州,历史类,2025,专科批,293,86196,3
塔城职业技术学院,贵州,历史类,2025,专科批,292,86280,3
西安海棠职业学院,贵州,历史类,2025,专科批,292,86280,16
湖北生物科技职业学院,贵州,历史类,2025,专科批,291,86348,31
甘肃有色冶金职业技术学院,贵州,历史类,2025,专科批,291,86322,3
昆明冶金高等专科学校,贵州,历史类,2025,专科批,290,86354,4
内江职业技术学院,贵州,历史类,2025,专科批,290,86378,3
张家口职业技术学院,贵州,历史类,2025,专科批,290,86350,2
吉安职业技术学院,贵州,历史类,2025,专科批,289,86452,41
自贡职业技术学院,贵州,历史类,2025,专科批,289,86433,1
南充职业技术学院,贵州,历史类,2025,专科批,288,86507,5
四川汽车职业技术学院,贵州,历史类,2025,专科批,288,86484,2
安阳职业技术学院,贵州,历史类,2025,专科批,288,86512,70
丽江文化旅游学院,贵州,历史类,2025,专科批,287,86565,3
泰山职业技术学院,贵州,历史类,2025,专科批,287,86565,5
抚顺职业技术学院,贵州,历史类,2025,专科批,287,86565,7
塔里木职业技术学院,贵州,历史类,2025,专科批,286,86630,15
中山火炬职业技术学院,贵州,历史类,2025,专科批,286,86630,10
广东岭南职业技术学院,贵州,历史类,2025,专科批,286,86630,7
广州华夏职业学院,贵州,历史类,2025,专科批,286,86630,4
贵州电子科技职业学院,贵州,历史类,2025,专科批,286,86630,539
济南幼儿师范高等专科学校,贵州,历史类,2025,专科批,285,86669,9
云南工商学院,贵州,历史类,2025,专科批,285,85819,14
重庆建筑科技职业学院,贵州,历史类,2025,专科批,285,86687,7
海南职业技术学院,贵州,历史类,2025,专科批,285,86687,14
河北旅游职业学院,贵州,历史类,2025,专科批,285,86687,6
山东协和学院,贵州,历史类,2025,专科批,284,86746,4
西安汽车职业大学,贵州,历史类,2025,专科批,284,86746,6
益阳师范高等专科学校,贵州,历史类,2025,专科批,284,86746,8
赣西科技职业学院,贵州,历史类,2025,专科批,284,86746,280
广州南洋理工职业学院,贵州,历史类,2025,专科批,284,86746,7
山东服装职业学院,贵州,历史类,2025,专科批,283,83174,8
四川长江职业学院,贵州,历史类,2025,专科批,283,86805,13
湖北工程学院新技术学院,贵州,历史类,2025,专科批,282,86847,11
牡丹江大学,贵州,历史类,2025,专科批,282,86847,10
湖南九嶷职业技术学院,贵州,历史类,2025,专科批,281,86887,23
铜仁职业技术大学,贵州,历史类,2025,专科批,281,86887,563
贵州轻工职业大学,贵州,历史类,2025,专科批,281,86887,363
合肥科技职业学院,贵州,历史类,2025,专科批,281,86851,2
黑龙江职业学院,贵州,历史类,2025,专科批,280,86934,14
西安城市建设职业学院,贵州,历史类,2025,专科批,279,86980,5
中山职业技术学院,贵州,历史类,2025,专科批,279,86980,7
重庆轻工职业学院,贵州,历史类,2025,专科批,279,86980,17
海口经济学院,贵州,历史类,2025,专科批,279,86980,14
南昌工学院,贵州,历史类,2025,专科批,278,87024,19
湖北城市建设职业技术学院,贵州,历史类,2025,专科批,277,87059,21
锦州师范高等专科学校,贵州,历史类,2025,专科批,277,87059,45
三亚城市职业学院,贵州,历史类,2025,专科批,277,87059,3
沧州幼儿师范高等专科学校,贵州,历史类,2025,专科批,277,87059,8
山东力明科技职业学院,贵州,历史类,2025,专科批,276,87096,11
武昌职业学院,贵州,历史类,2025,专科提前批,276,87096,8
荆州职业技术学院,贵州,历史类,2025,专科批,275,87147,43
宜昌科技职业学院,贵州,历史类,2025,专科批,275,87147,19
广西水利电力职业技术学院,贵州,历史类,2025,专科批,275,87147,7
湖北工业职业技术学院,贵州,历史类,2025,专科批,273,87233,34
恩施职业技术学院,贵州,历史类,2025,专科批,273,84198,4
广西生态工程职业技术学院,贵州,历史类,2025,专科批,273,87233,9
阳泉师范高等专科学校,贵州,历史类,2025,专科批,272,87267,20
广西工业职业技术学院,贵州,历史类,2025,专科批,272,87267,76
天津滨海职业学院,贵州,历史类,2025,专科批,271,87304,19
福州英华职业学院,贵州,历史类,2025,专科批,271,85405,2
海南软件职业技术学院,贵州,历史类,2025,专科批,271,87304,8
柳州城市职业学院,贵州,历史类,2025,专科批,270,87340,32
六安职业技术学院,贵州,历史类,2025,专科批,270,87340,
广西物流职业技术学院,贵州,历史类,2025,专科批,270,87338,4
江西冶金职业技术学院,贵州,历史类,2025,专科批,269,87373,13
荆门职业学院,贵州,历史类,2025,专科批,269,87373,73
南昌职业大学,贵州,历史类,2025,专科批,268,87419,3
渤海船舶职业学院,贵州,历史类,2025,专科批,268,87419,7
广西机电职业技术学院,贵州,历史类,2025,专科批,268,84763,5
山东电子职业技术学院,贵州,历史类,2025,专科批,267,84405,9
榆林职业技术学院,贵州,历史类,2025,专科批,267,87450,61
安庆职业技术学院,贵州,历史类,2025,专科批,267,87450,14
湖南软件职业技术大学,贵州,历史类,2025,专科批,266,87492,6
怀化职业技术学院,贵州,历史类,2025,专科批,266,87492,63
日照航海工程职业学院,贵州,历史类,2025,专科提前批,266,87492,12
四川电子机械职业技术学院,贵州,历史类,2025,专科批,265,87520,4
广州城建职业学院,贵州,历史类,2025,专科批,265,87520,10
山东轻工职业学院,贵州,历史类,2025,专科批,264,87556,4
云南外事外语职业学院,贵州,历史类,2025,专科批,264,87556,3
黑龙江商业职业学院,贵州,历史类,2025,专科批,264,87556,4
泉州经贸职业技术学院,贵州,历史类,2025,专科批,262,87598,17
三亚中瑞酒店管理职业学院,贵州,历史类,2025,专科批,261,87608,1
沈阳职业技术学院,贵州,历史类,2025,专科批,261,87629,28
四川大学锦江学院,贵州,历史类,2025,专科批,261,87629,27
西安思源学院,贵州,历史类,2025,专科批,261,85225,2
民办四川天一学院,贵州,历史类,2025,专科批,260,87655,6
哈尔滨铁道职业技术学院,贵州,历史类,2025,专科批,260,87655,37
陕西工商职业学院,贵州,历史类,2025,专科批,259,87680,8
长沙南方职业学院,贵州,历史类,2025,专科批,259,87689,11
抚州职业技术学院,贵州,历史类,2025,专科批,259,87689,29
云南理工职业学院,贵州,历史类,2025,专科批,258,87720,8
河源职业技术学院,贵州,历史类,2025,专科批,258,87720,10
随州职业技术学院,贵州,历史类,2025,专科批,257,87744,34
云南工程职业学院,贵州,历史类,2025,专科批,257,87744,15
重庆电讯职业学院,贵州,历史类,2025,专科批,257,87744,17
甘肃畜牧工程职业技术学院,贵州,历史类,2025,专科批,257,87744,11
湖南城建职业技术学院,贵州,历史类,2025,专科批,256,87771,6
黄冈科技职业学院,贵州,历史类,2025,专科批,256,87771,11
冀中职业学院,贵州,历史类,2025,专科批,255,87800,13
武昌职业学院,贵州,历史类,2025,专科批,255,83505,4
云南三鑫职业技术学院,贵州,历史类,2025,专科批,255,87800,33
重庆艺术工程职业学院,贵州,历史类,2025,专科批,255,87800,11
广州华南商贸职业学院,贵州,历史类,2025,专科批,255,87774,2
湖北工程职业学院,贵州,历史类,2025,专科批,254,87824,40
四川托普信息技术职业学院,贵州,历史类,2025,专科批,254,87824,3
黑龙江民族职业学院,贵州,历史类,2025,专科批,254,87824,14
重庆旅游职业学院,贵州,历史类,2025,专科批,253,87848,152
包头职业技术学院,贵州,历史类,2025,专科批,253,87843,5
宝鸡三和职业学院,贵州,历史类,2025,专科批,253,87837,2
湖北文理学院理工学院,贵州,历史类,2025,专科批,252,87870,7
菏泽家政职业学院,贵州,历史类,2025,专科批,252,87870,57
湖北商贸学院,贵州,历史类,2025,专科批,251,87126,10
陕西旅游烹饪职业学院,贵州,历史类,2025,专科批,251,87879,3
喀什理工职业技术学院,贵州,历史类,2025,专科批,250,87906,8
四川国际标榜职业学院,贵州,历史类,2025,专科批,249,87907,1
云南经济管理学院,贵州,历史类,2025,专科批,249,87920,40
云南新兴职业学院,贵州,历史类,2025,专科批,249,87920,21
辽宁金融职业学院,贵州,历史类,2025,专科批,247,87958,8
黔东南理工职业学院,贵州,历史类,2025,专科批,247,85258,37
广东亚视演艺职业学院,贵州,历史类,2025,专科批,247,85702,3
天津石油职业技术学院,贵州,历史类,2025,专科批,246,87974,15
喀什职业技术学院,贵州,历史类,2025,专科批,245,87986,15
重庆能源职业学院,贵州,历史类,2025,专科批,245,87986,9
贵州盛华职业学院,贵州,历史类,2025,专科批,243,88013,105
盘锦职业技术学院,贵州,历史类,2025,专科批,242,88038,7
四川文化传媒职业学院,贵州,历史类,2025,专科批,242,86859,4
重庆公共运输职业学院,贵州,历史类,2025,专科批,242,88038,61
鄂州职业大学,贵州,历史类,2025,专科批,242,88038,165
包头钢铁职业技术学院,贵州,历史类,2025,专科批,241,88048,14
江西新能源科技职业学院,贵州,历史类,2025,专科批,240,88068,7
重庆传媒职业学院,贵州,历史类,2025,专科批,240,88068,54
贵州航空职业技术学院,贵州,历史类,2025,专科批,240,88068,291
贵州铜仁数据职业学院,贵州,历史类,2025,专科批,240,88068,85
江西工程职业学院,贵州,历史类,2025,专科批,239,88091,14
荆州理工职业学院,贵州,历史类,2025,专科批,239,88091,81
天门职业学院,贵州,历史类,2025,专科批,239,88091,46
成都外国语学院,贵州,历史类,2025,专科批,239,88091,16
三峡旅游职业技术学院,贵州,历史类,2025,专科批,237,88120,27
郑州幼儿师范高等专科学校,贵州,历史类,2025,专科批,237,88110,9
贵州机电职业技术学院,贵州,历史类,2025,专科批,236,88129,359
福州软件职业技术学院,贵州,历史类,2025,专科批,234,88150,2
宣化科技职业学院,贵州,历史类,2025,专科批,233,88162,18
重庆理工职业学院,贵州,历史类,2025,专科批,233,88162,10
黔南民族幼儿师范高等专科学校,贵州,历史类,2025,专科批,231,88184,865
武汉工程职业技术学院,贵州,历史类,2025,专科批,231,88184,35
遵义职业技术学院,贵州,历史类,2025,专科批,231,88184,318
潍坊工商职业学院,贵州,历史类,2025,专科批,229,88194,1
四川文轩职业学院,贵州,历史类,2025,专科批,228,86023,8
重庆交通职业学院,贵州,历史类,2025,专科批,228,88210,117
昆明城市学院,贵州,历史类,2025,专科批,226,88224,1
重庆健康职业学院,贵州,历史类,2025,专科批,226,88226,24
六盘水幼儿师范高等专科学校,贵州,历史类,2025,专科批,225,88234,297
三亚航空旅游职业学院,贵州,历史类,2025,专科批,224,88241,9
贵州工贸职业学院,贵州,历史类,2025,专科批,224,88241,88
黔南民族职业技术学院,贵州,历史类,2025,专科批,223,88247,346
滨州职业学院,贵州,历史类,2025,专科批,221,88262,18
贵州电子信息职业技术学院,贵州,历史类,2025,专科批,220,88267,641
重庆经贸职业学院,贵州,历史类,2025,专科批,219,86152,21
重庆安防职业学院,贵州,历史类,2025,专科批,217,88281,15
毕节幼儿师范高等专科学校,贵州,历史类,2025,专科批,216,88285,834
四川华新现代职业学院,贵州,历史类,2025,专科批,216,88285,2
贵州生态能源职业学院,贵州,历史类,2025,专科批,215,88295,673
黑龙江农业职业技术学院,贵州,历史类,2025,专科批,215,88295,10
贵州食品工程职业学院,贵州,历史类,2025,专科批,213,88304,495
毕节职业技术学院,贵州,历史类,2025,专科批,212,88308,540
贵州经贸职业技术学院,贵州,历史类,2025,专科批,212,88308,579
保定职业技术学院,贵州,历史类,2025,专科批,211,88312,29
黔西南民族职业技术学院,贵州,历史类,2025,专科批,211,88312,533
佳木斯职业学院,贵州,历史类,2025,专科批,209,88317,8
哈尔滨科学技术职业学院,贵州,历史类,2025,专科批,209,88325,19
包头轻工职业技术学院,贵州,历史类,2025,专科批,206,88338,15
重庆智能工程职业学院,贵州,历史类,2025,专科批,205,88342,14
贵州传媒职业学院,贵州,历史类,2025,专科批,205,88342,397
河北交通职业技术学院,贵州,历史类,2025,专科批,203,88347,4
黑龙江三江美术职业学院,贵州,历史类,2025,专科批,203,88345,2
四川西南航空职业学院,贵州,历史类,2025,专科批,201,88356,22
铜仁幼儿师范高等专科学校,贵州,历史类,2025,专科批,201,88356,529
六盘水职业技术学院,贵州,历史类,2025,专科批,199,88361,517
西安医学高等专科学校,贵州,历史类,2025,专科批,198,88367,39
贵州文化旅游职业学院,贵州,历史类,2025,专科批,198,88367,148
贵州水利水电职业技术学院,贵州,历史类,2025,专科批,195,88372,513
重庆科创职业学院,贵州,历史类,2025,专科批,193,88373,70
贵州工程职业学院,贵州,历史类,2025,专科批,192,88376,449
贵州工商职业学院,贵州,历史类,2025,专科批,189,88381,444
贵州应用技术职业学院,贵州,历史类,2025,专科批,188,88382,192
贵州城市职业学院,贵州,历史类,2025,专科批,187,88383,258
云南医药健康职业学院,贵州,历史类,2025,专科批,186,88386,143
广西金融职业技术学院,贵州,历史类,2025,专科批,186,88386,2
贵州航天职业技术学院,贵州,历史类,2025,专科批,186,88386,660
黔东南民族职业技术学院,贵州,历史类,2025,专科批,184,88394,733
毕节工业职业技术学院,贵州,历史类,2025,专科批,184,88394,495
贵州民用航空职业学院,贵州,历史类,2025,专科批,183,88396,126
大连职业技术学院,贵州,历史类,2025,专科批,182,87759,9
三亚护理职业学院,贵州,历史类,2025,专科批,180,88398,
贵州电子商务职业技术学院,贵州,历史类,2025,专科批,180,88398,432
清华大学,贵州,物理类,2025,本科批,674,153,56
浙江大学医学院,贵州,物理类,2025,本科批,671,204,1
北京大学,贵州,物理类,2025,本科批,670,221,24
清华大学,贵州,物理类,2025,本科提前批B段,665,349,10
上海交通大学,贵州,物理类,2025,本科批,658,547,53
上海交通大学医学院,贵州,物理类,2025,本科批,655,647,23
北京大学医学部,贵州,物理类,2025,本科批,652,758,29
复旦大学,贵州,物理类,2025,本科批,650,840,66
南京大学,贵州,物理类,2025,本科批,647,1020,65
中国科学技术大学,贵州,物理类,2025,本科提前批B段,647,1015,1
上海交通大学医学院,贵州,物理类,2025,本科提前批B段,644,1197,2
中国人民大学,贵州,物理类,2025,本科提前批B段,643,1244,1
浙江大学,贵州,物理类,2025,本科批,642,1323,57
中国科学技术大学,贵州,物理类,2025,本科批,641,1398,30
香港中文大学(深圳),贵州,物理类,2025,本科提前批B段,640,1458,10
浙江大学,贵州,物理类,2025,本科提前批B段,637,1704,7
哈尔滨工业大学,贵州,物理类,2025,本科提前批B段,634,1950,2
北京航空航天大学,贵州,物理类,2025,本科批,633,2065,89
中国人民大学,贵州,物理类,2025,本科批,633,2065,27
上海交通大学,贵州,物理类,2025,本科提前批B段,632,2165,6
电子科技大学,贵州,物理类,2025,本科提前批B段,631,2273,6
北京电子科技学院,贵州,物理类,2025,本科提前批A段,630,2386,16
北京师范大学,贵州,物理类,2025,本科提前批B段,630,2301,1
武汉大学,贵州,物理类,2025,本科提前批B段,630,2386,5
北京航空航天大学,贵州,物理类,2025,本科提前批B段,628,2500,2
中国人民解放军国防科技大学,贵州,物理类,2025,本科批,627,2700,35
西北工业大学,贵州,物理类,2025,本科提前批B段,626,2747,2
香港科技大学(广州),贵州,物理类,2025,本科提前批B段,626,2817,10
华中科技大学,贵州,物理类,2025,本科提前批B段,625,2944,5
西安交通大学,贵州,物理类,2025,本科提前批B段,622,3236,6
华东师范大学,贵州,物理类,2025,本科批,621,3443,49
电子科技大学,贵州,物理类,2025,本科批,621,3443,132
南方科技大学,贵州,物理类,2025,本科提前批A段,621,3403,28
中国人民解放军国防科技大学,贵州,物理类,2025,本科提前批A段,621,3443,51
上海科技大学,贵州,物理类,2025,本科提前批A段,619,3749,10
北京师范大学,贵州,物理类,2025,本科批,615,4366,29
哈尔滨工业大学,贵州,物理类,2025,本科批,614,4526,44
上海海关学院,贵州,物理类,2025,本科提前批B段,613,4701,3
北京师范大学,贵州,物理类,2025,本科提前批C段,613,4589,12
南开大学,贵州,物理类,2025,本科批,612,4866,63
网络空间部队信息工程大学,贵州,物理类,2025,本科提前批A段,611,5037,22
南京大学,贵州,物理类,2025,本科提前批B段,610,5223,6
陕西师范大学,贵州,物理类,2025,本科提前批B段,609,5259,4
华东师范大学,贵州,物理类,2025,本科提前批C段,608,5586,35
北京邮电大学,贵州,物理类,2025,本科提前批B段,607,5743,3
中山大学,贵州,物理类,2025,本科提前批B段,607,5762,10
香港中文大学,贵州,物理类,2025,本科提前批B段,606,5943,5
上海纽约大学,贵州,物理类,2025,本科提前批A段,605,6073,1
四川大学,贵州,物理类,2025,本科提前批B段,604,6009,8
厦门大学,贵州,物理类,2025,本科提前批B段,604,6277,3
中国政法大学,贵州,物理类,2025,本科提前批B段,604,6146,1
华中科技大学,贵州,物理类,2025,本科批,603,6544,141
天津大学,贵州,物理类,2025,本科批,603,6544,64
北京理工大学,贵州,物理类,2025,本科提前批B段,603,6510,3
同济大学,贵州,物理类,2025,本科提前批B段,603,6544,16
西南大学,贵州,物理类,2025,本科提前批C段,603,6544,92
四川大学,贵州,物理类,2025,本科批,602,6766,312
西安电子科技大学,贵州,物理类,2025,本科批,602,6766,145
中山大学,贵州,物理类,2025,本科批,602,6766,130
东南大学,贵州,物理类,2025,本科批,602,6766,83
陕西师范大学,贵州,物理类,2025,本科提前批C段,601,6973,76
同济大学,贵州,物理类,2025,本科批,599,7413,132
西北工业大学,贵州,物理类,2025,本科批,599,7413,72
复旦大学上海医学院,贵州,物理类,2025,本科批,599,7330,7
湖南大学,贵州,物理类,2025,本科提前批B段,599,7413,4
西安电子科技大学,贵州,物理类,2025,本科提前批B段,599,7289,1
华中师范大学,贵州,物理类,2025,本科提前批C段,599,7413,
东北师范大学,贵州,物理类,2025,本科提前批C段,599,7413,16
北京理工大学,贵州,物理类,2025,本科批,598,7453,80
香港城市大学,贵州,物理类,2025,本科提前批B段,598,7640,5
中国人民解放军空军工程大学,贵州,物理类,2025,本科提前批A段,597,7869,49
外交学院,贵州,物理类,2025,本科提前批B段,597,7641,5
哈尔滨工程大学,贵州,物理类,2025,本科提前批B段,596,7950,1
北京协和医学院,贵州,物理类,2025,本科批,595,8269,3
大连理工大学,贵州,物理类,2025,本科提前批B段,595,8349,4
东南大学,贵州,物理类,2025,本科提前批B段,595,8164,5
南开大学,贵州,物理类,2025,本科提前批B段,594,8383,4
西安交通大学,贵州,物理类,2025,本科批,593,8828,25
中国海洋大学,贵州,物理类,2025,本科提前批B段,593,8826,1
贵州师范大学,贵州,物理类,2025,本科提前批C段,593,8828,44
武汉大学,贵州,物理类,2025,本科批,592,9073,124
中国政法大学,贵州,物理类,2025,本科批,592,9073,23
华东师范大学,贵州,物理类,2025,本科提前批B段,592,9073,2
哈尔滨工程大学,贵州,物理类,2025,本科批,590,9540,71
南京航空航天大学,贵州,物理类,2025,本科提前批B段,589,9693,2
重庆大学,贵州,物理类,2025,本科提前批B段,589,9828,15
安徽大学,贵州,物理类,2025,本科批,588,10008,44
江南大学,贵州,物理类,2025,本科提前批B段,588,10094,2
西南政法大学,贵州,物理类,2025,本科提前批B段,588,9872,1
陆军工程大学,贵州,物理类,2025,本科提前批B段,587,10306,7
东北大学秦皇岛分校,贵州,物理类,2025,本科批,586,10621,71
华南理工大学,贵州,物理类,2025,本科批,585,10908,123
西南政法大学,贵州,物理类,2025,本科批,585,10908,30
厦门大学,贵州,物理类,2025,本科批,585,10908,140
大连理工大学,贵州,物理类,2025,本科批,585,10908,55
贵州师范学院,贵州,物理类,2025,本科提前批C段,585,10908,50
首都师范大学,贵州,物理类,2025,本科批,583,11480,8
兰州大学,贵州,物理类,2025,本科提前批B段,583,11216,2
南京理工大学,贵州,物理类,2025,本科提前批B段,583,11480,4
西南财经大学,贵州,物理类,2025,本科批,582,11764,83
火箭军工程大学,贵州,物理类,2025,本科提前批A段,582,11764,52
中国农业大学,贵州,物理类,2025,本科提前批B段,582,11764,2
北京化工大学,贵州,物理类,2025,本科批,581,12067,109
山东大学,贵州,物理类,2025,本科批,581,12067,106
中国农业大学,贵州,物理类,2025,本科批,581,12067,86
对外经济贸易大学,贵州,物理类,2025,本科批,581,12067,30
中央财经大学,贵州,物理类,2025,本科批,580,12399,49
中央民族大学,贵州,物理类,2025,本科批,580,12399,108
海军工程大学,贵州,物理类,2025,本科提前批A段,580,12399,27
深圳大学,贵州,物理类,2025,本科批,579,12697,34
海军军医大学,贵州,物理类,2025,本科批,578,13009,22
苏州大学,贵州,物理类,2025,本科提前批B段,578,12959,2
西北大学,贵州,物理类,2025,本科提前批B段,578,12909,1
东北大学,贵州,物理类,2025,本科提前批B段,578,12914,2
南京航空航天大学,贵州,物理类,2025,本科批,577,13361,129
北京外国语大学,贵州,物理类,2025,本科批,577,13361,14
上海财经大学,贵州,物理类,2025,本科批,577,13361,54
深圳技术大学,贵州,物理类,2025,本科批,577,13361,22
中国传媒大学,贵州,物理类,2025,本科批,577,13361,46
空军预警学院,贵州,物理类,2025,本科提前批A段,577,13361,12
联勤保障部队工程大学,贵州,物理类,2025,本科提前批A段,577,13361,23
华北电力大学,贵州,物理类,2025,本科提前批B段,576,13530,1
北京邮电大学,贵州,物理类,2025,本科批,575,14004,103
北京中医药大学,贵州,物理类,2025,本科提前批B段,575,13807,1
北京中医药大学,贵州,物理类,2025,高校专项计划批,575,14004,
湖南大学,贵州,物理类,2025,本科批,574,14357,115
兰州大学,贵州,物理类,2025,本科批,574,14357,91
西北政法大学,贵州,物理类,2025,本科批,574,14357,11
中南大学,贵州,物理类,2025,本科批,574,14357,254
重庆大学,贵州,物理类,2025,本科批,574,14357,173
东北大学,贵州,物理类,2025,本科批,574,14357,122
吉林大学,贵州,物理类,2025,本科提前批B段,574,14185,1
华南师范大学,贵州,物理类,2025,本科批,573,14691,24
中国海洋大学,贵州,物理类,2025,本科批,573,14691,99
中国人民解放军陆军军医大学,贵州,物理类,2025,本科提前批A段,573,14691,
苏州大学,贵州,物理类,2025,本科批,572,14892,150
云南大学,贵州,物理类,2025,本科提前批B段,572,14958,2
东北师范大学,贵州,物理类,2025,本科提前批B段,572,14860,1
中国石油大学(北京),贵州,物理类,2025,本科批,570,15689,
华南理工大学,贵州,物理类,2025,本科提前批B段,570,15355,2
北京化工大学,贵州,物理类,2025,本科提前批B段,570,15689,2
上海财经大学,贵州,物理类,2025,本科提前批B段,570,15671,2
武警工程大学,贵州,物理类,2025,本科提前批A段,569,16044,30
山东大学,贵州,物理类,2025,本科提前批B段,568,16400,3
中国地质大学(武汉),贵州,物理类,2025,本科提前批B段,568,16128,1
吉林大学,贵州,物理类,2025,本科批,567,16768,96
江南大学,贵州,物理类,2025,本科批,567,16768,75
西安邮电大学,贵州,物理类,2025,本科批,567,16768,20
中国石油大学(华东),贵州,物理类,2025,本科提前批B段,567,16570,1
重庆邮电大学,贵州,物理类,2025,本科批,566,17120,106
陆军兵种大学,贵州,物理类,2025,本科提前批A段,566,17120,44
中国传媒大学,贵州,物理类,2025,本科提前批B段,566,17110,2
中国药科大学,贵州,物理类,2025,本科提前批B段,566,17120,2
中南财经政法大学,贵州,物理类,2025,本科提前批B段,566,17120,3
华中师范大学,贵州,物理类,2025,本科批,565,17471,3
中国人民解放军陆军军医大学,贵州,物理类,2025,本科批,565,17471,
南方医科大学,贵州,物理类,2025,本科批,565,17471,53
天津大学,贵州,物理类,2025,本科提前批B段,565,17435,6
华东政法大学,贵州,物理类,2025,本科批,564,17846,66
西北农林科技大学,贵州,物理类,2025,本科提前批B段,564,17846,2
广西大学,贵州,物理类,2025,本科提前批B段,564,17120,
华北电力大学,贵州,物理类,2025,本科批,563,18209,134
南京邮电大学,贵州,物理类,2025,本科批,563,18209,129
中南大学,贵州,物理类,2025,本科提前批B段,563,18209,9
上海戏剧学院,贵州,物理类,2025,本科批,562,18595,3
西北农林科技大学,贵州,物理类,2025,本科批,562,18595,125
华东理工大学,贵州,物理类,2025,本科提前批B段,562,18595,
华东理工大学,贵州,物理类,2025,本科批,561,18970,
中国药科大学,贵州,物理类,2025,本科批,560,19005,91
北京交通大学,贵州,物理类,2025,本科批,559,19736,128
上海外国语大学,贵州,物理类,2025,本科提前批B段,559,19736,8
天津医科大学,贵州,物理类,2025,本科批,558,20165,54
川北医学院,贵州,物理类,2025,本科批,558,19906,5
华中农业大学,贵州,物理类,2025,本科批,557,20580,132
郑州大学,贵州,物理类,2025,本科批,557,20580,97
北京科技大学,贵州,物理类,2025,本科提前批B段,557,20409,1
贵州大学,贵州,物理类,2025,本科提前批B段,557,20580,13
中国民航大学,贵州,物理类,2025,本科批,555,21408,
湖南师范大学,贵州,物理类,2025,本科批,554,21843,49
北京科技大学,贵州,物理类,2025,本科批,554,21843,92
太原理工大学,贵州,物理类,2025,本科批,554,21843,107
湘潭大学,贵州,物理类,2025,本科批,554,21843,57
中国地质大学(北京),贵州,物理类,2025,本科批,554,21843,59
西北大学,贵州,物理类,2025,本科批,553,22253,40
南京航空航天大学,贵州,物理类,2025,本科提前批A段,552,22281,10
北京交通大学,贵州,物理类,2025,本科提前批B段,552,22470,1
西南财经大学,贵州,物理类,2025,本科提前批B段,552,22592,1
上海海关学院,贵州,物理类,2025,本科批,551,23053,3
东华大学,贵州,物理类,2025,本科批,551,23104,67
北京外国语大学,贵州,物理类,2025,本科提前批A段,551,23104,2
南昌大学,贵州,物理类,2025,本科批,550,23125,95
四川警察学院,贵州,物理类,2025,本科批,550,23204,1
南京理工大学,贵州,物理类,2025,本科批,549,23977,102
南京医科大学,贵州,物理类,2025,本科批,549,23977,13
山西大学,贵州,物理类,2025,本科批,549,23977,22
福州大学,贵州,物理类,2025,本科提前批B段,549,23977,4
上海电力大学,贵州,物理类,2025,本科批,548,24415,143
上海外国语大学,贵州,物理类,2025,本科批,548,24415,9
武汉理工大学,贵州,物理类,2025,本科批,548,24415,188
西南交通大学,贵州,物理类,2025,本科批,548,24415,230
中国石油大学(华东),贵州,物理类,2025,本科批,548,24415,78
北京语言大学,贵州,物理类,2025,本科提前批B段,548,24415,4
上海大学,贵州,物理类,2025,本科批,547,24866,171
广州大学,贵州,物理类,2025,本科批,547,24866,34
中国民用航空飞行学院,贵州,物理类,2025,本科提前批A段,547,24755,15
武汉理工大学,贵州,物理类,2025,本科提前批B段,547,24866,31
中国地质大学(北京),贵州,物理类,2025,本科提前批B段,547,24820,1
南京农业大学,贵州,物理类,2025,本科批,545,25794,144
中国石油大学(北京)克拉玛依校区,贵州,物理类,2025,本科提前批B段,545,25433,1
河北工业大学,贵州,物理类,2025,本科批,544,26266,39
中国消防救援学院,贵州,物理类,2025,本科提前批A段,544,26266,
首都医科大学,贵州,物理类,2025,本科批,543,26787,11
四川农业大学,贵州,物理类,2025,本科批,543,26787,115
华中师范大学,贵州,物理类,2025,本科提前批B段,543,26787,
西南大学,贵州,物理类,2025,本科提前批B段,543,26787,9
南京信息工程大学,贵州,物理类,2025,本科批,542,27271,259
大连海事大学,贵州,物理类,2025,本科批,542,27271,75
中国人民解放军陆军步兵学院,贵州,物理类,2025,本科提前批A段,542,27271,26
大连海事大学,贵州,物理类,2025,本科提前批B段,542,27054,21
中国地质大学(武汉),贵州,物理类,2025,本科批,541,27748,105
广州中医药大学,贵州,物理类,2025,本科批,541,27444,31
杭州电子科技大学,贵州,物理类,2025,本科批,541,27748,109
上海理工大学,贵州,物理类,2025,本科批,539,28756,190
中国人民解放军空军军医大学,贵州,物理类,2025,本科提前批A段,538,29266,14
南京师范大学,贵州,物理类,2025,本科提前批B段,538,28962,1
长安大学,贵州,物理类,2025,本科批,537,29837,151
西安理工大学,贵州,物理类,2025,本科批,537,29837,39
燕山大学,贵州,物理类,2025,本科批,536,30350,30
重庆交通大学,贵州,物理类,2025,本科提前批B段,536,30350,10
北京中医药大学,贵州,物理类,2025,本科批,535,30817,63
中国石油大学(北京)克拉玛依校区,贵州,物理类,2025,本科批,535,30817,63
武警警官学院,贵州,物理类,2025,本科提前批A段,535,30817,
中国矿业大学,贵州,物理类,2025,本科提前批B段,535,30775,2
重庆理工大学,贵州,物理类,2025,本科批,534,31338,84
河南师范大学,贵州,物理类,2025,本科批,534,30708,13
成都信息工程大学,贵州,物理类,2025,本科批,533,31894,44
福州大学,贵州,物理类,2025,本科批,533,31894,204
桂林电子科技大学,贵州,物理类,2025,本科批,533,31894,59
东北林业大学,贵州,物理类,2025,本科提前批B段,533,31542,1
中国计量大学,贵州,物理类,2025,本科批,532,32410,115
广东警官学院,贵州,物理类,2025,本科批,532,32112,2
贵州警察学院,贵州,物理类,2025,本科提前批A段,532,32410,335
广西大学,贵州,物理类,2025,本科批,531,32984,
河海大学,贵州,物理类,2025,本科批,531,32984,150
重庆医科大学莱斯特大学联合学院,贵州,物理类,2025,本科批,531,32593,2
长安大学,贵州,物理类,2025,本科提前批B段,531,32984,4
东华大学,贵州,物理类,2025,本科提前批B段,531,32984,8
中国人民警察大学,贵州,物理类,2025,本科提前批A段,530,33494,13
南京师范大学,贵州,物理类,2025,本科批,529,34047,116
北京工业大学,贵州,物理类,2025,本科批,528,34602,42
武汉科技大学,贵州,物理类,2025,本科批,528,34602,154
安徽建筑大学,贵州,物理类,2025,本科批,528,34602,3
华南农业大学,贵州,物理类,2025,本科批,527,35157,85
江苏大学,贵州,物理类,2025,本科批,527,35157,191
北京体育大学,贵州,物理类,2025,本科批,527,35157,21
西南交通大学,贵州,物理类,2025,本科提前批B段,527,33641,3
中央财经大学,贵州,物理类,2025,本科提前批B段,527,34895,1
成都师范学院,贵州,物理类,2025,本科批,526,35736,6
深圳职业技术大学,贵州,物理类,2025,本科批,525,36348,10
云南警官学院,贵州,物理类,2025,本科批,525,35813,2
华中农业大学,贵州,物理类,2025,本科提前批B段,525,36139,2
对外经济贸易大学,贵州,物理类,2025,本科提前批B段,525,35981,
遵义医科大学,贵州,物理类,2025,本科提前批C段,525,36348,41
陕西科技大学,贵州,物理类,2025,本科批,524,36945,32
皖南医学院,贵州,物理类,2025,本科批,524,36945,10
东莞理工学院,贵州,物理类,2025,本科批,524,36945,20
上海海事大学,贵州,物理类,2025,本科提前批B段,524,36945,22
广东金融学院,贵州,物理类,2025,本科批,523,37496,8
西安石油大学,贵州,物理类,2025,本科批,522,38086,28
西南政法大学,贵州,物理类,2025,本科提前批A段,522,38062,2
四川外国语大学,贵州,物理类,2025,本科提前批B段,522,38086,5
郑州警察学院,贵州,物理类,2025,本科提前批A段,521,38677,29
北京林业大学,贵州,物理类,2025,本科批,520,39239,79
宁夏大学,贵州,物理类,2025,本科批,520,39239,43
中国矿业大学,贵州,物理类,2025,本科批,520,39239,164
北京工商大学,贵州,物理类,2025,本科批,519,39825,36
上海海洋大学,贵州,物理类,2025,本科批,519,39825,
上海中医药大学,贵州,物理类,2025,本科批,519,39825,
长沙理工大学,贵州,物理类,2025,本科批,519,39825,78
合肥工业大学,贵州,物理类,2025,本科批,519,39825,131
贵州医科大学,贵州,物理类,2025,本科提前批C段,519,39825,42
陕西中医药大学,贵州,物理类,2025,本科批,518,40434,15
上海政法学院,贵州,物理类,2025,本科批,518,40434,3
重庆医科大学,贵州,物理类,2025,本科批,518,40434,61
海南大学,贵州,物理类,2025,国家专项计划批,517,41036,
山西工学院,贵州,物理类,2025,本科批,517,40541,1
西南石油大学,贵州,物理类,2025,本科批,517,41036,61
中国人民警察大学,贵州,物理类,2025,本科批,517,41036,20
南京财经大学,贵州,物理类,2025,本科批,516,41658,123
四川轻化工大学,贵州,物理类,2025,本科批,516,41658,23
五邑大学,贵州,物理类,2025,本科批,516,41658,14
广东技术师范大学,贵州,物理类,2025,本科批,516,41658,7
河北师范大学,贵州,物理类,2025,本科批,516,41332,8
中央司法警官学院,贵州,物理类,2025,本科提前批A段,516,41658,66
陕西师范大学,贵州,物理类,2025,本科批,515,42339,23
西安科技大学,贵州,物理类,2025,本科批,515,42339,61
仲恺农业工程学院,贵州,物理类,2025,本科批,515,42209,1
南京审计大学,贵州,物理类,2025,本科批,514,43026,118
延边大学,贵州,物理类,2025,本科批,514,43026,67
广东以色列理工学院,贵州,物理类,2025,本科批,514,43026,2
国际关系学院,贵州,物理类,2025,本科提前批A段,514,43026,10
青海大学,贵州,物理类,2025,本科批,513,43663,56
广东第二师范学院,贵州,物理类,2025,本科批,513,43115,3
河北医科大学,贵州,物理类,2025,本科批,513,43216,14
集美大学,贵州,物理类,2025,本科提前批B段,513,43663,55
南京农业大学,贵州,物理类,2025,本科提前批B段,513,43391,2
宁波大学,贵州,物理类,2025,本科提前批B段,513,43663,16
内蒙古大学,贵州,物理类,2025,本科批,511,45002,56
宁波诺丁汉大学,贵州,物理类,2025,本科批,511,45002,20
西藏大学,贵州,物理类,2025,本科批,511,45002,29
成都大学,贵州,物理类,2025,本科批,511,45002,60
深圳北理莫斯科大学,贵州,物理类,2025,本科提前批A段,511,43268,2
北京工业大学,贵州,物理类,2025,本科提前批B段,511,44393,2
贵州中医药大学,贵州,物理类,2025,本科提前批C段,511,45002,50
湖南第一师范学院,贵州,物理类,2025,本科批,510,45647,10
南京中医药大学,贵州,物理类,2025,本科批,510,45647,106
浙江财经大学,贵州,物理类,2025,本科批,510,45647,88
北部湾大学,贵州,物理类,2025,本科提前批B段,510,45647,10
天津工业大学,贵州,物理类,2025,本科批,509,46290,149
西南医科大学,贵州,物理类,2025,本科批,509,46290,90
广东工业大学,贵州,物理类,2025,本科批,509,46290,53
南京工业大学,贵州,物理类,2025,本科批,508,46948,254
中北大学,贵州,物理类,2025,本科批,508,46948,59
成都理工大学,贵州,物理类,2025,本科批,508,46783,141
常州大学,贵州,物理类,2025,本科批,507,47672,129
广东外语外贸大学,贵州,物理类,2025,本科批,507,47672,19
浙江警官职业学院,贵州,物理类,2025,专科提前批,506,48359,
长沙工业学院,贵州,物理类,2025,本科批,506,46381,3
南京林业大学,贵州,物理类,2025,本科批,506,48359,208
云南大学,贵州,物理类,2025,本科批,506,48359,83
云南师范大学,贵州,物理类,2025,本科批,506,48359,15
成都工业学院,贵州,物理类,2025,本科批,506,48077,24
北京印刷学院,贵州,物理类,2025,本科批,505,48512,21
石家庄铁道大学,贵州,物理类,2025,本科批,505,49105,41
西安外国语大学,贵州,物理类,2025,本科批,505,49105,16
扬州大学,贵州,物理类,2025,本科批,505,49105,193
南京警察学院,贵州,物理类,2025,本科提前批A段,505,49105,13
湖南医药学院,贵州,物理类,2025,本科批,504,49838,8
昆明理工大学,贵州,物理类,2025,本科批,504,49838,
南昌医学院,贵州,物理类,2025,本科批,504,49838,7
海军军医大学,贵州,物理类,2025,本科提前批A段,504,49838,19
北京林业大学,贵州,物理类,2025,本科提前批B段,504,49790,2
合肥工业大学,贵州,物理类,2025,本科提前批B段,504,49141,2
西安财经大学,贵州,物理类,2025,本科批,503,50530,26
新疆警察学院,贵州,物理类,2025,本科提前批A段,503,50011,2
空军航空大学,贵州,物理类,2025,本科提前批A段,503,50530,32
郑州师范学院,贵州,物理类,2025,本科批,502,50747,6
中南财经政法大学,贵州,物理类,2025,本科批,502,51240,56
广州医科大学,贵州,物理类,2025,本科批,502,51240,41
徐州医科大学,贵州,物理类,2025,本科批,501,51895,26
郑州轻工业大学,贵州,物理类,2025,本科批,501,51895,54
东北财经大学,贵州,物理类,2025,本科批,501,51895,29
烟台大学,贵州,物理类,2025,本科提前批B段,501,51895,6
湖北大学,贵州,物理类,2025,本科批,500,52633,143
湖北警官学院,贵州,物理类,2025,本科批,500,52111,10
湖南中医药大学,贵州,物理类,2025,本科批,500,52633,71
昆明医科大学海源学院,贵州,物理类,2025,本科批,500,52154,5
上海对外经贸大学,贵州,物理类,2025,本科批,500,52633,94
天津中医药大学,贵州,物理类,2025,本科批,500,52633,133
西南交通大学希望学院,贵州,物理类,2025,本科批,500,52633,5
安徽财经大学,贵州,物理类,2025,本科批,500,52633,41
河北中医药大学,贵州,物理类,2025,本科批,500,52633,10
北京第二外国语学院,贵州,物理类,2025,本科批,499,53287,11
沈阳航空航天大学,贵州,物理类,2025,本科批,499,53355,171
重庆第二师范学院,贵州,物理类,2025,本科批,499,53355,20
重庆交通大学,贵州,物理类,2025,本科批,499,53355,84
广西医科大学,贵州,物理类,2025,本科批,499,53133,30
海南医科大学,贵州,物理类,2025,本科批,499,53355,67
中南财经政法大学,贵州,物理类,2025,本科提前批A段,499,52949,3
兰州交通大学,贵州,物理类,2025,本科批,498,54074,47
北师香港浸会大学,贵州,物理类,2025,本科批,498,54074,16
上海体育大学,贵州,物理类,2025,本科批,498,54074,29
四川美术学院,贵州,物理类,2025,本科批,498,54074,5
西南大学,贵州,物理类,2025,本科批,498,54074,464
中南民族大学,贵州,物理类,2025,本科批,498,54074,282
东北农业大学,贵州,物理类,2025,本科批,498,54074,180
广西中医药大学,贵州,物理类,2025,本科批,498,54074,12
杭州师范大学,贵州,物理类,2025,本科批,498,54074,187
西华大学,贵州,物理类,2025,本科批,497,54802,64
长沙师范学院,贵州,物理类,2025,本科批,497,54529,2
云南中医药大学,贵州,物理类,2025,本科批,497,54802,22
河南中医药大学,贵州,物理类,2025,本科批,497,54241,13
苏州城市学院,贵州,物理类,2025,本科批,496,55555,30
陆军工程大学,贵州,物理类,2025,本科提前批A段,496,55555,37
南昌航空大学,贵州,物理类,2025,本科批,495,56344,103
宁波大学,贵州,物理类,2025,本科批,495,56344,122
陕西理工大学,贵州,物理类,2025,本科批,495,56344,8
四川师范大学,贵州,物理类,2025,本科批,495,56344,50
浙大城市学院,贵州,物理类,2025,本科批,495,56344,28
浙江师范大学,贵州,物理类,2025,本科批,495,56344,93
中国医科大学,贵州,物理类,2025,本科批,495,56344,17
广东海洋大学,贵州,物理类,2025,本科提前批B段,495,56344,25
三峡大学,贵州,物理类,2025,本科批,494,57118,151
重庆科技大学,贵州,物理类,2025,本科批,494,57118,62
重庆师范大学,贵州,物理类,2025,本科批,494,57118,76
阜阳师范大学,贵州,物理类,2025,本科批,494,57118,11
渤海大学,贵州,物理类,2025,本科提前批B段,494,56372,8
广州航海学院,贵州,物理类,2025,本科提前批B段,494,57118,5
衡阳师范学院,贵州,物理类,2025,本科批,493,57125,4
暨南大学,贵州,物理类,2025,本科批,493,57863,73
上海海事大学,贵州,物理类,2025,本科批,493,57863,149
长沙医学院,贵州,物理类,2025,本科批,493,57863,16
成都中医药大学,贵州,物理类,2025,本科批,493,57863,31
哈尔滨理工大学,贵州,物理类,2025,本科批,493,57863,115
西安工业大学,贵州,物理类,2025,本科批,492,58652,68
长沙学院,贵州,物理类,2025,本科批,492,58643,2
浙江工商大学,贵州,物理类,2025,本科批,492,58652,94
中华女子学院,贵州,物理类,2025,本科批,492,58652,8
福建医科大学,贵州,物理类,2025,本科批,492,58652,76
天津理工大学,贵州,物理类,2025,本科提前批B段,492,58652,13
湖北师范大学,贵州,物理类,2025,本科批,491,59438,59
青海师范大学,贵州,物理类,2025,本科批,491,59438,15
武汉纺织大学,贵州,物理类,2025,本科批,491,59438,128
许昌学院,贵州,物理类,2025,本科批,491,59036,3
青海理工学院,贵州,物理类,2025,本科批,491,59257,2
湖南科技大学,贵州,物理类,2025,本科批,490,60182,70
嘉兴大学,贵州,物理类,2025,本科批,490,60182,157
南通大学,贵州,物理类,2025,本科批,490,60182,156
天津科技大学,贵州,物理类,2025,本科批,490,60182,205
西南科技大学,贵州,物理类,2025,本科批,490,60182,61
大理大学,贵州,物理类,2025,本科批,490,60182,42
集美大学,贵州,物理类,2025,本科批,489,60955,289
辽宁大学,贵州,物理类,2025,本科批,489,60955,105
浙江科技大学,贵州,物理类,2025,本科批,489,60955,118
中国民用航空飞行学院,贵州,物理类,2025,本科批,489,60955,119
成都医学院,贵州,物理类,2025,本科批,489,60955,25
重庆电子科技职业大学,贵州,物理类,2025,本科批,489,60184,2
安徽中医药大学,贵州,物理类,2025,本科批,489,60955,15
贵州大学,贵州,物理类,2025,本科批,489,60955,5133
贵州警察学院,贵州,物理类,2025,本科批,489,60215,296
河北大学,贵州,物理类,2025,本科批,489,60955,35
浙江海洋大学,贵州,物理类,2025,本科提前批B段,489,60955,9
四川民族学院,贵州,物理类,2025,本科批,488,61495,7
苏州科技大学,贵州,物理类,2025,本科批,488,61754,217
东北师范大学,贵州,物理类,2025,本科批,488,61754,26
河北北方学院,贵州,物理类,2025,本科批,488,61754,10
湖南农业大学,贵州,物理类,2025,本科批,487,62573,45
上海立信会计金融学院,贵州,物理类,2025,本科批,487,62573,170
天津财经大学,贵州,物理类,2025,本科批,487,62573,124
浙江中医药大学,贵州,物理类,2025,本科批,487,62573,178
广西警察学院,贵州,物理类,2025,本科批,487,62573,15
阿坝师范学院,贵州,物理类,2025,本科批,486,63397,3
青岛大学,贵州,物理类,2025,本科批,486,63397,117
山东第一医科大学,贵州,物理类,2025,本科批,486,63397,66
重庆三峡学院,贵州,物理类,2025,本科批,486,63397,18
东北电力大学,贵州,物理类,2025,本科批,486,63397,101
河南科技大学,贵州,物理类,2025,本科批,486,63397,60
沈阳理工大学,贵州,物理类,2025,本科批,485,64257,97
安徽理工大学,贵州,物理类,2025,本科批,485,63654,49
重庆工商大学,贵州,物理类,2025,本科批,485,64257,166
江汉大学,贵州,物理类,2025,本科批,484,65076,111
南华大学,贵州,物理类,2025,本科批,484,65076,87
上海第二工业大学,贵州,物理类,2025,本科批,484,65076,
玉溪师范学院,贵州,物理类,2025,本科批,484,64335,6
中南林业科技大学,贵州,物理类,2025,本科批,484,65076,56
北京石油化工学院,贵州,物理类,2025,本科批,483,65977,36
山东财经大学,贵州,物理类,2025,本科批,483,65977,73
山西财经大学,贵州,物理类,2025,本科批,483,65977,43
石河子大学,贵州,物理类,2025,本科批,483,65496,116
四川文理学院,贵州,物理类,2025,本科批,483,63982,9
西北师范大学,贵州,物理类,2025,本科批,483,65977,34
宜宾学院,贵州,物理类,2025,本科批,483,65977,6
成都体育学院,贵州,物理类,2025,本科批,483,65977,28
大连交通大学,贵州,物理类,2025,本科批,483,65977,117
广东财经大学,贵州,物理类,2025,本科批,483,65363,12
北华航天工业学院,贵州,物理类,2025,本科批,482,66878,14
吉林警察学院,贵州,物理类,2025,本科批,482,66878,14
景德镇陶瓷大学,贵州,物理类,2025,本科批,482,66878,30
兰州财经大学,贵州,物理类,2025,本科批,482,66878,20
天津理工大学,贵州,物理类,2025,本科批,482,66878,154
云南民族大学,贵州,物理类,2025,本科批,482,66455,18
河南理工大学,贵州,物理类,2025,本科批,482,66878,56
中国人民公安大学,贵州,物理类,2025,本科提前批A段,482,66878,
安徽工业大学,贵州,物理类,2025,本科批,481,67733,51
南京工程学院,贵州,物理类,2025,本科批,481,67733,152
宁夏师范大学,贵州,物理类,2025,本科批,481,67733,6
山东中医药大学,贵州,物理类,2025,本科批,481,67733,29
韶关学院,贵州,物理类,2025,本科批,481,65277,10
云南财经大学,贵州,物理类,2025,本科批,481,67733,33
安徽师范大学,贵州,物理类,2025,本科批,481,67581,2
甘肃政法大学,贵州,物理类,2025,本科批,481,67733,10
杭州医学院,贵州,物理类,2025,本科批,481,67733,90
河北经贸大学,贵州,物理类,2025,本科批,481,67733,16
蚌埠医科大学,贵州,物理类,2025,本科批,481,64877,10
湖北工业大学,贵州,物理类,2025,本科批,480,68583,125
湖南工商大学,贵州,物理类,2025,本科批,480,68583,27
江苏师范大学,贵州,物理类,2025,本科批,480,68583,121
温州大学,贵州,物理类,2025,本科批,480,68583,125
河南医药大学,贵州,物理类,2025,本科批,480,68583,12
重庆文理学院,贵州,物理类,2025,本科批,480,68583,54
广西师范大学,贵州,物理类,2025,本科批,480,68583,43
河北科技大学,贵州,物理类,2025,本科批,480,68583,20
中国刑事警察学院,贵州,物理类,2025,本科提前批A段,480,68583,17
海南热带海洋学院,贵州,物理类,2025,本科提前批B段,480,68583,
怀化学院,贵州,物理类,2025,本科批,479,69406,5
山东师范大学,贵州,物理类,2025,本科批,479,69406,51
太原科技大学,贵州,物理类,2025,本科批,479,69406,39
新疆大学,贵州,物理类,2025,本科批,479,69406,119
赣南医科大学,贵州,物理类,2025,本科批,479,69406,10
江西理工大学,贵州,物理类,2025,本科批,478,70253,80
绵阳师范学院,贵州,物理类,2025,本科批,478,70253,10
北京物资学院,贵州,物理类,2025,本科批,478,70253,8
山东理工大学,贵州,物理类,2025,本科批,478,70253,89
上饶师范学院,贵州,物理类,2025,本科批,478,70253,15
天津师范大学,贵州,物理类,2025,本科批,478,70253,215
武汉工程大学,贵州,物理类,2025,本科批,478,70253,171
张家口学院,贵州,物理类,2025,本科批,478,70116,7
浙江海洋大学,贵州,物理类,2025,本科批,478,70253,148
桂林航天工业学院,贵州,物理类,2025,本科批,478,70253,46
湖北医药学院,贵州,物理类,2025,本科批,477,71177,63
湖南工业大学,贵州,物理类,2025,本科批,477,71177,137
华东交通大学,贵州,物理类,2025,本科批,477,71177,62
北京联合大学,贵州,物理类,2025,本科批,477,71177,44
曲靖师范学院,贵州,物理类,2025,本科批,477,71111,11
安徽农业大学,贵州,物理类,2025,本科批,477,71177,64
佛山大学,贵州,物理类,2025,本科批,477,70588,24
福建师范大学,贵州,物理类,2025,本科批,477,71177,195
广西科技大学,贵州,物理类,2025,本科批,477,71177,43
齐鲁工业大学,贵州,物理类,2025,本科批,476,71241,56
大连医科大学,贵州,物理类,2025,本科批,476,72013,63
昆明学院,贵州,物理类,2025,本科批,475,72107,13
北京农学院,贵州,物理类,2025,本科批,475,72987,18
上海商学院,贵州,物理类,2025,本科批,475,72987,58
浙江工业大学,贵州,物理类,2025,本科批,475,72987,117
重庆工程学院,贵州,物理类,2025,本科批,475,72987,14
北方工业大学,贵州,物理类,2025,本科批,474,73890,56
江西中医药大学,贵州,物理类,2025,本科批,474,73890,25
山西医科大学,贵州,物理类,2025,本科批,474,73890,48
西安航空学院,贵州,物理类,2025,本科批,474,73890,30
昭通学院,贵州,物理类,2025,本科批,474,73890,8
浙江农林大学,贵州,物理类,2025,本科批,474,73890,165
安康学院,贵州,物理类,2025,本科批,474,73730,3
江苏第二师范学院,贵州,物理类,2025,本科批,473,74754,52
平顶山学院,贵州,物理类,2025,本科批,473,74426,7
西南林业大学,贵州,物理类,2025,本科批,473,74754,63
河北地质大学,贵州,物理类,2025,本科批,473,74754,29
攀枝花学院,贵州,物理类,2025,本科批,472,75439,5
青海民族大学,贵州,物理类,2025,本科批,472,75675,20
天津外国语大学,贵州,物理类,2025,本科批,472,75675,58
西安文理学院,贵州,物理类,2025,本科批,472,75675,22
厦门理工学院,贵州,物理类,2025,本科批,472,75675,235
湘南学院,贵州,物理类,2025,本科批,472,75675,7
中国劳动关系学院,贵州,物理类,2025,本科批,472,75675,23
滇西科技师范学院,贵州,物理类,2025,本科批,472,75675,8
北京服装学院,贵州,物理类,2025,本科批,471,76559,5
江苏科技大学,贵州,物理类,2025,本科批,471,76559,281
商洛学院,贵州,物理类,2025,本科批,471,76559,5
苏州工学院,贵州,物理类,2025,本科批,471,76559,112
福建中医药大学,贵州,物理类,2025,本科批,471,76559,119
甘肃民族师范学院,贵州,物理类,2025,本科批,471,76559,8
河南工业大学,贵州,物理类,2025,本科批,471,76559,53
山西师范大学,贵州,物理类,2025,本科批,470,77497,16
承德医学院,贵州,物理类,2025,本科批,470,77455,4
合肥大学,贵州,物理类,2025,本科批,470,77485,9
湖北中医药大学,贵州,物理类,2025,本科批,469,78451,117
济南大学,贵州,物理类,2025,本科批,469,78451,79
曲阜师范大学,贵州,物理类,2025,本科批,469,78451,66
沈阳化工大学,贵州,物理类,2025,本科批,469,78451,89
首都经济贸易大学,贵州,物理类,2025,本科批,469,78451,54
太原师范学院,贵州,物理类,2025,本科批,469,78451,
西华师范大学,贵州,物理类,2025,本科批,469,78451,52
肇庆医学院,贵州,物理类,2025,本科批,469,78451,5
浙江传媒学院,贵州,物理类,2025,本科批,469,78451,47
广东药科大学,贵州,物理类,2025,本科批,469,78451,43
重庆中医药学院,贵州,物理类,2025,本科批,468,79424,50
福建理工大学,贵州,物理类,2025,本科批,468,79424,300
河北水利电力学院,贵州,物理类,2025,本科批,468,79020,5
河南财政金融学院,贵州,物理类,2025,本科批,468,76764,6
山东政法学院,贵州,物理类,2025,本科批,467,80387,34
咸阳师范学院,贵州,物理类,2025,本科批,467,80387,15
邢台学院,贵州,物理类,2025,本科批,467,80387,10
浙大宁波理工学院,贵州,物理类,2025,本科批,467,80387,60
北京邮电大学世纪学院,贵州,物理类,2025,本科批,466,80914,1
山西农业大学,贵州,物理类,2025,本科批,466,81373,15
山西中医药大学,贵州,物理类,2025,本科批,466,81373,46
邵阳学院,贵州,物理类,2025,本科批,466,81373,32
浙江外国语学院,贵州,物理类,2025,本科批,466,81373,57
广西民族师范学院,贵州,物理类,2025,本科批,466,81373,23
汉江师范学院,贵州,物理类,2025,本科批,466,81373,48
河北石油职业技术大学,贵州,物理类,2025,本科批,466,79719,7
保定学院,贵州,物理类,2025,本科批,465,81847,4
江西财经大学,贵州,物理类,2025,本科批,465,82304,47
民政职业大学,贵州,物理类,2025,本科批,465,82304,13
四川工程职业技术大学,贵州,物理类,2025,本科批,465,82304,6
温州医科大学,贵州,物理类,2025,本科批,465,82304,
河北建筑工程学院,贵州,物理类,2025,本科批,465,82304,10
山东交通学院,贵州,物理类,2025,本科提前批B段,465,82304,18
湖南女子学院,贵州,物理类,2025,本科批,464,83297,3
北华大学,贵州,物理类,2025,本科批,464,83297,134
南京工业职业技术大学,贵州,物理类,2025,本科批,464,83297,109
上海健康医学院,贵州,物理类,2025,本科批,464,83297,
四川外国语大学,贵州,物理类,2025,本科批,464,83297,24
大连工业大学,贵州,物理类,2025,本科批,464,83297,100
湖南财政经济学院,贵州,物理类,2025,本科批,463,84273,10
江西水利电力大学,贵州,物理类,2025,本科批,463,84273,28
天津体育学院,贵州,物理类,2025,本科批,463,84273,10
武汉商学院,贵州,物理类,2025,本科批,463,84273,44
西安医学院,贵州,物理类,2025,本科批,463,84273,9
烟台大学,贵州,物理类,2025,本科批,463,84273,67
周口师范学院,贵州,物理类,2025,本科批,463,83417,4
大连大学,贵州,物理类,2025,本科批,463,84273,164
福建农林大学,贵州,物理类,2025,本科批,463,84273,278
甘肃中医药大学,贵州,物理类,2025,本科批,463,84273,40
韩山师范学院,贵州,物理类,2025,本科批,463,80826,6
河池学院,贵州,物理类,2025,本科批,463,84273,17
湖州师范学院,贵州,物理类,2025,本科批,462,85209,78
湖州学院,贵州,物理类,2025,本科批,462,85209,83
昆明医科大学,贵州,物理类,2025,本科批,462,85209,19
武汉职业技术大学,贵州,物理类,2025,本科批,462,85209,6
湖北经济学院,贵州,物理类,2025,本科批,461,86202,74
华侨大学,贵州,物理类,2025,本科批,461,86202,101
吉首大学,贵州,物理类,2025,本科批,461,86202,49
辽宁师范大学,贵州,物理类,2025,本科批,461,86202,47
辽宁中医药大学,贵州,物理类,2025,本科批,461,86202,80
岭南师范学院,贵州,物理类,2025,本科批,461,86202,28
内蒙古医科大学,贵州,物理类,2025,本科批,461,86202,35
宁夏医科大学,贵州,物理类,2025,本科批,461,86202,47
上海应用技术大学,贵州,物理类,2025,本科批,461,86202,294
西安建筑科技大学,贵州,物理类,2025,本科批,461,86202,42
遵义医科大学,贵州,物理类,2025,本科批,461,86202,3852
大连外国语大学,贵州,物理类,2025,本科批,461,86202,41
电子科技大学成都学院,贵州,物理类,2025,本科批,461,86202,23
广西农业职业技术大学,贵州,物理类,2025,本科批,461,86202,15
河南大学,贵州,物理类,2025,本科批,461,86202,
河南工程学院,贵州,物理类,2025,本科批,461,86202,21
贺州学院,贵州,物理类,2025,本科批,461,86202,24
嘉兴南湖学院,贵州,物理类,2025,本科批,460,87165,65
聊城大学,贵州,物理类,2025,本科批,460,87165,57
琼台师范学院,贵州,物理类,2025,本科批,460,87165,
山东农业大学,贵州,物理类,2025,本科批,460,87165,94
温州理工学院,贵州,物理类,2025,本科批,460,87165,23
武汉体育学院,贵州,物理类,2025,本科批,460,87165,30
浙江水利水电学院,贵州,物理类,2025,本科批,460,87165,150
浙江药科职业大学,贵州,物理类,2025,本科批,460,87165,20
赣南科技学院,贵州,物理类,2025,本科批,460,87165,14
广东轻工职业技术大学,贵州,物理类,2025,本科批,460,87165,2
保山学院,贵州,物理类,2025,本科批,459,88141,12
淮南师范学院,贵州,物理类,2025,本科批,459,86971,25
北京信息科技大学,贵州,物理类,2025,本科批,459,88141,81
山东第二医科大学,贵州,物理类,2025,本科批,459,88141,61
亳州学院,贵州,物理类,2025,本科批,459,88141,7
赣南师范大学,贵州,物理类,2025,本科批,459,88141,57
广东医科大学,贵州,物理类,2025,本科批,459,88141,31
湖南人文科技学院,贵州,物理类,2025,本科批,458,89152,28
兰州文理学院,贵州,物理类,2025,本科批,458,89152,10
南京特殊教育师范学院,贵州,物理类,2025,本科批,458,89152,31
南宁师范大学,贵州,物理类,2025,本科批,458,89152,21
山东青年政治学院,贵州,物理类,2025,本科批,458,89152,25
山东石油化工学院,贵州,物理类,2025,本科批,458,89152,9
长江大学,贵州,物理类,2025,本科批,458,89152,131
新疆第二医学院,贵州,物理类,2025,本科批,458,89152,34
楚雄师范学院,贵州,物理类,2025,本科批,458,88622,10
黑龙江大学,贵州,物理类,2025,本科批,458,89152,79
衡水学院,贵州,物理类,2025,本科批,457,90131,4
黄冈师范学院,贵州,物理类,2025,本科批,457,90131,46
景德镇学院,贵州,物理类,2025,本科批,457,90131,7
沈阳工业大学,贵州,物理类,2025,本科批,457,90131,154
天津职业技术师范大学,贵州,物理类,2025,本科批,457,90131,119
桂林师范学院,贵州,物理类,2025,本科批,457,90131,6
河西学院,贵州,物理类,2025,本科批,457,90131,8
湖南工程学院,贵州,物理类,2025,本科批,456,91123,33
湖南科技学院,贵州,物理类,2025,本科批,456,91123,5
江西科技师范大学,贵州,物理类,2025,本科批,456,91123,30
闽南师范大学,贵州,物理类,2025,本科批,456,91123,203
宁波工程学院,贵州,物理类,2025,本科批,456,91123,137
天水师范大学,贵州,物理类,2025,本科批,456,91123,
渭南师范学院,贵州,物理类,2025,本科批,456,91123,11
长江师范学院,贵州,物理类,2025,本科批,456,90739,38
浙江机电职业技术大学,贵州,物理类,2025,本科批,456,91123,16
广西科技师范学院,贵州,物理类,2025,本科批,456,91123,35
哈尔滨医科大学,贵州,物理类,2025,本科批,456,91123,146
吉林建筑大学,贵州,物理类,2025,本科批,455,92112,19
江苏海洋大学,贵州,物理类,2025,本科批,455,92112,139
辽宁石油化工大学,贵州,物理类,2025,本科批,455,92112,109
山西传媒学院,贵州,物理类,2025,本科批,455,92112,5
宿州学院,贵州,物理类,2025,本科批,455,92112,8
大连海洋大学,贵州,物理类,2025,本科批,455,92112,109
防灾科技学院,贵州,物理类,2025,本科批,455,92112,86
海南师范大学,贵州,物理类,2025,本科批,455,92112,105
湖北第二师范学院,贵州,物理类,2025,本科批,454,93104,90
南昌师范学院,贵州,物理类,2025,本科批,454,93104,10
内蒙古财经大学,贵州,物理类,2025,本科批,454,93104,20
陕西学前师范学院,贵州,物理类,2025,本科批,454,93104,9
天津商业大学,贵州,物理类,2025,本科批,454,93104,408
右江民族医学院,贵州,物理类,2025,本科批,454,93104,22
东华理工大学,贵州,物理类,2025,本科批,454,93104,73
泉州师范学院,贵州,物理类,2025,本科提前批B段,454,88859,10
红河学院,贵州,物理类,2025,本科批,453,94097,12
华北理工大学,贵州,物理类,2025,本科批,453,94097,57
集宁师范学院,贵州,物理类,2025,本科批,453,94097,11
金陵科技学院,贵州,物理类,2025,本科批,453,94097,100
兰州理工大学,贵州,物理类,2025,本科批,453,93206,82
临沂大学,贵州,物理类,2025,本科批,453,94097,49
萍乡学院,贵州,物理类,2025,本科批,453,94097,6
青岛农业大学,贵州,物理类,2025,本科批,453,94097,111
山东体育学院,贵州,物理类,2025,本科批,453,93912,5
绍兴文理学院,贵州,物理类,2025,本科批,453,94097,85
沈阳工程学院,贵州,物理类,2025,本科批,453,94097,118
天津中德应用技术大学,贵州,物理类,2025,本科批,453,94097,136
中原工学院,贵州,物理类,2025,本科批,453,94020,23
福建技术师范学院,贵州,物理类,2025,本科批,453,94097,41
嘉应学院,贵州,物理类,2025,本科批,452,95131,26
上海师范大学,贵州,物理类,2025,本科批,452,95131,3
西南民族大学,贵州,物理类,2025,本科批,452,95131,304
郑州工程技术学院,贵州,物理类,2025,本科批,452,95131,20
福建商学院,贵州,物理类,2025,本科批,452,95131,42
甘肃医学院,贵州,物理类,2025,本科批,452,95131,10
赣东学院,贵州,物理类,2025,本科批,452,95131,11
黑龙江中医药大学,贵州,物理类,2025,本科批,451,96155,202
湖北汽车工业学院,贵州,物理类,2025,本科批,451,96155,90
洛阳理工学院,贵州,物理类,2025,本科批,451,96155,16
徐州工程学院,贵州,物理类,2025,本科批,451,96155,98
盐城工学院,贵州,物理类,2025,本科批,451,96155,148
哈尔滨师范大学,贵州,物理类,2025,本科批,451,96155,110
湖北理工学院,贵州,物理类,2025,本科批,450,97163,110
湖南城市学院,贵州,物理类,2025,本科批,450,97163,14
荆楚理工学院,贵州,物理类,2025,本科批,450,97163,88
南京晓庄学院,贵州,物理类,2025,本科批,450,97163,77
内江师范学院,贵州,物理类,2025,本科批,450,97163,20
山东管理学院,贵州,物理类,2025,本科批,450,97163,10
渤海大学,贵州,物理类,2025,本科批,450,97163,139
绍兴理工学院,贵州,物理类,2025,本科批,450,97163,49
太原工业学院,贵州,物理类,2025,本科批,450,97163,19
梧州学院,贵州,物理类,2025,本科批,450,97163,30
新余学院,贵州,物理类,2025,本科批,450,97163,6
黑龙江科技大学,贵州,物理类,2025,本科批,450,97163,121
金华职业技术大学,贵州,物理类,2025,本科批,449,98180,17
丽水学院,贵州,物理类,2025,本科批,449,98180,102
山东科技大学,贵州,物理类,2025,本科批,449,98180,56
滨州医学院,贵州,物理类,2025,本科批,449,97379,75
山西工程技术学院,贵州,物理类,2025,本科批,449,98180,20
沈阳大学,贵州,物理类,2025,本科批,449,98180,170
台州学院,贵州,物理类,2025,本科批,449,98180,134
长春汽车职业技术大学,贵州,物理类,2025,本科批,449,98180,12
延安大学,贵州,物理类,2025,本科批,449,98180,16
百色学院,贵州,物理类,2025,本科批,449,98180,24
湖南汽车工程职业大学,贵州,物理类,2025,本科批,448,99189,2
吉林农业大学,贵州,物理类,2025,本科批,448,99212,139
内蒙古科技大学包头医学院,贵州,物理类,2025,本科批,448,99212,20
山东农业工程学院,贵州,物理类,2025,本科批,448,99212,24
上海工程技术大学,贵州,物理类,2025,本科批,448,99212,260
泰州学院,贵州,物理类,2025,本科批,448,99212,70
榆林学院,贵州,物理类,2025,本科批,448,99212,8
福建江夏学院,贵州,物理类,2025,本科批,448,99212,158
邯郸学院,贵州,物理类,2025,本科批,448,98466,12
河南农业大学,贵州,物理类,2025,本科批,448,99212,36
湖北工程学院,贵州,物理类,2025,本科批,447,100238,88
湖北科技学院,贵州,物理类,2025,本科批,447,100238,123
湖北文理学院,贵州,物理类,2025,本科批,447,100238,98
北部湾大学,贵州,物理类,2025,本科批,447,100238,28
北方民族大学,贵州,物理类,2025,本科批,447,100238,329
湖南文理学院,贵州,物理类,2025,本科批,447,100238,17
连云港师范学院,贵州,物理类,2025,本科批,447,100238,17
闽江学院,贵州,物理类,2025,本科批,447,100238,194
牡丹江医科大学,贵州,物理类,2025,本科批,447,100238,120
内蒙古民族大学,贵州,物理类,2025,本科批,447,100238,62
泉州师范学院,贵州,物理类,2025,本科批,447,100238,170
沈阳体育学院,贵州,物理类,2025,本科批,447,100238,9
文山学院,贵州,物理类,2025,本科批,447,100238,15
信阳师范大学,贵州,物理类,2025,本科批,447,99243,4
玉林师范学院,贵州,物理类,2025,本科批,447,100238,4
云南工商学院,贵州,物理类,2025,本科批,447,100118,4
甘肃农业大学,贵州,物理类,2025,本科批,447,100238,38
晋中学院,贵州,物理类,2025,本科批,446,101253,28
吕梁学院,贵州,物理类,2025,本科批,446,101253,18
山东工商学院,贵州,物理类,2025,本科批,446,101253,79
山东航空学院,贵州,物理类,2025,本科批,446,101253,42
昌吉学院,贵州,物理类,2025,本科批,446,101253,22
沈阳医学院,贵州,物理类,2025,本科批,446,101253,108
西北民族大学,贵州,物理类,2025,本科批,446,101253,346
长治学院,贵州,物理类,2025,本科批,446,101253,9
肇庆学院,贵州,物理类,2025,本科批,446,101253,20
郑州财经学院,贵州,物理类,2025,本科批,446,100313,6
河南城建学院,贵州,物理类,2025,本科批,446,101253,30
济宁医学院,贵州,物理类,2025,本科批,445,102305,80
晋中信息学院,贵州,物理类,2025,本科批,445,102305,2
九江学院,贵州,物理类,2025,本科批,445,102305,32
沈阳农业大学,贵州,物理类,2025,本科批,445,102305,174
宿迁学院,贵州,物理类,2025,本科批,445,102305,36
唐山师范学院,贵州,物理类,2025,本科批,445,102305,10
新疆政法学院,贵州,物理类,2025,本科批,445,102305,32
信阳学院,贵州,物理类,2025,本科批,445,101545,2
枣庄学院,贵州,物理类,2025,本科批,445,102305,25
德州学院,贵州,物理类,2025,本科批,445,102305,30
哈尔滨商业大学,贵州,物理类,2025,本科批,445,102305,203
河北科技师范学院,贵州,物理类,2025,本科批,445,102305,20
济宁学院,贵州,物理类,2025,本科批,444,102557,55
江西师范大学,贵州,物理类,2025,本科批,444,103365,79
江西职业技术大学,贵州,物理类,2025,本科批,444,103365,10
喀什大学,贵州,物理类,2025,本科批,444,103365,34
北京中医药大学东方学院,贵州,物理类,2025,本科批,444,103365,13
沈阳药科大学,贵州,物理类,2025,本科批,444,103365,122
新疆工程学院,贵州,物理类,2025,本科批,444,103365,11
盐城师范学院,贵州,物理类,2025,本科批,444,103365,107
常州工学院,贵州,物理类,2025,本科批,444,103365,119
大连民族大学,贵州,物理类,2025,本科批,444,103365,331
哈尔滨金融学院,贵州,物理类,2025,本科批,444,103365,70
河南科技学院,贵州,物理类,2025,本科批,444,102842,26
中国民用航空飞行学院,贵州,物理类,2025,专科批,443,103743,4
衡阳师范学院南岳学院,贵州,物理类,2025,本科批,443,104395,6
淮阴工学院,贵州,物理类,2025,本科批,443,104395,193
淮阴师范学院,贵州,物理类,2025,本科批,443,104395,69
齐齐哈尔医学院,贵州,物理类,2025,本科批,443,104395,183
山东交通学院,贵州,物理类,2025,本科批,443,104395,79
西安工程大学,贵州,物理类,2025,本科批,443,104395,25
营口理工学院,贵州,物理类,2025,本科批,443,104395,105
贵州理工学院,贵州,物理类,2025,本科批,443,104395,2323
华北科技学院,贵州,物理类,2025,本科批,442,105437,130
兰州资源环境职业技术大学,贵州,物理类,2025,本科批,442,105437,19
辽宁工业大学,贵州,物理类,2025,本科批,442,105437,141
辽宁科技学院,贵州,物理类,2025,本科批,442,105437,126
陇东学院,贵州,物理类,2025,本科批,442,105437,16
陇南师范学院,贵州,物理类,2025,本科批,442,105437,5
南阳师范学院,贵州,物理类,2025,本科批,442,105437,36
莆田学院,贵州,物理类,2025,本科批,442,105437,196
齐齐哈尔大学,贵州,物理类,2025,本科批,442,105437,171
山东女子学院,贵州,物理类,2025,本科批,442,105437,23
四川旅游学院,贵州,物理类,2025,本科批,442,105437,8
太原学院,贵州,物理类,2025,本科批,442,105437,26
泰山学院,贵州,物理类,2025,本科批,442,105437,45
新乡学院,贵州,物理类,2025,本科批,442,105437,15
贵阳学院,贵州,物理类,2025,本科批,442,105437,1507
鞍山师范学院,贵州,物理类,2025,本科批,442,105437,85
白城师范学院,贵州,物理类,2025,本科批,442,105437,153
菏泽学院,贵州,物理类,2025,本科批,442,105437,25
黑河学院,贵州,物理类,2025,本科批,442,105437,49
华北水利水电大学,贵州,物理类,2025,本科批,441,106476,158
佳木斯大学,贵州,物理类,2025,本科批,441,106476,188
柳州职业技术大学,贵州,物理类,2025,本科批,441,106476,20
龙岩学院,贵州,物理类,2025,本科批,441,106476,140
牡丹江师范学院,贵州,物理类,2025,本科批,441,106476,74
内蒙古工业大学,贵州,物理类,2025,本科批,441,106476,69
青海职业技术大学,贵州,物理类,2025,本科批,441,105660,2
衢州学院,贵州,物理类,2025,本科批,441,106476,119
山西大同大学,贵州,物理类,2025,本科批,441,106181,50
绥化学院,贵州,物理类,2025,本科批,441,106476,65
武汉轻工大学,贵州,物理类,2025,本科批,441,106476,101
大庆师范学院,贵州,物理类,2025,本科批,441,106476,100
甘肃林业职业技术大学,贵州,物理类,2025,本科批,441,106476,5
安阳工学院,贵州,物理类,2025,本科批,441,106476,17
贵州中医药大学,贵州,物理类,2025,本科批,441,106476,2962
吉林农业科技学院,贵州,物理类,2025,本科批,440,107535,119
廊坊师范学院,贵州,物理类,2025,本科批,440,107535,15
洛阳师范学院,贵州,物理类,2025,本科批,440,107535,25
宁德师范学院,贵州,物理类,2025,本科批,440,107535,96
四川工商学院,贵州,物理类,2025,本科批,440,107535,6
潍坊学院,贵州,物理类,2025,本科批,440,107535,96
浙江万里学院,贵州,物理类,2025,本科批,440,107535,81
广西职业师范学院,贵州,物理类,2025,本科批,440,107535,32
河北金融学院,贵州,物理类,2025,本科批,440,107535,37
河南牧业经济学院,贵州,物理类,2025,本科批,440,107452,10
黑龙江八一农垦大学,贵州,物理类,2025,本科批,440,107535,248
黑龙江工程学院,贵州,物理类,2025,本科批,440,107535,98
呼伦贝尔学院,贵州,物理类,2025,本科批,439,108537,16
黄淮学院,贵州,物理类,2025,本科批,439,108537,50
吉林工商学院,贵州,物理类,2025,本科批,439,108537,115
酒泉职业技术大学,贵州,物理类,2025,本科批,439,108537,3
兰州城市学院,贵州,物理类,2025,本科批,439,108537,18
内蒙古科技大学,贵州,物理类,2025,本科批,439,108537,76
内蒙古农业大学,贵州,物理类,2025,本科批,439,108537,56
长春工程学院,贵州,物理类,2025,本科批,439,108537,197
郑州航空工业管理学院,贵州,物理类,2025,本科批,439,108537,103
贵州轻工职业大学,贵州,物理类,2025,本科批,439,108537,290
河北工业职业技术大学,贵州,物理类,2025,本科批,439,108537,17
惠州学院,贵州,物理类,2025,本科批,438,109560,13
吉林化工大学,贵州,物理类,2025,本科批,438,109560,183
吉林师范大学,贵州,物理类,2025,本科批,438,109560,68
江西师范大学科学技术学院,贵州,物理类,2025,本科批,438,109560,18
井冈山大学,贵州,物理类,2025,本科批,438,109560,72
兰州石化职业技术大学,贵州,物理类,2025,本科批,438,109560,13
辽宁工程技术大学,贵州,物理类,2025,本科批,438,109560,235
三明学院,贵州,物理类,2025,本科批,438,109560,166
四川工业科技学院,贵州,物理类,2025,本科批,438,108108,7
塔里木大学,贵州,物理类,2025,本科批,438,109560,110
宜春学院,贵州,物理类,2025,本科批,438,109560,16
成都东软学院,贵州,物理类,2025,本科批,438,109560,11
贵州医科大学,贵州,物理类,2025,本科批,438,109560,4950
哈尔滨学院,贵州,物理类,2025,本科批,438,109560,72
新疆和田学院,贵州,物理类,2025,本科批,438,109560,25
黑龙江工业学院,贵州,物理类,2025,本科批,438,109560,104
江西应用技术职业学院,贵州,物理类,2025,专科批,437,109988,1
保定理工学院,贵州,物理类,2025,本科批,437,110581,6
江苏理工学院,贵州,物理类,2025,本科批,437,110581,178
北京语言大学,贵州,物理类,2025,本科批,437,110581,29
天津农学院,贵州,物理类,2025,本科批,437,110581,311
长春中医药大学,贵州,物理类,2025,本科批,437,110581,88
新疆财经大学,贵州,物理类,2025,本科批,437,110581,28
新疆农业大学,贵州,物理类,2025,本科批,437,110581,106
伊犁师范大学,贵州,物理类,2025,本科批,437,110581,47
滇西应用技术大学,贵州,物理类,2025,本科批,437,110581,8
贵阳康养职业大学,贵州,物理类,2025,本科批,437,110581,1519
贵州交通职业大学,贵州,物理类,2025,本科批,437,110581,900
河北交通职业技术学院,贵州,物理类,2025,专科提前批,436,111164,2
湖南工程学院应用技术学院,贵州,物理类,2025,本科批,436,111069,2
茅台学院,贵州,物理类,2025,本科批,436,106406,728
山西晋中理工学院,贵州,物理类,2025,本科批,436,108550,8
沈阳师范大学,贵州,物理类,2025,本科批,436,111574,93
长春大学,贵州,物理类,2025,本科批,436,111574,116
无锡学院,贵州,物理类,2025,本科批,436,111574,62
武夷学院,贵州,物理类,2025,本科批,436,111574,235
新疆师范大学,贵州,物理类,2025,本科批,436,111574,83
新疆医科大学,贵州,物理类,2025,本科批,436,111460,28
哈尔滨职业技术大学,贵州,物理类,2025,本科批,436,106798,50
吉林工程技术师范学院,贵州,物理类,2025,本科批,435,112602,82
吉林医药学院,贵州,物理类,2025,本科批,435,112602,61
锦州医科大学,贵州,物理类,2025,本科批,435,111858,95
南宁职业技术大学,贵州,物理类,2025,本科批,435,112602,15
石家庄铁道大学四方学院,贵州,物理类,2025,本科批,435,112602,8
潍坊科技学院,贵州,物理类,2025,本科批,435,112002,7
新疆理工学院,贵州,物理类,2025,本科批,435,112602,45
长治医学院,贵州,物理类,2025,本科批,435,112602,26
云南农业大学,贵州,物理类,2025,本科批,435,112602,55
鄂尔多斯应用技术学院,贵州,物理类,2025,本科批,435,112602,18
广东石油化工学院,贵州,物理类,2025,本科批,435,112602,20
西安电力高等专科学校,贵州,物理类,2025,专科批,434,113637,5
扬州职业技术大学,贵州,物理类,2025,专科批,434,113102,2
重庆医药高等专科学校,贵州,物理类,2025,专科批,434,113637,6
湖南工学院,贵州,物理类,2025,本科批,434,113637,65
湖南科技大学潇湘学院,贵州,物理类,2025,本科批,434,113637,8
湖南理工学院,贵州,物理类,2025,本科批,434,113637,30
辽东学院,贵州,物理类,2025,本科批,434,113637,96
绵阳城市学院,贵州,物理类,2025,本科批,434,111704,5
铜仁职业技术大学,贵州,物理类,2025,本科批,434,113637,340
西安交通大学城市学院,贵州,物理类,2025,本科批,434,113637,3
西交利物浦大学,贵州,物理类,2025,本科批,434,113637,100
厦门医学院,贵州,物理类,2025,本科批,434,113637,54
银川科技学院,贵州,物理类,2025,本科批,434,113637,4
福州工商学院,贵州,物理类,2025,本科批,434,113351,4
河北科技工程职业技术大学,贵州,物理类,2025,本科批,434,113447,22
江苏海事职业技术学院,贵州,物理类,2025,专科批,433,114352,1
石家庄邮电职业技术学院,贵州,物理类,2025,专科提前批,433,109651,73
江西财经大学现代经济管理学院,贵州,物理类,2025,本科批,433,114632,24
景德镇艺术职业大学,贵州,物理类,2025,本科批,433,111430,10
新疆科技学院,贵州,物理类,2025,本科批,433,114632,82
遵义师范学院,贵州,物理类,2025,本科批,433,114632,2011
安顺学院,贵州,物理类,2025,本科批,433,114632,1286
河北工程大学科信学院,贵州,物理类,2025,本科批,433,114632,36
武汉电力职业技术学院,贵州,物理类,2025,专科批,432,115643,6
青岛科技大学,贵州,物理类,2025,本科批,432,115643,110
西昌学院,贵州,物理类,2025,本科批,432,115253,16
重庆对外经贸学院,贵州,物理类,2025,本科批,432,115643,20
广东海洋大学,贵州,物理类,2025,本科批,432,115643,56
湖北工程学院新技术学院,贵州,物理类,2025,本科批,431,116698,38
湖南农业大学东方科技学院,贵州,物理类,2025,本科批,431,111031,8
辽宁中医药大学杏林学院,贵州,物理类,2025,本科批,431,111463,55
闽南科技学院,贵州,物理类,2025,本科批,431,116698,8
商丘工学院,贵州,物理类,2025,本科批,431,114193,18
通化师范学院,贵州,物理类,2025,本科批,431,116698,79
仰恩大学,贵州,物理类,2025,本科批,431,116202,4
成都外国语学院,贵州,物理类,2025,本科批,431,116698,15
河北工程大学,贵州,物理类,2025,本科批,431,116698,
河套学院,贵州,物理类,2025,本科批,431,116698,40
南昌航空大学科技学院,贵州,物理类,2025,本科批,430,117716,27
广西中医药大学赛恩斯新医药学院,贵州,物理类,2025,本科批,430,117716,50
深圳职业技术大学,贵州,物理类,2025,专科批,429,118729,45
内蒙古师范大学,贵州,物理类,2025,本科批,429,118729,34
四川传媒学院,贵州,物理类,2025,本科批,429,118729,5
长江大学文理学院,贵州,物理类,2025,本科批,429,118729,35
西南财经大学天府学院,贵州,物理类,2025,本科批,429,118729,22
浙江理工大学,贵州,物理类,2025,本科批,429,118729,120
重庆城市科技学院,贵州,物理类,2025,本科批,429,118729,38
重庆机电职业技术大学,贵州,物理类,2025,本科批,429,118729,61
长沙电力职业技术学院,贵州,物理类,2025,专科批,428,119730,5
江苏航运职业技术学院,贵州,物理类,2025,专科提前批,428,114497,10
江西工程学院,贵州,物理类,2025,本科批,428,119730,8
南京审计大学金审学院,贵州,物理类,2025,本科批,428,119730,47
长春理工大学,贵州,物理类,2025,本科批,428,119730,71
烟台南山学院,贵州,物理类,2025,本科批,428,115035,5
郑州科技学院,贵州,物理类,2025,本科批,428,119730,6
成都锦城学院,贵州,物理类,2025,本科批,428,119730,33
青岛理工大学,贵州,物理类,2025,本科批,427,120731,108
沈阳建筑大学,贵州,物理类,2025,本科批,427,120731,115
成都理工大学工程技术学院,贵州,物理类,2025,本科批,427,120731,22
重庆外语外事学院,贵州,物理类,2025,本科批,427,120731,35
电子科技大学中山学院,贵州,物理类,2025,本科批,427,120260,4
南京信息职业技术学院,贵州,物理类,2025,专科批,426,121711,8
天津师范大学,贵州,物理类,2025,专科批,426,119743,4
湖北医药学院药护学院,贵州,物理类,2025,本科批,426,121711,52
四川大学锦江学院,贵州,物理类,2025,本科批,426,121711,23
天津城建大学,贵州,物理类,2025,本科批,426,121711,380
武汉体育学院体育科技学院,贵州,物理类,2025,本科批,426,121711,6
集美大学诚毅学院,贵州,物理类,2025,本科批,425,122735,35
聊城大学东昌学院,贵州,物理类,2025,本科批,425,122735,27
南昌大学科学技术学院,贵州,物理类,2025,本科批,425,122186,50
长春工业大学,贵州,物理类,2025,本科批,425,122735,98
重庆移通学院,贵州,物理类,2025,本科批,425,122735,58
东北石油大学,贵州,物理类,2025,本科批,425,122735,226
重庆移通学院德国工程学院,贵州,物理类,2025,本科批,425,121925,
南京机电职业技术学院,贵州,物理类,2025,专科批,424,123707,5
深圳信息职业技术大学,贵州,物理类,2025,专科批,424,123707,30
厦门海洋职业技术学院,贵州,物理类,2025,专科批,424,123597,1
江西农业大学,贵州,物理类,2025,本科批,424,123707,49
广西民族大学相思湖学院,贵州,物理类,2025,本科批,424,123707,15
贵州商学院,贵州,物理类,2025,本科批,424,123707,2169
贵州师范学院,贵州,物理类,2025,本科批,424,123707,1829
重庆工业职业技术大学,贵州,物理类,2025,专科批,423,124735,10
湖北恩施学院,贵州,物理类,2025,本科批,423,124481,29
淮北师范大学,贵州,物理类,2025,本科批,423,124735,13
北京城市学院,贵州,物理类,2025,本科批,423,124735,5
南阳理工学院,贵州,物理类,2025,本科批,423,124735,40
重庆财经学院,贵州,物理类,2025,本科批,423,124735,11
重庆工商大学派斯学院,贵州,物理类,2025,本科批,423,124735,40
福建农林大学金山学院,贵州,物理类,2025,本科批,423,124735,11
广西民族大学,贵州,物理类,2025,本科批,423,124735,13
天津市职业大学,贵州,物理类,2025,专科批,422,125806,6
重庆三峡医药高等专科学校,贵州,物理类,2025,专科批,422,125806,10
凯里学院,贵州,物理类,2025,本科批,422,125806,1268
内蒙古科技大学包头师范学院,贵州,物理类,2025,本科批,422,125806,23
西安财经大学行知学院,贵州,物理类,2025,本科批,422,125806,5
福建师范大学协和学院,贵州,物理类,2025,本科批,422,125806,11
海南大学,贵州,物理类,2025,本科批,422,125806,
河北东方学院,贵州,物理类,2025,本科批,422,125806,7
苏州职业技术大学,贵州,物理类,2025,专科批,421,126811,5
长沙航空职业技术学院,贵州,物理类,2025,专科批,421,126811,24
福建船政交通职业学院,贵州,物理类,2025,专科提前批,421,126059,8
湖北文理学院理工学院,贵州,物理类,2025,本科批,421,126811,23
吉利学院,贵州,物理类,2025,本科批,421,126811,20
吉林外国语大学,贵州,物理类,2025,本科批,421,126811,12
江西科技学院,贵州,物理类,2025,本科批,421,126811,5
山东协和学院,贵州,物理类,2025,本科批,421,126811,23
西安交通工程学院,贵州,物理类,2025,本科批,421,126811,10
中南林业科技大学涉外学院,贵州,物理类,2025,本科批,421,126811,12
江苏卫生健康职业学院,贵州,物理类,2025,专科批,420,127874,3
开封大学,贵州,物理类,2025,专科批,420,124753,11
浙江机电职业技术大学,贵州,物理类,2025,专科批,420,127874,11
杭州职业技术大学,贵州,物理类,2025,专科批,420,127874,8
黔南民族师范学院,贵州,物理类,2025,本科批,420,127874,1487
长春师范大学,贵州,物理类,2025,本科批,420,127874,51
郑州工业应用技术学院,贵州,物理类,2025,本科批,420,127125,10
桂林医科大学,贵州,物理类,2025,本科批,420,127874,15
杭州电子科技大学信息工程学院,贵州,物理类,2025,本科批,420,127874,60
湖北大学知行学院,贵州,物理类,2025,本科批,419,128879,48
江西农业大学南昌商学院,贵州,物理类,2025,本科批,419,128879,14
南京航空航天大学金城学院,贵州,物理类,2025,本科批,419,128879,49
齐鲁医药学院,贵州,物理类,2025,本科批,419,128704,31
陕西服装工程学院,贵州,物理类,2025,本科批,419,128136,1
武汉生物工程学院,贵州,物理类,2025,本科批,419,128879,25
遵义医科大学医学与科技学院,贵州,物理类,2025,本科批,419,128879,2131
重庆人文科技学院,贵州,物理类,2025,本科批,419,128027,5
河北外国语学院,贵州,物理类,2025,本科批,419,128879,3
江西应用科技学院,贵州,物理类,2025,本科批,418,129191,6
兰州工商学院,贵州,物理类,2025,本科批,418,124950,6
南京理工大学紫金学院,贵州,物理类,2025,本科批,418,129874,66
山东建筑大学,贵州,物理类,2025,本科批,418,129874,88
武汉学院,贵州,物理类,2025,本科批,418,129874,35
成都职业技术学院,贵州,物理类,2025,专科批,417,130163,5
广东轻工职业技术大学,贵州,物理类,2025,专科批,417,130882,21
青岛港湾职业技术学院,贵州,物理类,2025,专科提前批,417,130882,4
昆明文理学院,贵州,物理类,2025,本科批,417,130882,21
六盘水师范学院,贵州,物理类,2025,本科批,417,130882,1372
天津医科大学临床医学院,贵州,物理类,2025,本科批,417,130882,132
郑州商学院,贵州,物理类,2025,本科批,417,130882,14
珠海科技学院,贵州,物理类,2025,本科批,417,130882,46
贵州中医药大学时珍学院,贵州,物理类,2025,本科批,417,130882,3039
天津财经大学珠江学院,贵州,物理类,2025,本科批,416,131849,181
兴义民族师范学院,贵州,物理类,2025,本科批,416,131849,1119
成都银杏酒店管理学院,贵州,物理类,2025,本科批,416,131849,23
贵州工程应用技术学院,贵州,物理类,2025,本科批,416,131849,1995
天津理工大学中环信息学院,贵州,物理类,2025,本科批,415,132875,106
贵州医科大学神奇民族医药学院,贵州,物理类,2025,本科批,415,132875,732
桂林旅游学院,贵州,物理类,2025,本科批,415,131896,15
黄河水利职业技术大学,贵州,物理类,2025,专科批,414,133921,20
郑州电力高等专科学校,贵州,物理类,2025,专科批,414,127547,10
南昌交通学院,贵州,物理类,2025,本科批,414,133921,50
湖北师范大学文理学院,贵州,物理类,2025,本科批,413,134931,38
宁夏理工学院,贵州,物理类,2025,本科批,413,134931,14
上海电机学院,贵州,物理类,2025,本科批,413,134931,163
温州医科大学仁济学院,贵州,物理类,2025,本科批,413,134931,78
武汉东湖学院,贵州,物理类,2025,本科批,413,134931,44
郑州升达经贸管理学院,贵州,物理类,2025,本科批,413,134931,8
贵州民族大学,贵州,物理类,2025,本科批,413,134931,3530
海南热带海洋学院,贵州,物理类,2025,本科批,413,134931,
浙江交通职业技术学院,贵州,物理类,2025,专科批,412,135861,10
兰州信息科技学院,贵州,物理类,2025,本科批,412,131640,10
武汉设计工程学院,贵州,物理类,2025,本科批,412,135861,15
酒泉职业技术大学,贵州,物理类,2025,专科批,411,136817,2
南京师范大学中北学院,贵州,物理类,2025,本科批,411,136817,79
内蒙古鸿德文理学院,贵州,物理类,2025,本科批,411,136817,5
四川司法警官职业学院,贵州,物理类,2025,专科批,410,137480,3
浙江金融职业学院,贵州,物理类,2025,专科批,410,137745,10
南京邮电大学通达学院,贵州,物理类,2025,本科批,410,137745,119
厦门华厦学院,贵州,物理类,2025,本科批,410,137745,7
北京建筑大学,贵州,物理类,2025,本科批,409,138665,51
河北地质大学华信学院,贵州,物理类,2025,本科批,409,138665,15
湖南高速铁路职业技术学院,贵州,物理类,2025,专科批,408,139622,15
丽江师范学院,贵州,物理类,2025,专科批,408,139622,16
内蒙古大学创业学院,贵州,物理类,2025,本科批,408,139622,22
上海视觉艺术学院,贵州,物理类,2025,本科批,408,139622,2
新疆天山职业技术大学,贵州,物理类,2025,本科批,408,139622,56
中国计量大学现代科技学院,贵州,物理类,2025,本科批,408,139622,51
广州软件学院,贵州,物理类,2025,本科批,408,139622,7
成都纺织高等专科学校,贵州,物理类,2025,专科批,407,140524,8
湖北经济学院法商学院,贵州,物理类,2025,本科批,407,140524,42
吉林动画学院,贵州,物理类,2025,本科批,407,134679,8
荆州学院,贵州,物理类,2025,本科批,407,140524,30
南京财经大学红山学院,贵州,物理类,2025,本科批,407,140524,38
武汉工商学院,贵州,物理类,2025,本科批,407,140524,39
西京学院,贵州,物理类,2025,本科批,407,140524,27
滇池学院,贵州,物理类,2025,本科批,407,140524,34
南京城市职业学院,贵州,物理类,2025,专科批,406,137109,6
广元中核职业技术学院,贵州,物理类,2025,专科批,406,141135,2
湖南国防工业职业技术学院,贵州,物理类,2025,专科提前批,406,141512,9
湖北商贸学院,贵州,物理类,2025,本科批,406,141512,25
宁夏大学新华学院,贵州,物理类,2025,本科批,406,141512,2
长春财经学院,贵州,物理类,2025,本科批,406,141512,24
铜仁学院,贵州,物理类,2025,本科批,406,141512,1327
烟台科技学院,贵州,物理类,2025,本科批,406,141512,22
广东理工学院,贵州,物理类,2025,本科批,406,141512,8
贵州师范大学,贵州,物理类,2025,本科批,406,141512,3325
桂林信息科技学院,贵州,物理类,2025,本科批,406,141512,23
吉林铁道职业技术大学,贵州,物理类,2025,专科批,405,142447,15
山东职业学院,贵州,物理类,2025,专科批,405,142447,7
长春职业技术大学,贵州,物理类,2025,专科批,405,141873,5
桂林师范学院,贵州,物理类,2025,专科批,405,138064,5
湖北工业大学工程技术学院,贵州,物理类,2025,本科批,405,142447,38
江苏科技大学苏州理工学院,贵州,物理类,2025,本科批,405,142447,66
三峡大学科技学院,贵州,物理类,2025,本科批,405,142447,49
天津商业大学宝德学院,贵州,物理类,2025,本科批,405,142447,21
天津外国语大学滨海外事学院,贵州,物理类,2025,本科批,405,142447,20
武汉华夏理工学院,贵州,物理类,2025,本科批,405,142447,36
厦门工学院,贵州,物理类,2025,本科批,405,142447,25
烟台理工学院,贵州,物理类,2025,本科批,405,142447,10
桂林理工大学,贵州,物理类,2025,本科批,405,142447,72
汉口学院,贵州,物理类,2025,本科批,405,142447,19
苏州工业职业技术学院,贵州,物理类,2025,专科批,404,138403,5
常州机电职业技术学院,贵州,物理类,2025,专科批,404,143314,5
江苏大学京江学院,贵州,物理类,2025,本科批,404,143314,54
江苏师范大学科文学院,贵州,物理类,2025,本科批,404,143314,176
鲁东大学,贵州,物理类,2025,本科批,404,143314,64
南京医科大学康达学院,贵州,物理类,2025,本科批,404,143314,79
上海财经大学浙江学院,贵州,物理类,2025,本科批,404,143314,63
长春大学旅游学院,贵州,物理类,2025,本科批,404,143314,10
苏州大学应用技术学院,贵州,物理类,2025,本科批,404,143314,70
武汉城市学院,贵州,物理类,2025,本科批,404,143314,53
厦门大学嘉庚学院,贵州,物理类,2025,本科批,404,143314,66
扬州大学广陵学院,贵州,物理类,2025,本科批,404,143314,114
贵州黔南科技学院,贵州,物理类,2025,本科批,404,143314,1213
桂林学院,贵州,物理类,2025,本科批,404,143314,10
江苏航空职业技术学院,贵州,物理类,2025,专科批,403,144206,5
上海科学技术职业学院,贵州,物理类,2025,专科批,403,144206,6
成都航空职业技术大学,贵州,物理类,2025,专科提前批,403,144206,25
湖南应用技术学院,贵州,物理类,2025,本科批,403,144206,22
华北理工大学轻工学院,贵州,物理类,2025,本科批,403,143361,20
南京工业大学浦江学院,贵州,物理类,2025,本科批,403,144206,71
温州肯恩大学,贵州,物理类,2025,本科批,403,144147,8
武汉传媒学院,贵州,物理类,2025,本科批,403,143655,2
西安明德理工学院,贵州,物理类,2025,本科批,403,141262,6
常州大学怀德学院,贵州,物理类,2025,本科批,403,143338,92
云南经济管理学院,贵州,物理类,2025,本科批,403,144206,26
大连医科大学中山学院,贵州,物理类,2025,本科批,403,144206,25
东北林业大学,贵州,物理类,2025,本科批,403,144206,105
北京信息职业技术学院,贵州,物理类,2025,专科批,402,141476,20
武汉航海职业技术学院,贵州,物理类,2025,专科提前批,402,145095,6
兰州博文科技学院,贵州,物理类,2025,本科批,402,145095,10
丽江文化旅游学院,贵州,物理类,2025,本科批,402,145095,103
南通大学杏林学院,贵州,物理类,2025,本科批,402,145095,104
山东英才学院,贵州,物理类,2025,本科批,402,144345,5
苏州科技大学天平学院,贵州,物理类,2025,本科批,402,145095,109
武昌理工学院,贵州,物理类,2025,本科批,402,145095,31
武汉工程大学邮电与信息工程学院,贵州,物理类,2025,本科批,402,145095,40
武汉晴川学院,贵州,物理类,2025,本科批,402,145095,32
西安建筑科技大学华清学院,贵州,物理类,2025,本科批,402,138060,10
浙江工业大学之江学院,贵州,物理类,2025,本科批,402,145095,64
浙江理工大学科技与艺术学院,贵州,物理类,2025,本科批,402,145095,94
中国矿业大学徐海学院,贵州,物理类,2025,本科批,402,145095,55
贵阳人文科技学院,贵州,物理类,2025,本科批,402,145095,2427
嘉兴职业技术学院,贵州,物理类,2025,专科批,401,145759,10
西安铁路职业技术学院,贵州,物理类,2025,专科批,401,145088,15
新疆司法警官职业学院,贵州,物理类,2025,专科批,401,145989,2
桂林理工大学,贵州,物理类,2025,专科批,401,145989,28
武汉海事职业学院,贵州,物理类,2025,专科提前批,401,139279,5
湖南交通工程学院,贵州,物理类,2025,本科批,401,145989,12
昆明城市学院,贵州,物理类,2025,本科批,401,145989,27
辽宁财贸学院,贵州,物理类,2025,本科批,401,144379,26
北京科技大学天津学院,贵州,物理类,2025,本科批,401,145989,257
皖江工学院,贵州,物理类,2025,本科批,401,145989,15
武昌工学院,贵州,物理类,2025,本科批,401,145989,23
浙江工商大学杭州商学院,贵州,物理类,2025,本科批,401,145989,63
贵州黔南经济学院,贵州,物理类,2025,本科批,401,145989,1810
吉林水利电力职业学院,贵州,物理类,2025,专科批,400,146294,5
柳州铁道职业技术学院,贵州,物理类,2025,专科批,400,146944,10
苏州卫生职业技术学院,贵州,物理类,2025,专科批,400,146944,5
长沙民政职业技术学院,贵州,物理类,2025,专科批,400,146944,18
浙江警官职业学院,贵州,物理类,2025,专科批,400,146944,
成都工业职业技术学院,贵州,物理类,2025,专科批,400,146944,22
成都航空职业技术大学,贵州,物理类,2025,专科批,400,146944,84
重庆电子科技职业大学,贵州,物理类,2025,专科批,400,146944,40
广州民航职业技术学院,贵州,物理类,2025,专科批,400,146944,37
汉江师范学院,贵州,物理类,2025,专科批,400,146944,8
长春电子科技学院,贵州,物理类,2025,本科批,400,146944,30
浙江师范大学行知学院,贵州,物理类,2025,本科批,400,146944,61
广西城市职业大学,贵州,物理类,2025,本科批,400,146944,19
广州商学院,贵州,物理类,2025,本科批,400,146527,23
贵阳信息科技学院,贵州,物理类,2025,本科批,400,146944,2797
四川护理职业学院,贵州,物理类,2025,专科批,399,147808,12
长沙职业技术学院,贵州,物理类,2025,专科批,399,147808,10
云南司法警官职业学院,贵州,物理类,2025,专科批,399,147808,8
肇庆医学院,贵州,物理类,2025,专科批,399,147808,28
重庆三峡职业学院,贵州,物理类,2025,专科批,399,147808,19
湖北民族大学,贵州,物理类,2025,本科批,399,147808,102
常德学院,贵州,物理类,2025,本科批,399,147808,18
江西服装学院,贵州,物理类,2025,本科批,399,147291,3
北京金融科技学院,贵州,物理类,2025,本科批,399,147784,3
昆明理工大学津桥学院,贵州,物理类,2025,本科批,399,147808,35
南京传媒学院,贵州,物理类,2025,本科批,399,147808,17
南宁学院,贵州,物理类,2025,本科批,399,147808,35
齐鲁理工学院,贵州,物理类,2025,本科批,399,147030,38
青岛工学院,贵州,物理类,2025,本科批,399,147808,59
泉州信息工程学院,贵州,物理类,2025,本科批,399,147808,18
上海兴伟学院,贵州,物理类,2025,本科批,399,147182,6
福州大学至诚学院,贵州,物理类,2025,本科批,399,147808,11
广州工商学院,贵州,物理类,2025,本科批,399,144105,6
广州南方学院,贵州,物理类,2025,本科批,399,147808,13
黑龙江工程学院昆仑旅游学院,贵州,物理类,2025,本科批,399,145295,71
民政职业大学,贵州,物理类,2025,专科批,398,148697,5
山东畜牧兽医职业学院,贵州,物理类,2025,专科批,398,148697,15
上海民航职业技术学院,贵州,物理类,2025,专科批,398,148697,22
吉林财经大学,贵州,物理类,2025,本科批,398,148697,46
辽宁科技大学,贵州,物理类,2025,本科批,398,148697,163
辽宁师范大学海华学院,贵州,物理类,2025,本科批,398,148697,25
南昌理工学院,贵州,物理类,2025,本科批,398,148697,30
文华学院,贵州,物理类,2025,本科批,398,148697,30
武汉文理学院,贵州,物理类,2025,本科批,398,148697,55
西安汽车职业大学,贵州,物理类,2025,本科批,398,148697,29
西安信息职业大学,贵州,物理类,2025,本科批,398,148697,29
大连财经学院,贵州,物理类,2025,本科批,398,148697,36
江苏工程职业技术学院,贵州,物理类,2025,专科批,397,149430,2
南通职业大学,贵州,物理类,2025,专科批,397,149587,20
武汉船舶职业技术学院,贵州,物理类,2025,专科批,397,149587,15
重庆电力高等专科学校,贵州,物理类,2025,专科批,397,149587,95
福建电力职业技术学院,贵州,物理类,2025,专科批,397,149587,6
南京理工大学泰州科技学院,贵州,物理类,2025,本科批,397,149587,88
南京师范大学泰州学院,贵州,物理类,2025,本科批,397,149404,58
宁波大学科学技术学院,贵州,物理类,2025,本科批,397,149587,87
青岛城市学院,贵州,物理类,2025,本科批,397,149587,15
武汉纺织大学外经贸学院,贵州,物理类,2025,本科批,397,149587,21
西安培华学院,贵州,物理类,2025,本科批,397,149587,
东南大学成贤学院,贵州,物理类,2025,本科批,397,149587,74
广东外语外贸大学南国商学院,贵州,物理类,2025,本科批,397,148824,4
黑龙江财经学院,贵州,物理类,2025,本科批,397,149587,25
湖南铁道职业技术学院,贵州,物理类,2025,专科批,396,150430,61
江西电力职业技术学院,贵州,物理类,2025,专科批,396,150430,15
陕西国防工业职业技术学院,贵州,物理类,2025,专科批,396,150430,15
商丘医学高等专科学校,贵州,物理类,2025,专科批,396,150430,10
浙江工商职业技术学院,贵州,物理类,2025,专科批,396,150430,10
浙江邮电职业技术学院,贵州,物理类,2025,专科批,396,150430,10
广州铁路职业技术学院,贵州,物理类,2025,专科批,396,150430,30
岳阳学院,贵州,物理类,2025,本科批,396,150430,11
辽宁理工职业大学,贵州,物理类,2025,本科批,396,148720,22
青岛黄海学院,贵州,物理类,2025,本科批,396,150430,49
长春光华学院,贵州,物理类,2025,本科批,396,150430,18
长春科技学院,贵州,物理类,2025,本科批,396,150430,23
武昌首义学院,贵州,物理类,2025,本科批,396,150430,28
湖南大众传媒职业技术学院,贵州,物理类,2025,专科批,395,151262,8
江苏护理职业学院,贵州,物理类,2025,专科批,395,151262,5
山东中医药高等专科学校,贵州,物理类,2025,专科批,395,151262,5
张家界航空工业职业技术学院,贵州,物理类,2025,专科提前批,395,151262,9
湛江科技学院,贵州,物理类,2025,本科批,395,151262,9
浙江农林大学暨阳学院,贵州,物理类,2025,本科批,395,151262,86
广东工商职业技术大学,贵州,物理类,2025,本科批,395,151262,15
哈尔滨远东理工学院,贵州,物理类,2025,本科批,395,148122,74
山东医学高等专科学校,贵州,物理类,2025,专科批,394,152146,10
四川中医药高等专科学校,贵州,物理类,2025,专科批,394,152146,29
武汉职业技术大学,贵州,物理类,2025,专科批,394,152146,25
遵义医药高等专科学校,贵州,物理类,2025,专科批,394,152146,1410
杭州科技职业技术学院,贵州,物理类,2025,专科批,394,152146,3
吉林师范大学博达学院,贵州,物理类,2025,本科批,394,152146,40
柳州工学院,贵州,物理类,2025,本科批,394,152146,60
青岛恒星科技学院,贵州,物理类,2025,本科批,394,151288,4
沈阳工学院,贵州,物理类,2025,本科批,394,152146,35
浙江财经大学东方学院,贵州,物理类,2025,本科批,394,152146,85
大连工业大学艺术与信息工程学院,贵州,物理类,2025,本科批,394,152146,41
黑龙江工商学院,贵州,物理类,2025,本科批,394,145155,65
四川电力职业技术学院,贵州,物理类,2025,专科批,393,153018,45
四川铁道职业学院,贵州,物理类,2025,专科批,393,153018,137
邢台医学院,贵州,物理类,2025,专科批,393,153018,20
浙江商业职业技术学院,贵州,物理类,2025,专科批,393,153018,10
广州职业技术大学,贵州,物理类,2025,专科批,393,152203,10
湖南软件职业技术大学,贵州,物理类,2025,本科批,393,153018,9
齐齐哈尔工程学院,贵州,物理类,2025,本科批,393,153018,151
福州外语外贸学院,贵州,物理类,2025,本科批,393,153018,16
广东科技学院,贵州,物理类,2025,本科批,393,148441,20
海南比勒费尔德应用科学大学,贵州,物理类,2025,本科批,393,153018,7
上海电子信息职业技术学院,贵州,物理类,2025,专科批,392,153938,28
顺德职业技术大学,贵州,物理类,2025,专科批,392,153938,15
长春师范高等专科学校,贵州,物理类,2025,专科批,392,153796,1
厦门软件职业技术学院,贵州,物理类,2025,专科批,392,153243,1
成都工贸职业技术学院,贵州,物理类,2025,专科批,392,153820,5
重庆工商职业学院,贵州,物理类,2025,专科批,392,153938,8
重庆航天职业技术学院,贵州,物理类,2025,专科批,392,153938,18
安徽中医药高等专科学校,贵州,物理类,2025,专科批,392,153938,16
保定电力职业技术学院,贵州,物理类,2025,专科批,392,153938,10
重庆航天职业技术学院,贵州,物理类,2025,专科提前批,392,146667,18
北京工业大学耿丹学院,贵州,物理类,2025,本科批,392,153938,6
闽南理工学院,贵州,物理类,2025,本科批,392,153938,8
青岛滨海学院,贵州,物理类,2025,本科批,392,153938,25
长春人文学院,贵州,物理类,2025,本科批,392,153938,22
大连科技学院,贵州,物理类,2025,本科批,392,153938,69
广东白云学院,贵州,物理类,2025,本科批,392,153938,31
海南科技职业大学,贵州,物理类,2025,本科提前批B段,392,151760,18
南京科技职业学院,贵州,物理类,2025,专科批,391,154787,5
沈阳北软信息职业技术学院,贵州,物理类,2025,专科批,391,154537,1
长春健康职业学院,贵州,物理类,2025,专科批,391,154614,1
长春医学高等专科学校,贵州,物理类,2025,专科批,391,154787,13
广东科学技术职业学院,贵州,物理类,2025,专科批,391,154787,23
广州城市职业学院,贵州,物理类,2025,专科批,391,148198,8
沧州交通学院,贵州,物理类,2025,本科批,391,154787,18
湖南工业职业技术学院,贵州,物理类,2025,专科批,390,155581,17
湖南交通职业技术学院,贵州,物理类,2025,专科批,390,155581,8
兰州资源环境职业技术大学,贵州,物理类,2025,专科批,390,147971,6
武汉警官职业学院,贵州,物理类,2025,专科批,390,155581,40
重庆工程职业技术学院,贵州,物理类,2025,专科批,390,155581,10
重庆机电职业技术大学,贵州,物理类,2025,专科批,390,155334,6
锦州医科大学医疗学院,贵州,物理类,2025,本科批,390,155581,42
南昌工学院,贵州,物理类,2025,本科批,390,155581,48
陕西国际商贸学院,贵州,物理类,2025,本科批,390,155581,31
西安科技大学高新学院,贵州,物理类,2025,本科批,390,155581,15
大连东软信息学院,贵州,物理类,2025,本科批,390,153046,183
广州城市理工学院,贵州,物理类,2025,本科批,390,155581,81
湖南司法警官职业学院,贵州,物理类,2025,专科批,389,156411,22
江西师范高等专科学校,贵州,物理类,2025,专科批,389,152152,16
石家庄铁路职业技术学院,贵州,物理类,2025,专科批,389,156411,24
珠海城市职业技术学院,贵州,物理类,2025,专科批,389,156411,18
福建船政交通职业学院,贵州,物理类,2025,专科批,389,156411,17
广州科技贸易职业学院,贵州,物理类,2025,专科批,389,156411,4
河北轨道运输职业技术学院,贵州,物理类,2025,专科批,389,156411,10
安徽城市管理职业学院,贵州,物理类,2025,专科批,389,153259,4
长沙航空职业技术学院,贵州,物理类,2025,专科提前批,389,156411,27
辽宁理工学院,贵州,物理类,2025,本科批,389,156411,64
武汉工程科技学院,贵州,物理类,2025,本科批,389,156411,86
延安大学西安创新学院,贵州,物理类,2025,本科批,389,156411,6
阳光学院,贵州,物理类,2025,本科批,389,156411,18
大连理工大学城市学院,贵州,物理类,2025,本科批,389,156411,75
广西财经学院,贵州,物理类,2025,本科批,389,156411,29
广西外国语学院,贵州,物理类,2025,本科批,389,156411,22
哈尔滨广厦学院,贵州,物理类,2025,本科批,389,156411,42
哈尔滨剑桥学院,贵州,物理类,2025,本科批,389,156193,141
哈尔滨信息工程学院,贵州,物理类,2025,本科批,389,156411,86
河北科技学院,贵州,物理类,2025,本科批,389,156411,17
江苏电子信息职业学院,贵州,物理类,2025,专科批,388,155771,7
日照职业技术学院,贵州,物理类,2025,专科批,388,157271,10
西安城市建设职业学院,贵州,物理类,2025,专科批,388,157158,1
河南工业职业技术学院,贵州,物理类,2025,专科批,388,156747,5
湖南涉外经济学院,贵州,物理类,2025,本科批,388,157271,16
湖南信息学院,贵州,物理类,2025,本科批,388,157271,10
辽宁对外经贸学院,贵州,物理类,2025,本科批,388,157271,83
沈阳城市建设学院,贵州,物理类,2025,本科批,388,157271,47
沈阳科技学院,贵州,物理类,2025,本科批,388,157271,74
长春建筑学院,贵州,物理类,2025,本科批,388,157271,34
温州商学院,贵州,物理类,2025,本科批,388,150465,34
西安欧亚学院,贵州,物理类,2025,本科批,388,157271,47
西安外事学院,贵州,物理类,2025,本科批,388,157271,24
张家界学院,贵州,物理类,2025,本科批,388,157271,31
浙江广厦建设职业技术大学,贵州,物理类,2025,本科批,388,157271,10
福州理工学院,贵州,物理类,2025,本科批,388,157271,20
贵州财经大学,贵州,物理类,2025,本科批,388,157271,2976
哈尔滨华德学院,贵州,物理类,2025,本科批,388,157271,101
黑龙江东方学院,贵州,物理类,2025,本科批,388,157271,80
宁波卫生职业技术学院,贵州,物理类,2025,专科批,387,158061,4
上海行健职业学院,贵州,物理类,2025,专科批,387,157271,
朔州师范高等专科学校,贵州,物理类,2025,专科批,387,158061,6
浙江工贸职业技术学院,贵州,物理类,2025,专科批,387,158061,9
重庆城市管理职业学院,贵州,物理类,2025,专科批,387,158061,16
贵阳康养职业大学,贵州,物理类,2025,专科批,387,158061,217
河北司法警官职业学院,贵州,物理类,2025,专科批,387,158061,20
黑龙江外国语学院,贵州,物理类,2025,本科批,387,151474,49
辽宁传媒学院,贵州,物理类,2025,本科批,387,156960,20
辽宁何氏医学院,贵州,物理类,2025,本科批,387,158061,27
南通理工学院,贵州,物理类,2025,本科批,387,158061,358
宁波财经学院,贵州,物理类,2025,本科批,387,158061,66
齐鲁师范学院,贵州,物理类,2025,本科批,387,158061,38
三江学院,贵州,物理类,2025,本科批,387,158061,109
三亚学院,贵州,物理类,2025,本科批,387,158061,78
上海建桥学院,贵州,物理类,2025,本科批,387,158061,103
上海杉达学院,贵州,物理类,2025,本科批,387,158061,133
上海师范大学天华学院,贵州,物理类,2025,本科批,387,158061,98
上海外国语大学贤达经济人文学院,贵州,物理类,2025,本科批,387,158061,47
上海中侨职业技术大学,贵州,物理类,2025,本科批,387,154320,49
沈阳城市学院,贵州,物理类,2025,本科批,387,158061,66
天津仁爱学院,贵州,物理类,2025,本科批,387,158061,78
天津天狮学院,贵州,物理类,2025,本科批,387,158061,139
无锡太湖学院,贵州,物理类,2025,本科批,387,158061,275
西安翻译学院,贵州,物理类,2025,本科批,387,158061,44
西安思源学院,贵州,物理类,2025,本科批,387,158061,39
浙江树人学院,贵州,物理类,2025,本科批,387,158061,74
浙江越秀外国语学院,贵州,物理类,2025,本科批,387,158061,52
广州华立学院,贵州,物理类,2025,本科批,387,158061,11
广州新华学院,贵州,物理类,2025,本科批,387,157382,75
哈尔滨石油学院,贵州,物理类,2025,本科批,387,158061,88
海口经济学院,贵州,物理类,2025,本科批,387,158061,74
海南科技职业大学,贵州,物理类,2025,本科批,387,158061,92
江西生物科技职业学院,贵州,物理类,2025,专科批,386,158824,6
泉州轻工职业学院,贵州,物理类,2025,专科批,386,158706,1
上海工商职业技术学院,贵州,物理类,2025,专科批,386,158824,
上海民远职业技术学院,贵州,物理类,2025,专科批,386,158464,1
长江大学文理学院,贵州,物理类,2025,专科批,386,158824,5
长沙商贸旅游职业技术学院,贵州,物理类,2025,专科批,386,158783,4
漳州职业技术学院,贵州,物理类,2025,专科批,386,158824,17
河南医学高等专科学校,贵州,物理类,2025,专科批,386,153949,10
菏泽医学专科学校,贵州,物理类,2025,专科批,386,158824,7
安徽国防科技职业学院,贵州,物理类,2025,专科批,385,159605,22
四川工程职业技术大学,贵州,物理类,2025,专科批,385,159605,48
天津中德应用技术大学,贵州,物理类,2025,专科批,385,156077,30
武汉城市职业学院,贵州,物理类,2025,专科批,385,159605,26
新疆警察学院,贵州,物理类,2025,专科批,385,156424,9
广东工程职业技术学院,贵州,物理类,2025,专科批,385,155714,20
西安航空职业技术学院,贵州,物理类,2025,专科提前批,385,151967,10
湖南石油化工职业技术学院,贵州,物理类,2025,专科批,384,160406,10
吉林工业职业技术学院,贵州,物理类,2025,专科批,384,159789,1
江西司法警官职业学院,贵州,物理类,2025,专科批,384,153456,7
宁波城市职业技术学院,贵州,物理类,2025,专科批,384,160406,17
三峡电力职业学院,贵州,物理类,2025,专科批,384,160406,62
西安翻译学院,贵州,物理类,2025,专科批,384,159810,1
浙江工业职业技术学院,贵州,物理类,2025,专科批,384,160406,20
重庆工贸职业技术学院,贵州,物理类,2025,专科批,384,160406,20
河北科技工程职业技术大学,贵州,物理类,2025,专科批,384,160406,6
山东海事职业学院,贵州,物理类,2025,专科提前批,384,160406,6
湖南信息职业技术学院,贵州,物理类,2025,专科批,383,161162,8
抚州医药学院,贵州,物理类,2025,专科批,383,161162,17
南宁职业技术大学,贵州,物理类,2025,专科批,383,155717,15
北京中医药大学东方学院,贵州,物理类,2025,专科批,383,160412,4
山东文化产业职业学院,贵州,物理类,2025,专科批,383,161082,1
四川交通职业技术学院,贵州,物理类,2025,专科批,383,161162,33
温州科技职业学院,贵州,物理类,2025,专科批,383,161162,12
武汉铁路职业技术学院,贵州,物理类,2025,专科批,383,161162,47
常州工业职业技术学院,贵州,物理类,2025,专科批,383,160678,3
成都农业科技职业学院,贵州,物理类,2025,专科批,383,161162,6
安徽邮电职业技术学院,贵州,物理类,2025,专科批,383,160687,5
贵州交通职业大学,贵州,物理类,2025,专科批,383,161162,1176
江苏城市职业学院,贵州,物理类,2025,专科批,382,161911,2
上海出版印刷高等专科学校,贵州,物理类,2025,专科批,382,161911,15
上海旅游高等专科学校,贵州,物理类,2025,专科批,382,161911,8
上海农林职业技术学院,贵州,物理类,2025,专科批,382,161911,7
上海中侨职业技术大学,贵州,物理类,2025,专科批,382,155758,3
台州科技职业学院,贵州,物理类,2025,专科批,382,158699,8
扬州中瑞酒店职业学院,贵州,物理类,2025,专科批,382,161275,1
益阳医学高等专科学校,贵州,物理类,2025,专科批,382,161911,19
安徽第二医学院,贵州,物理类,2025,专科批,382,161911,34
江苏农牧科技职业学院,贵州,物理类,2025,专科批,381,162620,8
陕西机电职业技术学院,贵州,物理类,2025,专科批,381,159725,6
徐州工业职业技术学院,贵州,物理类,2025,专科批,381,162620,6
云南机电职业技术学院,贵州,物理类,2025,专科批,381,162620,20
广东理工职业学院,贵州,物理类,2025,专科批,381,162620,26
焦作大学,贵州,物理类,2025,专科批,380,163337,20
拉萨师范学院,贵州,物理类,2025,专科批,380,162832,10
辽宁轨道交通职业学院,贵州,物理类,2025,专科批,380,159400,24
天津电子信息职业技术学院,贵州,物理类,2025,专科批,380,163337,35
新疆铁道职业技术学院,贵州,物理类,2025,专科批,380,161799,5
大理护理职业学院,贵州,物理类,2025,专科批,380,163337,15
广西农业职业技术大学,贵州,物理类,2025,专科批,380,161179,13
滨州职业学院,贵州,物理类,2025,专科提前批,380,163337,6
湖北职业技术学院,贵州,物理类,2025,专科批,379,164083,35
湖南理工职业技术学院,贵州,物理类,2025,专科批,379,161056,6
江苏航运职业技术学院,贵州,物理类,2025,专科批,379,164083,16
衢州职业技术学院,贵州,物理类,2025,专科批,379,164061,5
陕西铁路工程职业技术学院,贵州,物理类,2025,专科批,379,164083,13
沧州医学高等专科学校,贵州,物理类,2025,专科批,379,164083,20
四川化工职业技术学院,贵州,物理类,2025,专科批,379,162919,24
长江职业学院,贵州,物理类,2025,专科批,379,164083,14
长沙卫生职业学院,贵州,物理类,2025,专科批,379,164083,35
张家界航空工业职业技术学院,贵州,物理类,2025,专科批,379,164083,24
浙江同济科技职业学院,贵州,物理类,2025,专科批,379,164083,10
阿克苏工业职业技术学院,贵州,物理类,2025,专科批,379,163615,7
湖北水利水电职业技术学院,贵州,物理类,2025,专科批,378,164826,18
湖北铁道运输职业学院,贵州,物理类,2025,专科批,378,164826,38
青海农牧科技职业学院,贵州,物理类,2025,专科批,378,161603,6
无锡南洋职业技术学院,贵州,物理类,2025,专科批,378,164818,3
淄博职业技术大学,贵州,物理类,2025,专科批,378,164826,37
深圳大学,贵州,物理类,2025,本科提前批B段,378,164546,1
江西应用工程职业学院,贵州,物理类,2025,专科批,377,165542,4
齐鲁理工学院,贵州,物理类,2025,专科批,377,165385,1
上海城建职业学院,贵州,物理类,2025,专科批,377,165542,22
浙江国际海运职业技术学院,贵州,物理类,2025,专科批,377,165542,10
哈尔滨职业技术大学,贵州,物理类,2025,专科批,377,164403,5
汉口学院,贵州,物理类,2025,专科批,377,165459,3
江苏财会职业学院,贵州,物理类,2025,专科批,376,166247,12
江西职业技术大学,贵州,物理类,2025,专科批,376,166247,58
乐山职业技术学院,贵州,物理类,2025,专科批,376,165587,10
青岛酒店管理职业技术学院,贵州,物理类,2025,专科批,376,165805,2
阿坝职业学院,贵州,物理类,2025,专科批,376,166247,7
宜宾职业技术学院,贵州,物理类,2025,专科批,376,163792,30
重庆城市职业学院,贵州,物理类,2025,专科批,376,166247,70
浙江交通职业技术学院,贵州,物理类,2025,专科提前批,376,166247,10
黑龙江司法警官职业学院,贵州,物理类,2025,专科批,375,163236,13
红河卫生职业学院,贵州,物理类,2025,专科批,375,166423,5
吉林司法警官职业学院,贵州,物理类,2025,专科批,375,164427,15
四川建筑职业技术学院,贵州,物理类,2025,专科批,375,159679,20
武汉交通职业学院,贵州,物理类,2025,专科批,375,166925,12
镇江市高等专科学校,贵州,物理类,2025,专科批,375,166925,5
东莞职业技术学院,贵州,物理类,2025,专科批,375,166925,14
广东机电职业技术学院,贵州,物理类,2025,专科批,375,159471,16
重庆医药高等专科学校,贵州,物理类,2025,专科提前批,375,166925,9
四川卫生康复职业学院,贵州,物理类,2025,专科批,374,167630,30
德宏师范学院,贵州,物理类,2025,专科批,374,162069,12
安庆医药高等专科学校,贵州,物理类,2025,专科批,374,167630,17
江西航空职业技术学院,贵州,物理类,2025,专科提前批,374,161502,10
湖北交通职业技术学院,贵州,物理类,2025,专科批,373,168320,9
连云港职业技术学院,贵州,物理类,2025,专科批,373,167666,3
皖西卫生职业学院,贵州,物理类,2025,专科批,373,168094,5
德宏职业学院,贵州,物理类,2025,专科批,373,168320,15
天津海运职业学院,贵州,物理类,2025,专科提前批,373,168320,65
湖南电气职业技术学院,贵州,物理类,2025,专科批,372,168624,5
江苏财经职业技术学院,贵州,物理类,2025,专科批,372,169007,11
江西财经职业学院,贵州,物理类,2025,专科批,372,169007,27
四川财经职业学院,贵州,物理类,2025,专科批,372,167572,12
四川职业技术学院,贵州,物理类,2025,专科批,372,169007,30
武汉软件工程职业学院,贵州,物理类,2025,专科批,372,169007,24
福州职业技术学院,贵州,物理类,2025,专科批,372,169007,8
赣南卫生健康职业学院,贵州,物理类,2025,专科批,372,169007,18
广州卫生职业技术学院,贵州,物理类,2025,专科批,372,169007,8
湖北开放职业学院,贵州,物理类,2025,专科批,371,169128,1
湖南化工职业技术学院,贵州,物理类,2025,专科批,371,169656,25
洛阳职业技术学院,贵州,物理类,2025,专科批,371,169656,25
绵阳职业技术学院,贵州,物理类,2025,专科批,371,169496,5
玉溪农业职业技术学院,贵州,物理类,2025,专科批,371,169656,6
江苏海事职业技术学院,贵州,物理类,2025,专科提前批,371,169656,7
江苏食品药品职业技术学院,贵州,物理类,2025,专科批,370,164464,15
辽宁医药职业学院,贵州,物理类,2025,专科批,370,169886,3
山东信息职业技术学院,贵州,物理类,2025,专科批,370,170321,5
西双版纳职业技术学院,贵州,物理类,2025,专科批,370,169803,5
安徽卫生健康职业学院,贵州,物理类,2025,专科批,370,170321,12
河北交通职业技术学院,贵州,物理类,2025,专科批,370,170321,4
河南推拿职业学院,贵州,物理类,2025,专科批,370,169665,10
兰州资源环境职业技术大学,贵州,物理类,2025,专科提前批,370,170321,
保山中医药高等专科学校,贵州,物理类,2025,专科批,369,171024,24
湖南应用技术学院,贵州,物理类,2025,专科批,369,169533,2
淮南联合大学,贵州,物理类,2025,专科批,369,171024,22
江苏旅游职业学院,贵州,物理类,2025,专科批,369,170930,3
茂名职业技术学院,贵州,物理类,2025,专科批,369,170614,1
天津铁道职业技术学院,贵州,物理类,2025,专科批,369,171024,45
宜春职业技术学院,贵州,物理类,2025,专科批,369,171024,28
浙江树人学院,贵州,物理类,2025,专科批,369,171024,3
郑州健康学院,贵州,物理类,2025,专科批,369,171024,4
重庆财经职业学院,贵州,物理类,2025,专科批,369,171024,39
哈尔滨北方航空职业技术学院,贵州,物理类,2025,专科批,369,170615,2
三亚航空旅游职业学院,贵州,物理类,2025,专科提前批,369,170335,5
海南科技职业大学,贵州,物理类,2025,专科提前批,369,170447,6
吉林电子信息职业技术学院,贵州,物理类,2025,专科批,368,171337,1
唐山工业职业技术大学,贵州,物理类,2025,专科批,368,163213,8
重庆青年职业技术学院,贵州,物理类,2025,专科批,368,168392,35
楚雄医药高等专科学校,贵州,物理类,2025,专科批,368,171710,16
湖南汽车工程职业大学,贵州,物理类,2025,专科提前批,368,171710,9
武汉交通职业学院,贵州,物理类,2025,专科提前批,368,171710,9
河南交通职业技术学院,贵州,物理类,2025,专科提前批,368,171710,16
青海高等职业技术学院,贵州,物理类,2025,专科批,367,170904,5
四川航天职业技术学院,贵州,物理类,2025,专科批,367,172317,10
四川汽车职业技术学院,贵州,物理类,2025,专科批,367,172267,3
桐城师范高等专科学校,贵州,物理类,2025,专科批,367,172087,5
达州职业技术学院,贵州,物理类,2025,专科批,367,172193,15
广东建设职业技术学院,贵州,物理类,2025,专科批,367,172317,23
广西水利电力职业技术学院,贵州,物理类,2025,专科批,367,172317,20
黑龙江交通职业技术学院,贵州,物理类,2025,专科批,367,164500,19
湖南机电职业技术学院,贵州,物理类,2025,专科批,366,172925,41
昆明铁道职业技术学院,贵州,物理类,2025,专科批,366,172925,63
广东交通职业技术学院,贵州,物理类,2025,专科批,366,172925,26
包头铁道职业技术学院,贵州,物理类,2025,专科批,366,166906,21
江西水利电力大学,贵州,物理类,2025,专科提前批,366,172925,15
湖南科技职业学院,贵州,物理类,2025,专科批,365,173561,17
江苏安全技术职业学院,贵州,物理类,2025,专科批,365,173561,13
江西现代职业技术学院,贵州,物理类,2025,专科批,365,173561,5
金山职业技术学院,贵州,物理类,2025,专科批,365,173460,1
柳州职业技术大学,贵州,物理类,2025,专科批,365,173561,33
南京交通职业技术学院,贵州,物理类,2025,专科批,365,173561,20
山西工程职业学院,贵州,物理类,2025,专科批,365,173561,5
陕西交通职业技术学院,贵州,物理类,2025,专科批,365,173561,11
厦门城市职业学院,贵州,物理类,2025,专科批,365,173561,22
川北幼儿师范高等专科学校,贵州,物理类,2025,专科批,365,173237,6
安徽交通职业技术学院,贵州,物理类,2025,专科提前批,365,173561,10
湖北幼儿师范高等专科学校,贵州,物理类,2025,专科批,364,173909,3
湖南国防工业职业技术学院,贵州,物理类,2025,专科批,364,174148,19
江苏建筑职业技术学院,贵州,物理类,2025,专科批,364,174148,10
山西铁道职业技术学院,贵州,物理类,2025,专科批,364,174148,5
雅安职业技术学院,贵州,物理类,2025,专科批,364,174148,18
成都外国语学院,贵州,物理类,2025,专科批,364,174148,7
重庆化工职业学院,贵州,物理类,2025,专科批,364,174148,75
惠州卫生职业技术学院,贵州,物理类,2025,专科批,363,174716,7
泸州职业技术学院,贵州,物理类,2025,专科批,363,174716,35
广西工商职业技术学院,贵州,物理类,2025,专科批,363,174336,3
广西卫生职业技术学院,贵州,物理类,2025,专科批,363,174716,26
湖南工程职业技术学院,贵州,物理类,2025,专科批,362,175296,12
湖南汽车工程职业大学,贵州,物理类,2025,专科批,362,175296,22
江西交通职业技术学院,贵州,物理类,2025,专科批,362,175296,24
内江卫生与健康职业学院,贵州,物理类,2025,专科批,362,175276,5
齐鲁医药学院,贵州,物理类,2025,专科批,362,175296,16
泉州幼儿师范高等专科学校,贵州,物理类,2025,专科批,362,175185,3
石家庄人民医学高等专科学校,贵州,物理类,2025,专科批,362,175296,5
资阳口腔职业学院,贵州,物理类,2025,专科批,362,174968,5
重庆工信职业学院,贵州,物理类,2025,专科批,362,175296,20
福建信息职业技术学院,贵州,物理类,2025,专科批,362,175296,20
广州科技职业技术大学,贵州,物理类,2025,专科批,362,175296,6
广州珠江职业技术学院,贵州,物理类,2025,专科批,362,175239,2
硅湖职业技术学院,贵州,物理类,2025,专科批,362,175219,2
阜阳职业技术学院,贵州,物理类,2025,专科提前批,362,172623,6
曲靖健康医学院,贵州,物理类,2025,专科批,361,175929,50
陕西航空职业技术学院,贵州,物理类,2025,专科批,361,169228,28
四川工商职业技术学院,贵州,物理类,2025,专科批,361,175698,30
西安科技大学高新学院,贵州,物理类,2025,专科批,361,175441,3
朝阳师范学院,贵州,物理类,2025,专科批,361,175929,46
辽宁特殊教育师范高等专科学校,贵州,物理类,2025,专科批,360,176204,5
西安航空职业技术学院,贵州,物理类,2025,专科批,360,176482,35
安徽粮食工程职业学院,贵州,物理类,2025,专科批,360,176482,8
湘潭医卫职业技术学院,贵州,物理类,2025,专科批,359,177037,12
云南交通职业技术学院,贵州,物理类,2025,专科批,359,168981,15
承德护理职业学院,贵州,物理类,2025,专科批,359,177037,5
海南卫生健康职业学院,贵州,物理类,2025,专科批,359,177037,6
山东信息职业技术学院,贵州,物理类,2025,专科提前批,359,171972,9
青岛港湾职业技术学院,贵州,物理类,2025,专科批,358,177565,6
海南经贸职业技术学院,贵州,物理类,2025,专科批,358,177565,
湖北科技职业学院,贵州,物理类,2025,专科批,357,178094,26
江苏商贸职业学院,贵州,物理类,2025,专科批,357,178094,6
辽宁理工职业大学,贵州,物理类,2025,专科批,357,178094,3
陕西邮电职业技术学院,贵州,物理类,2025,专科批,357,178094,10
天津现代职业技术学院,贵州,物理类,2025,专科批,357,178094,40
新疆轻工职业技术学院,贵州,物理类,2025,专科批,357,177985,5
重庆商务职业学院,贵州,物理类,2025,专科批,357,178094,79
丽水职业技术学院,贵州,物理类,2025,专科批,356,178641,8
南通科技职业学院,贵州,物理类,2025,专科批,356,178641,9
泰州职业技术学院,贵州,物理类,2025,专科批,356,178641,15
唐山职业技术学院,贵州,物理类,2025,专科批,356,178641,14
河北软件职业技术学院,贵州,物理类,2025,专科批,356,178204,5
湖南邮电职业技术学院,贵州,物理类,2025,专科批,355,174759,8
济南护理职业学院,贵州,物理类,2025,专科批,355,179168,10
长春金融高等专科学校,贵州,物理类,2025,专科批,355,179168,5
云南水利水电职业学院,贵州,物理类,2025,专科批,355,179168,17
河南工业贸易职业学院,贵州,物理类,2025,专科批,355,178810,6
辽宁铁道职业技术学院,贵州,物理类,2025,专科批,354,179747,27
宿州职业技术学院,贵州,物理类,2025,专科批,354,179747,4
漳州卫生职业学院,贵州,物理类,2025,专科批,354,179747,44
福建林业职业技术学院,贵州,物理类,2025,专科批,354,179747,10
白城职业技术学院,贵州,物理类,2025,专科批,354,179178,2
江西农业工程职业学院,贵州,物理类,2025,专科批,353,180228,5
南通师范高等专科学校,贵州,物理类,2025,专科批,353,180228,21
秦皇岛职业技术学院,贵州,物理类,2025,专科批,353,179822,2
云南财经职业学院,贵州,物理类,2025,专科批,353,180228,16
合肥职业技术学院,贵州,物理类,2025,专科批,353,179835,5
河南地矿职业学院,贵州,物理类,2025,专科批,353,180228,4
江西航空职业技术学院,贵州,物理类,2025,专科批,352,180749,6
温州商学院,贵州,物理类,2025,专科批,352,180749,5
长江工程职业技术学院,贵州,物理类,2025,专科批,352,180749,27
武汉科技职业学院,贵州,物理类,2025,专科批,352,180347,1
广东食品药品职业学院,贵州,物理类,2025,专科批,352,180749,24
广州工程技术职业学院,贵州,物理类,2025,专科批,352,176706,24
潍坊工程职业学院,贵州,物理类,2025,专科提前批,352,176107,10
运城护理职业学院,贵州,物理类,2025,专科批,351,181223,11
甘肃交通职业技术学院,贵州,物理类,2025,专科批,351,181223,2
甘肃卫生职业学院,贵州,物理类,2025,专科批,351,181223,22
广东水利电力职业技术学院,贵州,物理类,2025,专科批,351,181223,43
湖北中医药高等专科学校,贵州,物理类,2025,专科批,350,181687,19
江西信息应用职业技术学院,贵州,物理类,2025,专科批,350,181687,3
四川水利职业技术学院,贵州,物理类,2025,专科批,350,181687,30
安徽汽车职业技术学院,贵州,物理类,2025,专科批,350,181687,20
邯郸幼儿师范高等专科学校,贵州,物理类,2025,专科批,350,181687,6
湖北轻工职业技术学院,贵州,物理类,2025,专科批,349,182193,13
浙江广厦建设职业技术大学,贵州,物理类,2025,专科批,349,182193,5
呼和浩特职业技术大学,贵州,物理类,2025,专科批,348,182345,2
青岛航空科技职业学院,贵州,物理类,2025,专科批,348,182212,1
青岛职业技术学院,贵州,物理类,2025,专科批,348,182658,26
天津轻工职业技术学院,贵州,物理类,2025,专科批,348,182658,23
重庆水利电力职业技术学院,贵州,物理类,2025,专科批,348,182658,78
赣州职业技术学院,贵州,物理类,2025,专科批,348,182658,11
广西交通职业技术学院,贵州,物理类,2025,专科批,348,182658,18
湖南环境生物职业技术学院,贵州,物理类,2025,专科批,347,183130,51
江西医学高等专科学校,贵州,物理类,2025,专科批,347,183130,29
安徽工业职业技术学院,贵州,物理类,2025,专科批,347,183130,10
厦门兴才职业技术学院,贵州,物理类,2025,专科批,347,183122,1
安徽审计职业学院,贵州,物理类,2025,专科批,347,183130,15
安庆职业技术学院,贵州,物理类,2025,专科批,347,183130,16
贵阳职业技术学院,贵州,物理类,2025,专科批,347,183130,1105
安徽电子信息职业技术学院,贵州,物理类,2025,专科批,346,183577,42
辽宁现代服务职业技术学院,贵州,物理类,2025,专科批,346,183133,1
山东电子职业技术学院,贵州,物理类,2025,专科批,346,183577,15
山东科技职业学院,贵州,物理类,2025,专科批,346,183577,5
上海济光职业技术学院,贵州,物理类,2025,专科批,346,183237,2
邵阳职业技术学院,贵州,物理类,2025,专科批,346,183577,5
长白山职业技术学院,贵州,物理类,2025,专科批,346,183437,5
苏州健雄职业技术学院,贵州,物理类,2025,专科批,346,183577,5
武汉航海职业技术学院,贵州,物理类,2025,专科批,346,183577,13
海南软件职业技术学院,贵州,物理类,2025,专科批,346,183577,8
湖北交通职业技术学院,贵州,物理类,2025,专科提前批,346,183577,7
江苏城乡建设职业学院,贵州,物理类,2025,专科批,345,176390,4
临汾职业技术学院,贵州,物理类,2025,专科批,345,184013,3
北京培黎职业学院,贵州,物理类,2025,专科批,345,175353,6
云南国防工业职业技术学院,贵州,物理类,2025,专科批,345,183688,10
泰山职业技术学院,贵州,物理类,2025,专科提前批,345,178753,6
武汉船舶职业技术学院,贵州,物理类,2025,专科提前批,345,184013,6
昆明冶金高等专科学校,贵州,物理类,2025,专科批,344,184476,35
三峡大学科技学院,贵州,物理类,2025,专科批,344,184476,19
山东水利职业学院,贵州,物理类,2025,专科批,344,184476,13
陕西财经职业技术学院,贵州,物理类,2025,专科批,344,184476,8
西南交通大学希望学院,贵州,物理类,2025,专科批,343,184893,19
福州黎明职业技术学院,贵州,物理类,2025,专科批,343,184724,1
天津石油职业技术学院,贵州,物理类,2025,专科批,342,185311,17
延安职业技术学院,贵州,物理类,2025,专科批,342,185311,5
杭州万向职业技术学院,贵州,物理类,2025,专科批,342,185311,4
黑龙江护理高等专科学校,贵州,物理类,2025,专科批,342,185311,15
内江职业技术学院,贵州,物理类,2025,专科批,341,185723,6
西安医学高等专科学校,贵州,物理类,2025,专科批,341,185723,50
新疆职业大学,贵州,物理类,2025,专科批,341,185723,7
重庆应用技术职业学院,贵州,物理类,2025,专科批,341,185633,1
河南测绘职业学院,贵州,物理类,2025,专科批,341,179740,4
湖北师范大学文理学院,贵州,物理类,2025,专科批,340,186188,11
三亚理工职业学院,贵州,物理类,2025,专科批,340,185915,1
商丘职业技术学院,贵州,物理类,2025,专科批,340,186188,10
上海东海职业技术学院,贵州,物理类,2025,专科批,340,186166,5
大理农林职业技术学院,贵州,物理类,2025,专科批,340,186188,25
大连东软信息学院,贵州,物理类,2025,专科批,340,186188,4
广东工贸职业技术学院,贵州,物理类,2025,专科批,340,186188,26
广州华商职业学院,贵州,物理类,2025,专科批,340,185739,1
南昌健康职业技术学院,贵州,物理类,2025,专科批,339,186611,11
山东轻工职业学院,贵州,物理类,2025,专科批,339,186287,3
常州纺织服装职业技术学院,贵州,物理类,2025,专科批,339,185306,10
浙江安防职业技术学院,贵州,物理类,2025,专科批,339,186611,10
中山职业技术学院,贵州,物理类,2025,专科批,339,186611,29
广东农工商职业技术学院,贵州,物理类,2025,专科批,339,186611,16
宝鸡三和职业学院,贵州,物理类,2025,专科批,339,186611,6
泉州海洋职业学院,贵州,物理类,2025,专科提前批,339,186611,18
湖南网络工程职业学院,贵州,物理类,2025,专科批,338,187022,11
浙江汽车职业技术学院,贵州,物理类,2025,专科批,338,187022,20
广西物流职业技术学院,贵州,物理类,2025,专科批,338,186955,5
湄洲湾职业技术学院,贵州,物理类,2025,专科批,337,186237,30
萍乡卫生职业学院,贵州,物理类,2025,专科批,337,187442,16
唐山幼儿师范高等专科学校,贵州,物理类,2025,专科批,337,187442,2
天津机电职业技术学院,贵州,物理类,2025,专科批,337,187442,29
咸阳职业技术学院,贵州,物理类,2025,专科批,337,187442,5
云南轻纺职业学院,贵州,物理类,2025,专科批,337,187442,10
河北化工医药职业技术学院,贵州,物理类,2025,专科批,337,187442,28
湖南体育职业学院,贵州,物理类,2025,专科提前批,337,187442,4
江海职业技术学院,贵州,物理类,2025,专科批,336,187672,1
上饶卫生健康职业学院,贵州,物理类,2025,专科批,336,187492,2
正德职业技术学院,贵州,物理类,2025,专科批,336,187500,2
甘肃工业职业技术大学,贵州,物理类,2025,专科批,336,187838,9
湖北生物科技职业学院,贵州,物理类,2025,专科批,335,188204,24
开封文化艺术职业学院,贵州,物理类,2025,专科批,335,188179,5
重庆安全技术职业学院,贵州,物理类,2025,专科批,335,188204,120
广州华南商贸职业学院,贵州,物理类,2025,专科批,335,188057,1
漯河医学高等专科学校,贵州,物理类,2025,专科批,334,188583,29
山东商业职业技术学院,贵州,物理类,2025,专科批,334,188583,10
陕西职业技术学院,贵州,物理类,2025,专科批,334,188583,15
泰山护理职业学院,贵州,物理类,2025,专科批,334,188583,14
云南能源职业技术学院,贵州,物理类,2025,专科批,334,188583,15
宝鸡职业技术学院,贵州,物理类,2025,专科批,334,188583,7
濮阳医学高等专科学校,贵州,物理类,2025,专科批,333,188986,6
三亚中瑞酒店管理职业学院,贵州,物理类,2025,专科批,333,188777,1
皖北卫生职业学院,贵州,物理类,2025,专科批,333,188986,40
榆林能源科技职业学院,贵州,物理类,2025,专科批,333,188986,3
重庆数字产业职业技术学院,贵州,物理类,2025,专科批,333,188818,1
广东环境保护工程职业学院,贵州,物理类,2025,专科批,333,188986,21
广西建设职业技术学院,贵州,物理类,2025,专科批,333,183663,6
湖南高尔夫旅游职业学院,贵州,物理类,2025,专科批,332,189193,1
江西环境工程职业学院,贵州,物理类,2025,专科批,332,189339,9
昆明卫生职业学院,贵州,物理类,2025,专科批,332,189339,16
大庆医学高等专科学校,贵州,物理类,2025,专科批,332,189339,17
福建水利电力职业技术学院,贵州,物理类,2025,专科批,332,189339,41
安康职业技术学院,贵州,物理类,2025,专科批,332,189339,8
河南护理职业学院,贵州,物理类,2025,专科批,332,189339,5
江西洪州职业学院,贵州,物理类,2025,专科批,331,186094,3
江西机电职业技术学院,贵州,物理类,2025,专科批,331,189727,13
黔南民族医学高等专科学校,贵州,物理类,2025,专科批,331,189727,1808
上海震旦职业学院,贵州,物理类,2025,专科批,331,189727,
遂宁工程职业学院,贵州,物理类,2025,专科批,331,189722,1
榆林职业技术学院,贵州,物理类,2025,专科批,331,189727,10
昆明城市学院,贵州,物理类,2025,专科批,330,189894,3
贵州工业职业技术学院,贵州,物理类,2025,专科批,330,190061,752
永州师范高等专科学校,贵州,物理类,2025,专科批,329,190384,1
广西电力职业技术学院,贵州,物理类,2025,专科批,329,190408,58
南充文化旅游职业学院,贵州,物理类,2025,专科批,328,187587,4
毕节医学高等专科学校,贵州,物理类,2025,专科批,328,190740,1151
通化医药健康职业学院,贵州,物理类,2025,专科批,328,190740,5
岳阳职业技术学院,贵州,物理类,2025,专科批,328,190740,45
河北对外经贸职业学院,贵州,物理类,2025,专科批,328,190740,7
河北正定师范高等专科学校,贵州,物理类,2025,专科批,328,190740,4
太湖创意职业技术学院,贵州,物理类,2025,专科批,327,190957,1
天津交通职业学院,贵州,物理类,2025,专科批,327,191092,24
石家庄工商职业学院,贵州,物理类,2025,专科批,326,191425,3
河北能源职业技术学院,贵州,物理类,2025,专科批,326,191205,1
湖南生物机电职业技术学院,贵州,物理类,2025,专科批,325,191717,34
廊坊卫生职业学院,贵州,物理类,2025,专科批,325,191717,25
日喀则职业技术学院,贵州,物理类,2025,专科批,325,191717,5
甘肃畜牧工程职业技术学院,贵州,物理类,2025,专科批,325,191717,8
广东茂名健康职业学院,贵州,物理类,2025,专科批,325,191717,21
哈尔滨应用职业技术学院,贵州,物理类,2025,专科批,325,191717,3
江西工程职业学院,贵州,物理类,2025,专科批,324,187546,15
江西青年职业学院,贵州,物理类,2025,专科批,324,192028,5
陕西工商职业学院,贵州,物理类,2025,专科批,324,191993,10
上饶幼儿师范高等专科学校,贵州,物理类,2025,专科批,324,192028,7
新疆生产建设兵团兴新职业技术学院,贵州,物理类,2025,专科批,324,192028,5
张家口职业技术学院,贵州,物理类,2025,专科批,324,192028,4
漳州理工职业学院,贵州,物理类,2025,专科批,324,191866,2
沙洲职业工学院,贵州,物理类,2025,专科批,323,192337,10
中山火炬职业技术学院,贵州,物理类,2025,专科批,323,192337,26
辽宁省交通高等专科学校,贵州,物理类,2025,专科批,322,192620,32
渭南职业技术学院,贵州,物理类,2025,专科批,322,192620,20
厦门南洋职业学院,贵州,物理类,2025,专科批,322,192404,1
广东南华工商职业学院,贵州,物理类,2025,专科批,322,192620,15
江门职业技术学院,贵州,物理类,2025,专科批,321,192932,13
辽宁机电职业技术学院,贵州,物理类,2025,专科批,321,192932,27
辽宁冶金职业技术学院,贵州,物理类,2025,专科批,321,192622,1
郑州职业技术学院,贵州,物理类,2025,专科批,321,192932,10
福建卫生职业技术学院,贵州,物理类,2025,专科批,321,192932,30
百色职业学院,贵州,物理类,2025,专科批,321,192932,22
淮南职业技术学院,贵州,物理类,2025,专科批,320,189124,7
黎明职业大学,贵州,物理类,2025,专科批,320,193235,43
山西同文职业技术学院,贵州,物理类,2025,专科批,320,192968,2
武汉工商学院,贵州,物理类,2025,专科批,320,193235,12
广西科技职业学院,贵州,物理类,2025,专科批,320,193100,1
河北机电职业技术学院,贵州,物理类,2025,专科批,320,190506,7
湘中幼儿师范高等专科学校,贵州,物理类,2025,专科批,319,193416,3
崇左幼儿师范高等专科学校,贵州,物理类,2025,专科批,319,193515,16
广西机电职业技术学院,贵州,物理类,2025,专科批,319,193515,10
重庆五一职业技术学院,贵州,物理类,2025,专科批,318,193796,90
海南外国语职业学院,贵州,物理类,2025,专科批,318,193796,
保定幼儿师范高等专科学校,贵州,物理类,2025,专科批,317,194058,22
塔城职业技术学院,贵州,物理类,2025,专科批,317,193986,1
贵阳幼儿师范高等专科学校,贵州,物理类,2025,专科批,317,194058,337
湖南工商职业学院,贵州,物理类,2025,专科批,316,194334,6
石河子工程职业技术学院,贵州,物理类,2025,专科批,316,194145,2
西安外事学院,贵州,物理类,2025,专科批,316,187591,13
包头钢铁职业技术学院,贵州,物理类,2025,专科批,316,194334,11
湖北工程学院新技术学院,贵州,物理类,2025,专科批,315,184899,12
江西工业工程职业技术学院,贵州,物理类,2025,专科批,315,194630,10
潍坊护理职业学院,贵州,物理类,2025,专科批,315,194421,4
湖南商务职业技术学院,贵州,物理类,2025,专科批,314,194888,14
南阳职业学院,贵州,物理类,2025,专科批,314,194888,
西安思源学院,贵州,物理类,2025,专科批,314,194888,3
永州职业技术学院,贵州,物理类,2025,专科批,314,194888,34
云南旅游职业学院,贵州,物理类,2025,专科批,314,194888,10
闽西职业技术学院,贵州,物理类,2025,专科批,313,195151,10
天府新区信息职业学院,贵州,物理类,2025,专科批,312,195305,1
河北旅游职业学院,贵州,物理类,2025,专科批,312,195388,7
石家庄科技职业学院,贵州,物理类,2025,专科批,311,195637,3
信阳职业技术学院,贵州,物理类,2025,专科批,311,195637,15
昭通卫生职业学院,贵州,物理类,2025,专科批,311,195637,70
海南健康管理职业技术学院,贵州,物理类,2025,专科批,311,195619,1
湖南有色金属职业技术学院,贵州,物理类,2025,专科批,310,195876,8
哈尔滨科学技术职业学院,贵州,物理类,2025,专科批,310,195876,14
三门峡职业技术学院,贵州,物理类,2025,专科批,309,196113,19
云南特殊教育职业学院,贵州,物理类,2025,专科批,309,196113,9
湖南幼儿师范高等专科学校,贵州,物理类,2025,专科批,308,194796,5
兰州职业技术学院,贵州,物理类,2025,专科批,308,196319,4
西安交通工程学院,贵州,物理类,2025,专科批,308,196319,12
聊城职业技术学院,贵州,物理类,2025,专科批,307,196536,12
武汉铁路桥梁职业学院,贵州,物理类,2025,专科批,307,196536,32
西昌民族幼儿师范高等专科学校,贵州,物理类,2025,专科批,307,196536,4
厦门华天涉外职业技术学院,贵州,物理类,2025,专科批,307,193939,3
广西自然资源职业技术学院,贵州,物理类,2025,专科批,307,196536,12
黑龙江农垦职业学院,贵州,物理类,2025,专科批,307,196536,3
宁德职业技术学院,贵州,物理类,2025,专科批,306,196752,17
阳泉职业技术学院,贵州,物理类,2025,专科批,306,196752,4
伊春职业学院,贵州,物理类,2025,专科批,306,196752,16
日照航海工程职业学院,贵州,物理类,2025,专科批,305,196897,2
山东化工职业学院,贵州,物理类,2025,专科批,305,196767,5
西安高新科技职业学院,贵州,物理类,2025,专科批,305,196966,4
郴州职业技术学院,贵州,物理类,2025,专科批,305,196966,15
江西应用科技学院,贵州,物理类,2025,专科批,304,196443,2
天津生物工程职业技术学院,贵州,物理类,2025,专科批,304,197181,18
通辽职业学院,贵州,物理类,2025,专科批,304,197177,2
揭阳职业技术学院,贵州,物理类,2025,专科批,303,189301,7
昆明工业职业技术学院,贵州,物理类,2025,专科批,303,197280,16
辽宁理工学院,贵州,物理类,2025,专科批,303,197385,13
山东英才学院,贵州,物理类,2025,专科批,303,190420,4
四川科技职业学院,贵州,物理类,2025,专科批,303,197385,6
宜春幼儿师范高等专科学校,贵州,物理类,2025,专科批,303,197385,15
甘肃有色冶金职业技术学院,贵州,物理类,2025,专科批,303,197278,2
河南轻工职业学院,贵州,物理类,2025,专科批,303,194641,15
湖南安全技术职业学院,贵州,物理类,2025,专科批,302,189887,24
湖南现代物流职业技术学院,贵州,物理类,2025,专科批,302,197579,6
江西科技职业学院,贵州,物理类,2025,专科批,302,197572,1
重庆艺术工程职业学院,贵州,物理类,2025,专科批,302,197579,5
石家庄信息工程职业学院,贵州,物理类,2025,专科批,301,197779,23
铁岭师范高等专科学校,贵州,物理类,2025,专科批,301,197779,22
云南国土资源职业学院,贵州,物理类,2025,专科批,301,197779,18
山东交通职业学院,贵州,物理类,2025,专科批,300,197969,40
贵州财经职业学院,贵州,物理类,2025,专科批,300,197969,303
江西传媒职业学院,贵州,物理类,2025,专科批,299,198136,27
江西工商职业技术学院,贵州,物理类,2025,专科批,299,197977,1
武汉传媒学院,贵州,物理类,2025,专科批,299,198136,9
益阳职业技术学院,贵州,物理类,2025,专科批,299,198136,22
自贡职业技术学院,贵州,物理类,2025,专科批,299,198136,2
合肥通用职业技术学院,贵州,物理类,2025,专科批,299,198136,3
昆山登云科技职业学院,贵州,物理类,2025,专科批,298,198238,1
陕西青年职业学院,贵州,物理类,2025,专科批,298,198325,5
云南农业职业技术学院,贵州,物理类,2025,专科批,298,198325,25
湖南三一工业职业技术学院,贵州,物理类,2025,专科批,297,198517,3
辽宁装备制造职业技术学院,贵州,物理类,2025,专科批,297,198517,5
天津天狮学院,贵州,物理类,2025,专科批,297,198393,3
仙桃职业学院,贵州,物理类,2025,专科批,297,198517,63
襄阳职业技术学院,贵州,物理类,2025,专科批,297,198517,21
河南工业和信息化职业学院,贵州,物理类,2025,专科批,297,198517,7
佳木斯职业学院,贵州,物理类,2025,专科批,296,198529,2
江西软件职业技术大学,贵州,物理类,2025,专科批,296,198688,2
云南林业职业技术学院,贵州,物理类,2025,专科批,296,198688,18
闽江师范高等专科学校,贵州,物理类,2025,专科批,295,198873,16
石家庄幼儿师范高等专科学校,贵州,物理类,2025,专科批,295,198873,12
广西现代职业技术学院,贵州,物理类,2025,专科批,295,198873,28
陕西国际商贸学院,贵州,物理类,2025,专科批,294,197823,3
商洛职业技术学院,贵州,物理类,2025,专科批,294,189489,2
潍坊环境工程职业学院,贵州,物理类,2025,专科批,294,199019,1
乌兰察布职业学院,贵州,物理类,2025,专科批,294,198892,1
重庆资源与环境保护职业学院,贵州,物理类,2025,专科批,294,196610,2
福建农业职业技术学院,贵州,物理类,2025,专科批,294,199048,5
哈密职业技术学院,贵州,物理类,2025,专科批,294,199050,4
内蒙古机电职业技术学院,贵州,物理类,2025,专科批,293,199237,22
泰山科技学院,贵州,物理类,2025,专科批,293,199114,1
天津商务职业学院,贵州,物理类,2025,专科批,293,199237,38
武汉工程职业技术学院,贵州,物理类,2025,专科批,293,199237,55
广东酒店管理职业技术学院,贵州,物理类,2025,专科批,293,199237,3
广州华夏职业学院,贵州,物理类,2025,专科批,293,196202,3
湖北生态工程职业技术学院,贵州,物理类,2025,专科批,292,199393,10
辽宁何氏医学院,贵州,物理类,2025,专科批,292,199393,5
广西幼儿师范高等专科学校,贵州,物理类,2025,专科批,292,199393,22
河南质量工程职业学院,贵州,物理类,2025,专科批,292,199393,3
辽阳职业技术学院,贵州,物理类,2025,专科批,291,199558,4
濮阳石油化工职业技术学院,贵州,物理类,2025,专科批,291,190780,13
云南城市建设职业学院,贵州,物理类,2025,专科批,291,197601,4
周口职业技术学院,贵州,物理类,2025,专科批,291,199558,16
广东南方职业学院,贵州,物理类,2025,专科批,291,194352,9
湖南食品药品职业学院,贵州,物理类,2025,专科批,290,199716,76
沧州幼儿师范高等专科学校,贵州,物理类,2025,专科批,290,193963,4
阜阳科技职业学院,贵州,物理类,2025,专科批,290,199716,9
广东文理职业学院,贵州,物理类,2025,专科批,290,191106,8
南昌理工学院,贵州,物理类,2025,专科批,289,199868,36
平顶山工业职业技术学院,贵州,物理类,2025,专科批,289,199868,4
常德职业技术学院,贵州,物理类,2025,专科批,289,199868,155
湛江幼儿师范专科学校,贵州,物理类,2025,专科批,289,194264,9
贵州建设职业技术学院,贵州,物理类,2025,专科批,289,199868,568
四川大学锦江学院,贵州,物理类,2025,专科批,288,200017,35
烟台汽车工程职业学院,贵州,物理类,2025,专科批,288,199987,12
黑龙江林业职业技术学院,贵州,物理类,2025,专科批,288,200017,3
湖南外国语职业学院,贵州,物理类,2025,专科批,287,200096,1
广东肇庆航空职业学院,贵州,物理类,2025,专科批,287,200180,8
贵州轻工职业大学,贵州,物理类,2025,专科批,287,200180,1188
菏泽家政职业学院,贵州,物理类,2025,专科批,287,191827,16
营口职业技术学院,贵州,物理类,2025,专科批,286,200329,15
大连枫叶职业技术学院,贵州,物理类,2025,专科批,286,200242,2
潍坊科技学院,贵州,物理类,2025,专科提前批,286,200329,9
湖北工业职业技术学院,贵州,物理类,2025,专科批,285,200463,43
盘锦职业技术学院,贵州,物理类,2025,专科批,285,199125,6
三门峡社会管理职业学院,贵州,物理类,2025,专科批,285,200463,5
重庆建筑科技职业学院,贵州,物理类,2025,专科批,285,200463,14
安徽新闻出版职业技术学院,贵州,物理类,2025,专科批,285,200463,9
陕西电子信息职业技术学院,贵州,物理类,2025,专科批,284,200601,8
神木职业技术学院,贵州,物理类,2025,专科批,284,194966,7
四川文轩职业学院,贵州,物理类,2025,专科批,284,200601,12
天津渤海职业技术学院,贵州,物理类,2025,专科批,284,200601,8
云南外事外语职业学院,贵州,物理类,2025,专科批,284,194734,2
延安职业技术学院,贵州,物理类,2025,专科提前批,284,200601,8
荆州职业技术学院,贵州,物理类,2025,专科批,283,200733,62
塔里木职业技术学院,贵州,物理类,2025,专科批,283,200733,17
咸宁职业技术学院,贵州,物理类,2025,专科批,283,200733,44
新疆科技职业技术学院,贵州,物理类,2025,专科批,283,199311,3
郑州医药健康职业学院,贵州,物理类,2025,专科批,283,200733,4
抚顺师范高等专科学校,贵州,物理类,2025,专科批,283,200733,9
兰州石化职业技术大学,贵州,物理类,2025,专科批,282,200863,18
天津城市建设管理职业技术学院,贵州,物理类,2025,专科批,282,200863,20
郑州幼儿师范高等专科学校,贵州,物理类,2025,专科批,282,200838,5
桂林旅游学院,贵州,物理类,2025,专科批,282,200863,15
河源职业技术学院,贵州,物理类,2025,专科批,282,200747,10
湖北工程职业学院,贵州,物理类,2025,专科批,281,200987,100
辽宁地质工程职业学院,贵州,物理类,2025,专科批,281,200987,9
辽源职业技术学院,贵州,物理类,2025,专科批,281,200987,3
山东海事职业学院,贵州,物理类,2025,专科批,281,200987,4
四川电子机械职业技术学院,贵州,物理类,2025,专科批,281,200987,4
湖北国土资源职业学院,贵州,物理类,2025,专科批,280,201122,54
辽宁工程职业学院,贵州,物理类,2025,专科批,280,199608,8
陕西旅游烹饪职业学院,贵州,物理类,2025,专科批,280,201068,1
上饶职业技术学院,贵州,物理类,2025,专科批,280,201122,17
邵阳工业职业技术学院,贵州,物理类,2025,专科批,280,201018,1
西安职业技术学院,贵州,物理类,2025,专科批,280,201122,10
广东碧桂园职业学院,贵州,物理类,2025,专科批,280,194528,2
湖北黄冈应急管理职业技术学院,贵州,物理类,2025,专科批,279,201240,10
陕西能源职业技术学院,贵州,物理类,2025,专科批,279,201240,14
四川国际标榜职业学院,贵州,物理类,2025,专科批,279,201240,4
天津工业职业学院,贵州,物理类,2025,专科批,279,201240,47
湘西民族职业技术学院,贵州,物理类,2025,专科批,279,201240,19
重庆建筑工程职业学院,贵州,物理类,2025,专科批,279,201240,128
黑龙江幼儿师范高等专科学校,贵州,物理类,2025,专科批,278,201352,10
湖南劳动人事职业学院,贵州,物理类,2025,专科批,278,201352,13
天津滨海职业学院,贵州,物理类,2025,专科批,278,201352,36
潍坊职业学院,贵州,物理类,2025,专科批,278,201352,16
武汉光谷职业学院,贵州,物理类,2025,专科批,278,201352,6
贵州电子科技职业学院,贵州,物理类,2025,专科批,278,201352,938
合肥幼儿师范高等专科学校,贵州,物理类,2025,专科批,278,201352,10
黄冈职业技术学院,贵州,物理类,2025,专科批,277,201460,39
九江职业大学,贵州,物理类,2025,专科批,276,201572,53
三亚城市职业学院,贵州,物理类,2025,专科批,276,201559,2
天津国土资源和房屋职业学院,贵州,物理类,2025,专科批,276,196911,13
潍坊科技学院,贵州,物理类,2025,专科批,276,201572,20
阜新高等专科学校,贵州,物理类,2025,专科批,276,201572,7
青海卫生职业技术学院,贵州,物理类,2025,专科批,275,201683,10
西藏职业技术学院,贵州,物理类,2025,专科批,275,194700,12
重庆旅游职业学院,贵州,物理类,2025,专科批,275,201683,65
大连装备制造职业技术学院,贵州,物理类,2025,专科批,275,199719,5
德阳城市轨道交通职业学院,贵州,物理类,2025,专科批,275,201500,6
赣西科技职业学院,贵州,物理类,2025,专科批,275,201683,235
贵州职业技术学院,贵州,物理类,2025,专科批,275,201683,1288
铜川职业技术学院,贵州,物理类,2025,专科批,274,201781,24
武汉体育学院体育科技学院,贵州,物理类,2025,专科批,274,201695,2
阳江职业技术学院,贵州,物理类,2025,专科批,274,201685,3
哈尔滨铁道职业技术学院,贵州,物理类,2025,专科批,274,201781,49
内蒙古化工职业学院,贵州,物理类,2025,专科批,273,201912,5
渤海船舶职业学院,贵州,物理类,2025,专科批,273,201912,65
漳州城市职业学院,贵州,物理类,2025,专科批,273,201912,28
绵阳飞行职业学院,贵州,物理类,2025,专科批,272,202007,2
内蒙古建筑职业技术大学,贵州,物理类,2025,专科批,272,202025,5
青岛黄海学院,贵州,物理类,2025,专科批,272,202025,7
泉州海洋职业学院,贵州,物理类,2025,专科批,272,202025,3
四川文化传媒职业学院,贵州,物理类,2025,专科批,272,202025,4
梧州职业学院,贵州,物理类,2025,专科批,272,194506,6
大庆职业学院,贵州,物理类,2025,专科批,272,202025,10
广西国际商务职业技术学院,贵州,物理类,2025,专科批,272,202025,15
宝鸡中北职业学院,贵州,物理类,2025,专科批,272,202025,3
黑龙江商业职业学院,贵州,物理类,2025,专科批,272,201990,5
柳州城市职业学院,贵州,物理类,2025,专科批,271,202133,30
滨州职业学院,贵州,物理类,2025,专科批,271,202133,24
随州职业技术学院,贵州,物理类,2025,专科批,271,202133,67
铜仁职业技术大学,贵州,物理类,2025,专科批,271,202133,725
遵义职业技术学院,贵州,物理类,2025,专科批,271,202133,460
抚州职业技术学院,贵州,物理类,2025,专科批,271,202133,35
广西理工职业技术学院,贵州,物理类,2025,专科批,271,202120,2
桂林生命与健康职业技术学院,贵州,物理类,2025,专科批,271,198289,5
黑龙江农业职业技术学院,贵州,物理类,2025,专科批,271,202133,11
克孜勒苏职业技术学院,贵州,物理类,2025,专科批,270,198869,4
辽宁经济职业技术学院,贵州,物理类,2025,专科批,270,202226,22
泸州医疗器械职业学院,贵州,物理类,2025,专科批,270,202226,10
太原幼儿师范高等专科学校,贵州,物理类,2025,专科批,270,202215,2
天府新区航空旅游职业学院,贵州,物理类,2025,专科批,270,202167,1
汉中职业技术学院,贵州,物理类,2025,专科批,270,202226,7
江西工业职业技术学院,贵州,物理类,2025,专科批,269,202318,24
丽江文化旅游学院,贵州,物理类,2025,专科批,269,202318,4
辽宁民族师范高等专科学校,贵州,物理类,2025,专科批,269,202318,9
冀中职业学院,贵州,物理类,2025,专科批,268,197662,18
廊坊燕京职业技术学院,贵州,物理类,2025,专科批,268,197715,3
泉州工艺美术职业学院,贵州,物理类,2025,专科批,268,201858,7
三明医学科技职业学院,贵州,物理类,2025,专科批,268,202405,22
天津医学高等专科学校,贵州,物理类,2025,专科批,268,202405,90
烟台黄金职业学院,贵州,物理类,2025,专科批,268,202397,1
攀枝花攀西职业学院,贵州,物理类,2025,专科批,267,202447,1
铁岭卫生职业学院,贵州,物理类,2025,专科批,267,202497,28
武汉文理学院,贵州,物理类,2025,专科批,267,202497,15
阿勒泰职业技术学院,贵州,物理类,2025,专科批,267,202497,11
湖南水利水电职业技术学院,贵州,物理类,2025,专科批,266,202583,47
北海职业学院,贵州,物理类,2025,专科批,266,202583,17
湘南幼儿师范高等专科学校,贵州,物理类,2025,专科批,266,202561,5
阿克苏职业技术学院,贵州,物理类,2025,专科批,266,202583,51
吐鲁番职业技术学院,贵州,物理类,2025,专科批,265,202597,1
武汉商贸职业学院,贵州,物理类,2025,专科批,265,202667,15
云南商务职业学院,贵州,物理类,2025,专科批,265,201133,4
福州软件职业技术学院,贵州,物理类,2025,专科批,265,194933,7
黑龙江建筑职业技术学院,贵州,物理类,2025,专科批,265,202667,9
湖南九嶷职业技术学院,贵州,物理类,2025,专科批,264,202758,48
齐齐哈尔高等师范专科学校,贵州,物理类,2025,专科批,264,202758,10
四川现代职业学院,贵州,物理类,2025,专科批,264,202758,5
益阳师范高等专科学校,贵州,物理类,2025,专科批,264,193913,5
南阳科技职业学院,贵州,物理类,2025,专科批,263,202840,16
青岛求实职业技术学院,贵州,物理类,2025,专科批,263,202840,6
重庆海联职业技术学院,贵州,物理类,2025,专科批,263,202840,15
广东岭南职业技术学院,贵州,物理类,2025,专科批,263,200261,15
广州华立科技职业学院,贵州,物理类,2025,专科批,263,202840,10
黑龙江农业经济职业学院,贵州,物理类,2025,专科批,263,197190,7
六安职业技术学院,贵州,物理类,2025,专科批,262,202913,
山东服装职业学院,贵州,物理类,2025,专科批,262,198785,12
潍坊工商职业学院,贵州,物理类,2025,专科批,262,202913,2
西安汽车职业大学,贵州,物理类,2025,专科批,262,202913,12
昆玉职业技术学院,贵州,物理类,2025,专科批,261,202983,8
莱芜职业技术学院,贵州,物理类,2025,专科批,261,202983,13
七台河职业学院,贵州,物理类,2025,专科批,261,202983,11
三亚航空旅游职业学院,贵州,物理类,2025,专科批,261,202983,7
襄阳科技职业学院,贵州,物理类,2025,专科批,261,202983,24
牡丹江大学,贵州,物理类,2025,专科批,260,203057,15
濮阳职业技术学院,贵州,物理类,2025,专科批,260,203040,2
沈阳工学院,贵州,物理类,2025,专科批,260,198146,5
梧州医学高等专科学校,贵州,物理类,2025,专科批,260,203057,10
武汉信息传播职业技术学院,贵州,物理类,2025,专科批,260,203057,7
新疆师范高等专科学校,贵州,物理类,2025,专科批,260,203057,15
盐城幼儿师范高等专科学校,贵州,物理类,2025,专科批,260,203057,14
东营职业学院,贵州,物理类,2025,专科批,260,200669,9
广西农业工程职业技术学院,贵州,物理类,2025,专科批,260,203057,10
广州城建职业学院,贵州,物理类,2025,专科批,260,203057,10
安阳职业技术学院,贵州,物理类,2025,专科批,260,203057,61
重庆科技职业学院,贵州,物理类,2025,专科批,259,203135,7
重庆智能工程职业学院,贵州,物理类,2025,专科批,259,194786,18
甘肃林业职业技术大学,贵州,物理类,2025,专科批,259,203135,10
辽宁职业学院,贵州,物理类,2025,专科批,258,194326,10
眉山药科职业学院,贵州,物理类,2025,专科批,258,195446,6
苏州百年职业学院,贵州,物理类,2025,专科批,258,203140,3
巴音郭楞职业技术学院,贵州,物理类,2025,专科批,258,203183,2
黑龙江能源职业学院,贵州,物理类,2025,专科批,258,203200,12
辽宁石化职业技术学院,贵州,物理类,2025,专科批,257,199246,10
烟台工程职业技术学院,贵州,物理类,2025,专科批,257,203265,11
湖北城市建设职业技术学院,贵州,物理类,2025,专科批,256,203337,37
济宁职业技术学院,贵州,物理类,2025,专科批,256,193623,9
江西婺源茶业职业学院,贵州,物理类,2025,专科批,256,203337,4
兰州外语职业学院,贵州,物理类,2025,专科批,256,203305,1
武汉外语外事职业学院,贵州,物理类,2025,专科批,256,203337,11
广西工业职业技术学院,贵州,物理类,2025,专科批,256,203337,102
湖北商贸学院,贵州,物理类,2025,专科批,255,203402,11
江汉艺术职业学院,贵州,物理类,2025,专科批,255,203402,28
辽宁轻工职业学院,贵州,物理类,2025,专科批,255,203402,13
潍坊工程职业学院,贵州,物理类,2025,专科批,255,203402,17
西安海棠职业学院,贵州,物理类,2025,专科批,255,203402,15
渤海理工职业学院,贵州,物理类,2025,专科批,254,203412,1
新疆应用职业技术学院,贵州,物理类,2025,专科批,254,202843,7
云南理工职业学院,贵州,物理类,2025,专科批,254,203478,16
黑龙江旅游职业技术学院,贵州,物理类,2025,专科批,254,203478,12
辽宁生态工程职业学院,贵州,物理类,2025,专科批,253,203537,6
闽北职业技术学院,贵州,物理类,2025,专科批,253,203537,18
天津海运职业学院,贵州,物理类,2025,专科批,253,203537,27
泉州经贸职业技术学院,贵州,物理类,2025,专科批,252,193922,27
潇湘职业学院,贵州,物理类,2025,专科批,252,203588,2
枣庄职业学院,贵州,物理类,2025,专科批,252,203589,20
吉安职业技术学院,贵州,物理类,2025,专科批,251,203645,59
景德镇艺术职业大学,贵州,物理类,2025,专科批,251,200970,5
襄阳汽车职业技术学院,贵州,物理类,2025,专科批,251,203645,17
重庆幼儿师范高等专科学校,贵州,物理类,2025,专科批,251,203645,25
大连航运职业技术学院,贵州,物理类,2025,专科批,251,203645,7
广州涉外经济职业技术学院,贵州,物理类,2025,专科批,251,203630,4
云南工商学院,贵州,物理类,2025,专科批,250,203710,7
云南经济管理学院,贵州,物理类,2025,专科批,250,203710,23
广西智能制造职业技术学院,贵州,物理类,2025,专科批,250,203710,7
黑龙江三江美术职业学院,贵州,物理类,2025,专科批,250,203710,3
钦州幼儿师范高等专科学校,贵州,物理类,2025,专科批,249,202862,11
泉州纺织服装职业学院,贵州,物理类,2025,专科批,249,203769,5
西安信息职业大学,贵州,物理类,2025,专科批,249,203769,5
重庆轻工职业学院,贵州,物理类,2025,专科批,249,203769,20
贵州护理职业技术学院,贵州,物理类,2025,专科批,249,203769,304
四川城市职业学院,贵州,物理类,2025,专科批,248,203779,5
天津城市职业学院,贵州,物理类,2025,专科批,248,203817,12
乌鲁木齐职业大学,贵州,物理类,2025,专科批,248,196508,25
重庆公共运输职业学院,贵州,物理类,2025,专科批,248,203817,83
广东信息工程职业学院,贵州,物理类,2025,专科批,248,203817,8
四川三河职业学院,贵州,物理类,2025,专科批,247,203873,9
重庆理工职业学院,贵州,物理类,2025,专科批,247,203873,20
恩施职业技术学院,贵州,物理类,2025,专科批,247,203873,35
湖南财经工业职业技术学院,贵州,物理类,2025,专科批,246,203925,12
清远职业技术学院,贵州,物理类,2025,专科批,246,203925,21
三峡旅游职业技术学院,贵州,物理类,2025,专科批,246,203925,46
武昌职业学院,贵州,物理类,2025,专科批,246,203925,14
武汉生物工程学院,贵州,物理类,2025,专科批,246,203925,71
四川西南航空职业学院,贵州,物理类,2025,专科批,245,203973,43
抚顺职业技术学院,贵州,物理类,2025,专科批,245,203973,5
黑龙江生态工程职业学院,贵州,物理类,2025,专科批,245,203973,6
四川托普信息技术职业学院,贵州,物理类,2025,专科批,244,204022,2
大连汽车职业技术学院,贵州,物理类,2025,专科批,244,204022,5
锦州师范高等专科学校,贵州,物理类,2025,专科批,243,204062,48
南昌职业大学,贵州,物理类,2025,专科批,243,204062,13
南充科技职业学院,贵州,物理类,2025,专科批,243,204062,6
安徽矿业职业技术学院,贵州,物理类,2025,专科批,242,201843,16
山东力明科技职业学院,贵州,物理类,2025,专科批,241,204138,11
江西冶金职业技术学院,贵州,物理类,2025,专科批,240,204178,20
重庆电讯职业学院,贵州,物理类,2025,专科批,240,204178,15
德阳科贸职业学院,贵州,物理类,2025,专科批,240,204151,2
广西体育高等专科学校,贵州,物理类,2025,专科批,240,204178,18
广州东华职业学院,贵州,物理类,2025,专科批,240,200710,7
山东铝业职业学院,贵州,物理类,2025,专科批,239,204215,25
枣庄科技职业学院,贵州,物理类,2025,专科批,239,196800,9
湖北文理学院理工学院,贵州,物理类,2025,专科批,238,204258,12
民办四川天一学院,贵州,物理类,2025,专科批,238,204258,7
长江艺术工程职业学院,贵州,物理类,2025,专科批,238,194403,3
海南职业技术学院,贵州,物理类,2025,专科批,238,204258,18
大兴安岭职业学院,贵州,物理类,2025,专科批,237,204292,21
广西安全工程职业技术学院,贵州,物理类,2025,专科批,237,204292,22
黑龙江职业学院,贵州,物理类,2025,专科批,236,204325,18
青海柴达木职业技术学院,贵州,物理类,2025,专科批,236,204313,1
石家庄科技信息职业学院,贵州,物理类,2025,专科批,236,204325,3
海口经济学院,贵州,物理类,2025,专科批,236,204325,12
包头轻工职业技术学院,贵州,物理类,2025,专科批,236,200830,20
广东亚视演艺职业学院,贵州,物理类,2025,专科批,235,203187,3
黑龙江农业工程职业学院,贵州,物理类,2025,专科批,235,204355,4
贵州航空职业技术学院,贵州,物理类,2025,专科批,234,204382,975
湖南民族职业学院,贵州,物理类,2025,专科批,233,204411,9
江西枫林涉外经贸职业学院,贵州,物理类,2025,专科批,233,198687,4
荆州理工职业学院,贵州,物理类,2025,专科批,233,204411,111
宿迁职业技术学院,贵州,物理类,2025,专科批,233,204411,6
哈尔滨幼儿师范高等专科学校,贵州,物理类,2025,专科批,233,204411,8
喀什职业技术学院,贵州,物理类,2025,专科批,232,204440,36
四川长江职业学院,贵州,物理类,2025,专科批,232,204440,11
云南新兴职业学院,贵州,物理类,2025,专科批,232,204440,25
重庆安防职业学院,贵州,物理类,2025,专科批,232,201249,13
重庆护理职业学院,贵州,物理类,2025,专科批,232,204440,35
鹤壁职业技术学院,贵州,物理类,2025,专科批,231,204465,35
宣化科技职业学院,贵州,物理类,2025,专科批,230,204487,29
重庆能源职业学院,贵州,物理类,2025,专科批,230,199184,13
广东创新科技职业学院,贵州,物理类,2025,专科批,230,204487,6
黄冈科技职业学院,贵州,物理类,2025,专科批,228,204527,31
天津滨海汽车工程职业学院,贵州,物理类,2025,专科批,228,204008,2
广西金融职业技术学院,贵州,物理类,2025,专科批,228,204527,5
云南工程职业学院,贵州,物理类,2025,专科批,227,204555,11
重庆传媒职业学院,贵州,物理类,2025,专科批,227,204555,47
重庆科创职业学院,贵州,物理类,2025,专科批,227,204555,79
重庆信息技术职业学院,贵州,物理类,2025,专科批,227,204555,22
岳阳现代服务职业学院,贵州,物理类,2025,专科批,225,204584,1
大连职业技术学院,贵州,物理类,2025,专科批,225,204596,69
喀什理工职业技术学院,贵州,物理类,2025,专科批,224,204617,10
湖南城建职业技术学院,贵州,物理类,2025,专科批,223,204639,19
江西新能源科技职业学院,贵州,物理类,2025,专科批,223,204639,15
包头职业技术学院,贵州,物理类,2025,专科批,223,200560,14
泰山职业技术学院,贵州,物理类,2025,专科批,222,195133,8
宜昌科技职业学院,贵州,物理类,2025,专科批,222,204662,31
新疆和田学院,贵州,物理类,2025,专科批,222,204662,41
九江科技职业大学,贵州,物理类,2025,专科批,222,204645,1
湖南软件职业技术大学,贵州,物理类,2025,专科批,221,204678,5
辽宁农业职业技术学院,贵州,物理类,2025,专科批,221,204678,28
长沙南方职业学院,贵州,物理类,2025,专科批,221,204678,14
湖北三峡职业技术学院,贵州,物理类,2025,专科批,219,204706,104
石家庄医学高等专科学校,贵州,物理类,2025,专科批,219,204706,20
巴中职业技术学院,贵州,物理类,2025,专科批,219,204706,16
六盘水职业技术学院,贵州,物理类,2025,专科批,218,204716,481
娄底职业技术学院,贵州,物理类,2025,专科批,218,204716,101
保定职业技术学院,贵州,物理类,2025,专科批,217,204737,89
荆门职业学院,贵州,物理类,2025,专科批,217,204737,69
辽宁建筑职业学院,贵州,物理类,2025,专科批,217,197415,12
内蒙古电子信息职业技术学院,贵州,物理类,2025,专科批,217,204737,13
云南医药健康职业学院,贵州,物理类,2025,专科批,217,204737,139
怀化职业技术学院,贵州,物理类,2025,专科批,216,204750,83
天门职业学院,贵州,物理类,2025,专科批,216,197071,34
大连科技学院,贵州,物理类,2025,专科批,216,204750,6
贵州健康职业学院,贵州,物理类,2025,专科批,216,204750,792
济源职业技术学院,贵州,物理类,2025,专科批,215,204767,21
六盘水幼儿师范高等专科学校,贵州,物理类,2025,专科批,215,204767,159
日照航海工程职业学院,贵州,物理类,2025,专科提前批,215,204767,21
沈阳职业技术学院,贵州,物理类,2025,专科批,214,204781,102
合肥科技职业学院,贵州,物理类,2025,专科批,214,203469,6
辽宁金融职业学院,贵州,物理类,2025,专科批,213,204792,10
云南三鑫职业技术学院,贵州,物理类,2025,专科批,211,204811,44
湖北恩施学院,贵州,物理类,2025,专科批,210,204822,30
南昌工学院,贵州,物理类,2025,专科批,208,204842,35
鄂州职业大学,贵州,物理类,2025,专科批,207,204853,160
贵州机电职业技术学院,贵州,物理类,2025,专科批,207,204853,687
贵州应用技术职业学院,贵州,物理类,2025,专科批,207,204853,162
贵州装备制造职业学院,贵州,物理类,2025,专科批,207,204853,1313
鹤岗师范高等专科学校,贵州,物理类,2025,专科批,206,204866,10
黑龙江民族职业学院,贵州,物理类,2025,专科批,206,204866,9
黔南民族幼儿师范高等专科学校,贵州,物理类,2025,专科批,205,204874,509
贵州农业职业学院,贵州,物理类,2025,专科批,205,204876,1655
和田职业技术学院,贵州,物理类,2025,专科批,205,204876,7
铜仁幼儿师范高等专科学校,贵州,物理类,2025,专科批,204,204881,286
安顺职业技术学院,贵州,物理类,2025,专科批,204,204881,969
贵州电子信息职业技术学院,贵州,物理类,2025,专科批,203,204889,1101
长沙环境保护职业技术学院,贵州,物理类,2025,专科批,202,204899,28
广州南洋理工职业学院,贵州,物理类,2025,专科批,202,204899,9
重庆健康职业学院,贵州,物理类,2025,专科批,201,204486,29
贵州工程职业学院,贵州,物理类,2025,专科批,200,197763,490
贵州工贸职业学院,贵州,物理类,2025,专科批,200,204907,78
武昌职业学院,贵州,物理类,2025,专科提前批,199,204911,12
黔南民族职业技术学院,贵州,物理类,2025,专科批,198,204917,557
贵州航天职业技术学院,贵州,物理类,2025,专科批,198,204917,908
贵州盛华职业学院,贵州,物理类,2025,专科批,198,204917,75
黔东南民族职业技术学院,贵州,物理类,2025,专科批,196,204926,800
重庆交通职业学院,贵州,物理类,2025,专科批,195,204932,193
贵州城市职业学院,贵州,物理类,2025,专科批,192,204944,241
贵州生态能源职业学院,贵州,物理类,2025,专科批,192,198117,695
贵州工商职业学院,贵州,物理类,2025,专科批,191,204948,470
毕节职业技术学院,贵州,物理类,2025,专科批,190,204952,584
贵州传媒职业学院,贵州,物理类,2025,专科批,189,204954,402
贵州经贸职业技术学院,贵州,物理类,2025,专科批,188,204957,616
海南科技职业大学,贵州,物理类,2025,专科批,187,204958,13
湖南吉利汽车职业技术学院,贵州,物理类,2025,专科批,186,200613,4
黔西南民族职业技术学院,贵州,物理类,2025,专科批,186,204965,557
贵州民用航空职业学院,贵州,物理类,2025,专科批,186,204965,143
贵州水利水电职业技术学院,贵州,物理类,2025,专科批,186,204965,1094
贵州铜仁数据职业学院,贵州,物理类,2025,专科批,186,204965,66
毕节工业职业技术学院,贵州,物理类,2025,专科批,184,204969,696
贵州文化旅游职业学院,贵州,物理类,2025,专科批,184,204969,79
福州英华职业学院,贵州,物理类,2025,专科批,183,204970,2
贵州食品工程职业学院,贵州,物理类,2025,专科批,183,204971,663
重庆经贸职业学院,贵州,物理类,2025,专科批,182,204973,21
黔东南理工职业学院,贵州,物理类,2025,专科批,181,196712,208
毕节幼儿师范高等专科学校,贵州,物理类,2025,专科批,180,204980,545
三亚护理职业学院,贵州,物理类,2025,专科批,180,204487,
贵州电子商务职业技术学院,贵州,物理类,2025,专科批,180,200843,460
