院校名称,省份,科类,年份,批次,最低分,最低位次,招生计划
清华大学,河北,历史类,2025,本科批,679,,3
北京大学,河北,历史类,2025,本科批,671,43,22
清华大学,河北,历史类,2025,本科提前批B段,670,50,2
北京大学,河北,历史类,2025,本科提前批B段,668,71,4
复旦大学,河北,历史类,2025,本科批,667,76,7
北京大学医学部,河北,历史类,2025,本科批,666,86,2
复旦大学,河北,历史类,2025,本科提前批B段,663,129,1
中国人民大学,河北,历史类,2025,本科批,661,147,42
上海交通大学,河北,历史类,2025,本科批,660,167,8
南京大学,河北,历史类,2025,本科批,659,181,13
浙江大学,河北,历史类,2025,本科批,657,217,26
中国人民大学,河北,历史类,2025,本科提前批B段,656,237,5
武汉大学,河北,历史类,2025,本科批,652,345,19
武汉大学,河北,历史类,2025,本科提前批B段,652,345,1
北京师范大学,河北,历史类,2025,本科批,650,409,28
北京航空航天大学,河北,历史类,2025,本科批,650,409,11
南京大学,河北,历史类,2025,本科提前批B段,649,435,9
浙江大学,河北,历史类,2025,本科提前批B段,649,435,5
中国政法大学,河北,历史类,2025,本科提前批B段,649,435,4
南开大学,河北,历史类,2025,本科批,647,512,64
同济大学,河北,历史类,2025,本科批,647,512,8
北京师范大学,河北,历史类,2025,本科提前批B段,646,555,7
南开大学,河北,历史类,2025,本科提前批B段,643,679,2
华东师范大学,河北,历史类,2025,本科提前批B段,643,679,4
中山大学,河北,历史类,2025,本科批,642,722,21
西安交通大学,河北,历史类,2025,本科提前批B段,642,722,1
厦门大学,河北,历史类,2025,本科批,640,833,29
北京理工大学,河北,历史类,2025,本科批,639,876,30
厦门大学,河北,历史类,2025,本科提前批B段,639,876,2
西安交通大学,河北,历史类,2025,本科批,637,1005,13
哈尔滨工业大学,河北,历史类,2025,本科批,637,1005,20
重庆大学,河北,历史类,2025,本科批,636,1075,8
对外经济贸易大学,河北,历史类,2025,本科批,636,1075,34
华东师范大学,河北,历史类,2025,本科批,635,1125,18
上海海关学院,河北,历史类,2025,本科提前批A段,635,1125,3
东北师范大学,河北,历史类,2025,本科提前批B段,633,1262,17
山东大学,河北,历史类,2025,本科批,631,1447,47
东南大学,河北,历史类,2025,本科批,631,1447,43
山东大学,河北,历史类,2025,本科提前批B段,631,1447,2
中南大学,河北,历史类,2025,本科提前批B段,631,1447,1
中山大学,河北,历史类,2025,本科提前批B段,631,1447,5
华中师范大学,河北,历史类,2025,本科提前批B段,631,1447,11
吉林大学,河北,历史类,2025,本科提前批B段,631,1447,2
北京外国语大学,河北,历史类,2025,本科批,630,1523,15
上海财经大学,河北,历史类,2025,本科批,630,1523,17
吉林大学,河北,历史类,2025,本科提前批A段,630,1523,4
中央财经大学,河北,历史类,2025,本科提前批B段,630,1523,5
四川大学,河北,历史类,2025,本科批,629,1611,36
湖南大学,河北,历史类,2025,本科批,629,1611,23
四川大学,河北,历史类,2025,本科提前批B段,629,1611,4
中国社会科学院大学,河北,历史类,2025,本科批,628,1697,14
中国政法大学,河北,历史类,2025,本科批,628,1697,74
中国社会科学院大学,河北,历史类,2025,本科提前批B段,628,1697,2
对外经济贸易大学,河北,历史类,2025,本科提前批B段,628,1697,7
中南大学,河北,历史类,2025,本科批,627,1789,40
华中科技大学,河北,历史类,2025,本科批,626,1884,34
湖南大学,河北,历史类,2025,本科提前批B段,626,1884,2
兰州大学,河北,历史类,2025,本科批,625,1976,22
山东大学威海分校,河北,历史类,2025,本科提前批B段,625,1976,7
山东大学威海分校,河北,历史类,2025,本科批,624,2071,24
中央民族大学,河北,历史类,2025,本科批,624,2071,63
陕西师范大学,河北,历史类,2025,本科提前批B段,624,2071,7
西南大学,河北,历史类,2025,本科提前批B段,624,2071,12
东北财经大学,河北,历史类,2025,本科提前批B段,624,2071,1
北京邮电大学,河北,历史类,2025,本科批,623,2181,12
电子科技大学,河北,历史类,2025,本科批,623,2181,6
吉林大学,河北,历史类,2025,本科批,623,2181,54
上海外国语大学,河北,历史类,2025,本科批,622,2295,8
苏州大学,河北,历史类,2025,本科批,622,2295,13
西北工业大学,河北,历史类,2025,本科批,622,2295,26
华南理工大学,河北,历史类,2025,本科批,622,2295,21
南京师范大学,河北,历史类,2025,本科提前批B段,622,2295,2
中国海洋大学,河北,历史类,2025,本科批,621,2410,20
中国传媒大学,河北,历史类,2025,本科提前批B段,621,2410,4
东北大学,河北,历史类,2025,本科批,620,2528,35
华东师范大学,河北,历史类,2025,本科提前批C段,620,2528,5
北京科技大学,河北,历史类,2025,本科批,619,2651,26
上海大学,河北,历史类,2025,本科批,619,2651,7
北京林业大学,河北,历史类,2025,本科提前批B段,619,2651,2
上海外国语大学,河北,历史类,2025,本科提前批B段,619,2651,4
南京理工大学,河北,历史类,2025,本科批,618,2777,2
北京中医药大学,河北,历史类,2025,本科批,618,2777,5
中国石油大学(北京),河北,历史类,2025,本科批,618,2777,5
北京化工大学,河北,历史类,2025,本科批,618,2777,24
南京航空航天大学,河北,历史类,2025,本科批,617,2906,14
天津大学,河北,历史类,2025,本科批,617,2906,20
西南政法大学,河北,历史类,2025,本科批,617,2906,29
中央财经大学,河北,历史类,2025,本科批,617,2906,35
大连理工大学,河北,历史类,2025,本科批,617,2906,46
东华大学,河北,历史类,2025,本科批,617,2906,8
暨南大学,河北,历史类,2025,本科提前批B段,617,2906,4
吉林大学,河北,历史类,2025,本科提前批C段,617,2906,5
华东政法大学,河北,历史类,2025,本科批,616,3051,15
华中师范大学,河北,历史类,2025,本科批,616,3051,34
西南财经大学,河北,历史类,2025,本科提前批B段,616,3051,5
西南交通大学,河北,历史类,2025,本科提前批B段,616,2906,2
中南财经政法大学,河北,历史类,2025,本科提前批B段,616,3051,5
大连海洋大学,河北,历史类,2025,本科提前批B段,616,3051,1
东华大学,河北,历史类,2025,本科提前批B段,616,3051,6
深圳大学,河北,历史类,2025,本科批,615,3215,12
中国地质大学(北京),河北,历史类,2025,本科批,615,3215,13
中国农业大学,河北,历史类,2025,本科批,615,3215,48
东北大学秦皇岛分校,河北,历史类,2025,本科批,615,3215,32
江南大学,河北,历史类,2025,本科批,615,3215,20
中国海洋大学,河北,历史类,2025,本科提前批A段,615,3215,6
苏州大学,河北,历史类,2025,本科提前批B段,615,3215,1
南京师范大学,河北,历史类,2025,本科批,614,3363,25
西南交通大学,河北,历史类,2025,本科批,614,3363,12
大连海事大学,河北,历史类,2025,本科批,614,3363,25
中国海洋大学,河北,历史类,2025,本科提前批C段,614,3363,3
北京林业大学,河北,历史类,2025,本科批,613,3521,25
西安电子科技大学,河北,历史类,2025,本科批,613,3521,32
西北农林科技大学,河北,历史类,2025,本科批,613,3521,19
郑州大学,河北,历史类,2025,本科批,613,3521,22
广东财经大学,河北,历史类,2025,本科批,613,3521,2
哈尔滨工程大学,河北,历史类,2025,本科批,613,3521,3
河海大学,河北,历史类,2025,本科批,612,3660,23
安徽大学,河北,历史类,2025,本科批,612,3660,41
北京体育大学,河北,历史类,2025,本科提前批B段,612,3660,4
陕西师范大学,河北,历史类,2025,本科批,611,3836,20
中国药科大学,河北,历史类,2025,本科批,611,3836,13
华东理工大学,河北,历史类,2025,本科批,611,3836,24
中国传媒大学,河北,历史类,2025,本科提前批A段,611,3660,4
中国人民公安大学,河北,历史类,2025,本科提前批A段,611,3836,39
北京语言大学,河北,历史类,2025,本科提前批B段,611,3836,2
华东政法大学,河北,历史类,2025,本科提前批B段,611,3836,5
中国地质大学(武汉),河北,历史类,2025,本科批,610,4008,24
中国矿业大学,河北,历史类,2025,本科批,610,4008,43
中央戏剧学院,河北,历史类,2025,本科批,610,4008,2
浙江财经大学,河北,历史类,2025,本科提前批B段,610,4008,2
南京农业大学,河北,历史类,2025,本科批,609,4170,46
西南大学,河北,历史类,2025,本科批,609,4170,16
长安大学,河北,历史类,2025,本科批,609,4170,17
大连医科大学,河北,历史类,2025,本科批,609,4170,1
福州大学,河北,历史类,2025,本科批,609,4170,8
合肥工业大学,河北,历史类,2025,本科批,609,4170,12
暨南大学,河北,历史类,2025,本科批,609,4170,35
南京审计大学,河北,历史类,2025,本科批,608,4350,12
首都师范大学,河北,历史类,2025,本科批,608,4350,16
温州大学,河北,历史类,2025,本科批,608,4350,1
中国石油大学(华东),河北,历史类,2025,本科批,608,4350,13
华北电力大学,河北,历史类,2025,本科批,608,4350,22
江苏大学,河北,历史类,2025,本科批,608,4350,5
华中师范大学,河北,历史类,2025,本科提前批A段,608,4350,1
北京外国语大学,河北,历史类,2025,本科提前批B段,608,4350,2
华中师范大学,河北,历史类,2025,本科提前批C段,608,4350,2
北京交通大学,河北,历史类,2025,本科批,607,4558,5
西北政法大学,河北,历史类,2025,本科批,607,4558,44
华东理工大学,河北,历史类,2025,本科提前批B段,607,4558,3
首都经济贸易大学,河北,历史类,2025,本科批,606,4745,9
武汉理工大学,河北,历史类,2025,本科批,606,4745,57
中国计量大学,河北,历史类,2025,本科批,606,4745,2
南京信息工程大学,河北,历史类,2025,本科批,605,4942,14
太原理工大学,河北,历史类,2025,本科批,605,4942,22
中国传媒大学,河北,历史类,2025,本科批,605,4942,23
中国刑事警察学院,河北,历史类,2025,本科提前批A段,605,4942,2
上海师范大学,河北,历史类,2025,本科批,604,5123,4
中央民族大学,河北,历史类,2025,本科提前批B段,604,5123,2
南京工业大学,河北,历史类,2025,本科批,603,5338,6
东北林业大学,河北,历史类,2025,本科批,603,5338,24
辽宁大学,河北,历史类,2025,本科批,602,5546,46
南昌大学,河北,历史类,2025,本科批,602,5546,41
上海体育大学,河北,历史类,2025,本科批,602,5546,2
华南师范大学,河北,历史类,2025,本科批,602,5546,38
北京工商大学,河北,历史类,2025,本科批,602,5546,5
天津师范大学,河北,历史类,2025,本科提前批A段,602,5546,5
南京财经大学,河北,历史类,2025,本科批,601,5759,16
南京林业大学,河北,历史类,2025,本科批,601,5759,13
上海海事大学,河北,历史类,2025,本科批,601,5759,9
上海理工大学,河北,历史类,2025,本科批,601,5759,12
云南大学,河北,历史类,2025,本科批,601,5759,33
中国民航大学,河北,历史类,2025,本科批,601,5759,23
大连海洋大学,河北,历史类,2025,本科批,601,5759,2
广西中医药大学,河北,历史类,2025,本科批,601,5759,1
河北工业大学,河北,历史类,2025,本科批,600,6004,72
河北工业大学,河北,历史类,2025,本科提前批B段,600,6004,51
北京信息科技大学,河北,历史类,2025,本科批,599,6241,6
上海立信会计金融学院,河北,历史类,2025,本科批,599,6241,12
湖北大学,河北,历史类,2025,本科批,599,6241,4
北京第二外国语学院,河北,历史类,2025,本科批,599,6241,21
上海对外经贸大学,河北,历史类,2025,本科批,598,6445,8
中国美术学院,河北,历史类,2025,本科批,598,6445,2
扬州大学,河北,历史类,2025,本科提前批B段,598,6445,2
上海海洋大学,河北,历史类,2025,本科批,597,6701,13
西南财经大学,河北,历史类,2025,本科批,597,6701,28
湘潭大学,河北,历史类,2025,本科批,597,6701,88
北京电影学院,河北,历史类,2025,本科批,597,6701,10
五邑大学,河北,历史类,2025,本科批,596,6980,1
西北大学,河北,历史类,2025,本科批,596,6980,19
湖南师范大学,河北,历史类,2025,本科批,596,6980,68
武汉科技大学,河北,历史类,2025,本科批,595,7228,14
中南财经政法大学,河北,历史类,2025,本科批,595,7228,48
贵州大学,河北,历史类,2025,本科提前批C段,595,7228,5
延边大学,河北,历史类,2025,本科批,594,7453,36
华中农业大学,河北,历史类,2025,本科批,594,7453,45
河北师范大学,河北,历史类,2025,本科提前批B段,594,7453,268
西安外国语大学,河北,历史类,2025,本科批,593,7696,26
扬州大学,河北,历史类,2025,本科批,593,7696,8
浙江工商大学,河北,历史类,2025,本科批,593,7696,10
中国石油大学(北京)克拉玛依校区,河北,历史类,2025,本科批,593,7696,29
中南民族大学,河北,历史类,2025,本科批,593,7696,12
浙江理工大学,河北,历史类,2025,本科批,592,7950,9
重庆邮电大学,河北,历史类,2025,本科批,592,7950,4
广东外语外贸大学,河北,历史类,2025,本科批,592,7950,20
杭州电子科技大学,河北,历史类,2025,本科批,592,7950,26
衡水学院,河北,历史类,2025,本科提前批B段,592,7950,15
青海大学,河北,历史类,2025,本科批,591,8190,10
天津财经大学,河北,历史类,2025,本科批,591,8190,35
深圳技术大学,河北,历史类,2025,本科批,590,8451,7
天津师范大学,河北,历史类,2025,本科批,590,8451,103
天津中医药大学,河北,历史类,2025,本科批,590,8451,31
武汉工程大学,河北,历史类,2025,本科批,590,8451,18
浙江中医药大学,河北,历史类,2025,本科批,590,8451,2
安徽中医药大学,河北,历史类,2025,本科批,590,8451,1
广州大学,河北,历史类,2025,本科批,590,8451,10
沧州师范学院,河北,历史类,2025,本科提前批B段,590,8451,35
湖北工业大学,河北,历史类,2025,本科批,589,8746,16
北方工业大学,河北,历史类,2025,本科批,589,8746,16
江苏师范大学,河北,历史类,2025,本科批,589,8746,12
江西财经大学,河北,历史类,2025,本科批,589,8746,30
石家庄学院,河北,历史类,2025,本科提前批B段,589,8746,6
西南石油大学,河北,历史类,2025,本科批,587,9299,21
长沙理工大学,河北,历史类,2025,本科批,587,9299,19
中国消防救援学院,河北,历史类,2025,本科提前批A段,587,9299,2
南方医科大学,河北,历史类,2025,本科批,586,9573,8
西南医科大学,河北,历史类,2025,本科批,586,9573,2
东北师范大学,河北,历史类,2025,本科批,586,9573,37
广东金融学院,河北,历史类,2025,本科批,586,9573,4
新疆大学,河北,历史类,2025,本科批,585,9855,35
东北农业大学,河北,历史类,2025,本科批,585,9855,18
山东财经大学,河北,历史类,2025,本科批,584,10128,27
山西大学,河北,历史类,2025,本科批,584,10128,71
上海工程技术大学,河北,历史类,2025,本科批,584,10128,5
上海政法学院,河北,历史类,2025,本科批,584,10128,50
闽南师范大学,河北,历史类,2025,本科提前批B段,584,10128,3
唐山师范学院,河北,历史类,2025,本科提前批B段,584,10128,71
青岛大学,河北,历史类,2025,本科批,583,10447,16
北京物资学院,河北,历史类,2025,本科批,583,10447,9
西安财经大学,河北,历史类,2025,本科批,583,10447,16
浙江农林大学,河北,历史类,2025,本科批,583,10447,7
广东工业大学,河北,历史类,2025,本科批,583,10447,10
河南大学,河北,历史类,2025,本科批,582,10728,71
安徽师范大学,河北,历史类,2025,本科提前批A段,582,10728,4
大连民族大学,河北,历史类,2025,本科提前批B段,582,10728,3
南京艺术学院,河北,历史类,2025,本科批,581,11023,1
宁夏大学,河北,历史类,2025,本科批,581,11023,40
四川农业大学,河北,历史类,2025,本科批,581,11023,14
天津师范大学,河北,历史类,2025,本科提前批B段,581,11023,2
燕山大学,河北,历史类,2025,本科提前批B段,581,11023,48
苏州科技大学,河北,历史类,2025,本科批,580,11284,10
无锡学院,河北,历史类,2025,本科批,580,11284,2
长春中医药大学,河北,历史类,2025,本科批,580,11284,6
重庆交通大学,河北,历史类,2025,本科批,580,11284,13
南通大学,河北,历史类,2025,本科批,579,11592,12
燕山大学,河北,历史类,2025,本科批,579,11592,105
浙江财经大学,河北,历史类,2025,本科批,579,11592,25
浙江传媒学院,河北,历史类,2025,本科批,579,11592,16
哈尔滨医科大学,河北,历史类,2025,本科批,579,11592,2
宁波大学,河北,历史类,2025,本科批,578,11905,13
天津工业大学,河北,历史类,2025,本科批,578,11905,35
杭州师范大学,河北,历史类,2025,本科批,578,11905,6
陕西科技大学,河北,历史类,2025,本科批,577,12264,8
成都理工大学,河北,历史类,2025,本科批,577,12264,61
河北民族师范学院,河北,历史类,2025,本科提前批B段,577,12264,36
辽宁师范大学,河北,历史类,2025,本科批,576,12601,24
石河子大学,河北,历史类,2025,本科批,576,12601,40
成都大学,河北,历史类,2025,本科批,576,12601,24
四川外国语大学,河北,历史类,2025,本科提前批A段,576,12601,10
邯郸学院,河北,历史类,2025,本科提前批B段,576,12601,107
南宁师范大学,河北,历史类,2025,本科批,575,12935,4
天津科技大学,河北,历史类,2025,本科批,575,12935,29
天津外国语大学,河北,历史类,2025,本科批,575,12935,35
西安建筑科技大学,河北,历史类,2025,本科批,575,12935,11
延安大学,河北,历史类,2025,本科批,575,12935,11
武汉纺织大学,河北,历史类,2025,本科批,574,13269,9
重庆中医药学院,河北,历史类,2025,本科批,574,13269,10
华东交通大学,河北,历史类,2025,本科批,574,13269,16
北京服装学院,河北,历史类,2025,本科批,574,13269,4
汕头大学,河北,历史类,2025,本科批,573,13600,23
西安工业大学,河北,历史类,2025,本科批,573,13600,10
云南警官学院,河北,历史类,2025,本科批,573,13600,3
浙大城市学院,河北,历史类,2025,本科批,573,13600,13
重庆师范大学,河北,历史类,2025,本科批,573,13600,22
山西大同大学,河北,历史类,2025,本科批,572,13953,10
上海第二工业大学,河北,历史类,2025,本科批,572,13953,6
沈阳建筑大学,河北,历史类,2025,本科批,572,13953,2
四川师范大学,河北,历史类,2025,本科批,572,13953,46
东北财经大学,河北,历史类,2025,本科批,572,13953,39
集美大学,河北,历史类,2025,本科批,572,13953,20
北京舞蹈学院,河北,历史类,2025,本科批,571,14284,2
北京印刷学院,河北,历史类,2025,本科批,570,14639,20
大连外国语大学,河北,历史类,2025,本科批,570,14639,23
河南财经政法大学,河北,历史类,2025,本科批,570,14639,18
江苏理工学院,河北,历史类,2025,本科批,570,13953,9
山东理工大学,河北,历史类,2025,本科批,569,14990,30
石家庄铁道大学,河北,历史类,2025,本科批,569,14990,78
成都师范学院,河北,历史类,2025,本科批,569,14990,2
成都信息工程大学,河北,历史类,2025,本科批,569,14990,14
广州中医药大学,河北,历史类,2025,本科批,569,14990,10
河南工业大学,河北,历史类,2025,本科批,569,14990,17
石家庄铁道大学,河北,历史类,2025,本科提前批B段,569,14990,55
山东建筑大学,河北,历史类,2025,本科批,568,15333,2
西安石油大学,河北,历史类,2025,本科批,568,15333,9
中国民用航空飞行学院,河北,历史类,2025,本科批,568,15333,3
重庆科技大学,河北,历史类,2025,本科批,568,15333,9
安徽农业大学,河北,历史类,2025,本科批,568,15333,8
河北大学,河北,历史类,2025,本科提前批B段,568,15333,60
首都体育学院,河北,历史类,2025,本科批,567,15706,3
中北大学,河北,历史类,2025,本科批,566,16100,7
湖北师范大学,河北,历史类,2025,本科批,566,16100,4
湖南工商大学,河北,历史类,2025,本科批,566,16100,4
华侨大学,河北,历史类,2025,本科批,566,16100,49
金陵科技学院,河北,历史类,2025,本科批,566,16100,4
齐鲁工业大学,河北,历史类,2025,本科批,565,16482,15
青岛理工大学,河北,历史类,2025,本科批,565,16482,20
山东农业大学,河北,历史类,2025,本科批,565,16482,60
天津理工大学,河北,历史类,2025,本科批,565,16482,64
天津商业大学,河北,历史类,2025,本科批,565,16482,71
遵义师范学院,河北,历史类,2025,本科批,565,16482,2
大连交通大学,河北,历史类,2025,本科批,565,16482,5
广东技术师范大学,河北,历史类,2025,本科批,565,16482,2
贵州大学,河北,历史类,2025,本科批,565,16482,29
济南大学,河北,历史类,2025,本科批,565,16482,42
江苏科技大学,河北,历史类,2025,本科批,565,16482,9
南华大学,河北,历史类,2025,本科批,564,16810,13
安徽工业大学,河北,历史类,2025,本科批,564,16810,14
福建医科大学,河北,历史类,2025,本科批,564,16810,2
曲阜师范大学,河北,历史类,2025,本科批,563,17236,57
四川轻化工大学,河北,历史类,2025,本科批,563,17236,11
天津体育学院,河北,历史类,2025,本科批,563,17236,4
西交利物浦大学,河北,历史类,2025,本科批,563,17236,40
长江师范学院,河北,历史类,2025,本科批,563,17236,3
重庆第二师范学院,河北,历史类,2025,本科批,563,17236,4
德州学院,河北,历史类,2025,本科批,563,17236,5
华北水利水电大学,河北,历史类,2025,本科批,563,17236,14
南京工业职业技术大学,河北,历史类,2025,本科批,562,17629,2
青岛科技大学,河北,历史类,2025,本科批,562,17629,11
上海商学院,河北,历史类,2025,本科批,562,17629,12
中国劳动关系学院,河北,历史类,2025,本科批,562,17629,53
河南理工大学,河北,历史类,2025,本科批,562,17629,13
嘉兴大学,河北,历史类,2025,本科批,562,17629,15
江西农业大学,河北,历史类,2025,本科批,562,17629,8
南京工程学院,河北,历史类,2025,本科批,561,17998,12
西华大学,河北,历史类,2025,本科批,561,17998,20
郑州轻工业大学,河北,历史类,2025,本科批,561,17998,31
重庆理工大学,河北,历史类,2025,本科批,561,17998,41
海南大学,河北,历史类,2025,本科批,561,17998,40
河北中医药大学,河北,历史类,2025,本科提前批B段,561,17998,23
山东科技大学,河北,历史类,2025,本科批,560,18388,5
浙江科技大学,河北,历史类,2025,本科批,560,18388,15
河北医科大学,河北,历史类,2025,本科批,560,18388,46
兰州交通大学,河北,历史类,2025,本科批,560,18388,16
河北农业大学,河北,历史类,2025,本科提前批B段,560,18388,55
鲁迅美术学院,河北,历史类,2025,本科批,559,18763,1
山西师范大学,河北,历史类,2025,本科批,559,18763,11
新疆警察学院,河北,历史类,2025,本科批,559,18763,3
东北石油大学,河北,历史类,2025,本科批,559,18763,10
北京联合大学,河北,历史类,2025,本科批,558,19202,44
上海应用技术大学,河北,历史类,2025,本科批,558,19202,8
西华师范大学,河北,历史类,2025,本科批,558,19202,22
徐州工程学院,河北,历史类,2025,本科批,558,19202,5
烟台大学,河北,历史类,2025,本科批,558,19202,12
湖南科技大学,河北,历史类,2025,本科批,558,19202,40
吉林农业大学,河北,历史类,2025,本科批,558,19202,20
江苏海洋大学,河北,历史类,2025,本科批,558,19202,16
中国劳动关系学院,河北,历史类,2025,本科提前批B段,558,19202,17
河北工程大学,河北,历史类,2025,本科提前批B段,558,19202,56
齐齐哈尔大学,河北,历史类,2025,本科批,557,19202,7
山西医科大学,河北,历史类,2025,本科批,557,19607,9
西南科技大学,河北,历史类,2025,本科批,557,19607,41
云南财经大学,河北,历史类,2025,本科批,557,19607,38
浙江师范大学,河北,历史类,2025,本科批,557,19607,30
安徽师范大学,河北,历史类,2025,本科批,557,19607,55
安徽财经大学,河北,历史类,2025,本科批,557,19607,37
湖北中医药大学,河北,历史类,2025,本科批,557,19607,13
昆明理工大学,河北,历史类,2025,本科批,557,19607,13
天津职业技术师范大学,河北,历史类,2025,本科批,556,19979,13
西藏大学,河北,历史类,2025,本科批,556,19979,38
郑州师范学院,河北,历史类,2025,本科批,556,19979,6
中华女子学院,河北,历史类,2025,本科批,556,19979,33
佳木斯大学,河北,历史类,2025,本科批,556,19979,14
山东交通学院,河北,历史类,2025,本科批,555,20401,24
中国戏曲学院,河北,历史类,2025,本科批,555,20401,14
广西科技大学,河北,历史类,2025,本科批,555,20401,6
河南中医药大学,河北,历史类,2025,本科批,555,20401,4
嘉兴南湖学院,河北,历史类,2025,本科批,555,20401,2
北京中医药大学,河北,历史类,2025,本科提前批C段,555,20401,1
辽宁工业大学,河北,历史类,2025,本科批,554,20836,4
宁波诺丁汉大学,河北,历史类,2025,本科批,554,20836,33
沈阳理工大学,河北,历史类,2025,本科批,554,20836,10
北师香港浸会大学,河北,历史类,2025,本科批,554,20836,24
天津美术学院,河北,历史类,2025,本科批,554,20836,5
天津农学院,河北,历史类,2025,本科批,554,20836,15
大连民族大学,河北,历史类,2025,本科批,554,20836,25
东北电力大学,河北,历史类,2025,本科批,554,20836,10
东莞理工学院,河北,历史类,2025,本科批,554,20836,4
河北科技大学,河北,历史类,2025,本科批,554,20836,242
黑龙江大学,河北,历史类,2025,本科批,554,20836,18
湖南工业大学,河北,历史类,2025,本科批,554,20836,26
湖南农业大学,河北,历史类,2025,本科批,554,20836,34
湖南中医药大学,河北,历史类,2025,本科批,554,20836,22
济宁学院,河北,历史类,2025,本科批,554,20836,5
江西理工大学,河北,历史类,2025,本科批,554,20836,21
绵阳师范学院,河北,历史类,2025,本科批,553,21243,6
北京石油化工学院,河北,历史类,2025,本科批,553,21243,10
山东第一医科大学,河北,历史类,2025,本科批,553,21243,15
山东师范大学,河北,历史类,2025,本科批,553,21243,36
沈阳化工大学,河北,历史类,2025,本科批,553,21243,5
四川外国语大学,河北,历史类,2025,本科批,553,21243,18
厦门理工学院,河北,历史类,2025,本科批,553,21243,11
中南林业科技大学,河北,历史类,2025,本科批,553,21243,63
阜阳师范大学,河北,历史类,2025,本科批,553,21243,18
北华大学,河北,历史类,2025,本科批,553,21243,30
河北经贸大学,河北,历史类,2025,本科提前批B段,553,21243,74
甘肃政法大学,河北,历史类,2025,本科批,552,21668,28
甘肃中医药大学,河北,历史类,2025,本科批,552,21668,6
贵州中医药大学,河北,历史类,2025,本科批,552,21668,4
哈尔滨商业大学,河北,历史类,2025,本科批,552,21668,30
河南师范大学,河北,历史类,2025,本科批,552,21668,30
南京晓庄学院,河北,历史类,2025,本科批,551,22095,8
北京农学院,河北,历史类,2025,本科批,551,22095,14
山西农业大学,河北,历史类,2025,本科批,551,22095,30
山西中医药大学,河北,历史类,2025,本科批,551,22095,13
沈阳医学院,河北,历史类,2025,本科批,551,22095,1
天津医科大学,河北,历史类,2025,本科批,551,22095,4
西南民族大学,河北,历史类,2025,本科批,551,22095,81
长春工业大学,河北,历史类,2025,本科批,551,22095,15
长江大学,河北,历史类,2025,本科批,551,22095,50
东华理工大学,河北,历史类,2025,本科批,551,22095,28
桂林理工大学,河北,历史类,2025,本科批,551,22095,9
海南师范大学,河北,历史类,2025,本科批,551,22095,66
河南农业大学,河北,历史类,2025,本科批,551,22095,28
湖北第二师范学院,河北,历史类,2025,本科批,551,22095,9
吉首大学,河北,历史类,2025,本科批,551,22095,31
江苏第二师范学院,河北,历史类,2025,本科批,551,22095,4
景德镇陶瓷大学,河北,历史类,2025,本科批,551,22095,13
辽宁工程技术大学,河北,历史类,2025,本科批,550,22582,35
南昌航空大学,河北,历史类,2025,本科批,550,22582,22
内蒙古工业大学,河北,历史类,2025,本科批,550,22582,5
内蒙古民族大学,河北,历史类,2025,本科批,550,22582,11
宁波工程学院,河北,历史类,2025,本科批,550,22582,14
三峡大学,河北,历史类,2025,本科批,550,22582,33
沈阳大学,河北,历史类,2025,本科批,550,22582,12
武汉商学院,河北,历史类,2025,本科批,550,22582,14
西藏民族大学,河北,历史类,2025,本科批,550,22582,40
云南中医药大学,河北,历史类,2025,本科批,550,22582,2
浙江外国语学院,河北,历史类,2025,本科批,550,22582,22
中央美术学院,河北,历史类,2025,本科批,550,22582,6
桂林电子科技大学,河北,历史类,2025,本科批,550,22582,13
河南科技大学,河北,历史类,2025,本科批,550,22582,26
黑龙江中医药大学,河北,历史类,2025,本科批,550,22582,12
湖南人文科技学院,河北,历史类,2025,本科批,550,22582,8
青海师范大学,河北,历史类,2025,本科批,549,23040,7
山东政法学院,河北,历史类,2025,本科批,549,23040,24
天水师范大学,河北,历史类,2025,本科批,549,23040,9
西安工程大学,河北,历史类,2025,本科批,549,23040,3
信阳师范大学,河北,历史类,2025,本科批,549,23040,5
成都中医药大学,河北,历史类,2025,本科批,549,23040,11
贵州民族大学,河北,历史类,2025,本科批,549,23040,4
黑龙江科技大学,河北,历史类,2025,本科批,549,23040,27
临沂大学,河北,历史类,2025,本科批,548,23511,17
内蒙古科技大学,河北,历史类,2025,本科批,548,23511,15
安徽建筑大学,河北,历史类,2025,本科批,548,23511,14
安庆师范大学,河北,历史类,2025,本科批,548,23511,30
湖北民族大学,河北,历史类,2025,本科批,548,23511,13
北方民族大学,河北,历史类,2025,本科批,548,23511,22
华北理工大学,河北,历史类,2025,本科批,548,23511,181
淮北师范大学,河北,历史类,2025,本科批,548,23511,32
山西财经大学,河北,历史类,2025,本科批,547,23983,48
陕西理工大学,河北,历史类,2025,本科批,547,23983,3
邵阳学院,河北,历史类,2025,本科批,547,23983,12
四川美术学院,河北,历史类,2025,本科批,547,23983,7
潍坊学院,河北,历史类,2025,本科批,547,23983,10
武汉体育学院,河北,历史类,2025,本科批,547,23983,12
长春理工大学,河北,历史类,2025,本科批,547,23983,28
郑州航空工业管理学院,河北,历史类,2025,本科批,547,23983,16
湖州学院,河北,历史类,2025,本科批,547,23983,11
吉林财经大学,河北,历史类,2025,本科批,547,23983,38
江西中医药大学,河北,历史类,2025,本科批,547,23983,12
南京特殊教育师范学院,河北,历史类,2025,本科批,546,24485,12
内江师范学院,河北,历史类,2025,本科批,546,24485,15
天津中德应用技术大学,河北,历史类,2025,本科批,546,24485,15
西安文理学院,河北,历史类,2025,本科批,546,24485,21
西北师范大学,河北,历史类,2025,本科批,546,24485,62
宜宾学院,河北,历史类,2025,本科批,546,24485,12
长沙学院,河北,历史类,2025,本科批,546,24485,10
防灾科技学院,河北,历史类,2025,本科批,546,24485,58
哈尔滨师范大学,河北,历史类,2025,本科批,546,24485,39
河南工程学院,河北,历史类,2025,本科批,546,24485,13
湖北理工学院,河北,历史类,2025,本科批,546,24485,8
湖南财政经济学院,河北,历史类,2025,本科批,546,24485,16
湖州师范学院,河北,历史类,2025,本科批,546,24485,7
江西水利电力大学,河北,历史类,2025,本科批,546,24485,22
井冈山大学,河北,历史类,2025,本科批,546,24485,25
兰州理工大学,河北,历史类,2025,本科批,546,24485,19
河北地质大学,河北,历史类,2025,本科提前批B段,546,24485,53
辽宁科技大学,河北,历史类,2025,本科批,545,24943,8
民政职业大学,河北,历史类,2025,本科批,545,24943,35
宿州学院,河北,历史类,2025,本科批,545,24943,6
大连工业大学,河北,历史类,2025,本科批,545,24943,26
河南财政金融学院,河北,历史类,2025,本科批,545,24943,27
北京语言大学,河北,历史类,2025,本科批,544,25427,27
四川音乐学院,河北,历史类,2025,本科批,544,25427,6
贵州财经大学,河北,历史类,2025,本科批,544,25427,9
河北科技大学,河北,历史类,2025,本科提前批B段,544,25427,53
鲁东大学,河北,历史类,2025,本科批,543,25909,16
山东农业工程学院,河北,历史类,2025,本科批,543,25909,8
通化师范学院,河北,历史类,2025,本科批,543,25909,8
成都体育学院,河北,历史类,2025,本科批,543,25909,7
重庆三峡学院,河北,历史类,2025,本科批,543,25909,9
菏泽学院,河北,历史类,2025,本科批,543,25909,2
湖南文理学院,河北,历史类,2025,本科批,543,25909,11
华北科技学院,河北,历史类,2025,本科批,543,25909,77
江西科技师范大学,河北,历史类,2025,本科批,543,25909,17
洛阳理工学院,河北,历史类,2025,本科批,542,26359,40
闽江学院,河北,历史类,2025,本科批,542,26359,5
山东艺术学院,河北,历史类,2025,本科批,542,26359,1
贵州师范学院,河北,历史类,2025,本科批,542,26359,2
汉江师范学院,河北,历史类,2025,本科批,542,26359,3
湖南理工学院,河北,历史类,2025,本科批,542,26359,29
兰州财经大学,河北,历史类,2025,本科批,542,26359,29
西安美术学院,河北,历史类,2025,本科批,541,26772,4
中原工学院,河北,历史类,2025,本科批,541,26772,14
广西科技师范学院,河北,历史类,2025,本科批,541,26772,4
河北农业大学,河北,历史类,2025,本科批,541,26772,903
衡阳师范学院,河北,历史类,2025,本科批,541,26772,12
华北理工大学,河北,历史类,2025,本科提前批B段,541,26772,63
兰州文理学院,河北,历史类,2025,本科批,540,27280,15
辽宁中医药大学,河北,历史类,2025,本科批,540,27280,10
宁夏师范大学,河北,历史类,2025,本科批,540,27280,22
北京体育大学,河北,历史类,2025,本科批,540,27280,17
福建江夏学院,河北,历史类,2025,本科批,540,27280,15
哈尔滨金融学院,河北,历史类,2025,本科批,540,27280,4
惠州学院,河北,历史类,2025,本科批,540,27280,2
梧州学院,河北,历史类,2025,本科批,539,27769,1
福建师范大学,河北,历史类,2025,本科批,539,27769,12
赣东学院,河北,历史类,2025,本科批,539,27769,4
赣南师范大学,河北,历史类,2025,本科批,539,27769,39
韩山师范学院,河北,历史类,2025,本科批,539,27769,4
合肥师范学院,河北,历史类,2025,本科批,539,27769,30
湖南城市学院,河北,历史类,2025,本科批,539,27769,14
南阳师范学院,河北,历史类,2025,本科批,538,28223,17
沈阳体育学院,河北,历史类,2025,本科批,538,28223,6
渤海大学,河北,历史类,2025,本科批,538,28223,36
新疆财经大学,河北,历史类,2025,本科批,538,28223,42
长春工程学院,河北,历史类,2025,本科批,538,28223,12
玉林师范学院,河北,历史类,2025,本科批,538,28223,5
河北工程大学,河北,历史类,2025,本科批,538,28223,123
北华航天工业学院,河北,历史类,2025,本科批,538,28223,147
闽南师范大学,河北,历史类,2025,本科批,537,28710,15
内蒙古科技大学包头师范学院,河北,历史类,2025,本科批,537,28710,17
泉州师范学院,河北,历史类,2025,本科批,537,28710,17
山东青年政治学院,河北,历史类,2025,本科批,537,28710,10
山西工学院,河北,历史类,2025,本科批,537,28710,3
文山学院,河北,历史类,2025,本科批,537,28710,5
云南民族大学,河北,历史类,2025,本科批,537,28710,15
大理大学,河北,历史类,2025,本科批,537,28710,14
滇西科技师范学院,河北,历史类,2025,本科批,537,28710,2
湖南工程学院,河北,历史类,2025,本科批,537,28710,11
岭南师范学院,河北,历史类,2025,本科批,536,29242,16
南阳理工学院,河北,历史类,2025,本科批,536,29242,8
玉溪师范学院,河北,历史类,2025,本科批,536,29242,6
哈尔滨学院,河北,历史类,2025,本科批,536,29242,5
河北中医药大学,河北,历史类,2025,本科批,536,28710,150
黑龙江工程学院,河北,历史类,2025,本科批,536,29242,4
晋中学院,河北,历史类,2025,本科批,536,28223,4
荆楚理工学院,河北,历史类,2025,本科批,536,29242,2
辽东学院,河北,历史类,2025,本科批,535,29738,11
南昌医学院,河北,历史类,2025,本科批,535,29738,6
四川文理学院,河北,历史类,2025,本科批,535,29738,11
太原工业学院,河北,历史类,2025,本科批,535,29738,15
渭南师范学院,河北,历史类,2025,本科批,535,29738,18
盐城师范学院,河北,历史类,2025,本科批,535,29738,5
云南师范大学,河北,历史类,2025,本科批,535,29738,12
合肥大学,河北,历史类,2025,本科批,535,29738,18
黑龙江八一农垦大学,河北,历史类,2025,本科批,535,29738,11
洛阳师范学院,河北,历史类,2025,本科批,534,30243,25
湘南学院,河北,历史类,2025,本科批,534,30243,17
长春大学,河北,历史类,2025,本科批,534,30243,10
浙江药科职业大学,河北,历史类,2025,本科批,534,30243,15
西南交通大学希望学院,河北,历史类,2025,本科批,534,30243,2
广西警察学院,河北,历史类,2025,本科批,534,30243,3
贵州工程应用技术学院,河北,历史类,2025,本科批,534,30243,4
安阳师范学院,河北,历史类,2025,本科批,534,30243,57
河北地质大学,河北,历史类,2025,本科批,534,30243,307
吉林医药学院,河北,历史类,2025,本科批,534,30243,4
兰州城市学院,河北,历史类,2025,本科批,534,30243,11
南昌师范学院,河北,历史类,2025,本科批,533,30800,6
沈阳师范大学,河北,历史类,2025,本科批,533,30800,23
太原学院,河北,历史类,2025,本科批,533,30800,8
西北民族大学,河北,历史类,2025,本科批,533,30800,31
许昌学院,河北,历史类,2025,本科批,533,30800,43
营口理工学院,河北,历史类,2025,本科批,533,30800,4
宝鸡文理学院,河北,历史类,2025,本科批,533,30800,18
呼和浩特民族学院,河北,历史类,2025,本科批,533,30800,12
黄淮学院,河北,历史类,2025,本科批,533,30800,15
新余学院,河北,历史类,2025,本科批,532,31323,11
郑州工程技术学院,河北,历史类,2025,本科批,532,31323,4
承德医学院,河北,历史类,2025,本科批,532,31323,110
福建商学院,河北,历史类,2025,本科批,532,31323,17
广西财经学院,河北,历史类,2025,本科批,532,31323,12
兰州石化职业技术大学,河北,历史类,2025,本科批,531,31846,6
丽水学院,河北,历史类,2025,本科批,531,31846,12
攀枝花学院,河北,历史类,2025,本科批,531,31846,6
萍乡学院,河北,历史类,2025,本科批,531,31846,3
山东女子学院,河北,历史类,2025,本科批,531,31846,6
商丘师范学院,河北,历史类,2025,本科批,531,31846,39
新乡学院,河北,历史类,2025,本科批,531,31846,9
周口师范学院,河北,历史类,2025,本科批,531,31846,22
西南财经大学天府学院,河北,历史类,2025,本科批,531,31846,5
信阳学院,河北,历史类,2025,本科批,531,31323,5
石家庄学院,河北,历史类,2025,本科批,530,32409,1036
太原师范学院,河北,历史类,2025,本科批,530,32409,44
亳州学院,河北,历史类,2025,本科批,530,30800,10
西安邮电大学,河北,历史类,2025,本科批,530,32409,1
长治医学院,河北,历史类,2025,本科批,530,32409,3
滁州学院,河北,历史类,2025,本科批,530,32409,20
安康学院,河北,历史类,2025,本科批,530,32409,16
安阳工学院,河北,历史类,2025,本科批,530,30800,9
贵州商学院,河北,历史类,2025,本科批,530,32409,4
河南科技学院,河北,历史类,2025,本科批,530,32409,5
怀化学院,河北,历史类,2025,本科批,530,32409,20
齐齐哈尔医学院,河北,历史类,2025,本科批,529,32927,5
上饶师范学院,河北,历史类,2025,本科批,529,32927,17
塔里木大学,河北,历史类,2025,本科批,529,32927,39
浙江机电职业技术大学,河北,历史类,2025,本科批,529,32927,6
重庆文理学院,河北,历史类,2025,本科批,529,32927,7
桂林航天工业学院,河北,历史类,2025,本科批,529,32927,12
鞍山师范学院,河北,历史类,2025,本科批,529,32927,8
黄冈师范学院,河北,历史类,2025,本科批,529,32927,15
昆明学院,河北,历史类,2025,本科批,529,32927,9
云南农业大学,河北,历史类,2025,本科批,528,33434,6
湖北经济学院法商学院,河北,历史类,2025,本科批,528,33434,4
桂林师范学院,河北,历史类,2025,本科批,528,33434,3
湖南女子学院,河北,历史类,2025,本科批,528,33434,19
牡丹江师范学院,河北,历史类,2025,本科批,527,33954,32
宜春学院,河北,历史类,2025,本科批,527,33954,18
榆林学院,河北,历史类,2025,本科批,527,33954,6
池州学院,河北,历史类,2025,本科批,527,33954,10
大连大学,河北,历史类,2025,本科批,527,33954,35
呼伦贝尔学院,河北,历史类,2025,本科批,527,33954,15
湖北汽车工业学院,河北,历史类,2025,本科批,527,33954,2
乐山师范学院,河北,历史类,2025,本科批,526,34483,17
曲靖师范学院,河北,历史类,2025,本科批,526,34483,10
武夷学院,河北,历史类,2025,本科批,526,34483,15
哈尔滨体育学院,河北,历史类,2025,本科批,526,34483,5
吉林师范大学,河北,历史类,2025,本科批,526,34483,64
普洱学院,河北,历史类,2025,本科批,525,35052,5
山西工程科技职业大学,河北,历史类,2025,本科批,525,35052,27
商洛学院,河北,历史类,2025,本科批,525,35052,7
西昌学院,河北,历史类,2025,本科批,525,35052,20
北京城市学院,河北,历史类,2025,本科批,525,35052,8
大庆师范学院,河北,历史类,2025,本科批,525,35052,6
白城师范学院,河北,历史类,2025,本科批,525,35052,47
河北科技师范学院,河北,历史类,2025,本科批,525,35052,581
江西飞行学院,河北,历史类,2025,本科批,525,35052,4
金华职业技术大学,河北,历史类,2025,本科批,525,35052,9
景德镇学院,河北,历史类,2025,本科批,525,35052,12
龙岩学院,河北,历史类,2025,本科批,524,35601,18
黔南民族师范学院,河北,历史类,2025,本科批,524,35601,4
三明学院,河北,历史类,2025,本科批,524,35601,12
新疆政法学院,河北,历史类,2025,本科批,524,35601,52
东南大学成贤学院,河北,历史类,2025,本科批,524,35601,4
长治学院,河北,历史类,2025,本科批,524,35601,5
南京审计大学金审学院,河北,历史类,2025,本科批,524,35601,12
朝阳师范学院,河北,历史类,2025,本科批,524,35601,10
河北经贸大学,河北,历史类,2025,本科批,524,35601,1352
黄山学院,河北,历史类,2025,本科批,524,35601,5
山东工艺美术学院,河北,历史类,2025,本科批,523,36127,7
韶关学院,河北,历史类,2025,本科批,523,36127,5
泰山学院,河北,历史类,2025,本科批,523,36127,19
武汉轻工大学,河北,历史类,2025,本科批,523,36127,17
信阳农林学院,河北,历史类,2025,本科批,523,36127,8
运城学院,河北,历史类,2025,本科批,523,36127,40
湖南科技大学潇湘学院,河北,历史类,2025,本科批,523,36127,3
鄂尔多斯应用技术学院,河北,历史类,2025,本科批,523,36127,2
吉林工商学院,河北,历史类,2025,本科批,523,36127,65
吕梁学院,河北,历史类,2025,本科批,522,36684,16
江西师范大学科学技术学院,河北,历史类,2025,本科批,522,36684,6
上海财经大学浙江学院,河北,历史类,2025,本科批,522,36684,3
浙江师范大学行知学院,河北,历史类,2025,本科批,522,36684,1
甘肃民族师范学院,河北,历史类,2025,本科批,522,36684,2
红河学院,河北,历史类,2025,本科批,522,36684,5
湖南科技学院,河北,历史类,2025,本科批,522,36684,16
淮阴师范学院,河北,历史类,2025,本科批,522,36684,30
集宁师范学院,河北,历史类,2025,本科批,522,36684,18
廊坊师范学院,河北,历史类,2025,本科批,521,37257,766
西安医学院,河北,历史类,2025,本科批,521,37257,10
赣南科技学院,河北,历史类,2025,本科批,521,37257,8
安顺学院,河北,历史类,2025,本科批,521,37257,4
河南牧业经济学院,河北,历史类,2025,本科批,521,37257,30
黑龙江工业学院,河北,历史类,2025,本科批,521,37257,17
湖北文理学院,河北,历史类,2025,本科批,521,37257,3
绥化学院,河北,历史类,2025,本科批,520,37811,19
唐山学院,河北,历史类,2025,本科批,520,37811,1135
沧州师范学院,河北,历史类,2025,本科批,520,37811,676
邢台学院,河北,历史类,2025,本科批,520,37811,625
肇庆学院,河北,历史类,2025,本科批,520,37811,8
江苏科技大学苏州理工学院,河北,历史类,2025,本科批,520,37811,3
福建技术师范学院,河北,历史类,2025,本科批,520,37811,14
哈尔滨音乐学院,河北,历史类,2025,本科批,520,37811,3
河北大学,河北,历史类,2025,本科批,520,37811,673
河北民族师范学院,河北,历史类,2025,本科批,520,37811,524
吉林工程技术师范学院,河北,历史类,2025,本科批,520,37811,40
喀什大学,河北,历史类,2025,本科批,520,37811,60
赣南师范大学科技学院,河北,历史类,2025,本科批,519,38388,3
重庆财经学院,河北,历史类,2025,本科批,519,38388,13
哈尔滨职业技术大学,河北,历史类,2025,本科批,519,38388,5
河北水利电力学院,河北,历史类,2025,本科批,519,38388,255
保定学院,河北,历史类,2025,本科批,519,38388,1032
绍兴理工学院,河北,历史类,2025,本科批,518,38958,28
新疆交通职业技术大学,河北,历史类,2025,本科批,518,38958,2
邢台医学院,河北,历史类,2025,本科批,518,38958,100
伊犁师范大学,河北,历史类,2025,本科批,518,38958,70
云南艺术学院,河北,历史类,2025,本科批,518,38958,9
成都理工大学工程技术学院,河北,历史类,2025,本科批,518,38958,9
重庆工商大学派斯学院,河北,历史类,2025,本科批,518,38958,16
苏州大学应用技术学院,河北,历史类,2025,本科批,518,38958,5
广西民族师范学院,河北,历史类,2025,本科批,518,38958,21
贵阳康养职业大学,河北,历史类,2025,本科批,518,38958,2
贵州师范大学,河北,历史类,2025,本科批,518,38958,43
邯郸学院,河北,历史类,2025,本科批,518,38958,630
内蒙古艺术学院,河北,历史类,2025,本科批,517,39505,10
平顶山学院,河北,历史类,2025,本科批,517,39505,16
唐山师范学院,河北,历史类,2025,本科批,517,39505,1254
新疆科技学院,河北,历史类,2025,本科批,517,39505,17
新疆理工学院,河北,历史类,2025,本科批,517,39505,26
厦门大学嘉庚学院,河北,历史类,2025,本科批,517,39505,32
河池学院,河北,历史类,2025,本科批,517,39505,17
河南城建学院,河北,历史类,2025,本科批,517,39505,20
河西学院,河北,历史类,2025,本科批,517,39505,8
吉林警察学院,河北,历史类,2025,本科批,517,39505,12
吉林体育学院,河北,历史类,2025,本科批,517,39505,14
新疆第二医学院,河北,历史类,2025,本科批,516,40076,1
长春师范大学,河北,历史类,2025,本科批,516,40076,20
南昌应用技术师范学院,河北,历史类,2025,本科批,516,40076,5
福建农林大学,河北,历史类,2025,本科批,516,40076,10
河北工业职业技术大学,河北,历史类,2025,本科批,516,40076,340
百色学院,河北,历史类,2025,本科批,516,40076,16
河北建筑工程学院,河北,历史类,2025,本科批,516,40076,80
河北石油职业技术大学,河北,历史类,2025,本科批,516,40076,107
河北体育学院,河北,历史类,2025,本科批,516,40076,30
黑河学院,河北,历史类,2025,本科批,516,40076,14
吉林农业科技学院,河北,历史类,2025,本科批,516,40076,17
唐山工业职业技术大学,河北,历史类,2025,本科批,515,40662,135
西藏农牧学院,河北,历史类,2025,本科批,515,40662,10
昌吉学院,河北,历史类,2025,本科批,515,40662,29
新疆和田学院,河北,历史类,2025,本科批,515,40662,30
张家口学院,河北,历史类,2025,本科批,515,40662,1093
浙江万里学院,河北,历史类,2025,本科批,515,40662,103
集美大学诚毅学院,河北,历史类,2025,本科批,515,40662,11
楚雄师范学院,河北,历史类,2025,本科批,515,40662,3
九江学院,河北,历史类,2025,本科批,515,40662,26
青海职业技术大学,河北,历史类,2025,本科批,514,41275,2
电子科技大学成都学院,河北,历史类,2025,本科批,514,41275,8
杭州电子科技大学信息工程学院,河北,历史类,2025,本科批,514,41275,5
湖北师范大学文理学院,河北,历史类,2025,本科批,514,41275,7
南京工业大学浦江学院,河北,历史类,2025,本科批,514,41275,4
三峡大学科技学院,河北,历史类,2025,本科批,514,41275,4
山东财经大学东方学院,河北,历史类,2025,本科批,514,41275,15
四川大学锦江学院,河北,历史类,2025,本科批,514,41275,10
西安财经大学行知学院,河北,历史类,2025,本科批,514,39505,5
江西工程学院,河北,历史类,2025,本科批,514,41275,2
广西艺术学院,河北,历史类,2025,本科批,514,41275,11
河北师范大学,河北,历史类,2025,本科批,514,41275,1629
山西传媒学院,河北,历史类,2025,本科批,513,41828,49
陕西学前师范学院,河北,历史类,2025,本科批,513,41828,16
新疆农业职业技术大学,河北,历史类,2025,本科批,513,41275,14
南京财经大学红山学院,河北,历史类,2025,本科批,513,41828,39
天津财经大学珠江学院,河北,历史类,2025,本科批,513,41828,55
衡水学院,河北,历史类,2025,本科批,513,41828,648
聊城大学,河北,历史类,2025,本科批,512,42421,18
河北医科大学临床学院,河北,历史类,2025,本科批,512,42421,72
西安建筑科技大学华清学院,河北,历史类,2025,本科批,512,42421,7
上海视觉艺术学院,河北,历史类,2025,本科批,512,42421,1
四川工业科技学院,河北,历史类,2025,本科批,512,42421,3
郑州西亚斯学院,河北,历史类,2025,本科批,512,42421,22
甘肃林业职业技术大学,河北,历史类,2025,本科批,512,42421,3
河北科技工程职业技术大学,河北,历史类,2025,本科批,512,42421,600
吉林艺术学院,河北,历史类,2025,本科批,512,42421,3
新疆艺术学院,河北,历史类,2025,本科批,511,43048,8
聊城大学东昌学院,河北,历史类,2025,本科批,511,43048,10
石家庄铁道大学四方学院,河北,历史类,2025,本科批,511,43048,307
天津医科大学临床医学院,河北,历史类,2025,本科批,511,43048,10
浙江工商大学杭州商学院,河北,历史类,2025,本科批,511,43048,14
中国矿业大学徐海学院,河北,历史类,2025,本科批,511,43048,19
中南林业科技大学涉外学院,河北,历史类,2025,本科批,511,43048,24
重庆城市科技学院,河北,历史类,2025,本科批,511,43048,22
郑州财经学院,河北,历史类,2025,本科批,511,43048,28
桂林医科大学,河北,历史类,2025,本科批,511,43048,2
河北北方学院,河北,历史类,2025,本科批,511,43048,802
河北环境工程学院,河北,历史类,2025,本科批,511,43048,389
白城医学高等专科学校,河北,历史类,2025,高职专科,511,43048,1
天津城建大学,河北,历史类,2025,本科批,510,43673,20
湖北工程学院新技术学院,河北,历史类,2025,本科批,510,43673,12
湖南农业大学东方科技学院,河北,历史类,2025,本科批,510,43673,3
江苏师范大学科文学院,河北,历史类,2025,本科批,510,43673,7
南华大学船山学院,河北,历史类,2025,本科批,510,43673,2
天津外国语大学滨海外事学院,河北,历史类,2025,本科批,510,43673,21
重庆对外经贸学院,河北,历史类,2025,本科批,510,43673,28
郑州经贸学院,河北,历史类,2025,本科批,510,43673,20
湖北经济学院,河北,历史类,2025,本科批,510,43673,9
吉林建筑大学,河北,历史类,2025,本科批,510,43673,5
江西师范大学,河北,历史类,2025,本科批,510,43673,107
北京科技大学天津学院,河北,历史类,2025,本科批,509,44239,16
长江大学文理学院,河北,历史类,2025,本科批,509,42421,5
河北工程大学科信学院,河北,历史类,2025,本科批,509,44239,282
河北农业大学现代科技学院,河北,历史类,2025,本科批,509,44239,450
湖北大学知行学院,河北,历史类,2025,本科批,509,44239,9
江西财经大学现代经济管理学院,河北,历史类,2025,本科批,509,44239,21
南昌大学科学技术学院,河北,历史类,2025,本科批,509,44239,10
天津理工大学中环信息学院,河北,历史类,2025,本科批,509,44239,25
天津商业大学宝德学院,河北,历史类,2025,本科批,509,44239,63
西安交通大学城市学院,河北,历史类,2025,本科批,509,44239,20
成都锦城学院,河北,历史类,2025,本科批,509,44239,18
武汉学院,河北,历史类,2025,本科批,509,44239,14
中原科技学院,河北,历史类,2025,本科批,509,44239,20
珠海科技学院,河北,历史类,2025,本科批,509,44239,18
莆田学院,河北,历史类,2025,本科批,508,44877,2
山东工商学院,河北,历史类,2025,本科批,508,44877,31
北京邮电大学世纪学院,河北,历史类,2025,本科批,508,44877,10
常州大学怀德学院,河北,历史类,2025,本科批,508,44877,6
河北经贸大学经济管理学院,河北,历史类,2025,本科批,508,44877,1314
内蒙古大学创业学院,河北,历史类,2025,本科批,508,44877,21
青岛农业大学海都学院,河北,历史类,2025,本科批,508,44877,4
贵州黔南经济学院,河北,历史类,2025,本科批,508,44877,3
齐鲁医药学院,河北,历史类,2025,本科批,508,44877,7
山西工商学院,河北,历史类,2025,本科批,508,44877,44
武汉传媒学院,河北,历史类,2025,本科批,508,44877,4
郑州工商学院,河北,历史类,2025,本科批,508,44877,95
郑州科技学院,河北,历史类,2025,本科批,508,44877,6
郑州商学院,河北,历史类,2025,本科批,508,44877,40
郑州升达经贸管理学院,河北,历史类,2025,本科批,508,44877,16
武汉体育学院体育科技学院,河北,历史类,2025,本科批,507,45438,4
安阳学院,河北,历史类,2025,本科批,507,45438,15
河南开封科技传媒学院,河北,历史类,2025,本科批,507,45438,12
齐鲁理工学院,河北,历史类,2025,本科批,507,45438,7
山西晋中理工学院,河北,历史类,2025,本科批,507,44239,14
四川工商学院,河北,历史类,2025,本科批,507,45438,4
绍兴文理学院,河北,历史类,2025,本科批,506,46082,20
成都东软学院,河北,历史类,2025,本科批,506,46082,16
晋中信息学院,河北,历史类,2025,本科批,506,46082,72
绵阳城市学院,河北,历史类,2025,本科批,506,46082,5
山西应用科技学院,河北,历史类,2025,本科批,506,46082,20
武汉工程科技学院,河北,历史类,2025,本科批,506,46082,2
烟台科技学院,河北,历史类,2025,本科批,506,46082,26
运城职业技术大学,河北,历史类,2025,本科批,506,46082,10
郑州工业应用技术学院,河北,历史类,2025,本科批,506,46082,8
温州肯恩大学,河北,历史类,2025,本科批,505,46711,35
温州医科大学仁济学院,河北,历史类,2025,本科批,505,46711,4
四川电影电视学院,河北,历史类,2025,本科批,505,46711,4
武汉城市学院,河北,历史类,2025,本科批,505,46711,5
武汉生物工程学院,河北,历史类,2025,本科批,505,46711,6
湖北工业大学工程技术学院,河北,历史类,2025,本科批,504,47300,8
江西农业大学南昌商学院,河北,历史类,2025,本科批,504,47300,9
南昌大学共青学院,河北,历史类,2025,本科批,504,47300,10
宁波大学科学技术学院,河北,历史类,2025,本科批,504,47300,9
武汉工程大学邮电与信息工程学院,河北,历史类,2025,本科批,504,47300,15
重庆机电职业技术大学,河北,历史类,2025,本科批,504,47300,14
武汉东湖学院,河北,历史类,2025,本科批,504,47300,6
烟台理工学院,河北,历史类,2025,本科批,504,47300,15
昆明医科大学海源学院,河北,历史类,2025,本科批,503,47901,5
重庆外语外事学院,河北,历史类,2025,本科批,503,47901,23
广西民族大学,河北,历史类,2025,本科批,503,47901,15
河北医科大学,河北,历史类,2025,本科提前批B段,503,47901,34
陕西工业职业技术学院,河北,历史类,2025,高职专科,503,47901,2
四川交通职业技术学院,河北,历史类,2025,高职专科,503,47901,2
成都艺术职业大学,河北,历史类,2025,本科批,502,48511,9
重庆工商大学,河北,历史类,2025,本科批,502,48511,39
文华学院,河北,历史类,2025,本科批,502,48511,19
广东外语外贸大学南国商学院,河北,历史类,2025,本科批,501,47300,4
贵阳信息科技学院,河北,历史类,2025,本科批,501,49149,4
南昌交通学院,河北,历史类,2025,本科批,501,49149,6
山东协和学院,河北,历史类,2025,本科批,501,49149,18
西安交通工程学院,河北,历史类,2025,本科批,501,49149,7
浙江金融职业学院,河北,历史类,2025,高职专科,501,49149,5
荆州学院,河北,历史类,2025,本科批,500,49775,12
内蒙古鸿德文理学院,河北,历史类,2025,本科批,500,49775,20
武汉文理学院,河北,历史类,2025,本科批,500,49775,16
滇西应用技术大学,河北,历史类,2025,本科批,500,49775,12
石家庄邮电职业技术学院,河北,历史类,2025,高职专科,500,49775,83
咸阳师范学院,河北,历史类,2025,本科批,499,50419,23
成都银杏酒店管理学院,河北,历史类,2025,本科批,499,50419,15
陕西国际商贸学院,河北,历史类,2025,本科批,499,47901,18
无锡太湖学院,河北,历史类,2025,本科批,499,50419,31
武昌首义学院,河北,历史类,2025,本科批,499,50419,13
昆明理工大学津桥学院,河北,历史类,2025,本科批,498,51070,5
安徽外国语学院,河北,历史类,2025,本科批,498,51070,5
重庆移通学院,河北,历史类,2025,本科批,498,51070,71
青岛工学院,河北,历史类,2025,本科批,498,51070,18
三江学院,河北,历史类,2025,本科批,498,51070,9
烟台南山学院,河北,历史类,2025,本科批,498,51070,21
成都文理学院,河北,历史类,2025,本科批,497,51705,15
重庆人文科技学院,河北,历史类,2025,本科批,497,51705,45
大连财经学院,河北,历史类,2025,本科批,497,51705,58
广州商学院,河北,历史类,2025,本科批,497,51705,9
武汉华夏理工学院,河北,历史类,2025,本科批,497,51705,4
湘潭理工学院,河北,历史类,2025,本科批,497,51705,4
浙江树人学院,河北,历史类,2025,本科批,497,51705,3
大连理工大学城市学院,河北,历史类,2025,本科批,496,52355,15
福州大学至诚学院,河北,历史类,2025,本科批,496,52355,19
武汉纺织大学外经贸学院,河北,历史类,2025,本科批,496,52355,5
兰州工商学院,河北,历史类,2025,本科批,496,52355,12
山东华宇工学院,河北,历史类,2025,本科批,496,52355,15
四川文化艺术学院,河北,历史类,2025,本科批,496,52355,12
岳阳学院,河北,历史类,2025,本科批,496,52355,10
天津市职业大学,河北,历史类,2025,高职专科,496,52355,89
湖北商贸学院,河北,历史类,2025,本科批,495,52965,4
上海杉达学院,河北,历史类,2025,本科批,495,52965,6
天津天狮学院,河北,历史类,2025,本科批,495,52965,14
武昌理工学院,河北,历史类,2025,本科批,495,52965,9
武汉晴川学院,河北,历史类,2025,本科批,495,52965,6
仰恩大学,河北,历史类,2025,本科批,495,52965,2
苏州经贸职业技术学院,河北,历史类,2025,高职专科,495,52965,5
宁夏大学新华学院,河北,历史类,2025,本科批,494,53596,20
昆明文理学院,河北,历史类,2025,本科批,494,53596,9
兰州博文科技学院,河北,历史类,2025,本科批,494,53596,9
西京学院,河北,历史类,2025,本科批,494,53596,17
广西师范大学,河北,历史类,2025,本科批,494,53596,25
陇东学院,河北,历史类,2025,本科批,493,54207,4
延安大学西安创新学院,河北,历史类,2025,本科批,493,54207,13
福州外语外贸学院,河北,历史类,2025,本科批,493,53596,4
广东工商职业技术大学,河北,历史类,2025,本科批,493,54207,3
江西科技学院,河北,历史类,2025,本科批,493,54207,11
辽宁理工学院,河北,历史类,2025,本科批,493,54207,7
山东现代学院,河北,历史类,2025,本科批,493,54207,10
武昌工学院,河北,历史类,2025,本科批,493,54207,27
南昌理工学院,河北,历史类,2025,本科批,492,54857,13
青岛滨海学院,河北,历史类,2025,本科批,492,54857,15
四川传媒学院,河北,历史类,2025,本科批,492,54857,24
西安明德理工学院,河北,历史类,2025,本科批,492,54857,13
张家界学院,河北,历史类,2025,本科批,492,54857,3
常德学院,河北,历史类,2025,本科批,491,55552,6
合肥城市学院,河北,历史类,2025,本科批,491,55552,3
吉利学院,河北,历史类,2025,本科批,491,55552,6
南昌工学院,河北,历史类,2025,本科批,491,55552,9
杭州职业技术大学,河北,历史类,2025,高职专科,491,55552,5
福州理工学院,河北,历史类,2025,本科批,490,54207,4
哈尔滨信息工程学院,河北,历史类,2025,本科批,490,56213,6
青岛黄海学院,河北,历史类,2025,本科批,490,56213,21
山东外国语职业技术大学,河北,历史类,2025,本科批,490,56213,15
江苏经贸职业技术学院,河北,历史类,2025,高职专科,490,56213,5
辽宁师范大学海华学院,河北,历史类,2025,本科批,489,56862,59
沈阳科技学院,河北,历史类,2025,本科批,489,56862,10
大连工业大学艺术与信息工程学院,河北,历史类,2025,本科批,488,57521,13
南通理工学院,河北,历史类,2025,本科批,488,54857,12
新疆天山职业技术大学,河北,历史类,2025,本科批,488,57521,77
焦作师范高等专科学校,河北,历史类,2025,高职专科,488,57521,2
广州新华学院,河北,历史类,2025,本科批,487,58171,12
江西应用科技学院,河北,历史类,2025,本科批,487,58171,6
泉州职业技术大学,河北,历史类,2025,本科批,487,56862,10
沈阳城市建设学院,河北,历史类,2025,本科批,487,58171,6
西安欧亚学院,河北,历史类,2025,本科批,487,58171,42
长春医学高等专科学校,河北,历史类,2025,高职专科,487,58171,11
湖南高速铁路职业技术学院,河北,历史类,2025,高职专科,487,58171,5
黑龙江东方学院,河北,历史类,2025,本科批,486,58842,20
南京传媒学院,河北,历史类,2025,本科批,486,58842,19
南宁学院,河北,历史类,2025,本科批,486,58842,12
宁波财经学院,河北,历史类,2025,本科批,486,58842,28
上海建桥学院,河北,历史类,2025,本科批,486,58842,14
天津仁爱学院,河北,历史类,2025,本科批,486,58842,39
昆明城市学院,河北,历史类,2025,本科批,485,59535,22
西安汽车职业大学,河北,历史类,2025,本科批,485,59535,17
西安外事学院,河北,历史类,2025,本科批,485,59535,42
西安信息职业大学,河北,历史类,2025,本科批,485,59535,4
齐齐哈尔工程学院,河北,历史类,2025,本科批,484,60189,5
泉州信息工程学院,河北,历史类,2025,本科批,484,60189,6
上海立达学院,河北,历史类,2025,本科批,484,58842,6
西安工商学院,河北,历史类,2025,本科批,484,60189,13
厦门工学院,河北,历史类,2025,本科批,484,60189,15
河北地质大学华信学院,河北,历史类,2025,本科批,483,60848,1508
华北理工大学轻工学院,河北,历史类,2025,本科批,483,60848,485
西安科技大学高新学院,河北,历史类,2025,本科批,483,60848,11
桂林学院,河北,历史类,2025,本科批,483,60848,26
青岛城市学院,河北,历史类,2025,本科批,483,60848,17
温州商学院,河北,历史类,2025,本科批,483,60848,23
云南经济管理学院,河北,历史类,2025,本科批,483,60848,6
内蒙古农业大学,河北,历史类,2025,高职专科,483,60848,3
成都外国语学院,河北,历史类,2025,本科批,482,61531,37
江西服装学院,河北,历史类,2025,本科批,482,61531,4
昆明传媒学院,河北,历史类,2025,本科批,482,61531,17
南京信息职业技术学院,河北,历史类,2025,高职专科,482,61531,4
天津中德应用技术大学,河北,历史类,2025,高职专科,482,61531,16
武汉电力职业技术学院,河北,历史类,2025,高职专科,482,61531,8
山东信息职业技术学院,河北,历史类,2025,专科提前批,481,62196,10
长春电子科技学院,河北,历史类,2025,本科批,481,62196,37
长春人文学院,河北,历史类,2025,本科批,481,62196,18
广东科技学院,河北,历史类,2025,本科批,481,60189,5
青岛恒星科技学院,河北,历史类,2025,本科批,481,62196,27
西安培华学院,河北,历史类,2025,本科批,481,62196,55
桂林旅游学院,河北,历史类,2025,本科批,481,59535,11
黄河水利职业技术大学,河北,历史类,2025,高职专科,481,62196,10
哈尔滨广厦学院,河北,历史类,2025,本科批,480,62894,55
海南科技职业大学,河北,历史类,2025,本科批,480,62894,10
汉口学院,河北,历史类,2025,本科批,480,62894,9
西安铁路职业技术学院,河北,历史类,2025,高职专科,480,62894,15
重庆医药高等专科学校,河北,历史类,2025,高职专科,480,62894,8
大连医科大学中山学院,河北,历史类,2025,本科批,479,63585,4
上海外国语大学贤达经济人文学院,河北,历史类,2025,本科批,479,63585,16
北海艺术设计学院,河北,历史类,2025,本科批,479,63585,15
长春建筑学院,河北,历史类,2025,本科批,479,63585,21
广州城市理工学院,河北,历史类,2025,本科批,479,63585,31
黑龙江工商学院,河北,历史类,2025,本科批,479,63585,27
黄河科技学院,河北,历史类,2025,本科批,479,63585,8
吉林外国语大学,河北,历史类,2025,本科批,479,63585,58
上海中侨职业技术大学,河北,历史类,2025,本科批,479,63585,18
泰山科技学院,河北,历史类,2025,本科批,479,63585,9
海南热带海洋学院,河北,历史类,2025,本科批,479,63585,30
开封大学,河北,历史类,2025,高职专科,479,63585,5
香港珠海学院,河北,历史类,2025,本科批,478,64257,4
北京第二外国语学院中瑞酒店管理学院,河北,历史类,2025,本科批,478,61531,6
北京工业大学耿丹学院,河北,历史类,2025,本科批,478,64257,31
长春工业大学人文信息学院,河北,历史类,2025,本科批,478,64257,42
黑龙江工程学院昆仑旅游学院,河北,历史类,2025,本科批,478,64257,30
华南农业大学珠江学院,河北,历史类,2025,本科批,478,64257,23
陕西科技大学镐京学院,河北,历史类,2025,本科批,478,64257,39
首都师范大学科德学院,河北,历史类,2025,本科批,478,64257,16
西北大学现代学院,河北,历史类,2025,本科批,478,64257,3
北京金融科技学院,河北,历史类,2025,本科批,478,64257,12
东莞城市学院,河北,历史类,2025,本科批,478,64257,6
广东白云学院,河北,历史类,2025,本科批,478,64257,6
广西城市职业大学,河北,历史类,2025,本科批,478,62894,20
河北工程技术学院,河北,历史类,2025,本科批,478,64257,781
黑龙江财经学院,河北,历史类,2025,本科批,478,64257,36
辽宁传媒学院,河北,历史类,2025,本科批,478,64257,52
南宁理工学院,河北,历史类,2025,本科批,478,64257,70
银川能源学院,河北,历史类,2025,本科批,478,64257,22
浙江越秀外国语学院,河北,历史类,2025,本科批,478,64257,20
上海工艺美术职业学院,河北,历史类,2025,高职专科,478,64257,2
张家口学院,河北,历史类,2025,高职专科,478,64257,47
琼台师范学院,河北,历史类,2025,本科批,477,64897,32
北京中医药大学东方学院,河北,历史类,2025,本科批,477,64897,1532
长春大学旅游学院,河北,历史类,2025,本科批,477,64897,59
广西民族大学相思湖学院,河北,历史类,2025,本科批,477,64897,43
吉林师范大学博达学院,河北,历史类,2025,本科批,477,64897,78
上海师范大学天华学院,河北,历史类,2025,本科批,477,64897,4
保定理工学院,河北,历史类,2025,本科批,477,64897,1481
沧州交通学院,河北,历史类,2025,本科批,477,64897,994
长春财经学院,河北,历史类,2025,本科批,477,64897,87
长春光华学院,河北,历史类,2025,本科批,477,64897,52
长春科技学院,河北,历史类,2025,本科批,477,64897,60
大连东软信息学院,河北,历史类,2025,本科批,477,64897,26
大连科技学院,河北,历史类,2025,本科批,477,64897,30
大连艺术学院,河北,历史类,2025,本科批,477,62894,14
滇池学院,河北,历史类,2025,本科批,477,64897,44
广西外国语学院,河北,历史类,2025,本科批,477,64897,19
广州工商学院,河北,历史类,2025,本科批,477,64897,4
广州南方学院,河北,历史类,2025,本科批,477,64897,12
桂林信息科技学院,河北,历史类,2025,本科批,477,64897,46
哈尔滨华德学院,河北,历史类,2025,本科批,477,64897,29
哈尔滨剑桥学院,河北,历史类,2025,本科批,477,64897,130
哈尔滨石油学院,河北,历史类,2025,本科批,477,64897,38
海口经济学院,河北,历史类,2025,本科批,477,64897,20
河北传媒学院,河北,历史类,2025,本科批,477,64897,680
河北东方学院,河北,历史类,2025,本科批,477,64897,1642
河北科技学院,河北,历史类,2025,本科批,477,64897,892
河北美术学院,河北,历史类,2025,本科批,477,64897,320
河北外国语学院,河北,历史类,2025,本科批,477,64897,984
黑龙江外国语学院,河北,历史类,2025,本科批,477,64897,43
湖南涉外经济学院,河北,历史类,2025,本科批,477,64897,24
吉林动画学院,河北,历史类,2025,本科批,477,64897,14
丽江文化旅游学院,河北,历史类,2025,本科批,477,64897,50
辽宁对外经贸学院,河北,历史类,2025,本科批,477,64897,23
辽宁何氏医学院,河北,历史类,2025,本科批,477,64897,2
柳州工学院,河北,历史类,2025,本科批,477,64897,35
宁夏理工学院,河北,历史类,2025,本科批,477,64897,75
青岛电影学院,河北,历史类,2025,本科批,477,62196,9
三亚学院,河北,历史类,2025,本科批,477,64897,119
山东英才学院,河北,历史类,2025,本科批,477,64897,23
陕西服装工程学院,河北,历史类,2025,本科批,477,64897,9
沈阳城市学院,河北,历史类,2025,本科批,477,64897,20
沈阳工学院,河北,历史类,2025,本科批,477,64897,19
天津传媒学院,河北,历史类,2025,本科批,477,64897,65
西安翻译学院,河北,历史类,2025,本科批,477,64897,21
西安思源学院,河北,历史类,2025,本科批,477,64897,32
燕京理工学院,河北,历史类,2025,本科批,477,64897,1967
阳光学院,河北,历史类,2025,本科批,477,64897,6
银川科技学院,河北,历史类,2025,本科批,477,64897,82
浙江广厦建设职业技术大学,河北,历史类,2025,本科批,477,64897,32
河北金融学院,河北,历史类,2025,本科批,477,64257,70
菏泽医学专科学校,河北,历史类,2025,高职专科,477,64897,5
南京机电职业技术学院,河北,历史类,2025,高职专科,476,65519,6
江苏海事职业技术学院,河北,历史类,2025,高职专科,476,65519,3
天津电子信息职业技术学院,河北,历史类,2025,高职专科,475,66186,128
重庆电力高等专科学校,河北,历史类,2025,高职专科,475,66186,20
东营职业学院,河北,历史类,2025,高职专科,475,66186,2
保定电力职业技术学院,河北,历史类,2025,高职专科,475,66186,40
天津轻工职业技术学院,河北,历史类,2025,高职专科,474,66870,25
湖南铁道职业技术学院,河北,历史类,2025,高职专科,474,66870,15
北京农业职业学院,河北,历史类,2025,高职专科,473,67553,2
长沙航空职业技术学院,河北,历史类,2025,高职专科,473,67553,10
重庆航天职业技术学院,河北,历史类,2025,高职专科,473,67553,2
重庆水利电力职业技术学院,河北,历史类,2025,高职专科,473,67553,3
包头铁道职业技术学院,河北,历史类,2025,高职专科,473,67553,15
安徽第二医学院,河北,历史类,2025,高职专科,472,68218,17
南通职业大学,河北,历史类,2025,高职专科,471,68889,15
山西卫生健康职业学院,河北,历史类,2025,高职专科,471,68889,5
首钢工学院,河北,历史类,2025,高职专科,471,68889,7
长沙民政职业技术学院,河北,历史类,2025,高职专科,471,68889,28
北京科技职业大学,河北,历史类,2025,高职专科,470,69602,54
陕西铁路工程职业技术学院,河北,历史类,2025,高职专科,470,69602,6
天津现代职业技术学院,河北,历史类,2025,高职专科,470,69602,139
武汉软件工程职业学院,河北,历史类,2025,高职专科,469,70271,8
河南医学高等专科学校,河北,历史类,2025,高职专科,469,70271,10
济南护理职业学院,河北,历史类,2025,高职专科,469,70271,18
柳州铁道职业技术学院,河北,历史类,2025,高职专科,468,68218,4
濮阳医学高等专科学校,河北,历史类,2025,高职专科,468,70974,2
北京青年政治学院,河北,历史类,2025,高职专科,468,70974,14
浙江机电职业技术大学,河北,历史类,2025,高职专科,468,70974,8
北京工业职业技术学院,河北,历史类,2025,高职专科,468,70974,27
北京信息职业技术学院,河北,历史类,2025,高职专科,467,71648,51
浙江工商职业技术学院,河北,历史类,2025,高职专科,467,71648,3
陕西国防工业职业技术学院,河北,历史类,2025,高职专科,466,72311,30
重庆电子科技职业大学,河北,历史类,2025,高职专科,466,72311,15
江苏城市职业学院,河北,历史类,2025,高职专科,466,72311,5
江西师范高等专科学校,河北,历史类,2025,高职专科,466,72311,8
山东商业职业技术学院,河北,历史类,2025,高职专科,465,72956,15
苏州工业园区服务外包职业学院,河北,历史类,2025,高职专科,465,72956,9
武汉铁路职业技术学院,河北,历史类,2025,高职专科,465,72956,23
运城护理职业学院,河北,历史类,2025,高职专科,465,72956,12
重庆工程职业技术学院,河北,历史类,2025,高职专科,465,72956,2
江西医学高等专科学校,河北,历史类,2025,高职专科,465,72956,3
山东科技职业学院,河北,历史类,2025,高职专科,464,73651,6
亳州职业技术学院,河北,历史类,2025,高职专科,464,73651,2
武汉职业技术大学,河北,历史类,2025,高职专科,464,73651,35
浙江经济职业技术学院,河北,历史类,2025,高职专科,464,73651,16
浙江经贸职业技术学院,河北,历史类,2025,高职专科,464,73651,14
南阳医学高等专科学校,河北,历史类,2025,高职专科,463,74361,37
天津铁道职业技术学院,河北,历史类,2025,高职专科,463,74361,87
咸阳职业技术学院,河北,历史类,2025,高职专科,463,74361,5
河南推拿职业学院,河北,历史类,2025,高职专科,463,74361,25
重庆城市管理职业学院,河北,历史类,2025,高职专科,462,75054,5
洛阳职业技术学院,河北,历史类,2025,高职专科,461,75757,41
无锡城市职业技术学院,河北,历史类,2025,高职专科,461,75757,4
西安航空职业技术学院,河北,历史类,2025,高职专科,461,75757,8
红河卫生职业学院,河北,历史类,2025,高职专科,461,75757,5
山东理工职业学院,河北,历史类,2025,高职专科,460,76435,1
四川航天职业技术学院,河北,历史类,2025,高职专科,460,76435,8
威海职业学院,河北,历史类,2025,专科提前批,459,77131,8
郑州财税金融职业学院,河北,历史类,2025,高职专科,459,76435,20
湖南石油化工职业技术学院,河北,历史类,2025,高职专科,459,77131,2
江苏信息职业技术学院,河北,历史类,2025,高职专科,459,77131,4
北京交通运输职业学院,河北,历史类,2025,高职专科,458,77855,23
四川工程职业技术大学,河北,历史类,2025,高职专科,458,77855,10
武汉城市职业学院,河北,历史类,2025,高职专科,457,78537,26
浙江旅游职业学院,河北,历史类,2025,高职专科,457,78537,3
成都纺织高等专科学校,河北,历史类,2025,高职专科,457,78537,7
广东江门中医药职业学院,河北,历史类,2025,高职专科,457,78537,5
江西电力职业技术学院,河北,历史类,2025,高职专科,457,78537,10
南京城市职业学院,河北,历史类,2025,高职专科,456,79202,22
天津机电职业技术学院,河北,历史类,2025,高职专科,456,79202,193
淄博师范高等专科学校,河北,历史类,2025,高职专科,456,79202,20
广东轻工职业技术大学,河北,历史类,2025,高职专科,456,79202,3
湖南汽车工程职业大学,河北,历史类,2025,高职专科,456,79202,7
莱芜职业技术学院,河北,历史类,2025,高职专科,456,79202,10
河南检察职业学院,河北,历史类,2025,高职专科,455,78537,10
湖南大众传媒职业技术学院,河北,历史类,2025,高职专科,455,79917,16
江苏财会职业学院,河北,历史类,2025,高职专科,455,79917,17
三峡电力职业学院,河北,历史类,2025,高职专科,454,80573,28
成都航空职业技术大学,河北,历史类,2025,高职专科,454,80573,12
哈尔滨铁道职业技术学院,河北,历史类,2025,高职专科,454,80573,30
江苏护理职业学院,河北,历史类,2025,高职专科,454,80573,9
江西信息应用职业技术学院,河北,历史类,2025,高职专科,454,77131,2
江西职业技术大学,河北,历史类,2025,高职专科,454,80573,20
日照职业技术学院,河北,历史类,2025,高职专科,453,81315,20
天津警察学院,河北,历史类,2025,高职专科,453,81315,25
湖南交通职业技术学院,河北,历史类,2025,高职专科,453,81315,3
北京财贸职业学院,河北,历史类,2025,高职专科,453,81315,58
山西铁道职业技术学院,河北,历史类,2025,高职专科,452,81999,7
山西通用航空职业技术学院,河北,历史类,2025,高职专科,452,81999,3
天津滨海职业学院,河北,历史类,2025,高职专科,452,81999,76
常德职业技术学院,河北,历史类,2025,高职专科,452,81999,4
重庆青年职业技术学院,河北,历史类,2025,高职专科,452,81999,25
湖北中医药高等专科学校,河北,历史类,2025,高职专科,452,81999,10
山东司法警官职业学院,河北,历史类,2025,高职专科,451,82709,25
四川建筑职业技术学院,河北,历史类,2025,高职专科,451,82709,3
河南司法警官职业学院,河北,历史类,2025,高职专科,451,82709,3
内蒙古电子信息职业技术学院,河北,历史类,2025,高职专科,450,83390,1
四川水利职业技术学院,河北,历史类,2025,高职专科,450,83390,5
湖南水利水电职业技术学院,河北,历史类,2025,高职专科,450,83390,6
兰州石化职业技术大学,河北,历史类,2025,高职专科,449,84133,7
山西药科职业学院,河北,历史类,2025,高职专科,449,84133,6
乌兰察布医学高等专科学校,河北,历史类,2025,高职专科,449,80573,18
浙江建设职业技术学院,河北,历史类,2025,高职专科,449,84133,10
成都工贸职业技术学院,河北,历史类,2025,高职专科,449,84133,5
楚雄医药高等专科学校,河北,历史类,2025,高职专科,449,84133,2
湖北职业技术学院,河北,历史类,2025,高职专科,449,84133,28
临汾职业技术学院,河北,历史类,2025,高职专科,448,84857,4
鞍山职业技术学院,河北,历史类,2025,高职专科,448,84857,4
黑龙江交通职业技术学院,河北,历史类,2025,高职专科,448,84857,31
湖南财经工业职业技术学院,河北,历史类,2025,高职专科,448,84857,5
江苏工程职业技术学院,河北,历史类,2025,高职专科,448,84857,13
山东文化艺术职业学院,河北,历史类,2025,高职专科,447,82709,10
湖北水利水电职业技术学院,河北,历史类,2025,高职专科,447,85550,20
湖北铁道运输职业学院,河北,历史类,2025,高职专科,447,85550,24
江苏电子信息职业学院,河北,历史类,2025,高职专科,447,85550,5
沈阳工程学院,河北,历史类,2025,高职专科,446,86240,4
浙江商业职业技术学院,河北,历史类,2025,高职专科,446,86240,19
安徽商贸职业技术学院,河北,历史类,2025,高职专科,446,86240,12
江苏航运职业技术学院,河北,历史类,2025,高职专科,446,86240,13
江苏食品药品职业技术学院,河北,历史类,2025,高职专科,446,86240,3
辽宁医药职业学院,河北,历史类,2025,高职专科,445,86954,15
湖南司法警官职业学院,河北,历史类,2025,高职专科,445,86954,4
南京科技职业学院,河北,历史类,2025,高职专科,444,87656,13
上海城建职业学院,河北,历史类,2025,高职专科,444,87656,18
北京政法职业学院,河北,历史类,2025,高职专科,444,87656,38
江西航空职业技术学院,河北,历史类,2025,专科提前批,443,88381,14
北京交通职业技术学院,河北,历史类,2025,高职专科,443,88381,44
北京经济管理职业学院,河北,历史类,2025,高职专科,443,88381,105
南昌健康职业技术学院,河北,历史类,2025,高职专科,443,86240,5
山东职业学院,河北,历史类,2025,高职专科,443,88381,18
盐城工业职业技术学院,河北,历史类,2025,高职专科,443,88381,5
重庆财经职业学院,河北,历史类,2025,高职专科,443,88381,33
湖北交通职业技术学院,河北,历史类,2025,高职专科,443,88381,34
吉林水利电力职业学院,河北,历史类,2025,高职专科,443,88381,10
兰州资源环境职业技术大学,河北,历史类,2025,高职专科,442,89129,4
辽宁经济职业技术学院,河北,历史类,2025,高职专科,442,89129,26
青岛港湾职业技术学院,河北,历史类,2025,高职专科,442,89129,25
上海民航职业技术学院,河北,历史类,2025,高职专科,442,89129,36
沈阳职业技术学院,河北,历史类,2025,高职专科,442,89129,13
滨州职业学院,河北,历史类,2025,高职专科,442,89129,12
长江职业学院,河北,历史类,2025,高职专科,442,89129,20
西安医学高等专科学校,河北,历史类,2025,高职专科,442,89129,20
抚州医药学院,河北,历史类,2025,高职专科,442,89129,27
桂林理工大学,河北,历史类,2025,高职专科,442,89129,16
河南护理职业学院,河北,历史类,2025,高职专科,442,89129,11
江苏农牧科技职业学院,河北,历史类,2025,高职专科,442,89129,23
绵阳职业技术学院,河北,历史类,2025,高职专科,441,89865,5
天津渤海职业技术学院,河北,历史类,2025,高职专科,441,89865,135
武汉警官职业学院,河北,历史类,2025,高职专科,441,89865,21
徐州生物工程职业技术学院,河北,历史类,2025,高职专科,441,89865,15
贵州轻工职业大学,河北,历史类,2025,高职专科,441,89865,8
江西应用技术职业学院,河北,历史类,2025,高职专科,441,89865,1
湖南汽车工程职业大学,河北,历史类,2025,专科提前批,440,90617,6
山东特殊教育职业学院,河北,历史类,2025,高职专科,440,90617,20
石家庄铁路职业技术学院,河北,历史类,2025,高职专科,440,90617,299
威海海洋职业学院,河北,历史类,2025,高职专科,440,90617,15
武汉工程职业技术学院,河北,历史类,2025,高职专科,440,90617,20
武汉交通职业学院,河北,历史类,2025,高职专科,440,90617,21
安徽广播影视职业技术学院,河北,历史类,2025,高职专科,440,90617,10
安徽审计职业学院,河北,历史类,2025,高职专科,440,90617,12
广东工程职业技术学院,河北,历史类,2025,高职专科,440,90617,5
河南工业贸易职业学院,河北,历史类,2025,高职专科,440,90617,8
湖北财税职业学院,河北,历史类,2025,高职专科,440,90617,6
三门峡职业技术学院,河北,历史类,2025,高职专科,439,91317,9
山西机电职业技术学院,河北,历史类,2025,高职专科,439,88381,10
陕西能源职业技术学院,河北,历史类,2025,高职专科,439,91317,7
朝阳师范学院,河北,历史类,2025,高职专科,439,91317,23
重庆商务职业学院,河北,历史类,2025,高职专科,439,91317,19
安徽职业技术大学,河北,历史类,2025,高职专科,439,91317,4
山东城市服务职业学院,河北,历史类,2025,高职专科,438,92029,20
山东传媒职业学院,河北,历史类,2025,高职专科,438,92029,25
山东经贸职业学院,河北,历史类,2025,高职专科,438,92029,15
山东水利职业学院,河北,历史类,2025,高职专科,438,92029,19
永州职业技术学院,河北,历史类,2025,高职专科,438,92029,3
菏泽职业学院,河北,历史类,2025,高职专科,438,92029,25
辽宁金融职业学院,河北,历史类,2025,高职专科,437,92814,25
滁州职业技术学院,河北,历史类,2025,高职专科,437,92814,5
山西工程职业学院,河北,历史类,2025,高职专科,436,93574,3
安徽卫生健康职业学院,河北,历史类,2025,高职专科,436,93574,18
平顶山工业职业技术学院,河北,历史类,2025,高职专科,435,92814,8
石家庄信息工程职业学院,河北,历史类,2025,高职专科,435,94308,1400
大同师范高等专科学校,河北,历史类,2025,高职专科,435,94308,38
南京旅游职业学院,河北,历史类,2025,高职专科,434,95040,15
山东畜牧兽医职业学院,河北,历史类,2025,高职专科,434,95040,59
山东药品食品职业学院,河北,历史类,2025,高职专科,434,95040,25
山西职业技术学院,河北,历史类,2025,高职专科,434,95040,10
上饶卫生健康职业学院,河北,历史类,2025,高职专科,434,90617,2
长沙职业技术学院,河北,历史类,2025,高职专科,434,95040,1
重庆城市职业学院,河北,历史类,2025,高职专科,434,95040,48
贵州职业技术学院,河北,历史类,2025,高职专科,434,93574,7
江西司法警官职业学院,河北,历史类,2025,高职专科,434,90617,4
朔州职业技术学院,河北,历史类,2025,高职专科,433,93574,10
沧州医学高等专科学校,河北,历史类,2025,高职专科,433,95761,1164
运城师范高等专科学校,河北,历史类,2025,高职专科,433,93574,15
黑龙江农业工程职业学院,河北,历史类,2025,高职专科,433,95761,2
湖南邮电职业技术学院,河北,历史类,2025,高职专科,433,95761,8
北京京北职业技术学院,河北,历史类,2025,高职专科,432,96493,44
陕西机电职业技术学院,河北,历史类,2025,高职专科,432,96493,73
皖西卫生职业学院,河北,历史类,2025,高职专科,432,95040,15
潍坊职业学院,河北,历史类,2025,高职专科,432,96493,5
邢台医学院,河北,历史类,2025,高职专科,432,96493,770
赣南卫生健康职业学院,河北,历史类,2025,高职专科,432,96493,2
海南经贸职业技术学院,河北,历史类,2025,高职专科,432,96493,3
焦作大学,河北,历史类,2025,高职专科,432,96493,40
内蒙古大学,河北,历史类,2025,本科批,431,97238,13
青岛工程职业学院,河北,历史类,2025,高职专科,431,97238,41
四川文化产业职业学院,河北,历史类,2025,高职专科,431,97238,20
武汉民政职业学院,河北,历史类,2025,高职专科,431,97238,20
广东工贸职业技术学院,河北,历史类,2025,高职专科,431,97238,5
河南经贸职业学院,河北,历史类,2025,高职专科,431,97238,17
黑龙江护理高等专科学校,河北,历史类,2025,高职专科,431,97238,85
淮南联合大学,河北,历史类,2025,高职专科,431,97238,26
济南幼儿师范高等专科学校,河北,历史类,2025,高职专科,431,97238,10
江西水利职业学院,河北,历史类,2025,高职专科,431,97238,4
天津国土资源和房屋职业学院,河北,历史类,2025,高职专科,430,97977,46
新疆警察学院,河北,历史类,2025,高职专科,430,97977,5
徐州工业职业技术学院,河北,历史类,2025,高职专科,430,97977,20
重庆工信职业学院,河北,历史类,2025,高职专科,430,97977,20
甘肃交通职业技术学院,河北,历史类,2025,高职专科,430,97238,2
河北科技工程职业技术大学,河北,历史类,2025,高职专科,430,97977,70
湖北工程职业学院,河北,历史类,2025,高职专科,430,97977,20
江苏航空职业技术学院,河北,历史类,2025,高职专科,430,97977,65
上海闵行职业技术学院,河北,历史类,2025,高职专科,429,97977,5
天津生物工程职业技术学院,河北,历史类,2025,高职专科,429,98741,37
武汉船舶职业技术学院,河北,历史类,2025,高职专科,429,98741,14
浙江安防职业技术学院,河北,历史类,2025,高职专科,429,97977,6
广西电力职业技术学院,河北,历史类,2025,高职专科,429,98741,18
济宁职业技术学院,河北,历史类,2025,高职专科,429,98741,10
山西经贸职业学院,河北,历史类,2025,高职专科,428,99444,21
上海科创职业技术学院,河北,历史类,2025,高职专科,428,99444,8
天津海运职业学院,河北,历史类,2025,高职专科,428,99444,52
铜仁职业技术大学,河北,历史类,2025,高职专科,428,99444,5
郑州幼儿师范高等专科学校,河北,历史类,2025,高职专科,428,99444,7
吉林司法警官职业学院,河北,历史类,2025,高职专科,428,99444,18
江苏财经职业技术学院,河北,历史类,2025,高职专科,428,99444,20
廊坊卫生职业学院,河北,历史类,2025,高职专科,427,100182,395
辽宁省交通高等专科学校,河北,历史类,2025,高职专科,427,100182,47
山西国际商务职业学院,河北,历史类,2025,高职专科,427,100182,5
皖北卫生职业学院,河北,历史类,2025,高职专科,427,100182,40
厦门城市职业学院,河北,历史类,2025,高职专科,427,100182,12
漳州职业技术学院,河北,历史类,2025,高职专科,427,100182,4
大连职业技术学院,河北,历史类,2025,高职专科,427,100182,15
贵州健康职业学院,河北,历史类,2025,高职专科,427,100182,5
黑龙江冰雪体育职业学院,河北,历史类,2025,高职专科,427,100182,4
江苏旅游职业学院,河北,历史类,2025,高职专科,427,100182,15
萍乡卫生职业学院,河北,历史类,2025,高职专科,426,100926,6
山东轻工职业学院,河北,历史类,2025,高职专科,426,100926,9
上海科学技术职业学院,河北,历史类,2025,高职专科,426,100926,40
湖北国土资源职业学院,河北,历史类,2025,高职专科,426,100926,21
广州卫生职业技术学院,河北,历史类,2025,高职专科,425,101689,11
湖南工业职业技术学院,河北,历史类,2025,高职专科,425,101689,12
宁夏警官职业学院,河北,历史类,2025,高职专科,424,100926,10
安徽工商职业学院,河北,历史类,2025,高职专科,424,102415,20
河北轨道运输职业技术学院,河北,历史类,2025,高职专科,424,102415,646
通辽职业学院,河北,历史类,2025,高职专科,423,103213,10
铜陵职业技术学院,河北,历史类,2025,高职专科,423,103213,7
长白山职业技术学院,河北,历史类,2025,高职专科,423,103213,5
三峡大学科技学院,河北,历史类,2025,高职专科,423,103213,4
广州城市职业学院,河北,历史类,2025,高职专科,423,103213,16
合肥幼儿师范高等专科学校,河北,历史类,2025,高职专科,423,103213,10
河南工业职业技术学院,河北,历史类,2025,高职专科,423,103213,10
济南职业学院,河北,历史类,2025,高职专科,423,103213,15
江西财经职业学院,河北,历史类,2025,高职专科,423,103213,34
山西省财政税务专科学校,河北,历史类,2025,高职专科,422,103981,31
重庆工业职业技术大学,河北,历史类,2025,高职专科,422,103981,6
呼和浩特职业技术大学,河北,历史类,2025,高职专科,422,103981,39
上海旅游高等专科学校,河北,历史类,2025,高职专科,421,104714,11
天津交通职业学院,河北,历史类,2025,高职专科,421,104714,272
天津艺术职业学院,河北,历史类,2025,高职专科,421,104714,24
威海职业学院,河北,历史类,2025,高职专科,421,104714,9
重庆工商职业学院,河北,历史类,2025,高职专科,421,104714,32
包头钢铁职业技术学院,河北,历史类,2025,高职专科,421,104714,5
怀化职业技术学院,河北,历史类,2025,高职专科,421,104714,4
长春职业技术大学,河北,历史类,2025,高职专科,420,105478,20
河北正定师范高等专科学校,河北,历史类,2025,高职专科,420,105478,332
菏泽家政职业学院,河北,历史类,2025,高职专科,420,105478,40
湖南商务职业技术学院,河北,历史类,2025,高职专科,420,100926,7
江西生物科技职业学院,河北,历史类,2025,高职专科,420,105478,8
宁夏卫生健康职业技术学院,河北,历史类,2025,高职专科,419,106213,10
黔东南民族职业技术学院,河北,历史类,2025,高职专科,419,106213,6
山东旅游职业学院,河北,历史类,2025,高职专科,419,106213,5
陕西交通职业技术学院,河北,历史类,2025,高职专科,419,106213,42
陕西青年职业学院,河北,历史类,2025,高职专科,419,106213,47
上海交通职业技术学院,河北,历史类,2025,高职专科,419,106213,19
宿州职业技术学院,河北,历史类,2025,高职专科,419,105478,13
武汉铁路桥梁职业学院,河北,历史类,2025,高职专科,419,106213,25
北京中医药大学东方学院,河北,历史类,2025,高职专科,419,106213,62
滁州城市职业学院,河北,历史类,2025,高职专科,419,106213,15
安徽财贸职业学院,河北,历史类,2025,高职专科,419,106213,5
温州商学院,河北,历史类,2025,高职专科,418,107005,2
大庆医学高等专科学校,河北,历史类,2025,高职专科,418,107005,32
河北交通职业技术学院,河北,历史类,2025,高职专科,418,107005,164
湖北科技职业学院,河北,历史类,2025,高职专科,418,107005,22
南阳农业职业学院,河北,历史类,2025,高职专科,417,107774,35
盘锦职业技术学院,河北,历史类,2025,高职专科,417,107774,15
苏州职业技术大学,河北,历史类,2025,高职专科,417,107774,5
扬州工业职业技术学院,河北,历史类,2025,高职专科,417,107774,5
永城职业学院,河北,历史类,2025,高职专科,417,107774,6
云南能源职业技术学院,河北,历史类,2025,高职专科,417,107774,4
广西体育高等专科学校,河北,历史类,2025,高职专科,417,107774,1
湖南化工职业技术学院,河北,历史类,2025,高职专科,417,107774,4
江西环境工程职业学院,河北,历史类,2025,高职专科,417,107774,11
九江职业大学,河北,历史类,2025,高职专科,417,107774,15
辽宁机电职业技术学院,河北,历史类,2025,高职专科,416,108538,12
山东城市建设职业学院,河北,历史类,2025,高职专科,416,108538,15
广州科技贸易职业学院,河北,历史类,2025,高职专科,416,108538,1
汉江师范学院,河北,历史类,2025,高职专科,416,108538,16
青岛酒店管理职业技术学院,河北,历史类,2025,高职专科,415,109310,43
朔州师范高等专科学校,河北,历史类,2025,高职专科,415,109310,110
仙桃职业学院,河北,历史类,2025,高职专科,415,109310,20
营口职业技术学院,河北,历史类,2025,高职专科,415,109310,25
广东科学技术职业学院,河北,历史类,2025,高职专科,415,109310,4
广东食品药品职业学院,河北,历史类,2025,高职专科,415,109310,4
连云港职业技术学院,河北,历史类,2025,高职专科,414,110112,5
闽江师范高等专科学校,河北,历史类,2025,高职专科,414,110112,9
南通科技职业学院,河北,历史类,2025,高职专科,414,110112,19
北京体育职业学院,河北,历史类,2025,高职专科,414,110112,24
德宏职业学院,河北,历史类,2025,高职专科,414,110112,9
安徽城市管理职业学院,河北,历史类,2025,高职专科,414,110112,20
安徽水利水电职业技术学院,河北,历史类,2025,高职专科,413,110870,5
抚州幼儿师范高等专科学校,河北,历史类,2025,高职专科,413,110870,10
广东理工职业学院,河北,历史类,2025,高职专科,413,110870,4
黑龙江建筑职业技术学院,河北,历史类,2025,高职专科,413,110870,5
山西工程科技职业大学,河北,历史类,2025,高职专科,412,111658,65
四川职业技术学院,河北,历史类,2025,高职专科,412,111658,15
珠海城市职业技术学院,河北,历史类,2025,高职专科,412,111658,11
长沙商贸旅游职业技术学院,河北,历史类,2025,高职专科,412,111658,3
邯郸科技职业学院,河北,历史类,2025,高职专科,412,111658,439
淮北职业技术学院,河北,历史类,2025,高职专科,412,111658,8
汝州职业技术学院,河北,历史类,2025,高职专科,411,112514,21
唐山职业技术学院,河北,历史类,2025,高职专科,411,112514,728
郑州职业技术学院,河北,历史类,2025,高职专科,411,112514,15
长江工程职业技术学院,河北,历史类,2025,高职专科,411,112514,25
广元中核职业技术学院,河北,历史类,2025,高职专科,411,112514,6
广东交通职业技术学院,河北,历史类,2025,高职专科,411,112514,5
湖北三峡职业技术学院,河北,历史类,2025,高职专科,411,112514,16
辽宁生态工程职业学院,河北,历史类,2025,高职专科,410,113290,33
辽宁冶金职业技术学院,河北,历史类,2025,高职专科,410,113290,11
天津城市建设管理职业技术学院,河北,历史类,2025,高职专科,410,113290,154
河北化工医药职业技术学院,河北,历史类,2025,高职专科,410,113290,376
河北司法警官职业学院,河北,历史类,2025,高职专科,410,113290,790
宝鸡职业技术学院,河北,历史类,2025,高职专科,410,113290,50
河南应用技术职业学院,河北,历史类,2025,高职专科,410,113290,42
湖南工程职业技术学院,河北,历史类,2025,高职专科,410,113290,10
辽宁现代服务职业技术学院,河北,历史类,2025,高职专科,409,114047,10
马鞍山职业技术学院,河北,历史类,2025,高职专科,409,114047,10
陕西邮电职业技术学院,河北,历史类,2025,高职专科,409,114047,36
常州工业职业技术学院,河北,历史类,2025,高职专科,409,114047,11
抚州职业技术学院,河北,历史类,2025,高职专科,409,114047,5
广东科贸职业学院,河北,历史类,2025,高职专科,409,114047,15
吉林交通职业技术学院,河北,历史类,2025,高职专科,409,114047,19
江西交通职业技术学院,河北,历史类,2025,高职专科,409,114047,12
山东劳动职业技术学院,河北,历史类,2025,高职专科,408,114830,30
陕西航空职业技术学院,河北,历史类,2025,高职专科,408,114830,34
天津工业职业学院,河北,历史类,2025,高职专科,408,114830,220
宣城职业技术学院,河北,历史类,2025,高职专科,408,114830,5
河北工艺美术职业学院,河北,历史类,2025,高职专科,408,114830,60
新疆司法警官职业学院,河北,历史类,2025,高职专科,407,115568,20
新乡职业技术学院,河北,历史类,2025,高职专科,407,115568,40
周口职业技术学院,河北,历史类,2025,高职专科,407,115568,27
安阳幼儿师范高等专科学校,河北,历史类,2025,高职专科,407,115568,60
酒泉职业技术大学,河北,历史类,2025,高职专科,407,115568,4
辽宁师范高等专科学校,河北,历史类,2025,高职专科,406,116363,8
北京劳动保障职业学院,河北,历史类,2025,高职专科,406,116363,92
石家庄幼儿师范高等专科学校,河北,历史类,2025,高职专科,406,116363,154
朔州陶瓷职业技术学院,河北,历史类,2025,高职专科,406,116363,3
唐山工业职业技术大学,河北,历史类,2025,高职专科,406,116363,619
承德护理职业学院,河北,历史类,2025,高职专科,406,116363,519
安徽中澳科技职业学院,河北,历史类,2025,高职专科,406,116363,8
江西外语外贸职业学院,河北,历史类,2025,高职专科,406,116363,10
山东商务职业学院,河北,历史类,2025,高职专科,405,117145,75
山西林业职业技术学院,河北,历史类,2025,高职专科,405,117145,10
天津城市职业学院,河北,历史类,2025,高职专科,405,117145,137
安徽新闻出版职业技术学院,河北,历史类,2025,高职专科,405,117145,20
广东女子职业技术学院,河北,历史类,2025,高职专科,405,117145,3
湖北生物科技职业学院,河北,历史类,2025,高职专科,405,117145,20
江苏城乡建设职业学院,河北,历史类,2025,高职专科,405,117145,12
泉州经贸职业技术学院,河北,历史类,2025,高职专科,404,117945,5
山东外贸职业学院,河北,历史类,2025,高职专科,404,117945,26
上海行健职业学院,河北,历史类,2025,高职专科,404,117945,30
天津石油职业技术学院,河北,历史类,2025,高职专科,404,117945,518
黑龙江职业学院,河北,历史类,2025,高职专科,404,117945,44
湖北轻工职业技术学院,河北,历史类,2025,高职专科,404,117945,19
湖南城建职业技术学院,河北,历史类,2025,高职专科,404,117945,3
吉林工业职业技术学院,河北,历史类,2025,高职专科,404,117945,16
兰州航空职业技术学院,河北,历史类,2025,高职专科,404,117945,20
内蒙古财经大学,河北,历史类,2025,本科批,403,118767,6
内蒙古师范大学,河北,历史类,2025,本科批,403,118767,14
安徽电子信息职业技术学院,河北,历史类,2025,高职专科,403,118767,9
民政职业大学,河北,历史类,2025,高职专科,403,118767,71
陕西职业技术学院,河北,历史类,2025,高职专科,403,118767,10
山西老区职业技术学院,河北,历史类,2025,高职专科,403,118767,8
阜阳职业技术学院,河北,历史类,2025,高职专科,403,118767,10
甘肃工业职业技术大学,河北,历史类,2025,高职专科,403,118767,2
湖南现代物流职业技术学院,河北,历史类,2025,高职专科,403,118767,10
江西现代职业技术学院,河北,历史类,2025,高职专科,403,118767,10
江西应用工程职业学院,河北,历史类,2025,高职专科,403,118767,20
辽宁建筑职业学院,河北,历史类,2025,高职专科,402,119579,24
山东电子职业技术学院,河北,历史类,2025,高职专科,402,119579,35
榆林职业技术学院,河北,历史类,2025,高职专科,402,119579,30
山西水利职业技术学院,河北,历史类,2025,高职专科,401,120421,25
太原城市职业技术学院,河北,历史类,2025,高职专科,401,120421,80
天津商务职业学院,河北,历史类,2025,高职专科,401,120421,129
长沙环境保护职业技术学院,河北,历史类,2025,高职专科,401,120421,6
南充文化旅游职业学院,河北,历史类,2025,高职专科,400,121153,12
南阳科技职业学院,河北,历史类,2025,高职专科,400,121153,25
唐山科技职业技术学院,河北,历史类,2025,高职专科,400,121153,278
铜川职业技术学院,河北,历史类,2025,高职专科,400,121153,12
烟台文化旅游职业学院,河北,历史类,2025,高职专科,400,121153,50
郑州旅游职业学院,河北,历史类,2025,高职专科,400,121153,20
贵州机电职业技术学院,河北,历史类,2025,高职专科,400,121153,4
安阳职业技术学院,河北,历史类,2025,高职专科,400,121153,162
合肥通用职业技术学院,河北,历史类,2025,高职专科,400,121153,14
阳泉师范高等专科学校,河北,历史类,2025,高职专科,399,121977,120
湖北城市建设职业技术学院,河北,历史类,2025,高职专科,399,121977,17
吉林电子信息职业技术学院,河北,历史类,2025,高职专科,399,121977,12
赤峰学院,河北,历史类,2025,本科批,398,122735,20
长治职业技术学院,河北,历史类,2025,高职专科,398,122735,10
川南幼儿师范高等专科学校,河北,历史类,2025,高职专科,398,122735,10
广西建设职业技术学院,河北,历史类,2025,高职专科,398,117145,6
湖北黄冈应急管理职业技术学院,河北,历史类,2025,高职专科,398,122735,8
辽宁地质工程职业学院,河北,历史类,2025,高职专科,397,123521,7
牡丹江大学,河北,历史类,2025,高职专科,397,123521,23
安徽工业经济职业技术学院,河北,历史类,2025,高职专科,397,123521,26
阳泉职业技术学院,河北,历史类,2025,高职专科,397,123521,40
运城幼儿师范高等专科学校,河北,历史类,2025,高职专科,397,123521,30
张家界航空工业职业技术学院,河北,历史类,2025,高职专科,397,123521,18
绍兴职业技术学院,河北,历史类,2025,高职专科,397,123521,1
福建水利电力职业技术学院,河北,历史类,2025,高职专科,397,123521,3
河北女子职业技术学院,河北,历史类,2025,高职专科,397,123521,290
湖北生态工程职业技术学院,河北,历史类,2025,高职专科,397,123521,57
荆门职业学院,河北,历史类,2025,高职专科,397,123521,69
山东化工职业学院,河北,历史类,2025,高职专科,396,124278,120
安徽工业职业技术学院,河北,历史类,2025,高职专科,396,124278,15
安徽国际商务职业学院,河北,历史类,2025,高职专科,396,124278,28
驻马店职业技术学院,河北,历史类,2025,高职专科,396,124278,48
抚顺职业技术学院,河北,历史类,2025,高职专科,396,124278,17
河北建材职业技术学院,河北,历史类,2025,高职专科,396,124278,255
包头职业技术学院,河北,历史类,2025,高职专科,396,124278,40
荆州理工职业学院,河北,历史类,2025,高职专科,396,124278,39
山西管理职业学院,河北,历史类,2025,高职专科,395,125074,13
陕西财经职业技术学院,河北,历史类,2025,高职专科,395,125074,30
通化医药健康职业学院,河北,历史类,2025,高职专科,395,125074,22
忻州职业技术学院,河北,历史类,2025,高职专科,395,125074,30
东莞职业技术学院,河北,历史类,2025,高职专科,395,125074,11
甘肃林业职业技术大学,河北,历史类,2025,高职专科,395,125074,5
河北艺术职业学院,河北,历史类,2025,高职专科,395,125074,90
江苏安全技术职业学院,河北,历史类,2025,高职专科,395,125074,17
江西工程职业学院,河北,历史类,2025,高职专科,395,125074,20
铁岭师范高等专科学校,河北,历史类,2025,高职专科,394,125905,10
乌鲁木齐职业大学,河北,历史类,2025,高职专科,394,125905,10
甘肃财贸职业学院,河北,历史类,2025,高职专科,394,125905,22
海南软件职业技术学院,河北,历史类,2025,高职专科,394,125905,4
邯郸职业技术学院,河北,历史类,2025,高职专科,394,125905,936
河北能源职业技术学院,河北,历史类,2025,高职专科,394,125905,270
河南农业职业学院,河北,历史类,2025,高职专科,394,125905,25
江西青年职业学院,河北,历史类,2025,高职专科,394,125905,2
塔城职业技术学院,河北,历史类,2025,高职专科,393,126708,3
河南测绘职业学院,河北,历史类,2025,高职专科,393,126708,48
河南工业和信息化职业学院,河北,历史类,2025,高职专科,393,126708,50
淮南职业技术学院,河北,历史类,2025,高职专科,393,126708,25
江西建设职业技术学院,河北,历史类,2025,高职专科,393,126708,13
荆州职业技术学院,河北,历史类,2025,高职专科,393,126708,50
辽宁轻工职业学院,河北,历史类,2025,高职专科,392,127497,38
山西运城农业职业技术学院,河北,历史类,2025,高职专科,392,127497,25
烟台汽车工程职业学院,河北,历史类,2025,高职专科,392,127497,36
安徽国防科技职业学院,河北,历史类,2025,高职专科,392,127497,62
安徽冶金科技职业学院,河北,历史类,2025,高职专科,392,127497,17
阜新高等专科学校,河北,历史类,2025,高职专科,392,127497,20
河北资源环境职业技术学院,河北,历史类,2025,高职专科,392,127497,594
河南地矿职业学院,河北,历史类,2025,高职专科,392,127497,50
衡水职业技术学院,河北,历史类,2025,高职专科,392,127497,225
冀中职业学院,河北,历史类,2025,高职专科,392,127497,302
兰州职业技术学院,河北,历史类,2025,高职专科,391,128342,15
辽宁民族师范高等专科学校,河北,历史类,2025,高职专科,391,128342,11
六安职业技术学院,河北,历史类,2025,高职专科,391,128342,18
黔东南理工职业学院,河北,历史类,2025,高职专科,391,128342,4
唐山幼儿师范高等专科学校,河北,历史类,2025,高职专科,391,128342,728
咸宁职业技术学院,河北,历史类,2025,高职专科,391,128342,23
鄂州职业大学,河北,历史类,2025,高职专科,391,128342,39
甘肃农业职业技术学院,河北,历史类,2025,高职专科,391,126708,4
广东生态工程职业学院,河北,历史类,2025,高职专科,391,128342,8
桂林旅游学院,河北,历史类,2025,高职专科,391,128342,14
邯郸幼儿师范高等专科学校,河北,历史类,2025,高职专科,391,128342,817
河北政法职业学院,河北,历史类,2025,高职专科,391,128342,2085
江汉艺术职业学院,河北,历史类,2025,高职专科,391,128342,18
青岛职业技术学院,河北,历史类,2025,高职专科,390,129129,9
三峡旅游职业技术学院,河北,历史类,2025,高职专科,390,129129,21
上海出版印刷高等专科学校,河北,历史类,2025,高职专科,390,129129,12
河南水利与环境职业学院,河北,历史类,2025,高职专科,390,129129,60
济源职业技术学院,河北,历史类,2025,高职专科,390,129129,31
江西农业工程职业学院,河北,历史类,2025,高职专科,390,129129,14
锦州师范高等专科学校,河北,历史类,2025,高职专科,390,129129,52
茂名职业技术学院,河北,历史类,2025,高职专科,389,129959,10
内蒙古商贸职业学院,河北,历史类,2025,高职专科,389,129959,25
新疆生产建设兵团兴新职业技术学院,河北,历史类,2025,高职专科,389,129959,12
信阳职业技术学院,河北,历史类,2025,高职专科,389,129959,12
南昌应用技术师范学院,河北,历史类,2025,高职专科,389,129959,2
大庆职业学院,河北,历史类,2025,高职专科,389,129959,14
湄洲湾职业技术学院,河北,历史类,2025,高职专科,388,130790,25
云南财经职业学院,河北,历史类,2025,高职专科,388,130790,16
长春金融高等专科学校,河北,历史类,2025,高职专科,388,130790,35
上海立达学院,河北,历史类,2025,高职专科,388,130790,2
德州职业技术学院,河北,历史类,2025,高职专科,388,130790,80
河北劳动关系职业学院,河北,历史类,2025,高职专科,388,130790,401
衡水健康科技职业学院,河北,历史类,2025,高职专科,388,130790,230
江西工业工程职业技术学院,河北,历史类,2025,高职专科,388,130790,14
江西机电职业技术学院,河北,历史类,2025,高职专科,388,130790,44
山西金融职业学院,河北,历史类,2025,高职专科,387,131644,23
陕西艺术职业学院,河北,历史类,2025,高职专科,387,125074,13
天门职业学院,河北,历史类,2025,高职专科,387,131644,31
烟台工程职业技术学院,河北,历史类,2025,高职专科,387,131644,20
长江大学文理学院,河北,历史类,2025,高职专科,387,125905,10
安康职业技术学院,河北,历史类,2025,高职专科,387,131644,17
安庆职业技术学院,河北,历史类,2025,高职专科,387,131644,20
海南外国语职业学院,河北,历史类,2025,高职专科,387,131644,6
海南卫生健康职业学院,河北,历史类,2025,高职专科,387,131644,6
克拉玛依职业技术学院,河北,历史类,2025,高职专科,387,131644,20
濮阳职业技术学院,河北,历史类,2025,高职专科,386,132507,100
山东工业职业学院,河北,历史类,2025,高职专科,386,132507,45
齐鲁医药学院,河北,历史类,2025,高职专科,386,132507,12
黑龙江农业职业技术学院,河北,历史类,2025,高职专科,386,132507,20
吉林工程职业学院,河北,历史类,2025,高职专科,386,132507,35
江门职业技术学院,河北,历史类,2025,高职专科,386,132507,8
兰考三农职业学院,河北,历史类,2025,高职专科,386,132507,25
吕梁职业技术学院,河北,历史类,2025,高职专科,385,133274,108
齐齐哈尔高等师范专科学校,河北,历史类,2025,高职专科,385,133274,27
青海建筑职业技术学院,河北,历史类,2025,高职专科,385,133274,8
三门峡社会管理职业学院,河北,历史类,2025,高职专科,385,133274,108
上饶职业技术学院,河北,历史类,2025,高职专科,385,133274,16
石嘴山工贸职业技术学院,河北,历史类,2025,高职专科,385,133274,5
延安职业技术学院,河北,历史类,2025,高职专科,385,133274,51
承德应用技术职业学院,河北,历史类,2025,高职专科,385,133274,390
贵州生态能源职业学院,河北,历史类,2025,高职专科,385,133274,15
潞安职业技术学院,河北,历史类,2025,高职专科,384,134129,69
安徽工贸职业技术学院,河北,历史类,2025,高职专科,384,134129,65
太湖创意职业技术学院,河北,历史类,2025,高职专科,384,134129,1
广东财贸职业学院,河北,历史类,2025,高职专科,384,134129,20
黑龙江民族职业学院,河北,历史类,2025,高职专科,384,134129,12
吉安幼儿师范高等专科学校,河北,历史类,2025,高职专科,384,134129,3
内蒙古化工职业学院,河北,历史类,2025,高职专科,383,134968,92
商洛职业技术学院,河北,历史类,2025,高职专科,383,134968,40
襄阳汽车职业技术学院,河北,历史类,2025,高职专科,383,134968,50
定西职业技术学院,河北,历史类,2025,高职专科,383,134968,11
赣州职业技术学院,河北,历史类,2025,高职专科,383,134968,16
黑龙江幼儿师范高等专科学校,河北,历史类,2025,高职专科,383,134968,96
宁夏工商职业技术学院,河北,历史类,2025,高职专科,382,135757,9
山东铝业职业学院,河北,历史类,2025,高职专科,382,135757,100
昭通卫生职业学院,河北,历史类,2025,高职专科,382,135757,21
四川传媒学院,河北,历史类,2025,高职专科,382,135757,2
哈尔滨科学技术职业学院,河北,历史类,2025,高职专科,382,135757,60
鹤壁能源化工职业学院,河北,历史类,2025,高职专科,382,135757,104
太原幼儿师范高等专科学校,河北,历史类,2025,高职专科,381,136545,26
东营科技职业学院,河北,历史类,2025,高职专科,381,136545,150
广西生态工程职业技术学院,河北,历史类,2025,高职专科,381,136545,40
哈密职业技术学院,河北,历史类,2025,高职专科,381,135757,2
黑龙江旅游职业技术学院,河北,历史类,2025,高职专科,381,136545,75
黑龙江生态工程职业学院,河北,历史类,2025,高职专科,381,136545,43
廊坊职业技术学院,河北,历史类,2025,高职专科,380,137371,124
秦皇岛工业职业技术学院,河北,历史类,2025,高职专科,380,137371,252
汕头职业技术学院,河北,历史类,2025,高职专科,380,135757,15
神木职业技术学院,河北,历史类,2025,高职专科,380,137371,21
惠州工程职业学院,河北,历史类,2025,高职专科,380,137371,14
湖北工程学院新技术学院,河北,历史类,2025,高职专科,379,138201,12
武汉工商学院,河北,历史类,2025,高职专科,379,135757,6
徽商职业学院,河北,历史类,2025,高职专科,379,138201,19
罗定职业技术学院,河北,历史类,2025,高职专科,378,139046,10
山东现代学院,河北,历史类,2025,高职专科,378,139046,12
广东省外语艺术职业学院,河北,历史类,2025,高职专科,378,139046,10
河北软件职业技术学院,河北,历史类,2025,高职专科,378,139046,254
江西艺术职业学院,河北,历史类,2025,高职专科,378,139046,15
六盘水职业技术学院,河北,历史类,2025,高职专科,377,139883,16
黔南民族职业技术学院,河北,历史类,2025,高职专科,377,139883,22
陕西工商职业学院,河北,历史类,2025,高职专科,377,139883,520
四平职业大学,河北,历史类,2025,高职专科,377,138201,43
新疆农业职业技术大学,河北,历史类,2025,高职专科,377,139883,30
甘肃建筑职业技术学院,河北,历史类,2025,高职专科,377,138201,10
鹤岗师范高等专科学校,河北,历史类,2025,高职专科,377,139883,35
沧州幼儿师范高等专科学校,河北,历史类,2025,高职专科,376,140681,1180
贵州传媒职业学院,河北,历史类,2025,高职专科,376,140681,25
河源职业技术学院,河北,历史类,2025,高职专科,376,139046,10
黑龙江能源职业学院,河北,历史类,2025,高职专科,376,140681,40
保定职业技术学院,河北,历史类,2025,高职专科,376,140681,954
平凉职业技术学院,河北,历史类,2025,高职专科,375,141519,10
云南特殊教育职业学院,河北,历史类,2025,高职专科,375,141519,8
德州科技职业学院,河北,历史类,2025,高职专科,375,141519,65
梅河口康美职业技术学院,河北,历史类,2025,高职专科,375,141519,47
民办合肥经济技术职业学院,河北,历史类,2025,高职专科,375,141519,4
广东艺术职业学院,河北,历史类,2025,高职专科,375,141519,16
广西物流职业技术学院,河北,历史类,2025,高职专科,375,141519,5
黑龙江商业职业学院,河北,历史类,2025,高职专科,375,141519,22
江西婺源茶业职业学院,河北,历史类,2025,高职专科,375,141519,20
赤峰工业职业技术学院,河北,历史类,2025,高职专科,374,142323,148
广西国际商务职业技术学院,河北,历史类,2025,高职专科,374,142323,10
新疆农业大学,河北,历史类,2025,本科批,373,143213,1
西昌民族幼儿师范高等专科学校,河北,历史类,2025,高职专科,373,143213,13
遵义职业技术学院,河北,历史类,2025,高职专科,373,143213,10
武汉外语外事职业学院,河北,历史类,2025,高职专科,373,143213,12
海南职业技术学院,河北,历史类,2025,高职专科,373,143213,33
白城职业技术学院,河北,历史类,2025,高职专科,373,143213,55
黑龙江艺术职业学院,河北,历史类,2025,高职专科,373,143213,19
青海民族大学,河北,历史类,2025,本科批,372,143983,7
庆阳职业技术学院,河北,历史类,2025,高职专科,372,143983,40
铜仁幼儿师范高等专科学校,河北,历史类,2025,高职专科,372,143983,10
西安职业技术学院,河北,历史类,2025,高职专科,372,143983,80
广西安全工程职业技术学院,河北,历史类,2025,高职专科,372,143983,15
惠州卫生职业技术学院,河北,历史类,2025,高职专科,372,143983,6
江西工业贸易职业技术学院,河北,历史类,2025,高职专科,372,143983,7
三明医学科技职业学院,河北,历史类,2025,高职专科,371,144787,17
齐鲁理工学院,河北,历史类,2025,高职专科,371,142323,10
郑州商贸旅游职业学院,河北,历史类,2025,高职专科,371,144787,5
广东南华工商职业学院,河北,历史类,2025,高职专科,371,144787,25
白银矿冶职业技术学院,河北,历史类,2025,高职专科,371,144787,55
七台河职业学院,河北,历史类,2025,高职专科,370,145627,90
大兴安岭职业学院,河北,历史类,2025,高职专科,370,145627,12
上饶幼儿师范高等专科学校,河北,历史类,2025,高职专科,369,146480,14
湛江幼儿师范专科学校,河北,历史类,2025,高职专科,369,146480,14
赤峰应用技术职业学院,河北,历史类,2025,高职专科,369,146480,41
武汉文理学院,河北,历史类,2025,高职专科,369,146480,18
西安高新科技职业学院,河北,历史类,2025,高职专科,369,146480,25
黑龙江林业职业技术学院,河北,历史类,2025,高职专科,369,146480,40
新疆和田学院,河北,历史类,2025,高职专科,367,148089,13
延边职业技术学院,河北,历史类,2025,高职专科,367,148089,80
武汉生物工程学院,河北,历史类,2025,高职专科,367,148089,16
西安交通工程学院,河北,历史类,2025,高职专科,367,148089,16
鄂尔多斯生态环境职业学院,河北,历史类,2025,高职专科,367,148089,15
甘肃钢铁职业技术学院,河北,历史类,2025,高职专科,367,148089,11
广州民航职业技术学院,河北,历史类,2025,高职专科,367,148089,109
满洲里俄语职业学院,河北,历史类,2025,高职专科,366,148854,48
内蒙古能源职业学院,河北,历史类,2025,高职专科,366,143983,5
汉中职业技术学院,河北,历史类,2025,高职专科,366,148854,97
河北工业职业技术大学,河北,历史类,2025,高职专科,366,148854,1185
内蒙古北方职业技术学院,河北,历史类,2025,高职专科,365,149702,41
武汉纺织大学外经贸学院,河北,历史类,2025,高职专科,364,150503,14
新疆师范大学,河北,历史类,2025,本科批,363,151294,11
宁夏幼儿师范高等专科学校,河北,历史类,2025,高职专科,363,151294,25
塔里木职业技术学院,河北,历史类,2025,高职专科,363,151294,81
长春汽车职业技术大学,河北,历史类,2025,高职专科,363,151294,30
西安海棠职业学院,河北,历史类,2025,高职专科,363,151294,75
恩施职业技术学院,河北,历史类,2025,高职专科,363,151294,31
河北机电职业技术学院,河北,历史类,2025,高职专科,363,151294,225
百色职业学院,河北,历史类,2025,高职专科,363,151294,9
山东信息职业技术学院,河北,历史类,2025,高职专科,362,152071,23
新疆交通职业技术大学,河北,历史类,2025,高职专科,362,152071,51
盐城幼儿师范高等专科学校,河北,历史类,2025,高职专科,362,152071,14
扎兰屯职业学院,河北,历史类,2025,高职专科,362,152071,31
大连装备制造职业技术学院,河北,历史类,2025,高职专科,362,152071,10
沈阳工学院,河北,历史类,2025,高职专科,362,152071,7
甘肃畜牧工程职业技术学院,河北,历史类,2025,高职专科,362,152071,131
呼伦贝尔职业技术学院,河北,历史类,2025,高职专科,362,152071,141
北海职业学院,河北,历史类,2025,高职专科,362,152071,40
新疆师范高等专科学校,河北,历史类,2025,高职专科,361,152892,15
安徽矿业职业技术学院,河北,历史类,2025,高职专科,361,145627,30
黑龙江农垦职业学院,河北,历史类,2025,高职专科,361,152892,81
合肥科技职业学院,河北,历史类,2025,高职专科,360,153699,10
广西自然资源职业技术学院,河北,历史类,2025,高职专科,360,153699,45
哈尔滨幼儿师范高等专科学校,河北,历史类,2025,高职专科,360,153699,94
黑龙江农业经济职业学院,河北,历史类,2025,高职专科,360,153699,18
佳木斯职业学院,河北,历史类,2025,高职专科,360,153699,60
新疆建设职业技术学院,河北,历史类,2025,高职专科,359,154514,7
兴安职业技术大学,河北,历史类,2025,高职专科,359,154514,74
宣化科技职业学院,河北,历史类,2025,高职专科,359,154514,815
武汉传媒学院,河北,历史类,2025,高职专科,359,154514,17
鹤壁职业技术学院,河北,历史类,2025,高职专科,359,154514,60
培黎职业学院,河北,历史类,2025,高职专科,357,156127,92
内蒙古科技职业学院,河北,历史类,2025,高职专科,357,156127,10
枣庄科技职业学院,河北,历史类,2025,高职专科,355,157773,26
枣庄职业学院,河北,历史类,2025,高职专科,355,157773,10
内蒙古交通职业技术学院,河北,历史类,2025,高职专科,354,158541,185
黔西南民族职业技术学院,河北,历史类,2025,高职专科,354,158541,13
梧州医学高等专科学校,河北,历史类,2025,高职专科,354,158541,5
内蒙古民族幼儿师范高等专科学校,河北,历史类,2025,高职专科,353,159351,50
长沙轨道交通职业学院,河北,历史类,2025,高职专科,353,159351,9
民办合肥财经职业学院,河北,历史类,2025,高职专科,353,159351,5
郑州医药健康职业学院,河北,历史类,2025,高职专科,353,159351,17
甘肃有色冶金职业技术学院,河北,历史类,2025,高职专科,353,159351,93
广西幼儿师范高等专科学校,河北,历史类,2025,高职专科,353,159351,24
保定幼儿师范高等专科学校,河北,历史类,2025,高职专科,353,159351,392
陕西国际商贸学院,河北,历史类,2025,高职专科,352,160143,10
贵州电子信息职业技术学院,河北,历史类,2025,高职专科,352,160143,56
武汉信息传播职业技术学院,河北,历史类,2025,高职专科,351,152892,5
秦皇岛职业技术学院,河北,历史类,2025,高职专科,350,161725,1000
张家口职业技术学院,河北,历史类,2025,高职专科,350,161725,665
石家庄工商职业学院,河北,历史类,2025,高职专科,349,162510,252
阿拉善职业技术学院,河北,历史类,2025,高职专科,349,162510,169
鄂尔多斯职业学院,河北,历史类,2025,高职专科,349,162510,103
乌鲁木齐职业技术学院,河北,历史类,2025,高职专科,348,163236,10
锡林郭勒职业学院,河北,历史类,2025,高职专科,348,163236,142
合肥共达职业技术学院,河北,历史类,2025,高职专科,348,163236,20
廊坊燕京职业技术学院,河北,历史类,2025,高职专科,347,163955,95
武汉光谷职业学院,河北,历史类,2025,高职专科,347,163955,25
石河子工程职业技术学院,河北,历史类,2025,高职专科,346,164763,88
新疆石河子职业技术学院,河北,历史类,2025,高职专科,346,164763,64
新疆应用职业技术学院,河北,历史类,2025,高职专科,346,164763,23
河北青年管理干部学院,河北,历史类,2025,高职专科,346,164763,931
阿克苏工业职业技术学院,河北,历史类,2025,高职专科,345,165560,29
黔南民族幼儿师范高等专科学校,河北,历史类,2025,高职专科,345,165560,10
江西樟树中医药职业学院,河北,历史类,2025,高职专科,345,165560,32
乌海职业技术学院,河北,历史类,2025,高职专科,344,166276,30
新疆职业大学,河北,历史类,2025,高职专科,344,166276,60
伊犁职业技术学院,河北,历史类,2025,高职专科,344,166276,20
和田职业技术学院,河北,历史类,2025,高职专科,344,166276,12
大连航运职业技术学院,河北,历史类,2025,高职专科,343,167086,6
曲阜远东职业技术学院,河北,历史类,2025,高职专科,343,167086,30
铁门关职业技术学院,河北,历史类,2025,高职专科,342,167871,80
华北理工大学轻工学院,河北,历史类,2025,高职专科,342,167871,45
宝鸡三和职业学院,河北,历史类,2025,高职专科,342,167871,90
湖北师范大学文理学院,河北,历史类,2025,高职专科,341,168612,12
西藏职业技术学院,河北,历史类,2025,高职专科,340,169364,10
长垣烹饪职业技术学院,河北,历史类,2025,高职专科,340,169364,20
四川工业科技学院,河北,历史类,2025,高职专科,340,169364,1
喀什职业技术学院,河北,历史类,2025,高职专科,340,169364,78
六盘水幼儿师范高等专科学校,河北,历史类,2025,高职专科,339,166276,10
黄山健康职业学院,河北,历史类,2025,高职专科,339,170096,37
郑州信息工程职业学院,河北,历史类,2025,高职专科,339,170096,25
沧州职业技术学院,河北,历史类,2025,高职专科,338,170874,752
日照航海工程职业学院,河北,历史类,2025,高职专科,338,170874,99
山东海事职业学院,河北,历史类,2025,高职专科,337,171570,76
巴音郭楞职业技术学院,河北,历史类,2025,高职专科,337,171570,190
喀什理工职业技术学院,河北,历史类,2025,高职专科,337,171570,64
曲靖健康医学院,河北,历史类,2025,高职专科,335,172954,30
民办万博科技职业学院,河北,历史类,2025,高职专科,334,173665,15
阿勒泰职业技术学院,河北,历史类,2025,高职专科,334,173665,31
湖南吉利汽车职业技术学院,河北,历史类,2025,高职专科,332,175060,6
西安工商学院,河北,历史类,2025,高职专科,331,175771,56
内蒙古美术职业学院,河北,历史类,2025,高职专科,330,176443,10
福州墨尔本理工职业学院,河北,历史类,2025,高职专科,330,176443,9
新星职业技术学院,河北,历史类,2025,高职专科,329,177121,133
伊春职业学院,河北,历史类,2025,高职专科,328,177797,78
山西同文职业技术学院,河北,历史类,2025,高职专科,328,177797,86
烟台南山学院,河北,历史类,2025,高职专科,327,178495,46
昆玉职业技术学院,河北,历史类,2025,高职专科,327,178495,127
厦门安防科技职业学院,河北,历史类,2025,高职专科,326,179163,4
可克达拉职业技术学院,河北,历史类,2025,高职专科,326,179163,131
双河职业技术学院,河北,历史类,2025,高职专科,324,180467,135
博尔塔拉职业技术学院,河北,历史类,2025,高职专科,323,181094,14
图木舒克职业技术学院,河北,历史类,2025,高职专科,323,181094,85
河北对外经贸职业学院,河北,历史类,2025,高职专科,323,181094,834
内蒙古丰州职业学院,河北,历史类,2025,高职专科,322,181749,60
上海工商外国语职业学院,河北,历史类,2025,高职专科,322,181749,2
松原职业技术学院,河北,历史类,2025,高职专科,320,182979,26
青岛求实职业技术学院,河北,历史类,2025,高职专科,319,183650,65
河北旅游职业学院,河北,历史类,2025,高职专科,319,183650,371
湖南三一工业职业技术学院,河北,历史类,2025,高职专科,318,184260,5
榆林能源科技职业学院,河北,历史类,2025,高职专科,318,184260,263
吐鲁番职业技术学院,河北,历史类,2025,高职专科,317,184912,7
重庆科创职业学院,河北,历史类,2025,高职专科,317,184912,2
江西科技学院,河北,历史类,2025,高职专科,316,185533,11
文华学院,河北,历史类,2025,高职专科,316,185533,30
北京网络职业学院,河北,历史类,2025,高职专科,314,186809,77
陕西服装工程学院,河北,历史类,2025,高职专科,314,186809,5
北京经贸职业学院,河北,历史类,2025,高职专科,313,187435,95
钦州幼儿师范高等专科学校,河北,历史类,2025,高职专科,312,188063,40
北京经济技术职业学院,河北,历史类,2025,高职专科,311,188685,114
汉口学院,河北,历史类,2025,高职专科,311,188685,25
江西新能源科技职业学院,河北,历史类,2025,高职专科,311,188685,56
安徽绿海商务职业学院,河北,历史类,2025,高职专科,310,189315,80
烟台城市科技职业学院,河北,历史类,2025,高职专科,310,189315,88
烟台科技学院,河北,历史类,2025,高职专科,310,189315,5
滨州科技职业学院,河北,历史类,2025,高职专科,309,189875,92
泉州工程职业技术学院,河北,历史类,2025,高职专科,309,189875,4
燕京理工学院,河北,历史类,2025,高职专科,309,189875,347
山东外国语职业技术大学,河北,历史类,2025,高职专科,308,190437,15
保定理工学院,河北,历史类,2025,高职专科,307,191021,124
北京科技职业学院,河北,历史类,2025,高职专科,307,191021,93
武昌首义学院,河北,历史类,2025,高职专科,307,191021,45
西安欧亚学院,河北,历史类,2025,高职专科,307,191021,17
信阳涉外职业技术学院,河北,历史类,2025,高职专科,307,191021,30
石家庄医学高等专科学校,河北,历史类,2025,高职专科,303,193279,1005
贵州盛华职业学院,河北,历史类,2025,高职专科,302,193853,50
江西航空职业技术学院,河北,历史类,2025,高职专科,302,193853,39
民办合肥滨湖职业技术学院,河北,历史类,2025,高职专科,302,193853,28
潍坊环境工程职业学院,河北,历史类,2025,高职专科,302,193853,123
石家庄工程职业学院,河北,历史类,2025,高职专科,301,194461,905
武昌理工学院,河北,历史类,2025,高职专科,301,194461,14
新疆天山职业技术大学,河北,历史类,2025,高职专科,301,194461,7
南昌工学院,河北,历史类,2025,高职专科,300,195013,26
邯郸应用技术职业学院,河北,历史类,2025,高职专科,299,195536,545
云南科技信息职业学院,河北,历史类,2025,高职专科,299,195536,2
湖北商贸学院,河北,历史类,2025,高职专科,297,196653,20
石家庄科技职业学院,河北,历史类,2025,高职专科,296,197199,745
西安明德理工学院,河北,历史类,2025,高职专科,296,197199,42
云南林业职业技术学院,河北,历史类,2025,高职专科,294,198247,5
新疆科信职业技术学院,河北,历史类,2025,高职专科,293,198786,10
长春科技学院,河北,历史类,2025,高职专科,292,199290,137
河北科技学院,河北,历史类,2025,高职专科,291,199806,474
湖北健康职业学院,河北,历史类,2025,高职专科,291,199806,30
南阳职业学院,河北,历史类,2025,高职专科,291,199806,35
潍坊理工学院,河北,历史类,2025,高职专科,291,199806,17
赣西科技职业学院,河北,历史类,2025,高职专科,290,200330,30
贵州工程职业学院,河北,历史类,2025,高职专科,289,200810,35
四川电影电视学院,河北,历史类,2025,高职专科,289,200810,24
洛阳科技职业学院,河北,历史类,2025,高职专科,288,201309,78
石家庄城市经济职业学院,河北,历史类,2025,高职专科,285,202812,447
石家庄人民医学高等专科学校,河北,历史类,2025,高职专科,284,203341,575
吉安职业技术学院,河北,历史类,2025,高职专科,284,203341,12
湖南交通工程学院,河北,历史类,2025,高职专科,282,204314,8
石家庄财经职业学院,河北,历史类,2025,高职专科,282,204314,1333
邢台新能源职业学院,河北,历史类,2025,高职专科,282,204314,777
北京北大方正软件职业技术学院,河北,历史类,2025,高职专科,281,204820,80
北京培黎职业学院,河北,历史类,2025,高职专科,280,205309,98
和君职业学院,河北,历史类,2025,高职专科,280,198247,4
新疆能源职业技术学院,河北,历史类,2025,高职专科,280,205309,18
泉州华光职业学院,河北,历史类,2025,高职专科,279,205309,3
武汉东湖学院,河北,历史类,2025,高职专科,278,206311,45
重庆建筑科技职业学院,河北,历史类,2025,高职专科,277,206765,23
兰州科技职业学院,河北,历史类,2025,高职专科,276,207248,29
漳州理工职业学院,河北,历史类,2025,高职专科,276,207248,5
桂林师范学院,河北,历史类,2025,高职专科,276,207248,15
荆州学院,河北,历史类,2025,高职专科,275,207738,18
北京汇佳职业学院,河北,历史类,2025,高职专科,273,208712,84
石家庄金融职业学院,河北,历史类,2025,高职专科,273,208712,990
武昌职业学院,河北,历史类,2025,高职专科,273,208712,35
蚌埠经济技术职业学院,河北,历史类,2025,高职专科,271,209671,25
天津天狮学院,河北,历史类,2025,高职专科,270,210140,16
潍坊食品科技职业学院,河北,历史类,2025,高职专科,269,203831,80
湖北工业职业技术学院,河北,历史类,2025,高职专科,268,211076,30
泉州轻工职业学院,河北,历史类,2025,高职专科,267,209214,4
黄冈科技职业学院,河北,历史类,2025,高职专科,266,212014,30
重庆信息技术职业学院,河北,历史类,2025,高职专科,265,212494,56
陕西电子信息职业技术学院,河北,历史类,2025,高职专科,265,212494,20
江西科技职业学院,河北,历史类,2025,高职专科,263,213409,52
沧州航空职业学院,河北,历史类,2025,高职专科,262,213875,568
石家庄科技信息职业学院,河北,历史类,2025,高职专科,262,213875,550
北京科技经营管理学院,河北,历史类,2025,高职专科,261,214347,25
重庆公共运输职业学院,河北,历史类,2025,高职专科,261,214347,86
江苏商贸职业学院,河北,历史类,2025,高职专科,261,214347,23
山西信息职业技术学院,河北,历史类,2025,高职专科,260,214808,110
邢台应用技术职业学院,河北,历史类,2025,高职专科,260,214808,860
石家庄职业技术学院,河北,历史类,2025,高职专科,259,215266,334
广州南洋理工职业学院,河北,历史类,2025,高职专科,257,216171,6
硅湖职业技术学院,河北,历史类,2025,高职专科,256,216611,4
青岛黄海学院,河北,历史类,2025,高职专科,256,216611,62
青岛航空科技职业学院,河北,历史类,2025,高职专科,255,217068,44
江西应用科技学院,河北,历史类,2025,高职专科,254,217504,3
九州职业技术学院,河北,历史类,2025,高职专科,253,217955,3
四川文化艺术学院,河北,历史类,2025,高职专科,253,217955,18
武汉工程科技学院,河北,历史类,2025,高职专科,253,217955,75
哈尔滨城市职业学院,河北,历史类,2025,高职专科,249,211522,6
厦门东海职业技术学院,河北,历史类,2025,高职专科,249,219741,8
泸州医疗器械职业学院,河北,历史类,2025,高职专科,248,220162,22
新疆现代职业技术学院,河北,历史类,2025,高职专科,248,220162,8
渤海理工职业学院,河北,历史类,2025,高职专科,247,220583,641
河北外国语学院,河北,历史类,2025,高职专科,246,221031,954
山东力明科技职业学院,河北,历史类,2025,高职专科,246,221031,65
新疆科技职业技术学院,河北,历史类,2025,高职专科,246,221031,26
烟台黄金职业学院,河北,历史类,2025,高职专科,245,221451,200
南通师范高等专科学校,河北,历史类,2025,高职专科,244,221862,8
漯河食品工程职业大学,河北,历史类,2025,高职专科,244,215727,70
沈阳城市建设学院,河北,历史类,2025,高职专科,242,222677,2
宿州航空职业学院,河北,历史类,2025,高职专科,242,222677,25
广东岭南职业技术学院,河北,历史类,2025,高职专科,241,223119,10
银川科技学院,河北,历史类,2025,高职专科,240,223533,32
石家庄理工职业学院,河北,历史类,2025,高职专科,239,223939,979
湖北恩施学院,河北,历史类,2025,高职专科,238,224360,55
上海思博职业技术学院,河北,历史类,2025,高职专科,238,224360,4
广西理工职业技术学院,河北,历史类,2025,高职专科,237,224795,6
山东文化产业职业学院,河北,历史类,2025,高职专科,237,224795,145
德州工程职业学院,河北,历史类,2025,高职专科,236,225183,90
共青科技职业学院,河北,历史类,2025,高职专科,236,218353,7
日照康养职业学院,河北,历史类,2025,高职专科,236,225183,7
武汉商贸职业学院,河北,历史类,2025,高职专科,236,225183,52
曹妃甸职业技术学院,河北,历史类,2025,高职专科,235,225554,1000
江南影视艺术职业学院,河北,历史类,2025,高职专科,235,225554,2
北京艺术传媒职业学院,河北,历史类,2025,高职专科,234,225917,42
山东艺术设计职业学院,河北,历史类,2025,高职专科,234,225917,60
重庆轻工职业学院,河北,历史类,2025,高职专科,233,226288,78
石家庄农林职业学院,河北,历史类,2025,高职专科,233,226288,735
成都文理学院,河北,历史类,2025,高职专科,232,226670,30
北海康养职业学院,河北,历史类,2025,高职专科,229,227792,21
湖北三峡航空学院,河北,历史类,2025,高职专科,229,227792,14
厦门南洋职业学院,河北,历史类,2025,高职专科,229,217955,7
海南科技职业大学,河北,历史类,2025,高职专科,228,228175,37
武夷山职业学院,河北,历史类,2025,高职专科,228,228175,2
西安思源学院,河北,历史类,2025,高职专科,228,228175,39
重庆数字产业职业技术学院,河北,历史类,2025,高职专科,227,228570,85
桂林生命与健康职业技术学院,河北,历史类,2025,高职专科,227,228570,25
海南健康管理职业技术学院,河北,历史类,2025,高职专科,227,228570,30
长春师范高等专科学校,河北,历史类,2025,高职专科,226,228917,101
云南医药健康职业学院,河北,历史类,2025,高职专科,224,229705,62
昆明传媒学院,河北,历史类,2025,高职专科,222,230398,30
广东农工商职业技术学院,河北,历史类,2025,高职专科,222,230398,17
长沙南方职业学院,河北,历史类,2025,高职专科,221,230703,2
潍坊工商职业学院,河北,历史类,2025,高职专科,221,230703,115
漳州科技职业学院,河北,历史类,2025,高职专科,221,230703,10
山东外事职业大学,河北,历史类,2025,高职专科,220,231020,149
宝鸡中北职业学院,河北,历史类,2025,高职专科,219,231363,60
长江艺术工程职业学院,河北,历史类,2025,高职专科,219,231363,50
江西工商职业技术学院,河北,历史类,2025,高职专科,218,231667,35
厦门兴才职业技术学院,河北,历史类,2025,高职专科,218,220162,9
青岛农业大学海都学院,河北,历史类,2025,高职专科,217,231971,30
景德镇陶瓷职业技术学院,河北,历史类,2025,高职专科,217,231971,30
上海济光职业技术学院,河北,历史类,2025,高职专科,217,231971,14
四川工商学院,河北,历史类,2025,高职专科,217,231971,8
大连汽车职业技术学院,河北,历史类,2025,高职专科,216,232264,8
岳阳现代服务职业学院,河北,历史类,2025,高职专科,216,225183,3
青岛恒星科技学院,河北,历史类,2025,高职专科,215,232558,65
四川西南航空职业学院,河北,历史类,2025,高职专科,215,232558,235
长沙文创艺术职业学院,河北,历史类,2025,高职专科,214,231667,15
广州华南商贸职业学院,河北,历史类,2025,高职专科,214,229705,5
衡阳科技职业学院,河北,历史类,2025,高职专科,214,232849,40
唐山海运职业学院,河北,历史类,2025,高职专科,214,232849,950
昆明卫生职业学院,河北,历史类,2025,高职专科,213,233156,16
三亚理工职业学院,河北,历史类,2025,高职专科,213,233156,13
山东工程职业技术大学,河北,历史类,2025,高职专科,213,233156,90
上海邦德职业技术学院,河北,历史类,2025,高职专科,213,223119,13
广州城建职业学院,河北,历史类,2025,高职专科,212,233451,14
江西枫林涉外经贸职业学院,河北,历史类,2025,高职专科,212,233451,70
云南经贸外事职业学院,河北,历史类,2025,高职专科,212,233451,21
云南新兴职业学院,河北,历史类,2025,高职专科,212,233451,64
贵州工贸职业学院,河北,历史类,2025,高职专科,211,233748,100
四川电子机械职业技术学院,河北,历史类,2025,高职专科,211,233748,29
张家界学院,河北,历史类,2025,高职专科,210,234008,7
广东肇庆航空职业学院,河北,历史类,2025,高职专科,209,223119,22
广州华立科技职业学院,河北,历史类,2025,高职专科,209,234284,42
江海职业技术学院,河北,历史类,2025,高职专科,209,234284,18
江西泰豪动漫职业学院,河北,历史类,2025,高职专科,209,234284,10
丽江文化旅游学院,河北,历史类,2025,高职专科,209,234284,16
四川现代职业学院,河北,历史类,2025,高职专科,209,234284,20
西安翻译学院,河北,历史类,2025,高职专科,209,234284,19
云南经济管理学院,河北,历史类,2025,高职专科,209,234284,28
重庆理工职业学院,河北,历史类,2025,高职专科,208,234558,53
重庆艺术工程职业学院,河北,历史类,2025,高职专科,208,234558,83
广东创新科技职业学院,河北,历史类,2025,高职专科,208,228570,27
湖北孝感美珈职业学院,河北,历史类,2025,高职专科,208,234558,100
攀枝花攀西职业学院,河北,历史类,2025,高职专科,208,234558,85
上海工商职业技术学院,河北,历史类,2025,高职专科,208,234558,25
无锡南洋职业技术学院,河北,历史类,2025,高职专科,208,234558,28
重庆经贸职业学院,河北,历史类,2025,高职专科,207,234808,125
广州华商职业学院,河北,历史类,2025,高职专科,207,234808,20
昆山登云科技职业学院,河北,历史类,2025,高职专科,207,234808,5
林州建筑职业技术学院,河北,历史类,2025,高职专科,207,234808,70
泉州纺织服装职业学院,河北,历史类,2025,高职专科,207,234808,28
遂宁工程职业学院,河北,历史类,2025,高职专科,207,234808,69
西安汽车职业大学,河北,历史类,2025,高职专科,207,234808,145
云南三鑫职业技术学院,河北,历史类,2025,高职专科,207,234808,140
珠海艺术职业学院,河北,历史类,2025,高职专科,207,233156,7
乌兰察布职业学院,河北,历史类,2025,高职专科,206,234808,480
郴州智能科技职业学院,河北,历史类,2025,高职专科,206,235042,15
广西经济职业学院,河北,历史类,2025,高职专科,206,235042,54
四川托普信息技术职业学院,河北,历史类,2025,高职专科,206,235042,19
重庆传媒职业学院,河北,历史类,2025,高职专科,205,235299,87
江西软件职业技术大学,河北,历史类,2025,高职专科,205,235299,34
南昌理工学院,河北,历史类,2025,高职专科,205,235299,40
泉州海洋职业学院,河北,历史类,2025,高职专科,205,235299,89
上海震旦职业学院,河北,历史类,2025,高职专科,205,235299,14
上海中侨职业技术大学,河北,历史类,2025,高职专科,205,235299,5
西安信息职业大学,河北,历史类,2025,高职专科,205,235299,120
广州华夏职业学院,河北,历史类,2025,高职专科,204,235534,11
桂林山水职业学院,河北,历史类,2025,高职专科,204,235042,170
建东职业技术学院,河北,历史类,2025,高职专科,204,235534,16
南充科技职业学院,河北,历史类,2025,高职专科,204,235534,79
上海电影艺术职业学院,河北,历史类,2025,高职专科,204,227792,8
四川城市职业学院,河北,历史类,2025,高职专科,204,235534,115
四川汽车职业技术学院,河北,历史类,2025,高职专科,204,235534,101
苏州高博职业学院,河北,历史类,2025,高职专科,204,230046,36
株洲科技职业学院,河北,历史类,2025,高职专科,204,235534,6
郴州思科职业学院,河北,历史类,2025,高职专科,203,235775,18
重庆电讯职业学院,河北,历史类,2025,高职专科,203,235775,88
重庆资源与环境保护职业学院,河北,历史类,2025,高职专科,203,235775,100
大连艺术学院,河北,历史类,2025,高职专科,203,235775,11
德阳城市轨道交通职业学院,河北,历史类,2025,高职专科,203,235775,300
湖南都市职业学院,河北,历史类,2025,高职专科,203,232558,20
江西洪州职业学院,河北,历史类,2025,高职专科,203,235775,30
昆明城市学院,河北,历史类,2025,高职专科,203,235775,75
昆明艺术职业学院,河北,历史类,2025,高职专科,203,235775,5
辽宁理工职业大学,河北,历史类,2025,高职专科,203,235775,2
南昌职业大学,河北,历史类,2025,高职专科,203,235775,10
西安外事学院,河北,历史类,2025,高职专科,203,235775,157
信阳航空职业学院,河北,历史类,2025,高职专科,203,234284,20
云南外事外语职业学院,河北,历史类,2025,高职专科,203,235775,65
巴中职业技术学院,河北,历史类,2025,高职专科,202,236029,113
重庆电信职业学院,河北,历史类,2025,高职专科,202,236029,58
重庆能源职业学院,河北,历史类,2025,高职专科,202,236029,110
广东文理职业学院,河北,历史类,2025,高职专科,202,236029,52
广东亚视演艺职业学院,河北,历史类,2025,高职专科,202,236029,53
贵州民用航空职业学院,河北,历史类,2025,高职专科,202,236029,144
贵州应用技术职业学院,河北,历史类,2025,高职专科,202,236029,152
湖南软件职业技术大学,河北,历史类,2025,高职专科,202,236029,14
景德镇艺术职业大学,河北,历史类,2025,高职专科,202,236029,17
辽宁广告职业学院,河北,历史类,2025,高职专科,202,236029,24
民办四川天一学院,河北,历史类,2025,高职专科,202,236029,240
四川文化传媒职业学院,河北,历史类,2025,高职专科,202,236029,40
四川希望汽车职业学院,河北,历史类,2025,高职专科,202,233451,100
天津滨海汽车工程职业学院,河北,历史类,2025,高职专科,202,236029,900
西安城市建设职业学院,河北,历史类,2025,高职专科,202,236029,255
厦门华天涉外职业技术学院,河北,历史类,2025,高职专科,202,236029,40
云南工程职业学院,河北,历史类,2025,高职专科,202,236029,15
云南商务职业学院,河北,历史类,2025,高职专科,202,236029,106
白银希望职业技术学院,河北,历史类,2025,高职专科,201,236271,85
长沙科技职业学院,河北,历史类,2025,高职专科,201,234284,16
重庆健康职业学院,河北,历史类,2025,高职专科,201,236271,268
重庆科技职业学院,河北,历史类,2025,高职专科,201,236271,200
重庆应用技术职业学院,河北,历史类,2025,高职专科,201,230046,75
广州珠江职业技术学院,河北,历史类,2025,高职专科,201,227385,11
贵州铜仁数据职业学院,河北,历史类,2025,高职专科,201,236271,85
哈尔滨北方航空职业技术学院,河北,历史类,2025,高职专科,201,236271,71
海南工商职业学院,河北,历史类,2025,高职专科,201,236271,45
湖南工商职业学院,河北,历史类,2025,高职专科,201,236271,5
湖南外国语职业学院,河北,历史类,2025,高职专科,201,236271,21
辽宁传媒学院,河北,历史类,2025,高职专科,201,234808,15
三亚城市职业学院,河北,历史类,2025,高职专科,201,236271,168
三亚中瑞酒店管理职业学院,河北,历史类,2025,高职专科,201,236271,50
山东英才学院,河北,历史类,2025,高职专科,201,236271,65
上海民远职业技术学院,河北,历史类,2025,高职专科,201,233451,14
四川华新现代职业学院,河北,历史类,2025,高职专科,201,236271,34
遂宁职业学院,河北,历史类,2025,高职专科,201,236271,95
泰山科技学院,河北,历史类,2025,高职专科,201,236271,88
天府新区通用航空职业学院,河北,历史类,2025,高职专科,201,236271,60
炎黄职业技术学院,河北,历史类,2025,高职专科,201,230398,10
扬州中瑞酒店职业学院,河北,历史类,2025,高职专科,201,226670,15
云南城市建设职业学院,河北,历史类,2025,高职专科,201,236271,170
云南理工职业学院,河北,历史类,2025,高职专科,201,236271,40
资阳环境科技职业学院,河北,历史类,2025,高职专科,201,231020,100
苏州百年职业学院,河北,历史类,2025,高职专科,200,233156,68
长春东方职业学院,河北,历史类,2025,高职专科,200,236503,141
长春健康职业学院,河北,历史类,2025,高职专科,200,236503,172
长春数字科技职业学院,河北,历史类,2025,高职专科,200,236503,79
长春信息技术职业学院,河北,历史类,2025,高职专科,200,236503,291
长春早期教育职业学院,河北,历史类,2025,高职专科,200,231363,310
成都艺术职业大学,河北,历史类,2025,高职专科,200,236503,50
重庆安防职业学院,河北,历史类,2025,高职专科,200,233451,70
重庆海联职业技术学院,河北,历史类,2025,高职专科,200,236503,240
重庆现代制造职业学院,河北,历史类,2025,高职专科,200,236503,105
重庆智能工程职业学院,河北,历史类,2025,高职专科,200,236503,106
大连东软信息学院,河北,历史类,2025,高职专科,200,234284,7
大连枫叶职业技术学院,河北,历史类,2025,高职专科,200,236503,36
德阳科贸职业学院,河北,历史类,2025,高职专科,200,236503,137
德阳农业科技职业学院,河北,历史类,2025,高职专科,200,225554,119
广东碧桂园职业学院,河北,历史类,2025,高职专科,200,229705,13
广东酒店管理职业技术学院,河北,历史类,2025,高职专科,200,236503,12
广东南方职业学院,河北,历史类,2025,高职专科,200,236503,10
广州涉外经济职业技术学院,河北,历史类,2025,高职专科,200,228570,35
贵州城市职业学院,河北,历史类,2025,高职专科,200,236503,410
贵州工商职业学院,河北,历史类,2025,高职专科,200,236503,267
桂林信息工程职业学院,河北,历史类,2025,高职专科,200,236503,16
哈尔滨传媒职业学院,河北,历史类,2025,高职专科,200,232264,66
哈尔滨应用职业技术学院,河北,历史类,2025,高职专科,200,236503,90
海口经济学院,河北,历史类,2025,高职专科,200,236503,162
海南东方新丝路职业学院,河北,历史类,2025,高职专科,200,225183,155
河北美术学院,河北,历史类,2025,高职专科,200,236029,20
鹤壁汽车工程职业学院,河北,历史类,2025,高职专科,200,236503,170
黑龙江三江美术职业学院,河北,历史类,2025,高职专科,200,234284,40
衡阳理工职业学院,河北,历史类,2025,高职专科,200,229705,20
湖南电子科技职业学院,河北,历史类,2025,高职专科,200,236503,12
湖南高尔夫旅游职业学院,河北,历史类,2025,高职专科,200,236503,8
吉林城市职业技术学院,河北,历史类,2025,高职专科,200,236503,141
吉林科技职业技术学院,河北,历史类,2025,高职专科,200,236503,21
吉林职业技术学院,河北,历史类,2025,高职专科,200,236503,44
江阳城建职业学院,河北,历史类,2025,高职专科,200,232849,140
金肯职业技术学院,河北,历史类,2025,高职专科,200,236503,8
金山职业技术学院,河北,历史类,2025,高职专科,200,236503,95
兰州外语职业学院,河北,历史类,2025,高职专科,200,236503,482
眉山药科职业学院,河北,历史类,2025,高职专科,200,236503,52
绵阳飞行职业学院,河北,历史类,2025,高职专科,200,232264,85
明达职业技术学院,河北,历史类,2025,高职专科,200,230703,24
南充电影工业职业学院,河北,历史类,2025,高职专科,200,236503,188
南京视觉艺术职业学院,河北,历史类,2025,高职专科,200,232264,24
齐齐哈尔立德健康职业学院,河北,历史类,2025,高职专科,200,234558,157
三亚航空旅游职业学院,河北,历史类,2025,高职专科,200,236503,68
三亚护理职业学院,河北,历史类,2025,高职专科,200,236503,435
山东圣翰财贸职业学院,河北,历史类,2025,高职专科,200,236503,173
陕西旅游烹饪职业学院,河北,历史类,2025,高职专科,200,236503,96
上海东海职业技术学院,河北,历史类,2025,高职专科,200,236503,22
沈阳北软信息职业技术学院,河北,历史类,2025,高职专科,200,236503,22
石家庄经济职业学院,河北,历史类,2025,高职专科,200,236503,2440
四川长江职业学院,河北,历史类,2025,高职专科,200,236503,130
四川国际标榜职业学院,河北,历史类,2025,高职专科,200,236503,83
四川科技职业学院,河北,历史类,2025,高职专科,200,236503,210
四川文轩职业学院,河北,历史类,2025,高职专科,200,236503,220
四川应用技术职业学院,河北,历史类,2025,高职专科,200,225917,265
宿迁泽达职业技术学院,河北,历史类,2025,高职专科,200,236271,4
宿迁职业技术学院,河北,历史类,2025,高职专科,200,236503,40
天府新区航空旅游职业学院,河北,历史类,2025,高职专科,200,236503,290
天府新区信息职业学院,河北,历史类,2025,高职专科,200,236503,164
潇湘职业学院,河北,历史类,2025,高职专科,200,236503,10
云南工商学院,河北,历史类,2025,高职专科,200,233451,168
郑州食品工程职业学院,河北,历史类,2025,高职专科,200,228570,22
自贡职业技术学院,河北,历史类,2025,高职专科,200,236503,205
清华大学,河北,物理类,2025,本科批,688,82,43
北京大学,河北,物理类,2025,本科批,688,82,25
中国科学院大学,河北,物理类,2025,本科批,681,233,17
上海交通大学,河北,物理类,2025,本科批,680,267,28
复旦大学,河北,物理类,2025,本科批,680,267,20
清华大学,河北,物理类,2025,本科提前批B段,678,330,14
北京大学,河北,物理类,2025,本科提前批B段,677,361,4
中国科学技术大学,河北,物理类,2025,本科批,675,443,31
北京大学医学部,河北,物理类,2025,本科提前批B段,675,443,4
南京大学,河北,物理类,2025,本科批,674,501,47
中国人民大学,河北,物理类,2025,本科批,673,550,22
北京大学医学部,河北,物理类,2025,本科批,673,550,26
北京航空航天大学,河北,物理类,2025,本科批,669,788,135
上海交通大学,河北,物理类,2025,本科提前批B段,668,868,12
中国科学技术大学,河北,物理类,2025,本科提前批B段,667,950,5
复旦大学,河北,物理类,2025,本科提前批B段,666,1013,2
北京航空航天大学,河北,物理类,2025,本科提前批B段,665,1135,8
上海交通大学医学院,河北,物理类,2025,本科批,662,1447,26
西安交通大学,河北,物理类,2025,本科批,661,1570,149
浙江大学医学院,河北,物理类,2025,本科批,660,1688,20
复旦大学医学院,河北,物理类,2025,本科批,660,1688,22
南京大学,河北,物理类,2025,本科提前批B段,659,1816,3
东南大学,河北,物理类,2025,本科批,658,1944,104
浙江大学,河北,物理类,2025,本科提前批B段,654,2505,11
北京理工大学,河北,物理类,2025,本科提前批B段,653,2699,18
武汉大学,河北,物理类,2025,本科批,652,2914,108
电子科技大学,河北,物理类,2025,本科批,652,2914,149
哈尔滨工业大学,河北,物理类,2025,本科提前批B段,652,2914,8
中国人民大学,河北,物理类,2025,本科提前批B段,651,3105,9
同济大学,河北,物理类,2025,本科批,650,3294,136
浙江大学,河北,物理类,2025,本科批,650,3294,15
电子科技大学,河北,物理类,2025,本科提前批B段,649,3513,22
浙江大学医学院,河北,物理类,2025,本科提前批B段,647,4006,6
复旦大学医学院,河北,物理类,2025,本科提前批B段,647,4006,5
南开大学,河北,物理类,2025,本科批,646,4252,153
华东师范大学,河北,物理类,2025,本科提前批B段,646,4252,5
南开大学,河北,物理类,2025,本科提前批B段,644,4724,5
天津大学,河北,物理类,2025,本科提前批B段,642,5268,9
北京师范大学,河北,物理类,2025,本科批,641,5573,51
中山大学,河北,物理类,2025,本科批,641,5573,87
华东师范大学,河北,物理类,2025,本科批,641,5573,31
西北工业大学,河北,物理类,2025,本科提前批B段,641,5573,8
东南大学,河北,物理类,2025,本科提前批B段,641,5573,8
天津大学,河北,物理类,2025,本科批,640,5846,361
厦门大学,河北,物理类,2025,本科批,640,5846,104
山东大学,河北,物理类,2025,本科提前批B段,639,6181,3
中国政法大学,河北,物理类,2025,本科提前批B段,639,6181,2
哈尔滨工业大学,河北,物理类,2025,本科提前批C段,639,6181,3
上海交通大学医学院,河北,物理类,2025,本科提前批B段,638,6503,11
上海海关学院,河北,物理类,2025,本科提前批A段,637,6838,5
南京理工大学,河北,物理类,2025,本科批,635,7522,142
武汉大学,河北,物理类,2025,本科提前批B段,635,7522,14
华中科技大学,河北,物理类,2025,本科提前批B段,635,7522,15
同济大学,河北,物理类,2025,本科提前批B段,634,7879,9
北京邮电大学,河北,物理类,2025,本科提前批B段,633,8236,8
南京航空航天大学,河北,物理类,2025,本科提前批B段,632,8622,13
华东政法大学,河北,物理类,2025,本科批,631,9012,6
中央财经大学,河北,物理类,2025,本科提前批B段,631,9012,4
对外经济贸易大学,河北,物理类,2025,本科提前批B段,631,9012,3
湖南大学,河北,物理类,2025,本科批,630,9436,138
厦门大学,河北,物理类,2025,本科提前批B段,630,9436,8
西安电子科技大学,河北,物理类,2025,本科提前批B段,629,9827,23
中国社会科学院大学,河北,物理类,2025,本科批,628,10271,3
华南理工大学,河北,物理类,2025,本科批,628,10271,92
中央民族大学,河北,物理类,2025,本科提前批B段,628,9827,6
中国政法大学,河北,物理类,2025,本科批,627,10703,43
华中科技大学,河北,物理类,2025,本科批,627,10703,121
北京科技大学,河北,物理类,2025,本科批,626,11148,217
南京邮电大学,河北,物理类,2025,本科批,626,11148,80
四川大学,河北,物理类,2025,本科批,626,11148,235
西北工业大学,河北,物理类,2025,本科批,626,11148,212
北京师范大学,河北,物理类,2025,本科提前批B段,626,11148,5
山东大学威海分校,河北,物理类,2025,本科提前批B段,626,11148,6
陕西师范大学,河北,物理类,2025,本科提前批B段,626,11148,11
中南大学,河北,物理类,2025,本科提前批B段,626,11148,3
华中师范大学,河北,物理类,2025,本科提前批B段,626,11148,11
上海财经大学,河北,物理类,2025,本科批,625,11635,46
中山大学,河北,物理类,2025,本科提前批B段,625,11635,17
哈尔滨工程大学,河北,物理类,2025,本科提前批B段,623,12592,8
华南理工大学,河北,物理类,2025,本科提前批B段,623,12592,13
哈尔滨工业大学,河北,物理类,2025,本科批,622,13077,61
重庆大学,河北,物理类,2025,本科批,621,13587,149
大连理工大学,河北,物理类,2025,本科批,621,13587,190
西安交通大学,河北,物理类,2025,本科提前批B段,621,13587,25
中国农业大学,河北,物理类,2025,本科提前批B段,621,13587,9
东北师范大学,河北,物理类,2025,本科提前批B段,621,13587,29
北京理工大学,河北,物理类,2025,本科批,620,14098,133
上海财经大学,河北,物理类,2025,本科提前批B段,620,14098,4
山东大学威海分校,河北,物理类,2025,本科批,619,14636,70
北京协和医学院,河北,物理类,2025,本科批,619,14636,6
深圳大学,河北,物理类,2025,本科批,619,14636,33
中国传媒大学,河北,物理类,2025,本科提前批B段,619,14636,12
中央财经大学,河北,物理类,2025,本科批,618,15171,59
华东理工大学,河北,物理类,2025,本科批,618,15171,122
北京外国语大学,河北,物理类,2025,本科提前批B段,618,15171,1
东北大学,河北,物理类,2025,本科批,617,15775,199
兰州大学,河北,物理类,2025,本科批,617,15775,163
华北电力大学,河北,物理类,2025,本科提前批B段,617,15775,9
北京化工大学,河北,物理类,2025,本科提前批B段,617,15775,11
北京邮电大学,河北,物理类,2025,本科批,616,16339,194
中国地质大学(北京),河北,物理类,2025,本科提前批B段,616,16339,4
南京邮电大学,河北,物理类,2025,本科提前批B段,615,16934,3
大连理工大学,河北,物理类,2025,本科提前批B段,615,16934,12
东北大学,河北,物理类,2025,本科提前批B段,615,16934,15
南京航空航天大学,河北,物理类,2025,本科批,613,18114,160
上海外国语大学,河北,物理类,2025,本科批,613,18114,6
空军军医大学,河北,物理类,2025,本科批,613,18114,22
沈阳航空航天大学,河北,物理类,2025,本科提前批B段,613,18114,1
四川大学,河北,物理类,2025,本科提前批B段,613,18114,15
中国海洋大学,河北,物理类,2025,本科提前批B段,613,18114,10
上海大学,河北,物理类,2025,本科批,612,18720,64
吉林大学,河北,物理类,2025,本科批,612,18720,381
沈阳工业大学,河北,物理类,2025,本科提前批B段,612,18720,1
华东理工大学,河北,物理类,2025,本科提前批B段,612,18720,9
辽宁大学,河北,物理类,2025,本科提前批B段,611,19367,2
上海外国语大学,河北,物理类,2025,本科提前批B段,611,19367,2
中国石油大学(北京),河北,物理类,2025,本科批,610,20009,137
湖南大学,河北,物理类,2025,本科提前批B段,610,20009,16
西南财经大学,河北,物理类,2025,本科提前批B段,609,20698,4
吉林大学,河北,物理类,2025,本科提前批B段,609,20698,18
北京交通大学,河北,物理类,2025,本科提前批B段,609,20698,9
北京科技大学,河北,物理类,2025,本科提前批B段,608,21354,14
北京中医药大学,河北,物理类,2025,本科提前批C段,608,21354,2
中央民族大学,河北,物理类,2025,本科批,607,22009,115
东华大学,河北,物理类,2025,本科批,607,22009,81
南京理工大学,河北,物理类,2025,本科提前批B段,607,22009,10
天津医科大学,河北,物理类,2025,本科批,606,22695,42
西南政法大学,河北,物理类,2025,本科批,606,22695,28
北京电影学院,河北,物理类,2025,本科批,606,22695,1
中国刑事警察学院,河北,物理类,2025,本科提前批A段,606,22695,7
北京林业大学,河北,物理类,2025,本科提前批B段,606,22695,6
中国药科大学,河北,物理类,2025,本科提前批B段,606,22695,6
中国海洋大学,河北,物理类,2025,本科提前批C段,606,22695,3
南京林业大学,河北,物理类,2025,本科提前批B段,605,23383,3
中国石油大学(北京),河北,物理类,2025,本科提前批B段,605,23383,5
中国医科大学,河北,物理类,2025,本科提前批B段,605,23383,1
暨南大学,河北,物理类,2025,本科提前批B段,605,23383,6
华北电力大学,河北,物理类,2025,本科批,604,24100,335
上海理工大学,河北,物理类,2025,本科提前批B段,604,24100,5
兰州大学,河北,物理类,2025,本科提前批B段,604,24100,8
苏州大学,河北,物理类,2025,本科批,603,24833,51
对外经济贸易大学,河北,物理类,2025,本科批,603,24833,49
浙江工业大学,河北,物理类,2025,本科提前批B段,603,24833,5
大连大学,河北,物理类,2025,本科提前批B段,603,24833,1
东华大学,河北,物理类,2025,本科提前批B段,603,24833,12
中国海洋大学,河北,物理类,2025,本科批,602,25574,131
天津科技大学,河北,物理类,2025,本科提前批B段,602,25574,3
西北农林科技大学,河北,物理类,2025,本科提前批B段,602,25574,11
重庆大学,河北,物理类,2025,本科提前批B段,602,25574,13
江南大学,河北,物理类,2025,本科提前批C段,602,25574,5
山东大学,河北,物理类,2025,本科批,601,26287,197
中国地质大学(北京),河北,物理类,2025,本科批,601,26287,115
沈阳理工大学,河北,物理类,2025,本科提前批B段,601,26287,1
苏州大学,河北,物理类,2025,本科提前批B段,601,26287,4
大连交通大学,河北,物理类,2025,本科提前批B段,601,26287,2
南京审计大学,河北,物理类,2025,本科批,600,27073,20
南京医科大学,河北,物理类,2025,本科批,600,27073,10
上海理工大学,河北,物理类,2025,本科批,600,27073,60
西安电子科技大学,河北,物理类,2025,本科批,600,27073,308
西北政法大学,河北,物理类,2025,本科批,600,27073,20
中国药科大学,河北,物理类,2025,本科批,600,27073,94
海军军医大学,河北,物理类,2025,本科批,600,27073,21
上海电力大学,河北,物理类,2025,本科批,599,27821,30
中国农业大学,河北,物理类,2025,本科批,599,27821,144
中国石油大学(华东),河北,物理类,2025,本科批,599,27821,289
中南大学,河北,物理类,2025,本科批,599,27821,287
华南师范大学,河北,物理类,2025,本科批,599,27821,37
华中师范大学,河北,物理类,2025,本科批,599,27821,69
南京信息工程大学,河北,物理类,2025,本科批,598,28597,108
中国民航大学,河北,物理类,2025,本科批,598,28597,190
北京中医药大学,河北,物理类,2025,本科提前批B段,598,28597,3
武汉理工大学,河北,物理类,2025,本科提前批B段,598,28597,30
中国地质大学(武汉),河北,物理类,2025,本科提前批B段,598,28597,33
上海财经大学,河北,物理类,2025,本科提前批C段,598,28597,2
北京中医药大学,河北,物理类,2025,本科批,597,29374,97
东北大学秦皇岛分校,河北,物理类,2025,本科批,597,29374,380
沈阳建筑大学,河北,物理类,2025,本科提前批B段,597,29374,1
华东政法大学,河北,物理类,2025,本科提前批B段,597,29374,4
南京师范大学,河北,物理类,2025,本科批,596,30194,73
首都师范大学,河北,物理类,2025,本科批,596,30194,35
郑州大学,河北,物理类,2025,本科批,596,30194,248
中国矿业大学,河北,物理类,2025,本科提前批B段,596,29374,12
中国民航大学,河北,物理类,2025,本科提前批B段,596,30194,29
中国石油大学(华东),河北,物理类,2025,本科提前批B段,596,30194,14
深圳技术大学,河北,物理类,2025,本科批,595,30996,23
暨南大学,河北,物理类,2025,本科批,595,30996,77
北京化工大学,河北,物理类,2025,本科批,595,30996,165
中国石油大学(华东),河北,物理类,2025,本科提前批C段,595,30996,8
华中师范大学,河北,物理类,2025,本科提前批A段,594,31807,2
南京师范大学,河北,物理类,2025,本科提前批B段,594,31807,3
集美大学,河北,物理类,2025,本科提前批B段,594,31807,3
上海对外经贸大学,河北,物理类,2025,本科提前批B段,593,32692,6
南京中医药大学,河北,物理类,2025,本科批,592,33539,20
河北工业大学,河北,物理类,2025,本科提前批B段,592,33539,86
天津工业大学,河北,物理类,2025,本科提前批B段,591,34450,10
首都医科大学,河北,物理类,2025,本科批,590,35284,45
天津工业大学,河北,物理类,2025,本科批,590,35284,195
武汉理工大学,河北,物理类,2025,本科批,590,35284,328
江南大学,河北,物理类,2025,本科批,590,35284,195
南京工业大学,河北,物理类,2025,本科提前批B段,590,35284,4
天津医科大学,河北,物理类,2025,本科提前批B段,590,35284,3
南京农业大学,河北,物理类,2025,本科批,589,36180,236
安徽大学,河北,物理类,2025,本科批,589,36180,103
北京工业大学,河北,物理类,2025,本科批,589,36180,69
杭州电子科技大学,河北,物理类,2025,本科批,588,37123,83
河北工业大学,河北,物理类,2025,本科批,588,37123,118
福州大学,河北,物理类,2025,本科提前批B段,588,37123,10
哈尔滨理工大学,河北,物理类,2025,本科提前批B段,588,37123,7
太原理工大学,河北,物理类,2025,本科批,587,38007,331
西北农林科技大学,河北,物理类,2025,本科批,587,38007,328
南京农业大学,河北,物理类,2025,本科提前批B段,587,38007,14
南京信息工程大学,河北,物理类,2025,本科提前批B段,587,38007,3
沈阳药科大学,河北,物理类,2025,本科提前批B段,587,38007,2
西南大学,河北,物理类,2025,本科提前批B段,587,37123,30
西北大学,河北,物理类,2025,本科批,586,38943,68
江苏大学,河北,物理类,2025,本科批,586,38943,91
江苏大学,河北,物理类,2025,本科提前批B段,586,38943,3
东北林业大学,河北,物理类,2025,本科提前批C段,586,38943,15
南昌大学,河北,物理类,2025,本科批,585,39881,174
南方医科大学,河北,物理类,2025,本科批,585,39881,32
北京体育大学,河北,物理类,2025,本科提前批B段,585,39881,8
中国地质大学(北京),河北,物理类,2025,本科提前批C段,585,39881,5
北京外国语大学,河北,物理类,2025,本科批,584,40924,8
中国传媒大学,河北,物理类,2025,本科批,584,40924,49
常州大学,河北,物理类,2025,本科批,584,40924,5
福州大学,河北,物理类,2025,本科批,584,40924,48
北京语言大学,河北,物理类,2025,本科提前批B段,584,40924,6
康复大学,河北,物理类,2025,本科批,583,41921,24
辽宁科技大学,河北,物理类,2025,本科提前批B段,583,41921,1
辽宁石油化工大学,河北,物理类,2025,本科提前批B段,583,41921,2
长安大学,河北,物理类,2025,本科提前批B段,583,41921,25
河海大学,河北,物理类,2025,本科提前批B段,583,41921,10
华中农业大学,河北,物理类,2025,本科提前批B段,583,41921,11
江南大学,河北,物理类,2025,本科提前批B段,583,41921,10
石家庄学院,河北,物理类,2025,本科提前批B段,582,40924,6
中南财经政法大学,河北,物理类,2025,本科提前批B段,582,42923,5
河北师范大学,河北,物理类,2025,本科提前批B段,582,42923,457
衡水学院,河北,物理类,2025,本科提前批B段,582,42923,15
北京交通大学,河北,物理类,2025,本科批,581,43929,28
广州大学,河北,物理类,2025,本科批,581,43929,16
中国人民公安大学,河北,物理类,2025,本科提前批A段,581,43929,66
合肥工业大学,河北,物理类,2025,本科提前批B段,581,43929,11
合肥工业大学,河北,物理类,2025,本科批,580,44928,243
江汉大学,河北,物理类,2025,本科批,580,42923,20
贵州大学,河北,物理类,2025,本科提前批C段,580,44928,14
广东财经大学,河北,物理类,2025,本科批,579,45972,5
中国传媒大学,河北,物理类,2025,本科提前批A段,579,45972,2
西南交通大学,河北,物理类,2025,本科提前批B段,579,45972,14
中国民用航空飞行学院,河北,物理类,2025,本科提前批B段,579,45972,1
北京林业大学,河北,物理类,2025,本科提前批C段,579,45972,7
上海海事大学,河北,物理类,2025,本科批,578,47025,34
中国计量大学,河北,物理类,2025,本科批,578,47025,113
中国美术学院,河北,物理类,2025,本科批,578,47025,5
河海大学,河北,物理类,2025,本科批,578,47025,196
北京第二外国语学院,河北,物理类,2025,本科批,577,48060,10
江苏科技大学,河北,物理类,2025,本科提前批B段,577,48060,4
辽宁大学,河北,物理类,2025,本科批,576,49142,106
南京工业大学,河北,物理类,2025,本科批,576,49142,73
内蒙古大学,河北,物理类,2025,本科批,576,49142,123
北京物资学院,河北,物理类,2025,本科批,576,49142,21
北京物资学院,河北,物理类,2025,本科提前批B段,576,49142,10
中国人民警察大学,河北,物理类,2025,本科提前批B段,576,49142,4
邯郸学院,河北,物理类,2025,本科提前批B段,576,49142,93
华东师范大学,河北,物理类,2025,本科提前批C段,576,49142,2
上海体育大学,河北,物理类,2025,本科批,575,50224,7
广西大学,河北,物理类,2025,本科批,575,50224,106
湖南师范大学,河北,物理类,2025,本科批,575,50224,132
中国消防救援学院,河北,物理类,2025,本科提前批A段,575,50224,5
扬州大学,河北,物理类,2025,本科提前批B段,575,50224,3
大连民族大学,河北,物理类,2025,本科提前批B段,575,50224,20
南京财经大学,河北,物理类,2025,本科批,574,51275,44
南京艺术学院,河北,物理类,2025,本科批,574,51275,1
上海海洋大学,河北,物理类,2025,本科批,574,51275,21
西南财经大学,河北,物理类,2025,本科批,574,51275,57
中国矿业大学,河北,物理类,2025,本科批,574,51275,249
沧州师范学院,河北,物理类,2025,本科提前批B段,574,51275,65
东北林业大学,河北,物理类,2025,本科提前批B段,574,51275,10
杭州师范大学,河北,物理类,2025,本科提前批B段,574,51275,12
长安大学,河北,物理类,2025,本科批,573,52384,263
中国地质大学(武汉),河北,物理类,2025,本科批,573,52384,202
中国石油大学(北京)克拉玛依校区,河北,物理类,2025,本科提前批B段,573,52384,8
首都经济贸易大学,河北,物理类,2025,本科批,572,53452,21
重庆理工大学,河北,物理类,2025,本科批,572,53452,138
石河子大学,河北,物理类,2025,本科提前批B段,572,53452,5
唐山师范学院,河北,物理类,2025,本科提前批B段,572,53452,129
浙江财经大学,河北,物理类,2025,本科提前批B段,572,53452,9
中南财经政法大学,河北,物理类,2025,本科批,571,54583,90
西南交通大学,河北,物理类,2025,本科批,570,55712,216
大连海事大学,河北,物理类,2025,本科提前批B段,570,55712,5
中国石油大学(北京)克拉玛依校区,河北,物理类,2025,本科批,569,56852,209
东北财经大学,河北,物理类,2025,本科批,569,56852,59
北京建筑大学,河北,物理类,2025,本科批,569,56852,49
华北科技学院,河北,物理类,2025,本科提前批B段,569,56852,5
北京林业大学,河北,物理类,2025,本科批,568,58000,126
西交利物浦大学,河北,物理类,2025,本科批,568,58000,95
中央美术学院,河北,物理类,2025,本科批,568,58000,4
天津中医药大学,河北,物理类,2025,本科提前批B段,568,58000,7
宁波大学,河北,物理类,2025,本科批,567,59117,111
陕西师范大学,河北,物理类,2025,本科批,567,59117,50
天津师范大学,河北,物理类,2025,本科批,567,59117,215
西南大学,河北,物理类,2025,本科批,567,59117,119
西南石油大学,河北,物理类,2025,本科批,567,59117,220
燕山大学,河北,物理类,2025,本科提前批B段,567,59117,84
青岛大学,河北,物理类,2025,本科批,566,60306,59
上海电机学院,河北,物理类,2025,本科批,566,60306,44
天津科技大学,河北,物理类,2025,本科批,566,60306,272
湘潭大学,河北,物理类,2025,本科批,566,60306,243
北方民族大学,河北,物理类,2025,本科提前批B段,566,60306,8
北京科技职业大学,河北,物理类,2025,本科批,565,61528,5
青海大学,河北,物理类,2025,本科批,565,61528,144
北京信息科技大学,河北,物理类,2025,本科批,565,61528,78
西安外国语大学,河北,物理类,2025,本科批,565,61528,18
扬州大学,河北,物理类,2025,本科批,565,61528,28
华中师范大学,河北,物理类,2025,本科提前批C段,565,61528,2
天津财经大学,河北,物理类,2025,本科批,564,62725,85
西安邮电大学,河北,物理类,2025,本科批,564,62725,78
大连医科大学,河北,物理类,2025,本科提前批B段,564,62725,2
上海对外经贸大学,河北,物理类,2025,本科批,563,63946,21
大连医科大学,河北,物理类,2025,本科批,563,63946,46
广州医科大学,河北,物理类,2025,本科批,563,63946,4
山东理工大学,河北,物理类,2025,本科提前批B段,563,63946,21
辽宁工程技术大学,河北,物理类,2025,本科提前批B段,562,65166,2
北京印刷学院,河北,物理类,2025,本科提前批B段,562,65166,5
南京工业职业技术大学,河北,物理类,2025,本科批,561,63946,6
山东财经大学,河北,物理类,2025,本科批,561,66470,85
山东中医药大学,河北,物理类,2025,本科批,561,66470,20
陕西中医药大学,河北,物理类,2025,本科批,561,66470,19
温州医科大学,河北,物理类,2025,本科批,561,66470,20
新疆大学,河北,物理类,2025,本科批,561,66470,214
延边大学,河北,物理类,2025,本科批,561,66470,97
重庆邮电大学,河北,物理类,2025,本科批,561,66470,150
大连海事大学,河北,物理类,2025,本科批,561,66470,146
广东金融学院,河北,物理类,2025,本科批,561,66470,6
华中农业大学,河北,物理类,2025,本科批,561,66470,212
上海立信会计金融学院,河北,物理类,2025,本科批,560,67726,51
北京印刷学院,河北,物理类,2025,本科批,560,67726,58
沈阳航空航天大学,河北,物理类,2025,本科批,560,67726,88
浙江工商大学,河北,物理类,2025,本科批,560,67726,39
长沙理工大学,河北,物理类,2025,本科批,560,67726,251
广东外语外贸大学,河北,物理类,2025,本科批,560,67726,19
中南民族大学,河北,物理类,2025,本科批,559,68977,40
广东技术师范大学,河北,物理类,2025,本科批,559,68977,3
河北民族师范学院,河北,物理类,2025,本科提前批B段,559,68977,174
河北医科大学,河北,物理类,2025,本科提前批B段,559,68977,98
石家庄铁道大学,河北,物理类,2025,本科提前批B段,558,70324,77
沈阳药科大学,河北,物理类,2025,本科批,557,71632,85
东北师范大学,河北,物理类,2025,本科批,557,71632,71
广东工业大学,河北,物理类,2025,本科批,557,71632,45
广东以色列理工学院,河北,物理类,2025,本科批,557,71632,16
广州中医药大学,河北,物理类,2025,本科批,557,71632,33
哈尔滨工程大学,河北,物理类,2025,本科批,557,71632,278
湖北师范大学,河北,物理类,2025,本科批,557,71632,7
中华女子学院,河北,物理类,2025,本科批,556,72914,18
大连外国语大学,河北,物理类,2025,本科批,556,72914,14
兰州交通大学,河北,物理类,2025,本科批,556,72914,204
深圳北理莫斯科大学,河北,物理类,2025,本科批,555,71632,10
石家庄铁道大学,河北,物理类,2025,本科批,555,74291,2209
江苏师范大学,河北,物理类,2025,本科批,555,74291,44
上海电机学院,河北,物理类,2025,本科提前批B段,555,74291,5
华南农业大学,河北,物理类,2025,本科提前批B段,555,74291,23
吉林大学,河北,物理类,2025,本科提前批C段,555,74291,18
西安科技大学,河北,物理类,2025,本科批,554,75607,94
中国人民警察大学,河北,物理类,2025,本科批,554,75607,46
甘肃政法大学,河北,物理类,2025,本科批,554,75607,22
哈尔滨理工大学,河北,物理类,2025,本科批,554,75607,149
西南民族大学,河北,物理类,2025,本科提前批B段,554,75607,10
闽江学院,河北,物理类,2025,本科批,553,76985,10
沈阳工程学院,河北,物理类,2025,本科批,553,76985,57
天津美术学院,河北,物理类,2025,本科批,553,76985,1
河北医科大学,河北,物理类,2025,本科批,553,76985,1218
河南医药大学,河北,物理类,2025,本科批,553,76985,20
湖南第一师范学院,河北,物理类,2025,本科批,553,76985,20
北京石油化工学院,河北,物理类,2025,本科批,552,78313,69
汕头大学,河北,物理类,2025,本科批,552,78313,40
上海政法学院,河北,物理类,2025,本科批,552,78313,50
石河子大学,河北,物理类,2025,本科批,552,78313,291
南昌航空大学,河北,物理类,2025,本科批,551,79754,150
南通大学,河北,物理类,2025,本科批,551,79754,33
西安石油大学,河北,物理类,2025,本科批,551,79754,77
中北大学,河北,物理类,2025,本科批,551,79754,320
杭州师范大学,河北,物理类,2025,本科批,551,79754,87
黑龙江大学,河北,物理类,2025,本科批,551,79754,40
河北大学,河北,物理类,2025,本科提前批B段,551,79754,72
南京晓庄学院,河北,物理类,2025,本科批,550,81112,7
云南警官学院,河北,物理类,2025,本科批,550,81112,1
浙江理工大学,河北,物理类,2025,本科批,550,81112,87
成都信息工程大学,河北,物理类,2025,本科批,550,81112,83
重庆交通大学,河北,物理类,2025,本科批,550,81112,98
北方工业大学,河北,物理类,2025,本科批,550,81112,55
防灾科技学院,河北,物理类,2025,本科提前批B段,550,81112,4
三峡大学,河北,物理类,2025,本科批,549,82490,143
天津商业大学,河北,物理类,2025,本科批,549,82490,213
西华大学,河北,物理类,2025,本科批,549,82490,49
上海工程技术大学,河北,物理类,2025,本科批,548,83898,82
天津理工大学,河北,物理类,2025,本科批,548,83898,179
浙江财经大学,河北,物理类,2025,本科批,548,83898,69
中国民用航空飞行学院,河北,物理类,2025,本科批,548,83898,77
重庆医科大学,河北,物理类,2025,本科批,548,83898,36
华南农业大学,河北,物理类,2025,本科批,548,83898,51
江苏第二师范学院,河北,物理类,2025,本科批,548,83898,6
山东第一医科大学,河北,物理类,2025,本科批,547,85258,65
山西大学,河北,物理类,2025,本科批,547,85258,143
上海第二工业大学,河北,物理类,2025,本科批,547,85258,93
福建师范大学,河北,物理类,2025,本科批,547,85258,90
山东第二医科大学,河北,物理类,2025,本科批,546,86664,20
四川农业大学,河北,物理类,2025,本科批,546,86664,143
云南大学,河北,物理类,2025,本科批,546,86664,170
浙江工业大学,河北,物理类,2025,本科批,546,86664,68
安徽医科大学,河北,物理类,2025,本科批,546,86664,19
湖北医药学院,河北,物理类,2025,本科批,546,86664,17
江苏科技大学,河北,物理类,2025,本科批,546,86664,92
河北中医药大学,河北,物理类,2025,本科提前批B段,546,82490,32
辽宁石油化工大学,河北,物理类,2025,本科批,545,88117,139
温州大学,河北,物理类,2025,本科批,545,88117,32
云南师范大学,河北,物理类,2025,本科批,545,88117,16
广东药科大学,河北,物理类,2025,本科批,545,88117,23
华东交通大学,河北,物理类,2025,本科批,545,88117,152
集美大学,河北,物理类,2025,本科批,545,88117,79
昆明医科大学,河北,物理类,2025,本科批,545,88117,26
四川外国语大学,河北,物理类,2025,本科提前批A段,545,88117,10
山东青年政治学院,河北,物理类,2025,本科批,544,89552,5
北师香港浸会大学,河北,物理类,2025,本科批,544,89552,36
皖南医学院,河北,物理类,2025,本科批,544,89552,20
西藏大学,河北,物理类,2025,本科批,544,89552,75
中国医科大学,河北,物理类,2025,本科批,544,89552,69
贵州大学,河北,物理类,2025,本科批,544,89552,114
海南大学,河北,物理类,2025,本科批,544,89552,185
华侨大学,河北,物理类,2025,本科批,544,89552,127
济南大学,河北,物理类,2025,本科批,544,89552,222
河北工程大学,河北,物理类,2025,本科提前批B段,544,89552,76
南京林业大学,河北,物理类,2025,本科批,543,91027,71
宁夏大学,河北,物理类,2025,本科批,543,91027,112
齐鲁工业大学,河北,物理类,2025,本科批,543,91027,146
上海应用技术大学,河北,物理类,2025,本科批,543,91027,80
首都体育学院,河北,物理类,2025,本科批,543,91027,5
西安工业大学,河北,物理类,2025,本科批,543,91027,64
西南医科大学,河北,物理类,2025,本科批,543,91027,38
天津中医药大学,河北,物理类,2025,本科批,542,92489,209
武汉工程大学,河北,物理类,2025,本科批,542,92489,129
西南民族大学,河北,物理类,2025,本科批,542,92489,145
浙大城市学院,河北,物理类,2025,本科批,542,92489,62
中国劳动关系学院,河北,物理类,2025,本科批,542,92489,46
成都理工大学,河北,物理类,2025,本科批,542,92489,217
桂林电子科技大学,河北,物理类,2025,本科批,542,92489,154
河南财经政法大学,河北,物理类,2025,本科批,542,92489,45
湖北大学,河北,物理类,2025,本科批,542,92489,85
天津外国语大学,河北,物理类,2025,本科批,541,93962,34
浙江中医药大学,河北,物理类,2025,本科批,541,93962,52
东北林业大学,河北,物理类,2025,本科批,541,93962,214
安徽中医药大学,河北,物理类,2025,本科批,541,93962,31
上海健康医学院,河北,物理类,2025,本科批,540,95459,40
武汉纺织大学,河北,物理类,2025,本科批,540,95459,95
西安工程大学,河北,物理类,2025,本科批,540,95459,142
遵义医科大学医学与科技学院,河北,物理类,2025,本科批,540,95459,5
川北医学院,河北,物理类,2025,本科批,540,95459,10
沈阳农业大学,河北,物理类,2025,本科提前批B段,540,95459,2
承德医学院,河北,物理类,2025,本科提前批B段,540,95459,52
四川师范大学,河北,物理类,2025,本科批,539,96962,86
烟台大学,河北,物理类,2025,本科批,539,96962,66
安徽医科大学临床医学院,河北,物理类,2025,本科批,539,96962,10
成都工业学院,河北,物理类,2025,本科批,539,96962,28
湖北中医药大学,河北,物理类,2025,本科批,539,96962,45
曲阜师范大学,河北,物理类,2025,本科批,538,98476,122
山东理工大学,河北,物理类,2025,本科批,538,98476,175
上海商学院,河北,物理类,2025,本科批,538,98476,23
四川轻化工大学,河北,物理类,2025,本科批,538,98476,24
天津中德应用技术大学,河北,物理类,2025,本科批,538,98476,96
五邑大学,河北,物理类,2025,本科批,538,98476,9
浙大宁波理工学院,河北,物理类,2025,本科批,538,98476,75
成都师范学院,河北,物理类,2025,本科批,538,95459,3
河南大学,河北,物理类,2025,本科批,538,98476,186
北京服装学院,河北,物理类,2025,本科批,538,98476,22
河北经贸大学,河北,物理类,2025,本科提前批B段,538,98476,58
临沂大学,河北,物理类,2025,本科批,537,99987,73
沈阳大学,河北,物理类,2025,本科批,537,99987,24
四川音乐学院,河北,物理类,2025,本科批,537,99987,1
苏州工学院,河北,物理类,2025,本科批,537,99987,13
成都体育学院,河北,物理类,2025,本科批,537,99987,5
重庆中医药学院,河北,物理类,2025,本科批,537,99987,26
广西中医药大学,河北,物理类,2025,本科批,537,99987,9
河南工学院,河北,物理类,2025,本科批,537,99987,58
山西农业大学,河北,物理类,2025,本科提前批A段,537,99987,6
河北科技大学,河北,物理类,2025,本科提前批B段,537,99987,79
内蒙古财经大学,河北,物理类,2025,本科批,536,101526,21
山东农业大学,河北,物理类,2025,本科批,536,101526,266
四川美术学院,河北,物理类,2025,本科批,536,101526,4
武汉科技大学,河北,物理类,2025,本科批,536,101526,80
西安建筑科技大学,河北,物理类,2025,本科批,536,101526,114
延安大学,河北,物理类,2025,本科批,536,101526,25
常州工学院,河北,物理类,2025,本科批,536,101526,10
大连交通大学,河北,物理类,2025,本科批,536,101526,77
东北农业大学,河北,物理类,2025,本科批,536,101526,92
东北石油大学,河北,物理类,2025,本科批,536,101526,101
安徽财经大学,河北,物理类,2025,本科批,536,101526,73
合肥理工学院,河北,物理类,2025,本科批,536,101526,10
金陵科技学院,河北,物理类,2025,本科批,536,101526,13
宁波诺丁汉大学,河北,物理类,2025,本科批,535,103048,47
山西财经大学,河北,物理类,2025,本科批,535,103048,91
贵州师范学院,河北,物理类,2025,本科批,535,103048,3
杭州医学院,河北,物理类,2025,本科批,535,103048,40
蚌埠医科大学,河北,物理类,2025,本科批,535,103048,20
河南中医药大学,河北,物理类,2025,本科批,535,103048,11
嘉兴南湖学院,河北,物理类,2025,本科批,535,103048,18
景德镇陶瓷大学,河北,物理类,2025,本科批,535,103048,30
山西医科大学,河北,物理类,2025,本科批,534,104591,84
沈阳医学院,河北,物理类,2025,本科批,534,104591,43
苏州科技大学,河北,物理类,2025,本科批,534,104591,26
西安财经大学,河北,物理类,2025,本科批,534,104591,39
徐州工程学院,河北,物理类,2025,本科批,534,103048,5
云南民族大学,河北,物理类,2025,本科批,534,104591,13
浙江农林大学,河北,物理类,2025,本科批,534,104591,71
成都医学院,河北,物理类,2025,本科批,534,104591,26
成都中医药大学,河北,物理类,2025,本科批,534,104591,40
大连海洋大学,河北,物理类,2025,本科批,534,104591,54
广东医科大学,河北,物理类,2025,本科批,534,104591,20
河北工程大学,河北,物理类,2025,本科批,534,104591,194
湖南工学院,河北,物理类,2025,本科批,534,104591,30
北京工商大学,河北,物理类,2025,本科批,534,104591,65
嘉兴大学,河北,物理类,2025,本科批,534,104591,160
江西理工大学,河北,物理类,2025,本科批,534,104591,137
河北地质大学,河北,物理类,2025,本科提前批B段,534,104591,79
华北理工大学,河北,物理类,2025,本科提前批B段,534,104591,75
山西中医药大学,河北,物理类,2025,本科批,533,106095,66
沈阳化工大学,河北,物理类,2025,本科批,533,106095,128
天津职业技术师范大学,河北,物理类,2025,本科批,533,106095,35
温州理工学院,河北,物理类,2025,本科批,533,106095,10
武汉体育学院,河北,物理类,2025,本科批,533,106095,7
西北师范大学,河北,物理类,2025,本科批,533,106095,78
肇庆医学院,河北,物理类,2025,本科批,533,106095,3
湖南医药学院,河北,物理类,2025,本科批,533,106095,9
湖南中医药大学,河北,物理类,2025,本科批,533,106095,161
江苏理工学院,河北,物理类,2025,本科批,533,106095,23
河北北方学院,河北,物理类,2025,本科提前批B段,533,106095,50
沈阳工业大学,河北,物理类,2025,本科批,532,107712,133
浙江传媒学院,河北,物理类,2025,本科批,532,107712,29
安徽理工大学,河北,物理类,2025,本科批,532,107712,357
安徽农业大学,河北,物理类,2025,本科批,532,107712,133
赣南医科大学,河北,物理类,2025,本科批,532,107712,10
合肥大学,河北,物理类,2025,本科批,532,107712,31
鲁迅美术学院,河北,物理类,2025,本科批,531,109287,1
牡丹江医科大学,河北,物理类,2025,本科批,531,109287,30
南华大学,河北,物理类,2025,本科批,531,109287,208
四川外国语大学,河北,物理类,2025,本科批,531,109287,21
太原科技大学,河北,物理类,2025,本科批,531,109287,354
信阳师范大学,河北,物理类,2025,本科批,531,109287,10
浙江海洋大学,河北,物理类,2025,本科批,531,109287,152
大连工业大学,河北,物理类,2025,本科批,531,109287,157
阜阳师范大学,河北,物理类,2025,本科批,531,109287,22
广东海洋大学,河北,物理类,2025,本科批,531,109287,33
安庆师范大学,河北,物理类,2025,本科批,531,109287,50
河北中医药大学,河北,物理类,2025,本科批,531,109287,1041
湖南科技大学,河北,物理类,2025,本科批,531,109287,270
南京体育学院,河北,物理类,2025,本科批,530,110872,2
无锡学院,河北,物理类,2025,本科批,530,110872,34
西安文理学院,河北,物理类,2025,本科批,530,110872,29
遵义医科大学,河北,物理类,2025,本科批,530,110872,34
安徽建筑大学,河北,物理类,2025,本科批,530,110872,110
大理大学,河北,物理类,2025,本科批,530,110872,40
大连民族大学,河北,物理类,2025,本科批,530,110872,239
德州学院,河北,物理类,2025,本科批,530,110872,5
桂林理工大学,河北,物理类,2025,本科批,530,110872,58
蚌埠学院,河北,物理类,2025,本科批,530,110872,5
河南工业大学,河北,物理类,2025,本科批,530,110872,233
黑龙江中医药大学,河北,物理类,2025,本科批,530,110872,90
湖南农业大学,河北,物理类,2025,本科批,530,110872,147
江西中医药大学,河北,物理类,2025,本科批,530,110872,30
河北农业大学,河北,物理类,2025,本科提前批B段,530,110872,77
辽宁中医药大学,河北,物理类,2025,本科批,529,112447,72
北京语言大学,河北,物理类,2025,本科批,529,112447,49
武汉商学院,河北,物理类,2025,本科批,529,112447,12
遵义师范学院,河北,物理类,2025,本科批,529,112447,2
重庆电子科技职业大学,河北,物理类,2025,本科批,529,112447,95
哈尔滨金融学院,河北,物理类,2025,本科批,529,112447,6
河南理工大学,河北,物理类,2025,本科批,529,112447,263
湖北第二师范学院,河北,物理类,2025,本科批,529,112447,14
吉林铁道职业技术大学,河北,物理类,2025,本科批,529,112447,59
江苏海洋大学,河北,物理类,2025,本科批,529,112447,56
山东科技大学,河北,物理类,2025,本科批,528,114051,144
山西电子科技学院,河北,物理类,2025,本科批,528,114051,20
沈阳农业大学,河北,物理类,2025,本科批,528,114051,132
西华师范大学,河北,物理类,2025,本科批,528,114051,36
福建医科大学,河北,物理类,2025,本科批,528,114051,33
湖北科技学院,河北,物理类,2025,本科批,528,114051,22
中国劳动关系学院,河北,物理类,2025,本科提前批B段,528,114051,15
安徽工程大学,河北,物理类,2025,本科批,527,115590,112
山东政法学院,河北,物理类,2025,本科批,527,115590,26
山西师范大学,河北,物理类,2025,本科批,527,115590,48
浙江机电职业技术大学,河北,物理类,2025,本科批,527,115590,24
东华理工大学,河北,物理类,2025,本科批,527,115590,185
华北理工大学,河北,物理类,2025,本科批,527,115590,249
吉林师范大学,河北,物理类,2025,本科批,527,115590,63
佳木斯大学,河北,物理类,2025,本科批,527,115590,102
江西农业大学,河北,物理类,2025,本科批,527,115590,82
兰州理工大学,河北,物理类,2025,本科批,527,115590,192
南宁师范大学,河北,物理类,2025,本科批,526,117158,23
宁夏医科大学,河北,物理类,2025,本科批,526,117158,53
安徽工业大学,河北,物理类,2025,本科批,526,117158,155
滨州医学院,河北,物理类,2025,本科批,526,117158,30
台州学院,河北,物理类,2025,本科批,526,117158,10
西安理工大学,河北,物理类,2025,本科批,526,117158,97
燕山大学,河北,物理类,2025,本科批,526,117158,259
浙江外国语学院,河北,物理类,2025,本科批,526,117158,18
湖北医药学院药护学院,河北,物理类,2025,本科批,526,117158,14
东北电力大学,河北,物理类,2025,本科批,526,117158,174
广西医科大学,河北,物理类,2025,本科批,526,117158,13
江西财经大学,河北,物理类,2025,本科批,526,117158,77
洛阳师范学院,河北,物理类,2025,本科批,525,118812,26
南昌医学院,河北,物理类,2025,本科批,525,118812,39
山东石油化工学院,河北,物理类,2025,本科批,525,118812,30
绍兴文理学院,河北,物理类,2025,本科批,525,118812,57
盐城工学院,河北,物理类,2025,本科批,525,118812,5
长春理工大学,河北,物理类,2025,本科批,525,118812,205
云南中医药大学,河北,物理类,2025,本科批,525,118812,18
长治学院,河北,物理类,2025,本科批,525,118812,5
珠海科技学院,河北,物理类,2025,本科批,525,118812,21
福建中医药大学,河北,物理类,2025,本科批,525,118812,27
河北地质大学,河北,物理类,2025,本科批,525,118812,1294
黑龙江科技大学,河北,物理类,2025,本科批,525,118812,73
湖州师范学院,河北,物理类,2025,本科批,525,118812,36
内蒙古工业大学,河北,物理类,2025,本科批,524,120435,168
山西大同大学,河北,物理类,2025,本科批,524,120435,35
山西医药学院,河北,物理类,2025,本科批,524,120435,25
天津农学院,河北,物理类,2025,本科批,524,120435,127
厦门理工学院,河北,物理类,2025,本科批,524,120435,38
盐城师范学院,河北,物理类,2025,本科批,524,120435,5
甘肃医学院,河北,物理类,2025,本科批,524,120435,5
广东石油化工学院,河北,物理类,2025,本科批,524,120435,10
湖北民族大学,河北,物理类,2025,本科批,524,120435,21
北京联合大学,河北,物理类,2025,本科批,523,122069,52
山西农业大学,河北,物理类,2025,本科批,523,122069,216
郑州轻工业大学,河北,物理类,2025,本科批,523,122069,158
池州学院,河北,物理类,2025,本科批,523,122069,10
重庆三峡学院,河北,物理类,2025,本科批,523,122069,46
防灾科技学院,河北,物理类,2025,本科批,523,122069,283
北华航天工业学院,河北,物理类,2025,本科批,523,122069,1644
内蒙古科技大学,河北,物理类,2025,本科批,522,123731,213
内蒙古农业大学,河北,物理类,2025,本科批,522,123731,172
山东农业工程学院,河北,物理类,2025,本科批,522,123731,22
陕西科技大学,河北,物理类,2025,本科批,522,123731,127
沈阳理工大学,河北,物理类,2025,本科批,522,123731,94
厦门医学院,河北,物理类,2025,本科批,522,123731,55
长春工业大学,河北,物理类,2025,本科批,522,123731,164
浙江水利水电学院,河北,物理类,2025,本科批,522,123731,39
中南林业科技大学,河北,物理类,2025,本科批,522,123731,262
重庆科技大学,河北,物理类,2025,本科批,522,123731,71
重庆师范大学,河北,物理类,2025,本科批,522,123731,33
济宁医学院,河北,物理类,2025,本科批,522,123731,40
岭南师范学院,河北,物理类,2025,本科批,521,125369,31
民政职业大学,河北,物理类,2025,本科批,521,125369,55
南京特殊教育师范学院,河北,物理类,2025,本科批,521,125369,15
攀枝花学院,河北,物理类,2025,本科批,521,125369,12
青海师范大学,河北,物理类,2025,本科批,521,125369,21
西北民族大学,河北,物理类,2025,本科批,521,125369,76
新疆警察学院,河北,物理类,2025,本科批,521,125369,7
宜宾学院,河北,物理类,2025,本科批,521,125369,31
长春中医药大学,河北,物理类,2025,本科批,521,125369,134
东莞理工学院,河北,物理类,2025,本科批,521,125369,21
合肥师范学院,河北,物理类,2025,本科批,521,125369,95
河南师范大学,河北,物理类,2025,本科批,521,125369,66
衡阳师范学院,河北,物理类,2025,本科批,521,125369,13
湖南理工学院,河北,物理类,2025,本科批,521,125369,50
湖州学院,河北,物理类,2025,本科批,521,125369,54
华北科技学院,河北,物理类,2025,本科批,521,125369,346
吉首大学,河北,物理类,2025,本科批,521,125369,76
金华职业技术大学,河北,物理类,2025,本科批,521,125369,18
辽宁工程技术大学,河北,物理类,2025,本科批,520,127001,195
闽南师范大学,河北,物理类,2025,本科批,520,127001,27
内江师范学院,河北,物理类,2025,本科批,520,127001,31
绍兴理工学院,河北,物理类,2025,本科批,520,127001,57
南京邮电大学通达学院,河北,物理类,2025,本科批,520,127001,24
承德医学院,河北,物理类,2025,本科批,520,127001,1708
汉江师范学院,河北,物理类,2025,本科批,520,127001,9
河北农业大学,河北,物理类,2025,本科批,520,127001,5390
吉林农业大学,河北,物理类,2025,本科批,520,127001,194
塔里木大学,河北,物理类,2025,本科提前批B段,520,127001,7
宁波工程学院,河北,物理类,2025,本科批,519,128615,126
山东建筑大学,河北,物理类,2025,本科批,519,128615,42
潍坊学院,河北,物理类,2025,本科批,519,128615,42
梧州学院,河北,物理类,2025,本科批,519,128615,3
许昌学院,河北,物理类,2025,本科批,519,128615,58
河北医科大学临床学院,河北,物理类,2025,本科批,519,128615,398
长沙医学院,河北,物理类,2025,本科批,519,128615,12
甘肃农业大学,河北,物理类,2025,本科批,519,128615,127
广西师范大学,河北,物理类,2025,本科批,519,128615,41
贵州民族大学,河北,物理类,2025,本科批,519,128615,45
哈尔滨商业大学,河北,物理类,2025,本科批,519,128615,105
哈尔滨师范大学,河北,物理类,2025,本科批,519,128615,62
河南科技学院,河北,物理类,2025,本科批,519,128615,43
北方民族大学,河北,物理类,2025,本科批,519,128615,68
惠州学院,河北,物理类,2025,本科批,519,128615,6
济宁学院,河北,物理类,2025,本科批,519,128615,5
江西科技师范大学,河北,物理类,2025,本科批,519,128615,44
凯里学院,河北,物理类,2025,本科批,519,128615,11
兰州财经大学,河北,物理类,2025,本科批,519,128615,44
绵阳师范学院,河北,物理类,2025,本科批,518,130251,4
宁夏师范大学,河北,物理类,2025,本科批,518,130251,33
青岛理工大学,河北,物理类,2025,本科批,518,130251,179
山东师范大学,河北,物理类,2025,本科批,518,130251,104
太原工业学院,河北,物理类,2025,本科批,518,130251,105
渭南师范学院,河北,物理类,2025,本科批,518,130251,14
新疆医科大学,河北,物理类,2025,本科批,518,130251,111
新余学院,河北,物理类,2025,本科批,518,130251,19
电子科技大学成都学院,河北,物理类,2025,本科批,518,130251,35
重庆工商大学,河北,物理类,2025,本科批,518,130251,79
福建江夏学院,河北,物理类,2025,本科批,518,130251,40
哈尔滨学院,河北,物理类,2025,本科批,518,130251,7
黑龙江八一农垦大学,河北,物理类,2025,本科批,518,130251,99
淮北师范大学,河北,物理类,2025,本科批,518,130251,50
内蒙古医科大学,河北,物理类,2025,本科批,517,131912,54
齐齐哈尔大学,河北,物理类,2025,本科批,517,131912,46
陕西理工大学,河北,物理类,2025,本科批,517,131912,23
西安体育学院,河北,物理类,2025,本科批,517,131912,4
运城学院,河北,物理类,2025,本科批,517,131912,40
巢湖学院,河北,物理类,2025,本科批,517,131912,30
赣东学院,河北,物理类,2025,本科批,517,131912,24
河北师范大学,河北,物理类,2025,本科批,517,131912,2718
河南农业大学,河北,物理类,2025,本科批,517,131912,100
黑龙江工程学院,河北,物理类,2025,本科批,517,131912,46
湖北工业大学,河北,物理类,2025,本科批,517,131912,141
乐山师范学院,河北,物理类,2025,本科批,516,133592,10
山东航空学院,河北,物理类,2025,本科批,516,133592,40
山东女子学院,河北,物理类,2025,本科批,516,133592,19
沈阳师范大学,河北,物理类,2025,本科批,516,133592,53
天水师范大学,河北,物理类,2025,本科批,516,133592,11
成都大学,河北,物理类,2025,本科批,516,133592,77
福建理工大学,河北,物理类,2025,本科批,516,133592,51
甘肃中医药大学,河北,物理类,2025,本科批,516,133592,78
贵州商学院,河北,物理类,2025,本科批,516,133592,8
桂林航天工业学院,河北,物理类,2025,本科批,516,133592,56
湖北理工学院,河北,物理类,2025,本科批,516,133592,40
淮南师范学院,河北,物理类,2025,本科批,516,133592,44
南昌师范学院,河北,物理类,2025,本科批,515,135284,10
青岛科技大学,河北,物理类,2025,本科批,515,135284,127
山东管理学院,河北,物理类,2025,本科批,515,135284,110
西藏民族大学,河北,物理类,2025,本科批,515,135284,50
云南财经大学,河北,物理类,2025,本科批,515,135284,85
安徽科技学院,河北,物理类,2025,本科批,515,135284,20
重庆第二师范学院,河北,物理类,2025,本科批,515,135284,16
北部湾大学,河北,物理类,2025,本科批,515,135284,40
怀化学院,河北,物理类,2025,本科批,515,135284,48
淮阴工学院,河北,物理类,2025,本科批,515,135284,44
江西飞行学院,河北,物理类,2025,本科批,515,135284,56
兰州工业学院,河北,物理类,2025,本科批,515,135284,32
兰州资源环境职业技术大学,河北,物理类,2025,本科批,514,136965,12
泉州师范学院,河北,物理类,2025,本科批,514,136965,69
山西工学院,河北,物理类,2025,本科批,514,136965,85
四川文理学院,河北,物理类,2025,本科批,514,136965,11
温州肯恩大学,河北,物理类,2025,本科批,514,136965,54
西安航空学院,河北,物理类,2025,本科批,514,136965,21
肇庆学院,河北,物理类,2025,本科批,514,136965,6
贵阳康养职业大学,河北,物理类,2025,本科批,514,136965,6
景德镇学院,河北,物理类,2025,本科批,514,131912,11
九江学院,河北,物理类,2025,本科批,514,136965,35
衢州学院,河北,物理类,2025,本科批,513,138592,18
宿州学院,河北,物理类,2025,本科批,513,131912,24
西南林业大学,河北,物理类,2025,本科批,513,138592,65
信阳农林学院,河北,物理类,2025,本科批,513,138592,22
浙江药科职业大学,河北,物理类,2025,本科批,513,138592,65
长江师范学院,河北,物理类,2025,本科批,513,138592,77
长沙学院,河北,物理类,2025,本科批,513,138592,18
长治医学院,河北,物理类,2025,本科批,513,138592,44
西南财经大学天府学院,河北,物理类,2025,本科批,513,138592,7
贵州理工学院,河北,物理类,2025,本科批,513,138592,5
菏泽学院,河北,物理类,2025,本科批,513,138592,18
保定学院,河北,物理类,2025,本科批,513,138592,1387
华北水利水电大学,河北,物理类,2025,本科批,513,138592,175
吉林警察学院,河北,物理类,2025,本科批,513,138592,31
井冈山大学,河北,物理类,2025,本科批,513,138592,91
商洛学院,河北,物理类,2025,本科批,512,140302,17
沈阳体育学院,河北,物理类,2025,本科批,512,140302,11
中原工学院,河北,物理类,2025,本科批,512,140302,63
大庆师范学院,河北,物理类,2025,本科批,512,140302,16
福建商学院,河北,物理类,2025,本科批,512,140302,33
赣南科技学院,河北,物理类,2025,本科批,512,140302,20
广东轻工职业技术大学,河北,物理类,2025,本科批,512,140302,2
韩山师范学院,河北,物理类,2025,本科批,512,140302,2
海南热带海洋学院,河北,物理类,2025,本科提前批A段,512,140302,5
南京工程学院,河北,物理类,2025,本科批,511,142016,73
陕西学前师范学院,河北,物理类,2025,本科批,511,142016,23
太原学院,河北,物理类,2025,本科批,511,142016,32
西安医学院,河北,物理类,2025,本科批,511,142016,21
苏州大学应用技术学院,河北,物理类,2025,本科批,511,142016,5
广西警察学院,河北,物理类,2025,本科批,511,142016,2
河池学院,河北,物理类,2025,本科批,511,142016,24
宝鸡文理学院,河北,物理类,2025,本科批,511,142016,122
湖北汽车工业学院,河北,物理类,2025,本科批,511,142016,32
淮阴师范学院,河北,物理类,2025,本科批,511,142016,58
辽宁科技大学,河北,物理类,2025,本科批,510,143731,179
南阳师范学院,河北,物理类,2025,本科批,510,143731,85
内蒙古科技大学包头师范学院,河北,物理类,2025,本科批,510,143731,23
内蒙古科技大学包头医学院,河北,物理类,2025,本科批,510,143731,43
山西工程技术学院,河北,物理类,2025,本科批,510,143731,60
四川工程职业技术大学,河北,物理类,2025,本科批,510,143731,30
亳州学院,河北,物理类,2025,本科批,510,143731,20
渤海大学,河北,物理类,2025,本科批,510,143731,109
玉溪师范学院,河北,物理类,2025,本科批,510,143731,8
鞍山师范学院,河北,物理类,2025,本科批,510,143731,11
河北经贸大学,河北,物理类,2025,本科批,510,143731,1665
湖南工商大学,河北,物理类,2025,本科批,510,143731,34
昆明学院,河北,物理类,2025,本科批,510,143731,25
兰州文理学院,河北,物理类,2025,本科批,509,145351,15
丽水学院,河北,物理类,2025,本科批,509,145351,106
辽宁科技学院,河北,物理类,2025,本科批,509,145351,63
萍乡学院,河北,物理类,2025,本科批,509,145351,3
山西能源学院,河北,物理类,2025,本科批,509,145351,35
营口理工学院,河北,物理类,2025,本科批,509,145351,51
郑州工程技术学院,河北,物理类,2025,本科批,509,145351,16
贵州医科大学,河北,物理类,2025,本科批,509,145351,45
贵州中医药大学,河北,物理类,2025,本科批,509,145351,51
黄冈师范学院,河北,物理类,2025,本科批,509,145351,18
吉林化工大学,河北,物理类,2025,本科批,509,145351,264
吉林建筑大学,河北,物理类,2025,本科批,509,145351,83
锦州医科大学,河北,物理类,2025,本科批,509,145351,62
晋中学院,河北,物理类,2025,本科批,509,145351,54
荆楚理工学院,河北,物理类,2025,本科批,509,145351,20
普洱学院,河北,物理类,2025,本科批,508,147056,5
韶关学院,河北,物理类,2025,本科批,508,147056,30
邵阳学院,河北,物理类,2025,本科批,508,140302,55
长春大学,河北,物理类,2025,本科批,508,147056,89
广西科技师范学院,河北,物理类,2025,本科批,508,147056,22
安顺学院,河北,物理类,2025,本科批,508,147056,4
哈尔滨体育学院,河北,物理类,2025,本科批,508,147056,2
河南科技大学,河北,物理类,2025,本科批,508,147056,100
湖南财政经济学院,河北,物理类,2025,本科批,508,147056,24
湖南女子学院,河北,物理类,2025,本科批,508,147056,19
湖南人文科技学院,河北,物理类,2025,本科批,508,147056,7
商丘师范学院,河北,物理类,2025,本科批,507,148725,49
武汉轻工大学,河北,物理类,2025,本科批,507,148725,50
湘南学院,河北,物理类,2025,本科批,507,148725,56
南京审计大学金审学院,河北,物理类,2025,本科批,507,148725,17
安康学院,河北,物理类,2025,本科批,507,148725,24
哈尔滨医科大学,河北,物理类,2025,本科批,507,148725,65
湖南科技学院,河北,物理类,2025,本科批,507,148725,33
集宁师范学院,河北,物理类,2025,本科批,507,148725,15
北京农学院,河北,物理类,2025,本科批,506,150409,75
北京体育大学,河北,物理类,2025,本科批,506,150409,22
新疆第二医学院,河北,物理类,2025,本科批,506,150409,37
右江民族医学院,河北,物理类,2025,本科批,506,145351,11
玉林师范学院,河北,物理类,2025,本科批,506,150409,10
枣庄学院,河北,物理类,2025,本科批,506,150409,30
广西中医药大学赛恩斯新医药学院,河北,物理类,2025,本科批,506,150409,20
赤峰学院,河北,物理类,2025,本科批,506,150409,41
豫北医学院,河北,物理类,2025,本科批,506,150409,5
福建技术师范学院,河北,物理类,2025,本科批,506,150409,46
哈尔滨职业技术大学,河北,物理类,2025,本科批,506,143731,95
河北大学,河北,物理类,2025,本科批,506,150409,3235
河北科技大学,河北,物理类,2025,本科批,506,150409,3526
湖北工程学院,河北,物理类,2025,本科批,506,150409,33
江西水利电力大学,河北,物理类,2025,本科批,506,150409,107
兰州城市学院,河北,物理类,2025,本科批,506,150409,50
辽宁工业大学,河北,物理类,2025,本科批,505,152124,80
平顶山学院,河北,物理类,2025,本科批,505,152124,12
青海理工学院,河北,物理类,2025,本科批,505,152124,98
曲靖师范学院,河北,物理类,2025,本科批,505,152124,18
新疆财经大学,河北,物理类,2025,本科批,505,152124,83
邢台学院,河北,物理类,2025,本科批,505,152124,1372
杭州电子科技大学信息工程学院,河北,物理类,2025,本科批,505,152124,105
温州医科大学仁济学院,河北,物理类,2025,本科批,505,152124,10
朝阳师范学院,河北,物理类,2025,本科批,505,152124,10
安阳师范学院,河北,物理类,2025,本科批,505,152124,42
湖南城市学院,河北,物理类,2025,本科批,505,152124,39
黄淮学院,河北,物理类,2025,本科批,505,152124,125
吉林艺术学院,河北,物理类,2025,本科批,505,152124,2
山东工艺美术学院,河北,物理类,2025,本科批,504,153782,15
绥化学院,河北,物理类,2025,本科批,504,153782,57
泰山学院,河北,物理类,2025,本科批,504,153782,61
忻州师范学院,河北,物理类,2025,本科批,504,153782,49
长春师范大学,河北,物理类,2025,本科批,504,153782,34
浙江万里学院,河北,物理类,2025,本科批,504,153782,183
三峡大学科技学院,河北,物理类,2025,本科批,504,153782,19
广西民族师范学院,河北,物理类,2025,本科批,504,153782,15
海南医科大学,河北,物理类,2025,本科批,504,153782,61
河南牧业经济学院,河北,物理类,2025,本科批,504,153782,45
山西传媒学院,河北,物理类,2025,本科批,503,155469,30
上饶师范学院,河北,物理类,2025,本科批,503,155469,24
唐山学院,河北,物理类,2025,本科批,503,155469,2965
天津城建大学,河北,物理类,2025,本科批,503,155469,151
常州大学怀德学院,河北,物理类,2025,本科批,503,155469,9
上海财经大学浙江学院,河北,物理类,2025,本科批,503,155469,27
浙江工业大学之江学院,河北,物理类,2025,本科批,503,155469,25
楚雄师范学院,河北,物理类,2025,本科批,503,155469,17
福建农林大学,河北,物理类,2025,本科批,503,155469,140
甘肃民族师范学院,河北,物理类,2025,本科批,503,155469,8
广西科技大学,河北,物理类,2025,本科批,503,155469,87
贵州工程应用技术学院,河北,物理类,2025,本科批,503,155469,10
白城师范学院,河北,物理类,2025,本科批,503,155469,126
黑河学院,河北,物理类,2025,本科批,503,155469,39
黄山学院,河北,物理类,2025,本科批,503,155469,50
江西职业技术大学,河北,物理类,2025,本科批,503,155469,30
昆明理工大学,河北,物理类,2025,本科批,503,155469,134
牡丹江师范学院,河北,物理类,2025,本科批,502,157169,24
塔里木大学,河北,物理类,2025,本科批,502,157169,354
西南科技大学,河北,物理类,2025,本科批,502,157169,149
新乡学院,河北,物理类,2025,本科批,502,157169,63
邢台医学院,河北,物理类,2025,本科批,502,157169,1294
郑州航空工业管理学院,河北,物理类,2025,本科批,502,157169,114
贵州中医药大学时珍学院,河北,物理类,2025,本科批,502,157169,10
南昌航空大学科技学院,河北,物理类,2025,本科批,502,157169,7
南京传媒学院,河北,物理类,2025,本科批,502,155469,4
鄂尔多斯应用技术学院,河北,物理类,2025,本科批,502,157169,46
广西财经学院,河北,物理类,2025,本科批,502,157169,28
贵州财经大学,河北,物理类,2025,本科批,502,157169,20
河北民族师范学院,河北,物理类,2025,本科批,502,157169,803
吉林工程技术师范学院,河北,物理类,2025,本科批,502,157169,125
吉林医药学院,河北,物理类,2025,本科批,502,157169,53
辽东学院,河北,物理类,2025,本科批,501,158849,23
六盘水师范学院,河北,物理类,2025,本科批,501,158849,10
沈阳建筑大学,河北,物理类,2025,本科批,501,158849,97
沧州师范学院,河北,物理类,2025,本科批,501,158849,1905
张家口学院,河北,物理类,2025,本科批,501,158849,1498
天津理工大学中环信息学院,河北,物理类,2025,本科批,501,158849,108
武汉工程科技学院,河北,物理类,2025,本科批,501,158849,2
湖北文理学院,河北,物理类,2025,本科批,501,158849,39
湖南文理学院,河北,物理类,2025,本科批,501,158849,19
吉林工商学院,河北,物理类,2025,本科批,501,158849,140
吉林农业科技学院,河北,物理类,2025,本科批,501,158849,126
辽宁师范大学,河北,物理类,2025,本科批,500,160507,68
龙岩学院,河北,物理类,2025,本科批,500,160507,68
陇东学院,河北,物理类,2025,本科批,500,160507,16
齐齐哈尔医学院,河北,物理类,2025,本科批,500,160507,36
青岛农业大学,河北,物理类,2025,本科批,500,160507,125
唐山工业职业技术大学,河北,物理类,2025,本科批,500,160507,885
唐山师范学院,河北,物理类,2025,本科批,500,160507,1529
武夷学院,河北,物理类,2025,本科批,500,160507,45
长春汽车职业技术大学,河北,物理类,2025,本科批,500,160507,289
重庆工商大学派斯学院,河北,物理类,2025,本科批,500,160507,10
赣南师范大学科技学院,河北,物理类,2025,本科批,500,160507,7
湖北工业大学工程技术学院,河北,物理类,2025,本科批,500,160507,12
湖北经济学院法商学院,河北,物理类,2025,本科批,500,160507,7
湖北师范大学文理学院,河北,物理类,2025,本科批,500,153782,5
武汉东湖学院,河北,物理类,2025,本科批,500,160507,11
河北建筑工程学院,河北,物理类,2025,本科批,500,160507,2623
河北水利电力学院,河北,物理类,2025,本科批,500,160507,2302
黑龙江工业学院,河北,物理类,2025,本科批,500,160507,43
红河学院,河北,物理类,2025,本科批,500,160507,9
呼伦贝尔学院,河北,物理类,2025,本科批,500,155469,26
廊坊师范学院,河北,物理类,2025,本科批,499,162246,1354
吕梁学院,河北,物理类,2025,本科批,499,162246,99
山西工程科技职业大学,河北,物理类,2025,本科批,499,162246,38
新疆政法学院,河北,物理类,2025,本科批,499,162246,97
宜春学院,河北,物理类,2025,本科批,499,162246,53
长春职业技术大学,河北,物理类,2025,本科批,499,162246,101
长江大学,河北,物理类,2025,本科批,499,162246,371
东南大学成贤学院,河北,物理类,2025,本科批,499,162246,18
江苏科技大学苏州理工学院,河北,物理类,2025,本科批,499,162246,7
齐鲁医药学院,河北,物理类,2025,本科批,499,162246,18
大连大学,河北,物理类,2025,本科批,499,162246,58
桂林医科大学,河北,物理类,2025,本科批,499,162246,13
河北北方学院,河北,物理类,2025,本科批,499,162246,3260
河北工业职业技术大学,河北,物理类,2025,本科批,499,162246,1897
百色学院,河北,物理类,2025,本科批,499,162246,16
河北石油职业技术大学,河北,物理类,2025,本科批,499,162246,1534
河南财政金融学院,河北,物理类,2025,本科批,499,162246,27
北华大学,河北,物理类,2025,本科批,499,162246,140
南阳理工学院,河北,物理类,2025,本科批,498,163962,79
青海职业技术大学,河北,物理类,2025,本科批,498,163962,18
新疆交通职业技术大学,河北,物理类,2025,本科批,498,157169,18
云南农业大学,河北,物理类,2025,本科批,498,163962,58
四川大学锦江学院,河北,物理类,2025,本科批,498,163962,15
湖北商贸学院,河北,物理类,2025,本科批,498,163962,2
信阳学院,河北,物理类,2025,本科批,498,163962,5
重庆文理学院,河北,物理类,2025,本科批,498,163962,51
河北体育学院,河北,物理类,2025,本科批,498,163962,120
河南城建学院,河北,物理类,2025,本科批,498,163962,181
河西学院,河北,物理类,2025,本科批,498,163962,42
贺州学院,河北,物理类,2025,本科批,498,163962,21
吉林财经大学,河北,物理类,2025,本科批,498,163962,66
深圳信息职业技术大学,河北,物理类,2025,高职专科,498,163962,10
兰州石化职业技术大学,河北,物理类,2025,本科批,497,165687,24
乌鲁木齐职业大学,河北,物理类,2025,本科批,497,165687,10
浙江科技大学,河北,物理类,2025,本科批,497,165687,94
南京财经大学红山学院,河北,物理类,2025,本科批,497,165687,41
山东财经大学东方学院,河北,物理类,2025,本科批,497,165687,25
成都东软学院,河北,物理类,2025,本科批,497,160507,20
茅台学院,河北,物理类,2025,本科批,497,165687,24
绵阳城市学院,河北,物理类,2025,本科批,497,162246,5
四川工业科技学院,河北,物理类,2025,本科批,497,165687,7
武汉晴川学院,河北,物理类,2025,本科批,497,165687,9
河北科技工程职业技术大学,河北,物理类,2025,本科批,497,165687,2268
石家庄学院,河北,物理类,2025,本科批,496,167370,2395
昌吉学院,河北,物理类,2025,本科批,496,167370,341
新疆科技学院,河北,物理类,2025,本科批,496,167370,153
新疆艺术学院,河北,物理类,2025,本科批,496,167370,7
榆林学院,河北,物理类,2025,本科批,496,167370,13
河北经贸大学经济管理学院,河北,物理类,2025,本科批,496,167370,881
湖南农业大学东方科技学院,河北,物理类,2025,本科批,496,160507,7
江西财经大学现代经济管理学院,河北,物理类,2025,本科批,496,167370,16
南京工业大学浦江学院,河北,物理类,2025,本科批,496,167370,16
南宁师范大学师园学院,河北,物理类,2025,本科批,496,165687,10
天津外国语大学滨海外事学院,河北,物理类,2025,本科批,496,167370,9
天津医科大学临床医学院,河北,物理类,2025,本科批,496,167370,64
武汉工程大学邮电与信息工程学院,河北,物理类,2025,本科批,496,167370,5
厦门大学嘉庚学院,河北,物理类,2025,本科批,496,167370,65
重庆机电职业技术大学,河北,物理类,2025,本科批,496,160507,20
江西工程学院,河北,物理类,2025,本科批,496,160507,3
南昌应用技术师范学院,河北,物理类,2025,本科批,496,163962,21
山西晋中理工学院,河北,物理类,2025,本科批,496,162246,22
郑州科技学院,河北,物理类,2025,本科批,496,167370,25
河北科技师范学院,河北,物理类,2025,本科批,496,167370,2729
河南工程学院,河北,物理类,2025,本科批,496,167370,62
吉林体育学院,河北,物理类,2025,本科批,496,167370,19
四川交通职业技术学院,河北,物理类,2025,高职专科,496,167370,1
洛阳理工学院,河北,物理类,2025,本科批,495,169008,130
四川旅游学院,河北,物理类,2025,本科批,495,169008,20
新疆工程学院,河北,物理类,2025,本科批,495,169008,174
江西师范大学科学技术学院,河北,物理类,2025,本科批,495,169008,10
天津商业大学宝德学院,河北,物理类,2025,本科批,495,169008,73
黄河科技学院,河北,物理类,2025,本科批,495,169008,22
武汉生物工程学院,河北,物理类,2025,本科批,495,169008,14
滇西应用技术大学,河北,物理类,2025,本科批,495,169008,22
喀什大学,河北,物理类,2025,本科批,495,169008,216
中国民用航空飞行学院,河北,物理类,2025,高职专科,495,169008,10
太原师范学院,河北,物理类,2025,本科批,494,170629,46
西藏农牧学院,河北,物理类,2025,本科批,494,170629,63
新疆工业学院,河北,物理类,2025,本科批,494,162246,160
新疆和田学院,河北,物理类,2025,本科批,494,170629,85
新疆农业职业技术大学,河北,物理类,2025,本科批,494,170629,56
伊犁师范大学,河北,物理类,2025,本科批,494,170629,281
河北农业大学现代科技学院,河北,物理类,2025,本科批,494,170629,1320
湖北大学知行学院,河北,物理类,2025,本科批,494,170629,14
集美大学诚毅学院,河北,物理类,2025,本科批,494,170629,36
江西农业大学南昌商学院,河北,物理类,2025,本科批,494,170629,21
南昌大学科学技术学院,河北,物理类,2025,本科批,494,170629,32
石家庄铁道大学四方学院,河北,物理类,2025,本科批,494,170629,1844
安阳学院,河北,物理类,2025,本科批,494,170629,45
重庆人文科技学院,河北,物理类,2025,本科批,494,170629,53
贵州黔南科技学院,河北,物理类,2025,本科批,494,170629,6
湖北恩施学院,河北,物理类,2025,本科批,494,170629,2
湖北三峡航空学院,河北,物理类,2025,本科批,494,165687,4
景德镇艺术职业大学,河北,物理类,2025,本科批,494,163962,6
四川工商学院,河北,物理类,2025,本科批,494,170629,8
武汉华夏理工学院,河北,物理类,2025,本科批,494,170629,14
武汉学院,河北,物理类,2025,本科批,494,170629,21
西安交通工程学院,河北,物理类,2025,本科批,494,170629,17
郑州工商学院,河北,物理类,2025,本科批,494,170629,205
甘肃林业职业技术大学,河北,物理类,2025,本科批,494,170629,17
深圳职业技术大学,河北,物理类,2025,高职专科,494,170629,20
天津中德应用技术大学,河北,物理类,2025,高职专科,494,167370,24
开封大学,河北,物理类,2025,高职专科,494,165687,5
新疆理工学院,河北,物理类,2025,本科批,493,172221,264
长江大学文理学院,河北,物理类,2025,本科批,493,172221,5
河北工程大学科信学院,河北,物理类,2025,本科批,493,172221,1355
湖北工程学院新技术学院,河北,物理类,2025,本科批,493,172221,31
江苏师范大学科文学院,河北,物理类,2025,本科批,493,172221,28
聊城大学东昌学院,河北,物理类,2025,本科批,493,172221,18
南华大学船山学院,河北,物理类,2025,本科批,493,172221,4
中南林业科技大学涉外学院,河北,物理类,2025,本科批,493,172221,27
蚌埠工商学院,河北,物理类,2025,本科批,493,172221,8
成都锦城学院,河北,物理类,2025,本科批,493,172221,34
成都外国语学院,河北,物理类,2025,本科批,493,172221,11
郑州经贸学院,河北,物理类,2025,本科批,493,165687,75
郑州商学院,河北,物理类,2025,本科批,493,172221,80
湖北经济学院,河北,物理类,2025,本科批,493,172221,16
鲁东大学,河北,物理类,2025,本科批,492,173920,67
山东工商学院,河北,物理类,2025,本科批,492,173920,74
天津体育学院,河北,物理类,2025,本科批,492,173920,5
北京邮电大学世纪学院,河北,物理类,2025,本科批,492,173920,65
成都理工大学工程技术学院,河北,物理类,2025,本科批,492,173920,15
湖南科技大学潇湘学院,河北,物理类,2025,本科批,492,173920,11
南昌大学共青学院,河北,物理类,2025,本科批,492,165687,16
武汉体育学院体育科技学院,河北,物理类,2025,本科批,492,170629,4
浙江工商大学杭州商学院,河北,物理类,2025,本科批,492,173920,31
重庆对外经贸学院,河北,物理类,2025,本科批,492,173920,27
广州软件学院,河北,物理类,2025,本科批,492,173920,14
贵阳信息科技学院,河北,物理类,2025,本科批,492,173920,3
汉口学院,河北,物理类,2025,本科批,492,173920,2
河南开封科技传媒学院,河北,物理类,2025,本科批,492,167370,16
晋中信息学院,河北,物理类,2025,本科批,492,173920,70
武汉设计工程学院,河北,物理类,2025,本科批,492,173920,4
烟台科技学院,河北,物理类,2025,本科批,492,173920,34
烟台南山学院,河北,物理类,2025,本科批,492,172221,56
郑州升达经贸管理学院,河北,物理类,2025,本科批,492,173920,31
贵州师范大学,河北,物理类,2025,本科批,492,173920,83
上海工艺美术职业学院,河北,物理类,2025,高职专科,492,172221,2
聊城大学,河北,物理类,2025,本科批,491,175569,64
山东交通学院,河北,物理类,2025,本科批,491,175569,61
南京理工大学泰州科技学院,河北,物理类,2025,本科批,491,175569,10
武汉纺织大学外经贸学院,河北,物理类,2025,本科批,491,175569,5
西南交通大学希望学院,河北,物理类,2025,本科批,491,175569,3
中国矿业大学徐海学院,河北,物理类,2025,本科批,491,175569,54
漯河食品工程职业大学,河北,物理类,2025,本科批,491,172221,10
齐鲁理工学院,河北,物理类,2025,本科批,491,175569,33
山西应用科技学院,河北,物理类,2025,本科批,491,175569,50
潍坊科技学院,河北,物理类,2025,本科批,491,175569,50
郑州财经学院,河北,物理类,2025,本科批,491,175569,52
安阳工学院,河北,物理类,2025,本科批,491,175569,55
陕西工业职业技术学院,河北,物理类,2025,高职专科,491,175569,3
莆田学院,河北,物理类,2025,本科批,490,177231,28
通化师范学院,河北,物理类,2025,本科批,490,177231,22
西安交通大学城市学院,河北,物理类,2025,本科批,490,177231,56
山西工商学院,河北,物理类,2025,本科批,490,177231,56
四川传媒学院,河北,物理类,2025,本科批,490,177231,17
运城职业技术大学,河北,物理类,2025,本科批,490,177231,30
郑州工业应用技术学院,河北,物理类,2025,本科批,490,177231,17
赣南师范大学,河北,物理类,2025,本科批,490,177231,69
广西艺术学院,河北,物理类,2025,本科批,490,177231,2
齐鲁师范学院,河北,物理类,2025,本科批,489,178836,10
长春工程学院,河北,物理类,2025,本科批,489,178836,143
广东外语外贸大学南国商学院,河北,物理类,2025,本科批,489,178836,4
青岛农业大学海都学院,河北,物理类,2025,本科批,489,178836,21
浙江师范大学行知学院,河北,物理类,2025,本科批,489,178836,9
成都艺术职业大学,河北,物理类,2025,本科批,489,178836,10
南昌交通学院,河北,物理类,2025,本科批,489,178836,9
武汉城市学院,河北,物理类,2025,本科批,489,178836,9
烟台理工学院,河北,物理类,2025,本科批,489,178836,15
湖南工程学院,河北,物理类,2025,本科批,489,178836,43
常州信息职业技术学院,河北,物理类,2025,高职专科,489,178836,15
三明学院,河北,物理类,2025,本科批,488,180401,55
重庆城市科技学院,河北,物理类,2025,本科批,488,180401,46
吉利学院,河北,物理类,2025,本科批,488,180401,25
商丘工学院,河北,物理类,2025,本科批,488,180401,190
武汉文理学院,河北,物理类,2025,本科批,488,180401,39
西安明德理工学院,河北,物理类,2025,本科批,488,180401,18
江西师范大学,河北,物理类,2025,本科批,488,180401,136
西昌学院,河北,物理类,2025,本科批,487,173920,25
北京科技大学天津学院,河北,物理类,2025,本科批,487,181967,170
昆明医科大学海源学院,河北,物理类,2025,本科批,487,181967,30
贵州黔南经济学院,河北,物理类,2025,本科批,487,173920,4
江西科技学院,河北,物理类,2025,本科批,487,181967,12
荆州学院,河北,物理类,2025,本科批,487,181967,28
山东现代学院,河北,物理类,2025,本科批,487,181967,34
山东协和学院,河北,物理类,2025,本科批,487,181967,47
湘潭理工学院,河北,物理类,2025,本科批,487,173920,13
海南师范大学,河北,物理类,2025,本科批,487,181967,120
西北大学现代学院,河北,物理类,2025,本科批,486,183545,2
浙江农林大学暨阳学院,河北,物理类,2025,本科批,486,183545,35
中国计量大学现代科技学院,河北,物理类,2025,本科批,486,183545,38
四川文化艺术学院,河北,物理类,2025,本科批,486,183545,11
武昌首义学院,河北,物理类,2025,本科批,486,183545,17
香港珠海学院,河北,物理类,2025,本科批,485,185132,6
周口师范学院,河北,物理类,2025,本科批,485,185132,70
内蒙古大学创业学院,河北,物理类,2025,本科批,485,185132,44
青岛滨海学院,河北,物理类,2025,本科批,485,185132,20
西京学院,河北,物理类,2025,本科批,485,185132,50
仰恩大学,河北,物理类,2025,本科批,485,185132,3
海南热带海洋学院,河北,物理类,2025,本科批,485,185132,66
南京信息职业技术学院,河北,物理类,2025,高职专科,485,185132,8
浙江金融职业学院,河北,物理类,2025,高职专科,485,185132,5
西安外事学院,河北,物理类,2025,本科批,484,186805,14
衡水学院,河北,物理类,2025,本科批,484,186805,1832
北京科技职业大学,河北,物理类,2025,高职专科,484,186805,76
西安电力高等专科学校,河北,物理类,2025,高职专科,484,186805,10
安徽新华学院,河北,物理类,2025,本科批,483,183545,15
常德学院,河北,物理类,2025,本科批,483,188387,17
成都银杏酒店管理学院,河北,物理类,2025,本科批,483,188387,15
内蒙古农业大学,河北,物理类,2025,高职专科,483,188387,3
西安建筑科技大学华清学院,河北,物理类,2025,本科批,482,189932,29
山东华宇工学院,河北,物理类,2025,本科批,482,189932,85
山东外国语职业技术大学,河北,物理类,2025,本科批,482,189932,15
四川电影电视学院,河北,物理类,2025,本科批,482,189932,9
浙江机电职业技术大学,河北,物理类,2025,高职专科,482,189932,13
杭州职业技术大学,河北,物理类,2025,高职专科,482,189932,25
白城医学高等专科学校,河北,物理类,2025,高职专科,482,189932,4
广西民族大学相思湖学院,河北,物理类,2025,本科批,481,191536,51
辽宁中医药大学杏林学院,河北,物理类,2025,本科批,481,181967,90
内蒙古鸿德文理学院,河北,物理类,2025,本科批,481,191536,20
河北环境工程学院,河北,物理类,2025,本科批,481,191536,1203
石家庄邮电职业技术学院,河北,物理类,2025,高职专科,481,191536,200
浙江理工大学科技与艺术学院,河北,物理类,2025,本科批,480,193088,50
重庆外语外事学院,河北,物理类,2025,本科批,480,193088,28
山东工程职业技术大学,河北,物理类,2025,本科批,480,193088,25
西安信息职业大学,河北,物理类,2025,本科批,480,193088,31
新疆天山职业技术大学,河北,物理类,2025,本科批,480,193088,203
安徽师范大学,河北,物理类,2025,本科批,480,193088,126
湖南工业大学,河北,物理类,2025,本科批,480,193088,320
咸阳师范学院,河北,物理类,2025,本科批,479,194622,20
昆明理工大学津桥学院,河北,物理类,2025,本科批,479,194622,11
天津财经大学珠江学院,河北,物理类,2025,本科批,479,194622,154
青岛城市学院,河北,物理类,2025,本科批,479,194622,32
上海杉达学院,河北,物理类,2025,本科批,479,194622,19
天津传媒学院,河北,物理类,2025,本科批,479,194622,25
兰州博文科技学院,河北,物理类,2025,本科批,478,196199,16
南昌工学院,河北,物理类,2025,本科批,478,196199,34
青岛工学院,河北,物理类,2025,本科批,478,196199,81
武昌工学院,河北,物理类,2025,本科批,478,196199,27
上海师范大学天华学院,河北,物理类,2025,本科批,477,197758,16
西安科技大学高新学院,河北,物理类,2025,本科批,477,197758,23
重庆财经学院,河北,物理类,2025,本科批,477,197758,20
湖南软件职业技术大学,河北,物理类,2025,本科批,477,197758,4
西安汽车职业大学,河北,物理类,2025,本科批,477,197758,45
岳阳学院,河北,物理类,2025,本科批,477,197758,24
北京城市学院,河北,物理类,2025,本科批,476,199215,66
苏州职业技术大学,河北,物理类,2025,高职专科,476,199215,5
张家口学院,河北,物理类,2025,高职专科,476,199215,54
文华学院,河北,物理类,2025,本科批,475,200789,26
厦门华厦学院,河北,物理类,2025,本科批,475,200789,5
桂林旅游学院,河北,物理类,2025,本科批,475,200789,11
首钢工学院,河北,物理类,2025,高职专科,475,200789,3
大连财经学院,河北,物理类,2025,本科批,474,202340,86
浙江树人学院,河北,物理类,2025,本科批,474,202340,37
长沙航空职业技术学院,河北,物理类,2025,高职专科,474,202340,60
江苏经贸职业技术学院,河北,物理类,2025,高职专科,474,202340,5
福州大学至诚学院,河北,物理类,2025,本科批,473,203868,117
宁波大学科学技术学院,河北,物理类,2025,本科批,473,203868,101
合肥城市学院,河北,物理类,2025,本科批,473,203868,17
兰州信息科技学院,河北,物理类,2025,本科批,473,203868,21
宁波财经学院,河北,物理类,2025,本科批,473,203868,62
天津市职业大学,河北,物理类,2025,高职专科,473,203868,108
长春医学高等专科学校,河北,物理类,2025,高职专科,473,203868,16
宁夏大学新华学院,河北,物理类,2025,本科批,472,205382,23
青岛黄海学院,河北,物理类,2025,本科批,472,205382,104
泉州职业技术大学,河北,物理类,2025,本科批,472,205382,30
泰山科技学院,河北,物理类,2025,本科批,472,205382,13
苏州工业职业技术学院,河北,物理类,2025,高职专科,472,205382,15
苏州经贸职业技术学院,河北,物理类,2025,高职专科,472,205382,5
重庆医药高等专科学校,河北,物理类,2025,高职专科,472,205382,12
浙江师范大学,河北,物理类,2025,本科批,471,206836,84
山东理工职业学院,河北,物理类,2025,高职专科,471,200789,4
黄河水利职业技术大学,河北,物理类,2025,高职专科,471,206836,40
大连科技学院,河北,物理类,2025,本科批,470,208299,66
广西民族大学,河北,物理类,2025,本科批,470,208299,62
琼台师范学院,河北,物理类,2025,本科批,469,209841,33
吉林师范大学博达学院,河北,物理类,2025,本科批,469,209841,63
福州外语外贸学院,河北,物理类,2025,本科批,469,209841,6
吉林动画学院,河北,物理类,2025,本科批,469,209841,38
西安培华学院,河北,物理类,2025,本科批,469,209841,76
云南经济管理学院,河北,物理类,2025,本科批,469,209841,14
菏泽医学专科学校,河北,物理类,2025,高职专科,469,209841,15
延安大学西安创新学院,河北,物理类,2025,本科批,468,211317,37
山东英才学院,河北,物理类,2025,本科批,468,200789,27
西安工商学院,河北,物理类,2025,本科批,468,211317,42
重庆航天职业技术学院,河北,物理类,2025,高职专科,468,211317,2
辽宁师范大学海华学院,河北,物理类,2025,本科批,467,212828,141
北海艺术设计学院,河北,物理类,2025,本科批,467,212828,9
成都文理学院,河北,物理类,2025,本科批,467,212828,25
陕西国际商贸学院,河北,物理类,2025,本科批,467,212828,43
武汉电力职业技术学院,河北,物理类,2025,高职专科,467,212828,32
浙江经贸职业技术学院,河北,物理类,2025,高职专科,467,212828,14
大连理工大学城市学院,河北,物理类,2025,本科批,466,214306,133
大连医科大学中山学院,河北,物理类,2025,本科批,466,214306,53
河北地质大学华信学院,河北,物理类,2025,本科批,466,214306,2924
安徽外国语学院,河北,物理类,2025,本科批,466,214306,5
东莞城市学院,河北,物理类,2025,本科批,466,214306,10
青岛恒星科技学院,河北,物理类,2025,本科批,466,205382,31
无锡太湖学院,河北,物理类,2025,本科批,466,214306,74
山西卫生健康职业学院,河北,物理类,2025,高职专科,466,214306,5
郑州电力高等专科学校,河北,物理类,2025,高职专科,466,214306,50
湖南高速铁路职业技术学院,河北,物理类,2025,高职专科,466,214306,10
北京中医药大学东方学院,河北,物理类,2025,本科批,465,215723,4323
锦州医科大学医疗学院,河北,物理类,2025,本科批,465,215723,63
广州商学院,河北,物理类,2025,本科批,465,215723,11
南京城市职业学院,河北,物理类,2025,高职专科,465,215723,18
南京机电职业技术学院,河北,物理类,2025,高职专科,465,215723,9
北京信息职业技术学院,河北,物理类,2025,高职专科,465,215723,74
西安铁路职业技术学院,河北,物理类,2025,高职专科,465,215723,34
长沙职业技术学院,河北,物理类,2025,高职专科,465,215723,3
广东东软学院,河北,物理类,2025,本科批,464,217182,35
广东科技学院,河北,物理类,2025,本科批,464,217182,15
江西服装学院,河北,物理类,2025,本科批,464,217182,5
昆明文理学院,河北,物理类,2025,本科批,464,217182,10
青岛电影学院,河北,物理类,2025,本科批,464,217182,2
上海建桥学院,河北,物理类,2025,本科批,464,217182,43
天津电子信息职业技术学院,河北,物理类,2025,高职专科,464,217182,301
吉林铁道职业技术大学,河北,物理类,2025,高职专科,464,217182,40
江西应用技术职业学院,河北,物理类,2025,高职专科,464,217182,1
广东白云学院,河北,物理类,2025,本科批,463,218647,14
广州城市理工学院,河北,物理类,2025,本科批,463,218647,34
桂林学院,河北,物理类,2025,本科批,463,218647,54
昆明传媒学院,河北,物理类,2025,本科批,463,218647,15
辽宁何氏医学院,河北,物理类,2025,本科批,463,218647,77
沈阳城市建设学院,河北,物理类,2025,本科批,463,218647,76
武昌理工学院,河北,物理类,2025,本科批,463,218647,12
武汉城市职业学院,河北,物理类,2025,高职专科,463,218647,34
湖南交通职业技术学院,河北,物理类,2025,高职专科,463,218647,2
大连工业大学艺术与信息工程学院,河北,物理类,2025,本科批,462,220074,102
长春光华学院,河北,物理类,2025,本科批,462,220074,124
滇池学院,河北,物理类,2025,本科批,462,220074,35
昆明城市学院,河北,物理类,2025,本科批,462,220074,20
兰州工商学院,河北,物理类,2025,本科批,462,220074,10
南通理工学院,河北,物理类,2025,本科批,462,220074,31
泉州信息工程学院,河北,物理类,2025,本科批,462,220074,27
皖江工学院,河北,物理类,2025,本科批,462,220074,30
温州商学院,河北,物理类,2025,本科批,462,220074,56
西安翻译学院,河北,物理类,2025,本科批,462,220074,43
张家界学院,河北,物理类,2025,本科批,462,220074,10
天津轻工职业技术学院,河北,物理类,2025,高职专科,462,220074,30
重庆电力高等专科学校,河北,物理类,2025,高职专科,462,220074,60
湖州职业技术学院,河北,物理类,2025,高职专科,462,220074,20
江苏信息职业技术学院,河北,物理类,2025,高职专科,462,220074,11
上海外国语大学贤达经济人文学院,河北,物理类,2025,本科批,461,221488,21
首都师范大学科德学院,河北,物理类,2025,本科批,461,221488,17
福州理工学院,河北,物理类,2025,本科批,461,221488,5
广州南方学院,河北,物理类,2025,本科批,461,221488,16
辽宁传媒学院,河北,物理类,2025,本科批,461,217182,25
三江学院,河北,物理类,2025,本科批,461,221488,31
上海立达学院,河北,物理类,2025,本科批,461,221488,47
西安欧亚学院,河北,物理类,2025,本科批,461,221488,71
西安思源学院,河北,物理类,2025,本科批,461,221488,69
郑州西亚斯学院,河北,物理类,2025,本科批,461,221488,35
邯郸学院,河北,物理类,2025,本科批,461,221488,1484
石河子大学,河北,物理类,2025,高职专科,461,221488,44
华北理工大学轻工学院,河北,物理类,2025,本科批,460,222850,1787
陕西科技大学镐京学院,河北,物理类,2025,本科批,460,222850,111
长春人文学院,河北,物理类,2025,本科批,460,222850,63
广东工商职业技术大学,河北,物理类,2025,本科批,460,215723,25
广州工商学院,河北,物理类,2025,本科批,460,221488,11
广州华立学院,河北,物理类,2025,本科批,460,222850,12
海口经济学院,河北,物理类,2025,本科批,460,222850,33
海南科技职业大学,河北,物理类,2025,本科批,460,222850,16
黑龙江财经学院,河北,物理类,2025,本科批,460,222850,48
吉林外国语大学,河北,物理类,2025,本科批,460,222850,53
柳州工学院,河北,物理类,2025,本科批,460,222850,100
陕西服装工程学院,河北,物理类,2025,本科批,460,222850,10
阳光学院,河北,物理类,2025,本科批,460,222850,22
重庆三峡医药高等专科学校,河北,物理类,2025,高职专科,460,222850,20
湖南工业职业技术学院,河北,物理类,2025,高职专科,460,222850,12
江苏城市职业学院,河北,物理类,2025,高职专科,460,222850,5
北京第二外国语学院中瑞酒店管理学院,河北,物理类,2025,本科批,459,224230,43
北京工业大学耿丹学院,河北,物理类,2025,本科批,459,224230,90
长春大学旅游学院,河北,物理类,2025,本科批,459,224230,91
长春工业大学人文信息学院,河北,物理类,2025,本科批,459,224230,177
黑龙江工程学院昆仑旅游学院,河北,物理类,2025,本科批,459,222850,155
华南农业大学珠江学院,河北,物理类,2025,本科批,459,224230,24
保定理工学院,河北,物理类,2025,本科批,459,224230,3297
北京金融科技学院,河北,物理类,2025,本科批,459,224230,19
沧州交通学院,河北,物理类,2025,本科批,459,224230,4242
长春财经学院,河北,物理类,2025,本科批,459,224230,150
长春电子科技学院,河北,物理类,2025,本科批,459,224230,137
长春建筑学院,河北,物理类,2025,本科批,459,224230,153
长春科技学院,河北,物理类,2025,本科批,459,224230,230
重庆移通学院,河北,物理类,2025,本科批,459,224230,167
大连东软信息学院,河北,物理类,2025,本科批,459,224230,297
大连艺术学院,河北,物理类,2025,本科批,459,224230,26
广西城市职业大学,河北,物理类,2025,本科批,459,224230,30
广西外国语学院,河北,物理类,2025,本科批,459,224230,7
广州新华学院,河北,物理类,2025,本科批,459,224230,28
桂林信息科技学院,河北,物理类,2025,本科批,459,224230,196
哈尔滨广厦学院,河北,物理类,2025,本科批,459,224230,113
哈尔滨华德学院,河北,物理类,2025,本科批,459,224230,318
哈尔滨剑桥学院,河北,物理类,2025,本科批,459,224230,280
哈尔滨石油学院,河北,物理类,2025,本科批,459,224230,239
哈尔滨信息工程学院,河北,物理类,2025,本科批,459,224230,78
哈尔滨远东理工学院,河北,物理类,2025,本科批,459,220074,20
河北传媒学院,河北,物理类,2025,本科批,459,224230,960
河北东方学院,河北,物理类,2025,本科批,459,224230,3336
河北工程技术学院,河北,物理类,2025,本科批,459,224230,3038
河北科技学院,河北,物理类,2025,本科批,459,224230,3264
河北美术学院,河北,物理类,2025,本科批,459,218647,580
河北外国语学院,河北,物理类,2025,本科批,459,224230,1040
黑龙江东方学院,河北,物理类,2025,本科批,459,224230,75
黑龙江工商学院,河北,物理类,2025,本科批,459,224230,83
黑龙江外国语学院,河北,物理类,2025,本科批,459,217182,150
湖南涉外经济学院,河北,物理类,2025,本科批,459,224230,49
吉林建筑科技学院,河北,物理类,2025,本科批,459,224230,140
江西应用科技学院,河北,物理类,2025,本科批,459,224230,14
丽江文化旅游学院,河北,物理类,2025,本科批,459,224230,149
辽宁对外经贸学院,河北,物理类,2025,本科批,459,224230,35
辽宁理工学院,河北,物理类,2025,本科批,459,224230,155
辽宁理工职业大学,河北,物理类,2025,本科批,459,224230,91
南昌理工学院,河北,物理类,2025,本科批,459,224230,45
南宁理工学院,河北,物理类,2025,本科批,459,224230,128
南宁学院,河北,物理类,2025,本科批,459,224230,51
宁夏理工学院,河北,物理类,2025,本科批,459,224230,338
齐齐哈尔工程学院,河北,物理类,2025,本科批,459,224230,96
三亚学院,河北,物理类,2025,本科批,459,224230,234
上海中侨职业技术大学,河北,物理类,2025,本科批,459,224230,37
沈阳城市学院,河北,物理类,2025,本科批,459,224230,105
沈阳工学院,河北,物理类,2025,本科批,459,224230,216
沈阳科技学院,河北,物理类,2025,本科批,459,224230,83
天津仁爱学院,河北,物理类,2025,本科批,459,224230,379
天津天狮学院,河北,物理类,2025,本科批,459,224230,103
厦门工学院,河北,物理类,2025,本科批,459,224230,56
燕京理工学院,河北,物理类,2025,本科批,459,224230,4012
银川科技学院,河北,物理类,2025,本科批,459,224230,74
银川能源学院,河北,物理类,2025,本科批,459,224230,187
浙江广厦建设职业技术大学,河北,物理类,2025,本科批,459,224230,71
浙江越秀外国语学院,河北,物理类,2025,本科批,459,224230,51
海南比勒费尔德应用科学大学,河北,物理类,2025,本科批,459,224230,26
河北金融学院,河北,物理类,2025,本科批,459,224230,130
包头铁道职业技术学院,河北,物理类,2025,高职专科,459,224230,35
德宏职业学院,河北,物理类,2025,高职专科,458,225599,1
广州铁路职业技术学院,河北,物理类,2025,高职专科,458,225599,25
江苏海事职业技术学院,河北,物理类,2025,高职专科,458,225599,4
潍坊职业学院,河北,物理类,2025,高职专科,457,227077,5
武汉职业技术大学,河北,物理类,2025,高职专科,457,227077,53
西安航空职业技术学院,河北,物理类,2025,高职专科,457,227077,37
北京工业职业技术学院,河北,物理类,2025,高职专科,457,227077,83
南通职业大学,河北,物理类,2025,高职专科,456,228462,25
北京青年政治学院,河北,物理类,2025,高职专科,456,228462,19
天津现代职业技术学院,河北,物理类,2025,高职专科,456,228462,139
运城护理职业学院,河北,物理类,2025,高职专科,456,228462,13
长沙民政职业技术学院,河北,物理类,2025,高职专科,456,228462,42
广东轻工职业技术大学,河北,物理类,2025,高职专科,456,228462,11
哈尔滨职业技术大学,河北,物理类,2025,高职专科,456,217182,10
绵阳职业技术学院,河北,物理类,2025,高职专科,455,229804,5
浙江工商职业技术学院,河北,物理类,2025,高职专科,455,229804,3
重庆电子科技职业大学,河北,物理类,2025,高职专科,455,229804,15
河南医学高等专科学校,河北,物理类,2025,高职专科,455,229804,10
江西电力职业技术学院,河北,物理类,2025,高职专科,455,229804,15
连云港职业技术学院,河北,物理类,2025,高职专科,454,229804,10
辽宁铁道职业技术学院,河北,物理类,2025,高职专科,454,231162,52
上海电子信息职业技术学院,河北,物理类,2025,高职专科,454,231162,58
苏州工业园区服务外包职业学院,河北,物理类,2025,高职专科,454,231162,11
武汉软件工程职业学院,河北,物理类,2025,高职专科,454,231162,32
重庆水利电力职业技术学院,河北,物理类,2025,高职专科,454,231162,7
安徽水利水电职业技术学院,河北,物理类,2025,高职专科,454,231162,5
河南推拿职业学院,河北,物理类,2025,高职专科,454,231162,15
商丘医学高等专科学校,河北,物理类,2025,高职专科,453,232534,10
四川航天职业技术学院,河北,物理类,2025,高职专科,453,232534,8
江西师范高等专科学校,河北,物理类,2025,高职专科,453,232534,2
辽宁轨道交通职业学院,河北,物理类,2025,高职专科,452,233839,62
山东科技职业学院,河北,物理类,2025,高职专科,452,233839,14
陕西铁路工程职业技术学院,河北,物理类,2025,高职专科,452,233839,14
新疆铁道职业技术学院,河北,物理类,2025,高职专科,452,228462,10
保定电力职业技术学院,河北,物理类,2025,高职专科,452,233839,322
江苏电子信息职业学院,河北,物理类,2025,高职专科,452,233839,10
柳州铁道职业技术学院,河北,物理类,2025,高职专科,451,235189,21
青岛职业技术学院,河北,物理类,2025,高职专科,451,235189,21
天津机电职业技术学院,河北,物理类,2025,高职专科,451,235189,267
东营职业学院,河北,物理类,2025,高职专科,451,235189,4
哈尔滨铁道职业技术学院,河北,物理类,2025,高职专科,451,235189,50
河北石油职业技术大学,河北,物理类,2025,高职专科,451,235189,243
成都航空职业技术大学,河北,物理类,2025,高职专科,450,236491,56
湖南水利水电职业技术学院,河北,物理类,2025,高职专科,450,228462,9
北京财贸职业学院,河北,物理类,2025,高职专科,450,236491,61
济南护理职业学院,河北,物理类,2025,高职专科,450,236491,22
山东职业学院,河北,物理类,2025,高职专科,449,237730,32
天津铁道职业技术学院,河北,物理类,2025,高职专科,449,237730,343
成都工贸职业技术学院,河北,物理类,2025,高职专科,449,237730,5
济南职业学院,河北,物理类,2025,高职专科,449,237730,20
北京交通运输职业学院,河北,物理类,2025,高职专科,448,239067,47
漳州职业技术学院,河北,物理类,2025,高职专科,448,239067,6
长沙商贸旅游职业技术学院,河北,物理类,2025,高职专科,448,239067,2
江西航空职业技术学院,河北,物理类,2025,专科提前批,447,240357,26
洛阳职业技术学院,河北,物理类,2025,高职专科,447,240357,49
山西通用航空职业技术学院,河北,物理类,2025,高职专科,447,233839,7
湖南大众传媒职业技术学院,河北,物理类,2025,高职专科,447,240357,10
江苏航运职业技术学院,河北,物理类,2025,高职专科,447,240357,19
江西信息应用职业技术学院,河北,物理类,2025,高职专科,447,240357,2
山东信息职业技术学院,河北,物理类,2025,专科提前批,446,241650,13
山西药科职业学院,河北,物理类,2025,高职专科,446,233839,6
浙江经济职业技术学院,河北,物理类,2025,高职专科,446,241650,16
哈尔滨电力职业技术学院,河北,物理类,2025,高职专科,446,241650,15
南通师范高等专科学校,河北,物理类,2025,高职专科,445,242920,7
四川中医药高等专科学校,河北,物理类,2025,高职专科,445,242920,15
天津警察学院,河北,物理类,2025,高职专科,445,242920,25
常州工业职业技术学院,河北,物理类,2025,高职专科,445,240357,9
南阳医学高等专科学校,河北,物理类,2025,高职专科,444,244173,39
青岛工程职业学院,河北,物理类,2025,高职专科,444,244173,49
陕西国防工业职业技术学院,河北,物理类,2025,高职专科,444,244173,50
广西电力职业技术学院,河北,物理类,2025,高职专科,444,244173,22
湖北工程职业学院,河北,物理类,2025,高职专科,444,236491,30
湖北铁道运输职业学院,河北,物理类,2025,高职专科,444,244173,36
兰州资源环境职业技术大学,河北,物理类,2025,高职专科,443,245391,6
北京交通职业技术学院,河北,物理类,2025,高职专科,443,245391,71
辽宁医药职业学院,河北,物理类,2025,高职专科,443,245391,15
沈阳工程学院,河北,物理类,2025,高职专科,443,245391,6
张家界航空工业职业技术学院,河北,物理类,2025,高职专科,443,245391,27
郑州财税金融职业学院,河北,物理类,2025,高职专科,443,239067,10
淄博师范高等专科学校,河北,物理类,2025,高职专科,443,245391,5
湖南汽车工程职业大学,河北,物理类,2025,高职专科,443,236491,8
威海职业学院,河北,物理类,2025,专科提前批,442,235189,12
北京农业职业学院,河北,物理类,2025,高职专科,442,246657,67
山西铁道职业技术学院,河北,物理类,2025,高职专科,442,246657,8
陕西航空职业技术学院,河北,物理类,2025,高职专科,442,246657,46
成都纺织高等专科学校,河北,物理类,2025,高职专科,442,246657,9
广东交通职业技术学院,河北,物理类,2025,高职专科,442,246657,5
湖南石油化工职业技术学院,河北,物理类,2025,高职专科,442,246657,3
安徽第二医学院,河北,物理类,2025,高职专科,442,246657,63
浙江建设职业技术学院,河北,物理类,2025,高职专科,441,247903,15
长江职业学院,河北,物理类,2025,高职专科,441,247903,17
湖南化工职业技术学院,河北,物理类,2025,高职专科,441,247903,11
湖南铁道职业技术学院,河北,物理类,2025,高职专科,441,247903,40
湖南邮电职业技术学院,河北,物理类,2025,高职专科,441,242920,7
湖南汽车工程职业大学,河北,物理类,2025,专科提前批,440,249128,14
浙江旅游职业学院,河北,物理类,2025,高职专科,440,249128,2
遵义医药高等专科学校,河北,物理类,2025,高职专科,440,249128,8
汉江师范学院,河北,物理类,2025,高职专科,440,241650,19
青岛港湾职业技术学院,河北,物理类,2025,高职专科,439,250364,28
天津医学高等专科学校,河北,物理类,2025,高职专科,439,250364,100
广元中核职业技术学院,河北,物理类,2025,高职专科,439,245391,6
湖北水利水电职业技术学院,河北,物理类,2025,高职专科,438,251580,40
江苏护理职业学院,河北,物理类,2025,高职专科,438,251580,11
酒泉职业技术大学,河北,物理类,2025,高职专科,438,251580,2
临汾职业技术学院,河北,物理类,2025,高职专科,437,252764,3
山东商业职业技术学院,河北,物理类,2025,高职专科,437,252764,15
山西职业技术学院,河北,物理类,2025,高职专科,437,252764,10
上海民航职业技术学院,河北,物理类,2025,高职专科,437,252764,79
石家庄铁路职业技术学院,河北,物理类,2025,高职专科,437,252764,399
铜仁职业技术大学,河北,物理类,2025,高职专科,437,245391,5
武汉铁路职业技术学院,河北,物理类,2025,高职专科,437,252764,37
广东科贸职业学院,河北,物理类,2025,高职专科,437,244173,18
河北轨道运输职业技术学院,河北,物理类,2025,高职专科,437,252764,662
黑龙江农业工程职业学院,河北,物理类,2025,高职专科,437,252764,3
四川水利职业技术学院,河北,物理类,2025,高职专科,436,253975,5
重庆财经职业学院,河北,物理类,2025,高职专科,436,253975,27
重庆工业职业技术大学,河北,物理类,2025,高职专科,436,253975,8
抚州医药学院,河北,物理类,2025,高职专科,436,253975,23
广东科学技术职业学院,河北,物理类,2025,高职专科,436,253975,17
桂林理工大学,河北,物理类,2025,高职专科,436,253975,76
湖北交通职业技术学院,河北,物理类,2025,高职专科,436,253975,36
济宁职业技术学院,河北,物理类,2025,高职专科,436,253975,10
焦作大学,河北,物理类,2025,高职专科,436,253975,30
山西机电职业技术学院,河北,物理类,2025,高职专科,435,255217,24
陕西能源职业技术学院,河北,物理类,2025,高职专科,435,255217,8
上海闵行职业技术学院,河北,物理类,2025,高职专科,435,255217,11
上海行健职业学院,河北,物理类,2025,高职专科,435,255217,23
天津滨海职业学院,河北,物理类,2025,高职专科,435,255217,118
重庆化工职业学院,河北,物理类,2025,高职专科,435,245391,10
湖南安全技术职业学院,河北,物理类,2025,高职专科,435,255217,5
湖南财经工业职业技术学院,河北,物理类,2025,高职专科,435,246657,5
江西生物科技职业学院,河北,物理类,2025,高职专科,435,255217,12
天津渤海职业技术学院,河北,物理类,2025,高职专科,434,256401,170
咸阳职业技术学院,河北,物理类,2025,高职专科,434,256401,5
安徽邮电职业技术学院,河北,物理类,2025,高职专科,434,256401,10
河南司法警官职业学院,河北,物理类,2025,高职专科,434,256401,2
日照职业技术学院,河北,物理类,2025,高职专科,433,257615,30
山东畜牧兽医职业学院,河北,物理类,2025,高职专科,433,257615,81
武汉警官职业学院,河北,物理类,2025,高职专科,433,257615,29
安徽职业技术大学,河北,物理类,2025,高职专科,433,257615,6
广东工贸职业技术学院,河北,物理类,2025,高职专科,433,257615,5
吉林水利电力职业学院,河北,物理类,2025,高职专科,433,245391,24
南通科技职业学院,河北,物理类,2025,高职专科,432,258796,21
天津生物工程职业技术学院,河北,物理类,2025,高职专科,432,258796,38
大连职业技术学院,河北,物理类,2025,高职专科,432,258796,62
黑龙江交通职业技术学院,河北,物理类,2025,高职专科,432,258796,69
南昌健康职业技术学院,河北,物理类,2025,高职专科,431,258796,5
山东药品食品职业学院,河北,物理类,2025,高职专科,431,259929,25
安徽交通职业技术学院,河北,物理类,2025,高职专科,431,250364,20
山西老区职业技术学院,河北,物理类,2025,高职专科,431,259929,5
重庆工信职业学院,河北,物理类,2025,高职专科,431,259929,30
重庆青年职业技术学院,河北,物理类,2025,高职专科,431,259929,35
河南经贸职业学院,河北,物理类,2025,高职专科,431,259929,13
南京旅游职业学院,河北,物理类,2025,高职专科,430,261102,15
山西工程职业学院,河北,物理类,2025,高职专科,430,261102,17
陕西邮电职业技术学院,河北,物理类,2025,高职专科,430,261102,24
上海城建职业学院,河北,物理类,2025,高职专科,430,261102,22
上海出版印刷高等专科学校,河北,物理类,2025,高职专科,430,261102,34
四川文化产业职业学院,河北,物理类,2025,高职专科,430,249128,10
亳州职业技术学院,河北,物理类,2025,高职专科,430,261102,8
渤海船舶职业学院,河北,物理类,2025,高职专科,430,261102,60
徐州工业职业技术学院,河北,物理类,2025,高职专科,430,261102,85
浙江商业职业技术学院,河北,物理类,2025,高职专科,430,261102,26
江苏财会职业学院,河北,物理类,2025,高职专科,430,261102,23
晋城职业技术学院,河北,物理类,2025,高职专科,430,261102,10
陕西交通职业技术学院,河北,物理类,2025,高职专科,429,262216,58
上海科学技术职业学院,河北,物理类,2025,高职专科,429,262216,70
威海海洋职业学院,河北,物理类,2025,高职专科,429,262216,15
江苏航空职业技术学院,河北,物理类,2025,高职专科,429,262216,75
江西现代职业技术学院,河北,物理类,2025,高职专科,429,256401,10
无锡城市职业技术学院,河北,物理类,2025,高职专科,428,263340,21
永州职业技术学院,河北,物理类,2025,高职专科,428,263340,2
浙江安防职业技术学院,河北,物理类,2025,高职专科,428,263340,9
河南工业贸易职业学院,河北,物理类,2025,高职专科,428,263340,12
江西工程职业学院,河北,物理类,2025,高职专科,428,263340,15
长春职业技术大学,河北,物理类,2025,专科提前批,427,251580,10
江西水利电力大学,河北,物理类,2025,专科提前批,427,253975,15
漯河医学高等专科学校,河北,物理类,2025,高职专科,427,264546,55
上海旅游高等专科学校,河北,物理类,2025,高职专科,427,264546,11
石家庄信息工程职业学院,河北,物理类,2025,高职专科,427,264546,1688
四川建筑职业技术学院,河北,物理类,2025,高职专科,427,264546,7
皖西卫生职业学院,河北,物理类,2025,高职专科,427,264546,5
安徽商贸职业技术学院,河北,物理类,2025,高职专科,427,264546,8
包头钢铁职业技术学院,河北,物理类,2025,高职专科,427,264546,5
江苏财经职业技术学院,河北,物理类,2025,高职专科,427,264546,25
江西水利职业学院,河北,物理类,2025,高职专科,427,259929,6
江西职业技术大学,河北,物理类,2025,高职专科,427,264546,20
山东交通职业学院,河北,物理类,2025,高职专科,426,265644,10
安徽审计职业学院,河北,物理类,2025,高职专科,426,265644,8
呼和浩特职业技术大学,河北,物理类,2025,高职专科,426,265644,21
江苏食品药品职业技术学院,河北,物理类,2025,高职专科,426,255217,17
兰州航空职业技术学院,河北,物理类,2025,高职专科,426,265644,20
北京京北职业技术学院,河北,物理类,2025,高职专科,425,266798,65
北京经济管理职业学院,河北,物理类,2025,高职专科,425,266798,151
三峡电力职业学院,河北,物理类,2025,高职专科,425,266798,42
北京政法职业学院,河北,物理类,2025,高职专科,425,266798,46
武汉交通职业学院,河北,物理类,2025,高职专科,425,266798,60
宜宾职业技术学院,河北,物理类,2025,高职专科,425,266798,5
江西司法警官职业学院,河北,物理类,2025,高职专科,425,264546,4
辽宁石化职业技术学院,河北,物理类,2025,高职专科,424,267857,35
陕西机电职业技术学院,河北,物理类,2025,高职专科,424,267857,87
天津海运职业学院,河北,物理类,2025,高职专科,424,267857,93
西安医学高等专科学校,河北,物理类,2025,高职专科,424,267857,40
江苏农牧科技职业学院,河北,物理类,2025,高职专科,424,267857,27
莱芜职业技术学院,河北,物理类,2025,高职专科,424,267857,10
民政职业大学,河北,物理类,2025,高职专科,423,268973,71
山东经贸职业学院,河北,物理类,2025,高职专科,423,268973,15
武汉船舶职业技术学院,河北,物理类,2025,高职专科,423,268973,41
宣城职业技术学院,河北,物理类,2025,高职专科,423,263340,5
滁州职业技术学院,河北,物理类,2025,高职专科,423,268973,5
广东工程职业技术学院,河北,物理类,2025,高职专科,423,268973,10
贵州机电职业技术学院,河北,物理类,2025,高职专科,423,268973,7
湖南工程职业技术学院,河北,物理类,2025,高职专科,423,268973,10
天津工业职业学院,河北,物理类,2025,高职专科,422,270096,300
武汉工程职业技术学院,河北,物理类,2025,高职专科,422,270096,40
永城职业学院,河北,物理类,2025,高职专科,422,270096,8
珠海城市职业技术学院,河北,物理类,2025,高职专科,422,270096,12
宿州职业技术学院,河北,物理类,2025,高职专科,421,271169,7
常德职业技术学院,河北,物理类,2025,高职专科,421,271169,6
重庆商务职业学院,河北,物理类,2025,高职专科,421,271169,21
重庆五一职业技术学院,河北,物理类,2025,高职专科,421,271169,40
江苏旅游职业学院,河北,物理类,2025,高职专科,421,271169,25
渤海船舶职业学院,河北,物理类,2025,专科提前批,420,272245,18
辽宁经济职业技术学院,河北,物理类,2025,高职专科,420,272245,36
濮阳医学高等专科学校,河北,物理类,2025,高职专科,420,272245,8
三门峡职业技术学院,河北,物理类,2025,高职专科,420,272245,19
陕西青年职业学院,河北,物理类,2025,高职专科,420,272245,28
乌兰察布医学高等专科学校,河北,物理类,2025,高职专科,420,272245,32
武汉铁路桥梁职业学院,河北,物理类,2025,高职专科,420,272245,35
安徽广播影视职业技术学院,河北,物理类,2025,高职专科,420,268973,20
郑州职业技术学院,河北,物理类,2025,高职专科,420,272245,15
昆明卫生职业学院,河北,物理类,2025,高职专科,420,271169,4
江西环境工程职业学院,河北,物理类,2025,高职专科,420,272245,12
平顶山工业职业技术学院,河北,物理类,2025,高职专科,419,265644,12
陕西职业技术学院,河北,物理类,2025,高职专科,419,273302,10
滨州职业学院,河北,物理类,2025,高职专科,419,273302,18
长春职业技术大学,河北,物理类,2025,高职专科,419,273302,80
四川工业科技学院,河北,物理类,2025,高职专科,419,265644,2
湖北财税职业学院,河北,物理类,2025,高职专科,419,273302,4
沈阳职业技术学院,河北,物理类,2025,高职专科,418,274318,67
天津交通职业学院,河北,物理类,2025,高职专科,418,274318,275
沧州医学高等专科学校,河北,物理类,2025,高职专科,418,274318,1521
安徽卫生健康职业学院,河北,物理类,2025,高职专科,418,263340,22
海南经贸职业技术学院,河北,物理类,2025,高职专科,418,261102,9
湖北三峡职业技术学院,河北,物理类,2025,高职专科,418,274318,34
淮北职业技术学院,河北,物理类,2025,高职专科,418,274318,12
兰州石化职业技术大学,河北,物理类,2025,高职专科,417,275349,41
朔州职业技术学院,河北,物理类,2025,高职专科,417,267857,10
徐州生物工程职业技术学院,河北,物理类,2025,高职专科,417,275349,35
河南工业职业技术学院,河北,物理类,2025,高职专科,417,275349,20
红河卫生职业学院,河北,物理类,2025,高职专科,417,275349,8
江汉艺术职业学院,河北,物理类,2025,高职专科,417,275349,5
北京劳动保障职业学院,河北,物理类,2025,高职专科,416,276393,89
黔东南民族职业技术学院,河北,物理类,2025,高职专科,416,276393,9
山东水利职业学院,河北,物理类,2025,高职专科,416,276393,31
山西水利职业技术学院,河北,物理类,2025,高职专科,416,276393,25
上海交通职业技术学院,河北,物理类,2025,高职专科,416,276393,31
武汉民政职业学院,河北,物理类,2025,高职专科,416,276393,10
周口职业技术学院,河北,物理类,2025,高职专科,416,276393,13
辽宁冶金职业技术学院,河北,物理类,2025,高职专科,415,277415,16
桐城师范高等专科学校,河北,物理类,2025,高职专科,415,277415,5
邢台医学院,河北,物理类,2025,高职专科,415,277415,2014
河北交通职业技术学院,河北,物理类,2025,高职专科,415,277415,490
菏泽家政职业学院,河北,物理类,2025,高职专科,415,275349,10
湖南商务职业技术学院,河北,物理类,2025,高职专科,415,277415,18
湖南司法警官职业学院,河北,物理类,2025,高职专科,415,275349,6
江苏医药职业学院,河北,物理类,2025,高职专科,415,277415,15
江西工业工程职业技术学院,河北,物理类,2025,高职专科,415,277415,20
罗定职业技术学院,河北,物理类,2025,高职专科,414,278461,3
南京科技职业学院,河北,物理类,2025,高职专科,414,278461,27
萍乡卫生职业学院,河北,物理类,2025,高职专科,414,278461,9
山西经贸职业学院,河北,物理类,2025,高职专科,414,278461,24
唐山工业职业技术大学,河北,物理类,2025,高职专科,414,278461,1014
安徽财贸职业学院,河北,物理类,2025,高职专科,414,265644,15
黑龙江护理高等专科学校,河北,物理类,2025,高职专科,414,278461,85
江西应用工程职业学院,河北,物理类,2025,高职专科,414,278461,20
内蒙古电子信息职业技术学院,河北,物理类,2025,高职专科,413,279445,17
赣南卫生健康职业学院,河北,物理类,2025,高职专科,413,279445,2
湖北轻工职业技术学院,河北,物理类,2025,高职专科,413,279445,12
江西财经职业学院,河北,物理类,2025,高职专科,413,279445,31
湄洲湾职业技术学院,河北,物理类,2025,高职专科,412,280425,40
皖北卫生职业学院,河北,物理类,2025,高职专科,412,280425,40
福建水利电力职业技术学院,河北,物理类,2025,高职专科,412,280425,17
广东女子职业技术学院,河北,物理类,2025,高职专科,412,268973,7
海南软件职业技术学院,河北,物理类,2025,高职专科,412,280425,6
江西交通职业技术学院,河北,物理类,2025,高职专科,412,280425,18
辽宁装备制造职业技术学院,河北,物理类,2025,高职专科,411,281438,30
马鞍山职业技术学院,河北,物理类,2025,高职专科,411,281438,10
四川职业技术学院,河北,物理类,2025,高职专科,411,281438,15
运城师范高等专科学校,河北,物理类,2025,高职专科,411,279445,15
郑州幼儿师范高等专科学校,河北,物理类,2025,高职专科,411,281438,3
重庆工商职业学院,河北,物理类,2025,高职专科,411,281438,92
滁州城市职业学院,河北,物理类,2025,高职专科,411,281438,15
河源职业技术学院,河北,物理类,2025,高职专科,411,274318,13
怀化职业技术学院,河北,物理类,2025,高职专科,411,281438,6
上海科创职业技术学院,河北,物理类,2025,高职专科,410,282414,16
天津石油职业技术学院,河北,物理类,2025,高职专科,410,282414,817
新疆警察学院,河北,物理类,2025,高职专科,410,270096,10
榆林职业技术学院,河北,物理类,2025,高职专科,410,282414,50
太湖创意职业技术学院,河北,物理类,2025,高职专科,410,282414,1
甘肃交通职业技术学院,河北,物理类,2025,高职专科,410,282414,4
河南护理职业学院,河北,物理类,2025,高职专科,410,282414,14
安徽城市管理职业学院,河北,物理类,2025,高职专科,410,282414,20
廊坊卫生职业学院,河北,物理类,2025,高职专科,409,283376,395
临沂科技职业学院,河北,物理类,2025,高职专科,409,283376,30
通辽职业学院,河北,物理类,2025,高职专科,409,283376,10
威海职业学院,河北,物理类,2025,高职专科,409,283376,19
新疆师范大学,河北,物理类,2025,本科批,408,284335,101
辽宁省交通高等专科学校,河北,物理类,2025,高职专科,408,284335,45
北京体育职业学院,河北,物理类,2025,高职专科,408,272245,16
天津国土资源和房屋职业学院,河北,物理类,2025,高职专科,408,284335,56
厦门城市职业学院,河北,物理类,2025,高职专科,408,284335,54
重庆工程职业技术学院,河北,物理类,2025,高职专科,408,284335,43
楚雄医药高等专科学校,河北,物理类,2025,高职专科,408,284335,8
大同师范高等专科学校,河北,物理类,2025,高职专科,408,284335,42
贵州健康职业学院,河北,物理类,2025,高职专科,408,284335,5
贵州轻工职业大学,河北,物理类,2025,高职专科,408,284335,12
吉林工业职业技术学院,河北,物理类,2025,高职专科,408,284335,24
辽宁金融职业学院,河北,物理类,2025,高职专科,407,285293,25
山东城市建设职业学院,河北,物理类,2025,高职专科,407,285293,15
黑龙江建筑职业技术学院,河北,物理类,2025,高职专科,407,285293,10
汝州职业技术学院,河北,物理类,2025,高职专科,406,284335,21
四川工程职业技术大学,河北,物理类,2025,高职专科,406,286270,20
朝阳师范学院,河北,物理类,2025,高职专科,406,286270,49
广西体育高等专科学校,河北,物理类,2025,高职专科,406,286270,1
河北化工医药职业技术学院,河北,物理类,2025,高职专科,406,286270,1704
辽宁机电职业技术学院,河北,物理类,2025,高职专科,405,287262,75
南阳农业职业学院,河北,物理类,2025,高职专科,405,287262,45
泉州经贸职业技术学院,河北,物理类,2025,高职专科,405,276393,15
山西工程科技职业大学,河北,物理类,2025,高职专科,405,287262,65
山西省财政税务专科学校,河北,物理类,2025,高职专科,405,287262,24
天津城市建设管理职业技术学院,河北,物理类,2025,高职专科,405,287262,262
河南轻工职业学院,河北,物理类,2025,高职专科,405,287262,19
安徽电子信息职业技术学院,河北,物理类,2025,高职专科,404,288231,21
黔南民族医学高等专科学校,河北,物理类,2025,高职专科,404,288231,25
上饶卫生健康职业学院,河北,物理类,2025,高职专科,404,288231,3
河北科技工程职业技术大学,河北,物理类,2025,高职专科,404,288231,240
湖北国土资源职业学院,河北,物理类,2025,高职专科,404,288231,34
青岛酒店管理职业技术学院,河北,物理类,2025,高职专科,403,289151,22
山东旅游职业学院,河北,物理类,2025,高职专科,403,289151,5
云南能源职业技术学院,河北,物理类,2025,高职专科,403,289151,4
安徽国际商务职业学院,河北,物理类,2025,高职专科,403,289151,22
长沙环境保护职业技术学院,河北,物理类,2025,高职专科,403,279445,9
贵州工业职业技术学院,河北,物理类,2025,高职专科,403,289151,20
邯郸科技职业学院,河北,物理类,2025,高职专科,403,289151,880
吉林电子信息职业技术学院,河北,物理类,2025,高职专科,403,289151,13
江门职业技术学院,河北,物理类,2025,高职专科,403,289151,9
九江职业大学,河北,物理类,2025,高职专科,403,289151,15
青海卫生职业技术学院,河北,物理类,2025,高职专科,402,290057,10
上海建设管理职业技术学院,河北,物理类,2025,高职专科,402,290057,20
上饶职业技术学院,河北,物理类,2025,高职专科,402,290057,25
新乡职业技术学院,河北,物理类,2025,高职专科,402,290057,60
三峡大学科技学院,河北,物理类,2025,高职专科,402,290057,11
重庆交通职业学院,河北,物理类,2025,高职专科,402,290057,5
广州民航职业技术学院,河北,物理类,2025,高职专科,402,290057,131
鞍山职业技术学院,河北,物理类,2025,高职专科,402,290057,6
黑龙江冰雪体育职业学院,河北,物理类,2025,高职专科,402,290057,5
湖北城市建设职业技术学院,河北,物理类,2025,高职专科,402,290057,18
湖南现代物流职业技术学院,河北,物理类,2025,高职专科,402,276393,10
吉林司法警官职业学院,河北,物理类,2025,高职专科,402,276393,18
青海民族大学,河北,物理类,2025,本科批,401,282414,13
濮阳科技职业学院,河北,物理类,2025,高职专科,401,290945,5
天津城市职业学院,河北,物理类,2025,高职专科,401,290945,144
湖南城建职业技术学院,河北,物理类,2025,高职专科,401,290945,3
唐山科技职业技术学院,河北,物理类,2025,高职专科,400,291853,232
仙桃职业学院,河北,物理类,2025,高职专科,400,291853,20
新疆司法警官职业学院,河北,物理类,2025,高职专科,400,291853,29
安徽国防科技职业学院,河北,物理类,2025,高职专科,400,291853,88
安徽汽车职业技术学院,河北,物理类,2025,高职专科,400,291853,20
安徽新闻出版职业技术学院,河北,物理类,2025,高职专科,400,291853,10
河北正定师范高等专科学校,河北,物理类,2025,高职专科,400,291853,218
湖北黄冈应急管理职业技术学院,河北,物理类,2025,高职专科,400,291853,12
山东城市服务职业学院,河北,物理类,2025,高职专科,399,292792,80
山东外贸职业学院,河北,物理类,2025,高职专科,399,292792,29
山西国际商务职业学院,河北,物理类,2025,高职专科,399,292792,5
铜川职业技术学院,河北,物理类,2025,高职专科,399,292792,18
北京中医药大学东方学院,河北,物理类,2025,高职专科,399,292792,108
重庆城市管理职业学院,河北,物理类,2025,高职专科,399,292792,150
安阳职业技术学院,河北,物理类,2025,高职专科,399,292792,98
包头职业技术学院,河北,物理类,2025,高职专科,399,292792,160
河南应用技术职业学院,河北,物理类,2025,高职专科,399,292792,58
湖北科技职业学院,河北,物理类,2025,高职专科,399,292792,18
山东劳动职业技术学院,河北,物理类,2025,高职专科,398,293648,30
太原城市职业技术学院,河北,物理类,2025,高职专科,398,293648,20
乌海职业技术学院,河北,物理类,2025,高职专科,398,293648,30
盐城工业职业技术学院,河北,物理类,2025,高职专科,398,293648,15
阜阳职业技术学院,河北,物理类,2025,高职专科,398,293648,10
广州科技贸易职业学院,河北,物理类,2025,高职专科,398,293648,22
合肥幼儿师范高等专科学校,河北,物理类,2025,高职专科,398,293648,10
泸州职业技术学院,河北,物理类,2025,高职专科,397,294532,5
广东财贸职业学院,河北,物理类,2025,高职专科,397,294532,20
江苏城乡建设职业学院,河北,物理类,2025,高职专科,397,294532,18
闽江师范高等专科学校,河北,物理类,2025,高职专科,396,295438,11
山东文化艺术职业学院,河北,物理类,2025,高职专科,396,295438,10
朔州陶瓷职业技术学院,河北,物理类,2025,高职专科,396,295438,2
长江工程职业技术学院,河北,物理类,2025,高职专科,396,295438,35
长江大学文理学院,河北,物理类,2025,高职专科,396,294532,10
安徽冶金科技职业学院,河北,物理类,2025,高职专科,396,295438,33
河北工艺美术职业学院,河北,物理类,2025,高职专科,396,295438,55
河北司法警官职业学院,河北,物理类,2025,高职专科,396,295438,790
惠州卫生职业技术学院,河北,物理类,2025,高职专科,396,295438,17
陕西财经职业技术学院,河北,物理类,2025,高职专科,395,296285,30
朔州师范高等专科学校,河北,物理类,2025,高职专科,395,291853,110
广东食品药品职业学院,河北,物理类,2025,高职专科,395,296285,13
河南测绘职业学院,河北,物理类,2025,高职专科,395,296285,22
荆州职业技术学院,河北,物理类,2025,高职专科,395,296285,70
茂名职业技术学院,河北,物理类,2025,高职专科,394,297095,13
山东轻工职业学院,河北,物理类,2025,高职专科,394,297095,10
山东商务职业学院,河北,物理类,2025,高职专科,394,297095,105
唐山职业技术学院,河北,物理类,2025,高职专科,394,297095,1161
信阳农林学院,河北,物理类,2025,高职专科,394,297095,30
大连装备制造职业技术学院,河北,物理类,2025,高职专科,394,297095,17
齐鲁医药学院,河北,物理类,2025,高职专科,394,297095,18
辽宁师范高等专科学校,河北,物理类,2025,高职专科,393,297943,7
重庆城市职业学院,河北,物理类,2025,高职专科,393,297943,52
黑龙江司法警官职业学院,河北,物理类,2025,高职专科,393,297943,25
荆门职业学院,河北,物理类,2025,高职专科,393,297943,81
南阳科技职业学院,河北,物理类,2025,高职专科,392,298777,25
秦皇岛工业职业技术学院,河北,物理类,2025,高职专科,392,298777,2807
山东电子职业技术学院,河北,物理类,2025,高职专科,392,298777,35
石家庄幼儿师范高等专科学校,河北,物理类,2025,高职专科,392,298777,132
甘肃农业职业技术学院,河北,物理类,2025,高职专科,392,288231,6
贵州交通职业大学,河北,物理类,2025,高职专科,392,298777,19
河南农业职业学院,河北,物理类,2025,高职专科,392,298777,25
鹤壁能源化工职业学院,河北,物理类,2025,高职专科,392,298777,103
辽宁地质工程职业学院,河北,物理类,2025,高职专科,391,299558,13
内蒙古化工职业学院,河北,物理类,2025,高职专科,391,299558,208
濮阳石油化工职业技术学院,河北,物理类,2025,高职专科,391,299558,80
山西管理职业学院,河北,物理类,2025,高职专科,391,299558,17
烟台汽车工程职业学院,河北,物理类,2025,高职专科,391,299558,44
阳泉职业技术学院,河北,物理类,2025,高职专科,391,299558,40
营口职业技术学院,河北,物理类,2025,高职专科,391,299558,35
沈阳工学院,河北,物理类,2025,高职专科,391,299558,28
广西物流职业技术学院,河北,物理类,2025,高职专科,391,299558,5
合肥通用职业技术学院,河北,物理类,2025,高职专科,391,299558,36
江西机电职业技术学院,河北,物理类,2025,高职专科,391,299558,56
盘锦职业技术学院,河北,物理类,2025,高职专科,390,300429,15
信阳职业技术学院,河北,物理类,2025,高职专科,390,300429,8
长春金融高等专科学校,河北,物理类,2025,高职专科,390,300429,43
甘肃工业职业技术大学,河北,物理类,2025,高职专科,390,300429,23
江西农业工程职业学院,河北,物理类,2025,高职专科,390,300429,16
神木职业技术学院,河北,物理类,2025,高职专科,389,301252,29
云南林业职业技术学院,河北,物理类,2025,高职专科,389,301252,5
抚顺职业技术学院,河北,物理类,2025,高职专科,389,301252,15
广东生态工程职业学院,河北,物理类,2025,高职专科,389,301252,15
河南地矿职业学院,河北,物理类,2025,高职专科,389,301252,50
济源职业技术学院,河北,物理类,2025,高职专科,389,301252,39
宁夏工商职业技术学院,河北,物理类,2025,高职专科,388,302031,21
山东工业职业学院,河北,物理类,2025,高职专科,388,302031,135
鄂州职业大学,河北,物理类,2025,高职专科,388,302031,41
广州卫生职业技术学院,河北,物理类,2025,高职专科,388,302031,12
衡水职业技术学院,河北,物理类,2025,高职专科,388,302031,85
辽宁生态工程职业学院,河北,物理类,2025,高职专科,387,302738,59
安徽工业经济职业技术学院,河北,物理类,2025,高职专科,387,302738,34
安徽中澳科技职业学院,河北,物理类,2025,高职专科,387,302738,12
河南工业和信息化职业学院,河北,物理类,2025,高职专科,387,302738,150
江西建设职业技术学院,河北,物理类,2025,高职专科,387,302738,17
六安职业技术学院,河北,物理类,2025,高职专科,386,303438,22
南充文化旅游职业学院,河北,物理类,2025,高职专科,386,291853,13
陕西工商职业学院,河北,物理类,2025,高职专科,386,303438,213
承德护理职业学院,河北,物理类,2025,高职专科,386,303438,811
上海立达学院,河北,物理类,2025,高职专科,386,303438,2
东营科技职业学院,河北,物理类,2025,高职专科,386,303438,150
湖北生态工程职业技术学院,河北,物理类,2025,高职专科,386,303438,63
山东化工职业学院,河北,物理类,2025,高职专科,385,304225,180
邯郸幼儿师范高等专科学校,河北,物理类,2025,高职专科,385,304225,678
河北女子职业技术学院,河北,物理类,2025,高职专科,385,304225,284
菏泽职业学院,河北,物理类,2025,高职专科,385,304225,75
淮南职业技术学院,河北,物理类,2025,高职专科,385,304225,35
大庆职业学院,河北,物理类,2025,高职专科,384,304983,26
冀中职业学院,河北,物理类,2025,高职专科,384,304983,385
濮阳职业技术学院,河北,物理类,2025,高职专科,383,305728,60
安徽工业职业技术学院,河北,物理类,2025,高职专科,383,305728,15
西安明德理工学院,河北,物理类,2025,高职专科,383,305728,46
广西建设职业技术学院,河北,物理类,2025,高职专科,383,305728,9
河北建材职业技术学院,河北,物理类,2025,高职专科,383,305728,391
河北政法职业学院,河北,物理类,2025,高职专科,383,305728,1666
鹤壁职业技术学院,河北,物理类,2025,高职专科,383,305728,70
吉安幼儿师范高等专科学校,河北,物理类,2025,高职专科,383,299558,7
辽宁轻工职业学院,河北,物理类,2025,高职专科,382,306526,56
牡丹江大学,河北,物理类,2025,高职专科,382,306526,35
烟台工程职业技术学院,河北,物理类,2025,高职专科,382,306526,45
长治职业技术学院,河北,物理类,2025,高职专科,382,306526,20
四川传媒学院,河北,物理类,2025,高职专科,382,306526,2
邯郸职业技术学院,河北,物理类,2025,高职专科,382,306526,1318
江西工业贸易职业技术学院,河北,物理类,2025,高职专科,382,306526,8
青海建筑职业技术学院,河北,物理类,2025,高职专科,381,298777,4
山西运城农业职业技术学院,河北,物理类,2025,高职专科,381,307275,25
运城幼儿师范高等专科学校,河北,物理类,2025,高职专科,381,307275,10
武汉工商学院,河北,物理类,2025,高职专科,381,307275,14
广东理工职业学院,河北,物理类,2025,高职专科,381,307275,21
徽商职业学院,河北,物理类,2025,高职专科,381,307275,31
兰州职业技术学院,河北,物理类,2025,高职专科,380,308000,15
辽宁民族师范高等专科学校,河北,物理类,2025,高职专科,380,308000,36
襄阳汽车职业技术学院,河北,物理类,2025,高职专科,380,308000,80
云南国土资源职业学院,河北,物理类,2025,高职专科,380,308000,10
河北能源职业技术学院,河北,物理类,2025,高职专科,380,308000,304
宁夏卫生健康职业技术学院,河北,物理类,2025,高职专科,379,308740,70
汕头职业技术学院,河北,物理类,2025,高职专科,379,308740,18
铁岭师范高等专科学校,河北,物理类,2025,高职专科,379,308740,42
乌鲁木齐职业技术学院,河北,物理类,2025,高职专科,379,300429,10
咸宁职业技术学院,河北,物理类,2025,高职专科,379,308740,34
云南特殊教育职业学院,河北,物理类,2025,高职专科,379,308740,9
广东江门中医药职业学院,河北,物理类,2025,高职专科,379,308740,18
湛江幼儿师范专科学校,河北,物理类,2025,高职专科,378,309445,9
西安交通工程学院,河北,物理类,2025,高职专科,378,309445,26
广东茂名健康职业学院,河北,物理类,2025,高职专科,378,309445,23
桂林旅游学院,河北,物理类,2025,高职专科,378,309445,4
河北资源环境职业技术学院,河北,物理类,2025,高职专科,378,309445,796
淮南联合大学,河北,物理类,2025,高职专科,378,309445,44
辽宁建筑职业学院,河北,物理类,2025,高职专科,377,310139,88
山西林业职业技术学院,河北,物理类,2025,高职专科,377,310139,21
河北软件职业技术学院,河北,物理类,2025,高职专科,377,310139,407
佳木斯职业学院,河北,物理类,2025,高职专科,377,301252,130
兰考三农职业学院,河北,物理类,2025,高职专科,377,310139,25
辽宁现代服务职业技术学院,河北,物理类,2025,高职专科,376,310867,30
驻马店职业技术学院,河北,物理类,2025,高职专科,376,310867,52
河北艺术职业学院,河北,物理类,2025,高职专科,376,310867,70
湖北职业技术学院,河北,物理类,2025,高职专科,376,310867,32
潞安职业技术学院,河北,物理类,2025,高职专科,375,311624,72
安徽工贸职业技术学院,河北,物理类,2025,高职专科,375,311624,35
三峡旅游职业技术学院,河北,物理类,2025,高职专科,375,311624,29
定西职业技术学院,河北,物理类,2025,高职专科,375,311624,49
贵州传媒职业学院,河北,物理类,2025,高职专科,375,311624,35
贵州经贸职业技术学院,河北,物理类,2025,高职专科,375,311624,30
贵州生态能源职业学院,河北,物理类,2025,高职专科,375,311624,15
齐鲁理工学院,河北,物理类,2025,高职专科,374,304983,15
德州职业技术学院,河北,物理类,2025,高职专科,374,312305,70
海南卫生健康职业学院,河北,物理类,2025,高职专科,374,312305,13
三门峡社会管理职业学院,河北,物理类,2025,高职专科,373,312978,62
广州城市职业学院,河北,物理类,2025,高职专科,373,312978,32
惠州城市职业学院,河北,物理类,2025,高职专科,373,312978,23
枣庄职业学院,河北,物理类,2025,高职专科,372,313639,40
阜新高等专科学校,河北,物理类,2025,高职专科,372,313639,20
黑龙江民族职业学院,河北,物理类,2025,高职专科,372,313639,8
锦州师范高等专科学校,河北,物理类,2025,高职专科,372,313639,60
曲靖健康医学院,河北,物理类,2025,高职专科,371,314276,30
山东铝业职业学院,河北,物理类,2025,高职专科,371,314276,200
齐齐哈尔高等师范专科学校,河北,物理类,2025,高职专科,370,314942,50
上饶幼儿师范高等专科学校,河北,物理类,2025,高职专科,370,314942,8
唐山幼儿师范高等专科学校,河北,物理类,2025,高职专科,370,314942,527
西昌民族幼儿师范高等专科学校,河北,物理类,2025,高职专科,370,314942,17
枣庄科技职业学院,河北,物理类,2025,高职专科,370,314942,34
湖南都市职业学院,河北,物理类,2025,高职专科,370,314942,12
海南外国语职业学院,河北,物理类,2025,高职专科,370,312305,4
吕梁职业技术学院,河北,物理类,2025,高职专科,369,315565,162
山西金融职业学院,河北,物理类,2025,高职专科,369,315565,27
新疆生产建设兵团兴新职业技术学院,河北,物理类,2025,高职专科,369,315565,16
湖北工程学院新技术学院,河北,物理类,2025,高职专科,369,315565,18
长沙南方职业学院,河北,物理类,2025,高职专科,369,315565,3
六盘水职业技术学院,河北,物理类,2025,高职专科,368,316253,18
太原幼儿师范高等专科学校,河北,物理类,2025,高职专科,368,316253,29
天门职业学院,河北,物理类,2025,高职专科,368,316253,29
湖北师范大学文理学院,河北,物理类,2025,高职专科,368,316253,36
衡水健康科技职业学院,河北,物理类,2025,高职专科,368,316253,2115
吉林交通职业技术学院,河北,物理类,2025,高职专科,368,316253,21
内蒙古师范大学,河北,物理类,2025,本科批,367,316929,29
宣化科技职业学院,河北,物理类,2025,高职专科,367,316929,824
烟台文化旅游职业学院,河北,物理类,2025,高职专科,367,316929,50
甘肃财贸职业学院,河北,物理类,2025,高职专科,367,316929,28
保定职业技术学院,河北,物理类,2025,高职专科,367,316929,1406
西安职业技术学院,河北,物理类,2025,高职专科,366,317549,90
云南财经职业学院,河北,物理类,2025,高职专科,366,317549,14
甘肃林业职业技术大学,河北,物理类,2025,高职专科,366,317549,5
四平职业大学,河北,物理类,2025,高职专科,365,318152,77
忻州职业技术学院,河北,物理类,2025,高职专科,365,318152,25
山东现代学院,河北,物理类,2025,高职专科,365,318152,18
江苏商贸职业学院,河北,物理类,2025,高职专科,365,318152,37
安徽矿业职业技术学院,河北,物理类,2025,高职专科,364,318756,70
烟台科技学院,河北,物理类,2025,高职专科,364,313639,15
广西幼儿师范高等专科学校,河北,物理类,2025,高职专科,364,306526,10
河南水利与环境职业学院,河北,物理类,2025,高职专科,364,318756,60
黑龙江能源职业学院,河北,物理类,2025,高职专科,364,318756,90
阜阳科技职业学院,河北,物理类,2025,高职专科,363,304983,10
沈阳北软信息职业技术学院,河北,物理类,2025,高职专科,363,305728,45
广东省外语艺术职业学院,河北,物理类,2025,高职专科,363,319329,10
黑龙江艺术职业学院,河北,物理类,2025,高职专科,363,319329,11
江苏工程职业技术学院,河北,物理类,2025,高职专科,363,319329,24
铜仁幼儿师范高等专科学校,河北,物理类,2025,高职专科,362,319901,5
遵义职业技术学院,河北,物理类,2025,高职专科,362,319901,15
承德应用技术职业学院,河北,物理类,2025,高职专科,362,319901,493
甘肃钢铁职业技术学院,河北,物理类,2025,高职专科,362,319901,14
白城职业技术学院,河北,物理类,2025,高职专科,362,319901,100
黑龙江农业经济职业学院,河北,物理类,2025,高职专科,362,319901,22
保定幼儿师范高等专科学校,河北,物理类,2025,高职专科,362,319901,433
重庆科创职业学院,河北,物理类,2025,高职专科,361,320481,3
黑龙江林业职业技术学院,河北,物理类,2025,高职专科,361,320481,55
江苏建筑职业技术学院,河北,物理类,2025,高职专科,361,320481,26
江西婺源茶业职业学院,河北,物理类,2025,高职专科,361,320481,20
合肥共达职业技术学院,河北,物理类,2025,高职专科,360,321080,30
江西航空职业技术学院,河北,物理类,2025,高职专科,360,321080,46
内蒙古能源职业学院,河北,物理类,2025,高职专科,360,305728,5
恩施职业技术学院,河北,物理类,2025,高职专科,360,321080,39
百色职业学院,河北,物理类,2025,高职专科,360,321080,41
新疆农业大学,河北,物理类,2025,本科批,359,321658,60
廊坊燕京职业技术学院,河北,物理类,2025,高职专科,359,321658,107
延安职业技术学院,河北,物理类,2025,高职专科,359,321658,72
盐城幼儿师范高等专科学校,河北,物理类,2025,高职专科,359,321658,27
平凉职业技术学院,河北,物理类,2025,高职专科,358,322236,10
黔南民族职业技术学院,河北,物理类,2025,高职专科,358,322236,28
黔西南民族职业技术学院,河北,物理类,2025,高职专科,358,322236,7
广西安全工程职业技术学院,河北,物理类,2025,高职专科,358,322236,55
商洛职业技术学院,河北,物理类,2025,高职专科,357,322812,45
天津商务职业学院,河北,物理类,2025,高职专科,357,322812,351
安康职业技术学院,河北,物理类,2025,高职专科,357,322812,33
白银矿冶职业技术学院,河北,物理类,2025,高职专科,357,322812,55
河北劳动关系职业学院,河北,物理类,2025,高职专科,357,322812,805
惠州工程职业学院,河北,物理类,2025,高职专科,357,322812,9
沧州职业技术学院,河北,物理类,2025,高职专科,356,323382,1431
河北工业职业技术大学,河北,物理类,2025,高职专科,356,323382,2015
黑龙江农业职业技术学院,河北,物理类,2025,高职专科,356,323382,20
湖北工业职业技术学院,河北,物理类,2025,高职专科,356,323382,40
大庆医学高等专科学校,河北,物理类,2025,高职专科,355,323896,68
呼和浩特民族学院,河北,物理类,2025,本科批,353,325037,23
廊坊职业技术学院,河北,物理类,2025,高职专科,353,325037,228
六盘水幼儿师范高等专科学校,河北,物理类,2025,高职专科,353,325037,5
七台河职业学院,河北,物理类,2025,高职专科,353,325037,90
广西国际商务职业技术学院,河北,物理类,2025,高职专科,353,325037,7
湖北中医药高等专科学校,河北,物理类,2025,高职专科,353,325037,15
赤峰工业职业技术学院,河北,物理类,2025,高职专科,352,325559,202
内蒙古交通职业技术学院,河北,物理类,2025,高职专科,351,326104,315
三明医学科技职业学院,河北,物理类,2025,高职专科,351,326104,44
铁门关职业技术学院,河北,物理类,2025,高职专科,351,326104,110
大连航运职业技术学院,河北,物理类,2025,高职专科,351,326104,10
郑州工业应用技术学院,河北,物理类,2025,高职专科,351,326104,10
贵州职业技术学院,河北,物理类,2025,高职专科,351,326104,47
吉林工程职业学院,河北,物理类,2025,高职专科,351,326104,85
郑州科技学院,河北,物理类,2025,高职专科,350,326609,15
黑龙江农垦职业学院,河北,物理类,2025,高职专科,350,326609,79
黑龙江商业职业学院,河北,物理类,2025,高职专科,350,326609,108
吉安职业技术学院,河北,物理类,2025,高职专科,350,326609,12
铜陵职业技术学院,河北,物理类,2025,高职专科,349,327130,13
海南职业技术学院,河北,物理类,2025,高职专科,349,327130,43
秦皇岛职业技术学院,河北,物理类,2025,高职专科,348,327623,1005
庆阳职业技术学院,河北,物理类,2025,高职专科,348,327623,55
武汉纺织大学外经贸学院,河北,物理类,2025,高职专科,348,327623,22
黑龙江职业学院,河北,物理类,2025,高职专科,348,327623,56
塔里木职业技术学院,河北,物理类,2025,高职专科,347,328093,89
潇湘职业学院,河北,物理类,2025,高职专科,347,328093,2
甘肃建筑职业技术学院,河北,物理类,2025,高职专科,347,328093,15
昭通卫生职业学院,河北,物理类,2025,高职专科,346,328606,39
江西青年职业学院,河北,物理类,2025,高职专科,346,328606,4
荆州理工职业学院,河北,物理类,2025,高职专科,346,328606,55
厦门软件职业技术学院,河北,物理类,2025,高职专科,345,329119,6
郑州商贸旅游职业学院,河北,物理类,2025,高职专科,345,329119,5
哈密职业技术学院,河北,物理类,2025,高职专科,345,329119,23
克拉玛依职业技术学院,河北,物理类,2025,高职专科,345,329119,46
北京网络职业学院,河北,物理类,2025,高职专科,344,329605,53
北京科技职业学院,河北,物理类,2025,高职专科,343,330092,46
武汉外语外事职业学院,河北,物理类,2025,高职专科,343,330092,28
内蒙古民族大学,河北,物理类,2025,本科批,342,330559,14
石嘴山工贸职业技术学院,河北,物理类,2025,高职专科,342,330559,45
四川工商学院,河北,物理类,2025,高职专科,342,322236,9
乌兰察布职业学院,河北,物理类,2025,高职专科,341,325037,720
新疆轻工职业技术学院,河北,物理类,2025,高职专科,341,331050,65
南昌应用技术师范学院,河北,物理类,2025,高职专科,340,331539,8
青岛求实职业技术学院,河北,物理类,2025,高职专科,340,331539,78
喀什理工职业技术学院,河北,物理类,2025,高职专科,340,331539,197
塔城职业技术学院,河北,物理类,2025,高职专科,339,331988,7
广州城建职业学院,河北,物理类,2025,高职专科,339,331988,10
民办合肥财经职业学院,河北,物理类,2025,高职专科,339,331988,15
郑州医药健康职业学院,河北,物理类,2025,高职专科,339,331988,33
武汉信息传播职业技术学院,河北,物理类,2025,高职专科,338,332447,10
大兴安岭职业学院,河北,物理类,2025,高职专科,338,332447,38
日喀则职业技术学院,河北,物理类,2025,高职专科,337,321080,6
阿克苏工业职业技术学院,河北,物理类,2025,高职专科,336,333371,61
新疆建设职业技术学院,河北,物理类,2025,高职专科,336,333371,13
湖北生物科技职业学院,河北,物理类,2025,高职专科,336,333371,30
泸州医疗器械职业学院,河北,物理类,2025,高职专科,334,334261,21
武汉光谷职业学院,河北,物理类,2025,高职专科,334,334261,45
黔东南理工职业学院,河北,物理类,2025,高职专科,333,334702,15
新疆和田学院,河北,物理类,2025,高职专科,333,334702,110
北京经贸职业学院,河北,物理类,2025,高职专科,333,334702,80
贵州电子信息职业技术学院,河北,物理类,2025,高职专科,333,334702,94
河北对外经贸职业学院,河北,物理类,2025,高职专科,333,334702,456
黑龙江旅游职业技术学院,河北,物理类,2025,高职专科,333,334702,65
桂林师范学院,河北,物理类,2025,高职专科,332,335108,18
黑龙江幼儿师范高等专科学校,河北,物理类,2025,高职专科,332,335108,84
内蒙古商贸职业学院,河北,物理类,2025,高职专科,331,335532,60
伊春职业学院,河北,物理类,2025,高职专科,331,335532,78
西安高新科技职业学院,河北,物理类,2025,高职专科,331,335532,40
宝鸡职业技术学院,河北,物理类,2025,高职专科,331,335532,50
山东海事职业学院,河北,物理类,2025,高职专科,329,336365,106
武汉生物工程学院,河北,物理类,2025,高职专科,329,336365,39
哈尔滨科学技术职业学院,河北,物理类,2025,高职专科,329,336365,40
湖北商贸学院,河北,物理类,2025,高职专科,328,336795,40
武汉传媒学院,河北,物理类,2025,高职专科,328,336795,13
和田职业技术学院,河北,物理类,2025,高职专科,328,336795,18
华北理工大学轻工学院,河北,物理类,2025,高职专科,327,337194,75
黔南民族幼儿师范高等专科学校,河北,物理类,2025,高职专科,326,337613,13
松原职业技术学院,河北,物理类,2025,高职专科,326,337613,48
图木舒克职业技术学院,河北,物理类,2025,高职专科,326,337613,115
昆玉职业技术学院,河北,物理类,2025,高职专科,326,337613,173
山东外国语职业技术大学,河北,物理类,2025,高职专科,325,338000,75
潍坊理工学院,河北,物理类,2025,高职专科,325,338000,13
东莞职业技术学院,河北,物理类,2025,高职专科,325,338000,12
赤峰应用技术职业学院,河北,物理类,2025,高职专科,324,338382,59
内蒙古科技职业学院,河北,物理类,2025,高职专科,324,328606,20
温州商学院,河北,物理类,2025,高职专科,324,323896,3
吐鲁番职业技术学院,河北,物理类,2025,高职专科,323,338756,18
新疆职业大学,河北,物理类,2025,高职专科,323,338756,80
武汉设计工程学院,河北,物理类,2025,高职专科,323,338756,20
博尔塔拉职业技术学院,河北,物理类,2025,高职专科,322,339161,26
长垣烹饪职业技术学院,河北,物理类,2025,高职专科,322,339161,20
德州科技职业学院,河北,物理类,2025,高职专科,322,339161,295
新疆农业职业技术大学,河北,物理类,2025,高职专科,321,339518,85
石家庄工商职业学院,河北,物理类,2025,高职专科,321,339518,497
鹤岗师范高等专科学校,河北,物理类,2025,高职专科,321,339518,55
西藏职业技术学院,河北,物理类,2025,高职专科,319,328093,66
乌鲁木齐职业大学,河北,物理类,2025,高职专科,318,340616,36
广西自然资源职业技术学院,河北,物理类,2025,高职专科,318,340616,67
江苏安全技术职业学院,河北,物理类,2025,高职专科,318,340616,45
沈阳城市建设学院,河北,物理类,2025,高职专科,317,340928,18
石河子工程职业技术学院,河北,物理类,2025,高职专科,316,341275,162
新疆交通职业技术大学,河北,物理类,2025,高职专科,315,341596,89
武昌理工学院,河北,物理类,2025,高职专科,315,341596,28
厦门南洋职业学院,河北,物理类,2025,高职专科,315,341596,18
河北机电职业技术学院,河北,物理类,2025,高职专科,315,341596,1035
江西医学高等专科学校,河北,物理类,2025,高职专科,315,341596,27
武昌首义学院,河北,物理类,2025,高职专科,314,341933,75
培黎职业学院,河北,物理类,2025,高职专科,313,342278,108
长沙文创艺术职业学院,河北,物理类,2025,高职专科,313,342278,7
湖南吉利汽车职业技术学院,河北,物理类,2025,高职专科,313,342278,24
陕西电子信息职业技术学院,河北,物理类,2025,高职专科,313,342278,55
西安工商学院,河北,物理类,2025,高职专科,313,342278,53
山西同文职业技术学院,河北,物理类,2025,高职专科,312,342604,65
广东农工商职业技术学院,河北,物理类,2025,高职专科,311,331988,8
新星职业技术学院,河北,物理类,2025,高职专科,310,343230,242
景德镇艺术职业大学,河北,物理类,2025,高职专科,310,343230,47
长白山职业技术学院,河北,物理类,2025,高职专科,309,343566,25
泉州工程职业技术学院,河北,物理类,2025,高职专科,309,343566,5
新疆应用职业技术学院,河北,物理类,2025,高职专科,308,343875,77
民办合肥经济技术职业学院,河北,物理类,2025,高职专科,308,343875,6
梧州医学高等专科学校,河北,物理类,2025,高职专科,308,343875,7
西安海棠职业学院,河北,物理类,2025,高职专科,308,343875,177
满洲里俄语职业学院,河北,物理类,2025,高职专科,307,344185,72
沧州幼儿师范高等专科学校,河北,物理类,2025,高职专科,307,344185,1203
江西科技学院,河北,物理类,2025,高职专科,307,344185,17
新疆天山职业技术大学,河北,物理类,2025,高职专科,307,344185,16
伊犁职业技术学院,河北,物理类,2025,高职专科,306,344487,19
阿勒泰职业技术学院,河北,物理类,2025,高职专科,306,344487,45
阿克苏职业技术学院,河北,物理类,2025,高职专科,305,344820,160
北京科技经营管理学院,河北,物理类,2025,高职专科,305,344820,33
云南工程职业学院,河北,物理类,2025,高职专科,305,331050,4
四川文化艺术学院,河北,物理类,2025,高职专科,304,345106,3
武汉东湖学院,河北,物理类,2025,高职专科,304,345106,95
武汉商贸职业学院,河北,物理类,2025,高职专科,304,345106,64
武汉文理学院,河北,物理类,2025,高职专科,304,345106,32
鄂尔多斯职业学院,河北,物理类,2025,高职专科,304,345106,91
鄂尔多斯生态环境职业学院,河北,物理类,2025,高职专科,303,345410,75
锡林郭勒职业学院,河北,物理类,2025,高职专科,302,345690,208
四川现代职业学院,河北,物理类,2025,高职专科,299,346566,28
上海中侨职业技术大学,河北,物理类,2025,高职专科,298,345106,4
武汉工程科技学院,河北,物理类,2025,高职专科,298,346836,75
山东信息职业技术学院,河北,物理类,2025,高职专科,296,347347,27
巴音郭楞职业技术学院,河北,物理类,2025,高职专科,296,347347,300
双河职业技术学院,河北,物理类,2025,高职专科,295,347580,165
长沙医药健康职业学院,河北,物理类,2025,高职专科,295,347580,8
岳阳现代服务职业学院,河北,物理类,2025,高职专科,295,347580,1
汉中职业技术学院,河北,物理类,2025,高职专科,294,347872,103
河北青年管理干部学院,河北,物理类,2025,高职专科,293,348138,2099
喀什职业技术学院,河北,物理类,2025,高职专科,292,348373,134
汉口学院,河北,物理类,2025,高职专科,289,349167,25
南昌影视传播职业学院,河北,物理类,2025,高职专科,289,349167,3
南昌职业大学,河北,物理类,2025,高职专科,289,349167,10
日照航海工程职业学院,河北,物理类,2025,高职专科,289,349167,121
湖北健康职业学院,河北,物理类,2025,高职专科,288,349405,30
郑州信息工程职业学院,河北,物理类,2025,高职专科,288,349405,25
兴安职业技术大学,河北,物理类,2025,高职专科,286,349891,76
青岛农业大学海都学院,河北,物理类,2025,高职专科,286,349891,100
共青科技职业学院,河北,物理类,2025,高职专科,286,349891,17
通化医药健康职业学院,河北,物理类,2025,高职专科,285,350127,22
上海思博职业技术学院,河北,物理类,2025,高职专科,284,350365,4
内蒙古美术职业学院,河北,物理类,2025,高职专科,282,334702,20
宿迁泽达职业技术学院,河北,物理类,2025,高职专科,281,342935,5
西安翻译学院,河北,物理类,2025,高职专科,280,351263,11
广州珠江职业技术学院,河北,物理类,2025,高职专科,279,337613,10
湖南三一工业职业技术学院,河北,物理类,2025,高职专科,279,351483,9
江西新能源科技职业学院,河北,物理类,2025,高职专科,279,351483,61
炎黄职业技术学院,河北,物理类,2025,高职专科,279,350127,8
保定理工学院,河北,物理类,2025,高职专科,278,351685,224
德州工程职业学院,河北,物理类,2025,高职专科,278,351685,90
呼伦贝尔职业技术学院,河北,物理类,2025,高职专科,278,351685,159
湖南工商职业学院,河北,物理类,2025,高职专科,276,349673,2
文华学院,河北,物理类,2025,高职专科,276,352130,50
云南科技信息职业学院,河北,物理类,2025,高职专科,275,352332,8
重庆传媒职业学院,河北,物理类,2025,高职专科,274,352542,58
江西樟树中医药职业学院,河北,物理类,2025,高职专科,272,352957,36
新疆石河子职业技术学院,河北,物理类,2025,高职专科,271,353168,86
西安欧亚学院,河北,物理类,2025,高职专科,270,353341,23
福州墨尔本理工职业学院,河北,物理类,2025,高职专科,270,353341,31
内蒙古丰州职业学院,河北,物理类,2025,高职专科,269,353534,80
重庆信息技术职业学院,河北,物理类,2025,高职专科,268,353740,89
湖北恩施学院,河北,物理类,2025,高职专科,268,353740,80
上海工商外国语职业学院,河北,物理类,2025,高职专科,268,353740,2
青岛航空科技职业学院,河北,物理类,2025,高职专科,267,353926,46
广西生态工程职业技术学院,河北,物理类,2025,高职专科,267,353926,40
北京经济技术职业学院,河北,物理类,2025,高职专科,265,354295,114
桂林信息工程职业学院,河北,物理类,2025,高职专科,265,338382,19
眉山药科职业学院,河北,物理类,2025,高职专科,265,354295,108
可克达拉职业技术学院,河北,物理类,2025,高职专科,265,354295,192
江西应用科技学院,河北,物理类,2025,高职专科,264,341933,8
蚌埠经济技术职业学院,河北,物理类,2025,高职专科,263,354663,25
合肥科技职业学院,河北,物理类,2025,高职专科,263,354663,20
黄冈科技职业学院,河北,物理类,2025,高职专科,263,354663,60
漯河食品工程职业大学,河北,物理类,2025,高职专科,263,351685,80
贵州工程职业学院,河北,物理类,2025,高职专科,262,354832,65
荆州学院,河北,物理类,2025,高职专科,262,354832,50
泉州纺织服装职业学院,河北,物理类,2025,高职专科,262,354832,75
武昌职业学院,河北,物理类,2025,高职专科,261,354991,50
民办合肥滨湖职业技术学院,河北,物理类,2025,高职专科,260,355194,42
西安外事学院,河北,物理类,2025,高职专科,260,355194,63
阿拉善职业技术学院,河北,物理类,2025,高职专科,260,355194,262
甘肃畜牧工程职业技术学院,河北,物理类,2025,高职专科,260,355194,259
昆山登云科技职业学院,河北,物理类,2025,高职专科,259,352332,4
银川科技学院,河北,物理类,2025,高职专科,259,355364,33
甘肃有色冶金职业技术学院,河北,物理类,2025,高职专科,258,355507,107
重庆现代制造职业学院,河北,物理类,2025,高职专科,257,355686,110
广州南洋理工职业学院,河北,物理类,2025,高职专科,257,355686,28
广州华夏职业学院,河北,物理类,2025,高职专科,256,342604,5
云南经济管理学院,河北,物理类,2025,高职专科,256,355849,22
重庆理工职业学院,河北,物理类,2025,高职专科,255,355991,57
民办万博科技职业学院,河北,物理类,2025,高职专科,255,355991,75
厦门安防科技职业学院,河北,物理类,2025,高职专科,255,355991,9
黑龙江生态工程职业学院,河北,物理类,2025,高职专科,255,355991,43
三亚理工职业学院,河北,物理类,2025,高职专科,254,356143,13
厦门华天涉外职业技术学院,河北,物理类,2025,高职专科,254,355686,140
烟台南山学院,河北,物理类,2025,高职专科,254,356143,112
新疆师范高等专科学校,河北,物理类,2025,高职专科,253,356278,41
广东南华工商职业学院,河北,物理类,2025,高职专科,253,356278,10
上海济光职业技术学院,河北,物理类,2025,高职专科,252,356447,36
大连东软信息学院,河北,物理类,2025,高职专科,251,356614,71
陕西国际商贸学院,河北,物理类,2025,高职专科,251,356614,32
资阳口腔职业学院,河北,物理类,2025,高职专科,251,356278,55
昆明传媒学院,河北,物理类,2025,高职专科,250,356767,10
泉州华光职业学院,河北,物理类,2025,高职专科,250,356767,7
石家庄人民医学高等专科学校,河北,物理类,2025,高职专科,250,356767,568
漳州理工职业学院,河北,物理类,2025,高职专科,249,356908,10
北京汇佳职业学院,河北,物理类,2025,高职专科,247,357198,59
云南新兴职业学院,河北,物理类,2025,高职专科,245,357453,50
辽源职业技术学院,河北,物理类,2025,高职专科,244,357570,46
北海康养职业学院,河北,物理类,2025,高职专科,244,357570,29
广东肇庆航空职业学院,河北,物理类,2025,高职专科,244,357570,19
湖南电子科技职业学院,河北,物理类,2025,高职专科,243,357691,10
吉林城市职业技术学院,河北,物理类,2025,高职专科,243,357691,198
大连汽车职业技术学院,河北,物理类,2025,高职专科,242,357809,24
云南外事外语职业学院,河北,物理类,2025,高职专科,242,341275,75
江西科技职业学院,河北,物理类,2025,高职专科,241,357947,126
武夷山职业学院,河北,物理类,2025,高职专科,241,341596,98
德阳科贸职业学院,河北,物理类,2025,高职专科,240,358092,120
贵州盛华职业学院,河北,物理类,2025,高职专科,240,358092,50
三亚护理职业学院,河北,物理类,2025,高职专科,240,358092,65
遂宁职业学院,河北,物理类,2025,高职专科,240,343230,165
张家界学院,河北,物理类,2025,高职专科,240,358092,7
建东职业技术学院,河北,物理类,2025,高职专科,239,341275,20
南昌工学院,河北,物理类,2025,高职专科,239,358223,89
上海东海职业技术学院,河北,物理类,2025,高职专科,239,358223,41
四川国际标榜职业学院,河北,物理类,2025,高职专科,239,358223,55
西安汽车职业大学,河北,物理类,2025,高职专科,239,358223,211
九州职业技术学院,河北,物理类,2025,高职专科,238,348373,3
梅河口康美职业技术学院,河北,物理类,2025,高职专科,238,358345,75
遂宁工程职业学院,河北,物理类,2025,高职专科,238,358345,125
珠海艺术职业学院,河北,物理类,2025,高职专科,238,358345,4
广东岭南职业技术学院,河北,物理类,2025,高职专科,237,358486,25
四川托普信息技术职业学院,河北,物理类,2025,高职专科,237,358486,43
烟台城市科技职业学院,河北,物理类,2025,高职专科,237,358486,132
郑州城市职业学院,河北,物理类,2025,高职专科,237,358486,50
哈尔滨幼儿师范高等专科学校,河北,物理类,2025,高职专科,237,358486,106
重庆经贸职业学院,河北,物理类,2025,高职专科,236,358591,175
广东亚视演艺职业学院,河北,物理类,2025,高职专科,236,358591,20
四川希望汽车职业学院,河北,物理类,2025,高职专科,236,358591,165
广东酒店管理职业技术学院,河北,物理类,2025,高职专科,235,355194,17
江西泰豪动漫职业学院,河北,物理类,2025,高职专科,235,341596,35
信阳航空职业学院,河北,物理类,2025,高职专科,235,344487,80
北京培黎职业学院,河北,物理类,2025,高职专科,234,358846,127
长春早期教育职业学院,河北,物理类,2025,高职专科,234,348625,400
泉州轻工职业学院,河北,物理类,2025,高职专科,234,358846,2
宿州航空职业学院,河北,物理类,2025,高职专科,234,358846,65
黄山健康职业学院,河北,物理类,2025,高职专科,233,358962,113
陕西旅游烹饪职业学院,河北,物理类,2025,高职专科,233,358962,37
宿迁职业技术学院,河北,物理类,2025,高职专科,233,341275,65
无锡南洋职业技术学院,河北,物理类,2025,高职专科,233,351263,42
钦州幼儿师范高等专科学校,河北,物理类,2025,高职专科,232,352332,60
湖南交通工程学院,河北,物理类,2025,高职专科,232,359050,7
苏州高博职业学院,河北,物理类,2025,高职专科,232,342604,99
广州华商职业学院,河北,物理类,2025,高职专科,231,342604,15
海南健康管理职业技术学院,河北,物理类,2025,高职专科,231,349167,15
四川城市职业学院,河北,物理类,2025,高职专科,231,359169,180
四川电子机械职业技术学院,河北,物理类,2025,高职专科,231,359169,38
辽宁广告职业学院,河北,物理类,2025,高职专科,230,359275,38
洛阳科技职业学院,河北,物理类,2025,高职专科,230,359275,72
信阳涉外职业技术学院,河北,物理类,2025,高职专科,230,359275,30
郴州智能科技职业学院,河北,物理类,2025,高职专科,229,353534,12
德阳城市轨道交通职业学院,河北,物理类,2025,高职专科,229,359370,700
贵州应用技术职业学院,河北,物理类,2025,高职专科,229,359370,208
郴州思科职业学院,河北,物理类,2025,高职专科,228,342935,13
云南经贸外事职业学院,河北,物理类,2025,高职专科,228,352130,11
哈尔滨传媒职业学院,河北,物理类,2025,高职专科,227,359586,63
四川电影电视学院,河北,物理类,2025,高职专科,227,359586,29
榆林能源科技职业学院,河北,物理类,2025,高职专科,227,359586,292
河北旅游职业学院,河北,物理类,2025,高职专科,227,359586,508
重庆应用技术职业学院,河北,物理类,2025,高职专科,226,359668,130
青岛黄海学院,河北,物理类,2025,高职专科,226,359668,68
云南工商学院,河北,物理类,2025,高职专科,226,359668,602
重庆电讯职业学院,河北,物理类,2025,高职专科,225,359760,162
湖北三峡航空学院,河北,物理类,2025,高职专科,225,359760,16
云南医药健康职业学院,河北,物理类,2025,高职专科,225,359760,75
重庆建筑科技职业学院,河北,物理类,2025,高职专科,224,359845,45
湖南高尔夫旅游职业学院,河北,物理类,2025,高职专科,224,359845,16
湖南外国语职业学院,河北,物理类,2025,高职专科,224,359845,25
桂林生命与健康职业技术学院,河北,物理类,2025,高职专科,223,359928,130
四川文化传媒职业学院,河北,物理类,2025,高职专科,223,359928,39
西安信息职业大学,河北,物理类,2025,高职专科,223,359928,230
宝鸡三和职业学院,河北,物理类,2025,高职专科,222,360025,200
桂林山水职业学院,河北,物理类,2025,高职专科,222,357947,180
上海邦德职业技术学院,河北,物理类,2025,高职专科,222,360025,22
新疆现代职业技术学院,河北,物理类,2025,高职专科,222,360025,24
长春科技学院,河北,物理类,2025,高职专科,221,360112,148
重庆公共运输职业学院,河北,物理类,2025,高职专科,221,360112,108
贵州城市职业学院,河北,物理类,2025,高职专科,221,342278,316
贵州工贸职业学院,河北,物理类,2025,高职专科,221,360112,101
哈尔滨城市职业学院,河北,物理类,2025,高职专科,221,360112,7
潍坊环境工程职业学院,河北,物理类,2025,高职专科,221,360112,157
云南三鑫职业技术学院,河北,物理类,2025,高职专科,221,360112,144
延边职业技术学院,河北,物理类,2025,高职专科,220,360204,165
江西洪州职业学院,河北,物理类,2025,高职专科,220,360204,32
山东圣翰财贸职业学院,河北,物理类,2025,高职专科,220,360204,302
山东艺术设计职业学院,河北,物理类,2025,高职专科,220,360204,95
赣州职业技术学院,河北,物理类,2025,高职专科,220,360204,19
大连枫叶职业技术学院,河北,物理类,2025,高职专科,219,360304,32
山西信息职业技术学院,河北,物理类,2025,高职专科,219,352542,110
潍坊食品科技职业学院,河北,物理类,2025,高职专科,219,360304,95
厦门东海职业技术学院,河北,物理类,2025,高职专科,219,360304,22
扎兰屯职业学院,河北,物理类,2025,高职专科,218,360375,89
长江艺术工程职业学院,河北,物理类,2025,高职专科,218,360375,99
成都文理学院,河北,物理类,2025,高职专科,218,360375,80
海南工商职业学院,河北,物理类,2025,高职专科,218,360375,300
海南科技职业大学,河北,物理类,2025,高职专科,218,360375,103
江西枫林涉外经贸职业学院,河北,物理类,2025,高职专科,218,360375,105
山东力明科技职业学院,河北,物理类,2025,高职专科,218,360375,65
四川科技职业学院,河北,物理类,2025,高职专科,218,360375,140
长春数字科技职业学院,河北,物理类,2025,高职专科,217,360463,209
成都艺术职业大学,河北,物理类,2025,高职专科,217,354991,205
兰州外语职业学院,河北,物理类,2025,高职专科,217,360463,708
南昌理工学院,河北,物理类,2025,高职专科,217,360463,117
四川华新现代职业学院,河北,物理类,2025,高职专科,217,360463,89
郑州食品工程职业学院,河北,物理类,2025,高职专科,217,360463,34
株洲科技职业学院,河北,物理类,2025,高职专科,217,360463,8
重庆海联职业技术学院,河北,物理类,2025,高职专科,216,360531,313
重庆科技职业学院,河北,物理类,2025,高职专科,216,360531,135
重庆艺术工程职业学院,河北,物理类,2025,高职专科,216,360531,47
江西工商职业技术学院,河北,物理类,2025,高职专科,216,360531,41
泉州海洋职业学院,河北,物理类,2025,高职专科,216,360531,141
新疆科信职业技术学院,河北,物理类,2025,高职专科,216,351909,100
长春师范高等专科学校,河北,物理类,2025,高职专科,215,360618,119
宝鸡中北职业学院,河北,物理类,2025,高职专科,215,360618,210
滨州科技职业学院,河北,物理类,2025,高职专科,215,360618,368
赣西科技职业学院,河北,物理类,2025,高职专科,215,360618,50
广东南方职业学院,河北,物理类,2025,高职专科,215,360618,10
贵州民用航空职业学院,河北,物理类,2025,高职专科,215,360618,226
哈尔滨应用职业技术学院,河北,物理类,2025,高职专科,215,360618,58
鹤壁汽车工程职业学院,河北,物理类,2025,高职专科,215,360618,290
吉林科技职业技术学院,河北,物理类,2025,高职专科,215,360618,49
上海电影艺术职业学院,河北,物理类,2025,高职专科,215,360618,5
潍坊工商职业学院,河北,物理类,2025,高职专科,215,360618,245
新疆能源职业技术学院,河北,物理类,2025,高职专科,215,360618,127
河北美术学院,河北,物理类,2025,高职专科,214,356143,20
衡阳科技职业学院,河北,物理类,2025,高职专科,214,360112,30
三亚城市职业学院,河北,物理类,2025,高职专科,214,360688,116
山东英才学院,河北,物理类,2025,高职专科,214,360688,135
湖北孝感美珈职业学院,河北,物理类,2025,高职专科,213,360751,160
厦门演艺职业学院,河北,物理类,2025,高职专科,213,360751,20
长春东方职业学院,河北,物理类,2025,高职专科,212,360827,797
大连艺术学院,河北,物理类,2025,高职专科,212,360827,11
和君职业学院,河北,物理类,2025,高职专科,212,360827,10
江西软件职业技术大学,河北,物理类,2025,高职专科,212,360827,46
林州建筑职业技术学院,河北,物理类,2025,高职专科,212,360827,80
天府新区信息职业学院,河北,物理类,2025,高职专科,212,360827,193
苏州百年职业学院,河北,物理类,2025,高职专科,211,360894,112
北京北大方正软件职业技术学院,河北,物理类,2025,高职专科,211,360894,90
重庆电信职业学院,河北,物理类,2025,高职专科,211,360894,233
重庆能源职业学院,河北,物理类,2025,高职专科,211,360894,160
广西理工职业技术学院,河北,物理类,2025,高职专科,211,360894,14
衡阳理工职业学院,河北,物理类,2025,高职专科,211,360894,28
金肯职业技术学院,河北,物理类,2025,高职专科,211,353168,12
上海民远职业技术学院,河北,物理类,2025,高职专科,211,352542,26
四川长江职业学院,河北,物理类,2025,高职专科,211,360894,115
张家口职业技术学院,河北,物理类,2025,高职专科,210,360955,1025
安徽绿海商务职业学院,河北,物理类,2025,高职专科,210,360955,120
长沙科技职业学院,河北,物理类,2025,高职专科,210,347080,22
兰州科技职业学院,河北,物理类,2025,高职专科,210,360955,31
青岛恒星科技学院,河北,物理类,2025,高职专科,210,360955,105
石家庄科技信息职业学院,河北,物理类,2025,高职专科,210,360955,641
长春信息技术职业学院,河北,物理类,2025,高职专科,209,361000,445
民办四川天一学院,河北,物理类,2025,高职专科,209,361000,335
资阳环境科技职业学院,河北,物理类,2025,高职专科,209,361000,104
白银希望职业技术学院,河北,物理类,2025,高职专科,208,361062,305
北京艺术传媒职业学院,河北,物理类,2025,高职专科,208,350127,60
绵阳飞行职业学院,河北,物理类,2025,高职专科,208,361062,165
石家庄城市经济职业学院,河北,物理类,2025,高职专科,208,361062,1706
四川应用技术职业学院,河北,物理类,2025,高职专科,208,361062,325
泰山科技学院,河北,物理类,2025,高职专科,208,361062,184
石家庄职业技术学院,河北,物理类,2025,高职专科,207,361108,528
巴中职业技术学院,河北,物理类,2025,高职专科,207,361108,251
广西演艺职业学院,河北,物理类,2025,高职专科,207,350365,24
广州涉外经济职业技术学院,河北,物理类,2025,高职专科,207,351033,60
烟台黄金职业学院,河北,物理类,2025,高职专科,207,361108,235
重庆安防职业学院,河北,物理类,2025,高职专科,206,345410,230
重庆智能工程职业学院,河北,物理类,2025,高职专科,206,361158,289
贵州工商职业学院,河北,物理类,2025,高职专科,206,361158,469
黑龙江三江美术职业学院,河北,物理类,2025,高职专科,206,353534,46
内蒙古北方职业技术学院,河北,物理类,2025,高职专科,206,361158,359
三亚中瑞酒店管理职业学院,河北,物理类,2025,高职专科,206,347872,57
新疆科技职业技术学院,河北,物理类,2025,高职专科,206,347872,89
长沙轨道交通职业学院,河北,物理类,2025,高职专科,205,361210,21
广东碧桂园职业学院,河北,物理类,2025,高职专科,205,361210,1
金山职业技术学院,河北,物理类,2025,高职专科,205,361210,170
昆明城市学院,河北,物理类,2025,高职专科,205,351263,90
丽江文化旅游学院,河北,物理类,2025,高职专科,205,345106,12
辽宁传媒学院,河北,物理类,2025,高职专科,205,344820,10
曲阜远东职业技术学院,河北,物理类,2025,高职专科,205,361210,30
石家庄经济职业学院,河北,物理类,2025,高职专科,205,361210,2825
天府新区航空旅游职业学院,河北,物理类,2025,高职专科,205,349673,462
西安城市建设职业学院,河北,物理类,2025,高职专科,205,361210,587
扬州中瑞酒店职业学院,河北,物理类,2025,高职专科,205,361210,33
漳州科技职业学院,河北,物理类,2025,高职专科,205,361210,34
渤海理工职业学院,河北,物理类,2025,高职专科,204,361262,826
重庆轻工职业学院,河北,物理类,2025,高职专科,204,361262,200
重庆数字产业职业技术学院,河北,物理类,2025,高职专科,204,351263,115
广西经济职业学院,河北,物理类,2025,高职专科,204,361262,84
吉林职业技术学院,河北,物理类,2025,高职专科,204,361262,120
南京视觉艺术职业学院,河北,物理类,2025,高职专科,204,361262,28
齐齐哈尔立德健康职业学院,河北,物理类,2025,高职专科,204,360204,183
日照康养职业学院,河北,物理类,2025,高职专科,204,350791,23
长春健康职业学院,河北,物理类,2025,高职专科,203,361317,230
广东创新科技职业学院,河北,物理类,2025,高职专科,203,361317,22
广东文理职业学院,河北,物理类,2025,高职专科,203,361317,124
哈尔滨北方航空职业技术学院,河北,物理类,2025,高职专科,203,361317,130
河北外国语学院,河北,物理类,2025,高职专科,203,361317,952
湖南软件职业技术大学,河北,物理类,2025,高职专科,203,361317,12
南阳职业学院,河北,物理类,2025,高职专科,203,361317,35
石家庄科技职业学院,河北,物理类,2025,高职专科,203,361317,1114
天津滨海汽车工程职业学院,河北,物理类,2025,高职专科,203,361317,1345
西安思源学院,河北,物理类,2025,高职专科,203,361317,53
云南城市建设职业学院,河北,物理类,2025,高职专科,203,361317,210
德阳农业科技职业学院,河北,物理类,2025,高职专科,202,361373,85
硅湖职业技术学院,河北,物理类,2025,高职专科,202,361373,12
山东工程职业技术大学,河北,物理类,2025,高职专科,202,361373,210
上海工商职业技术学院,河北,物理类,2025,高职专科,202,361373,41
石家庄医学高等专科学校,河北,物理类,2025,高职专科,202,361373,1105
四川汽车职业技术学院,河北,物理类,2025,高职专科,202,361373,135
四川文轩职业学院,河北,物理类,2025,高职专科,202,361373,304
天府新区通用航空职业学院,河北,物理类,2025,高职专科,202,361373,129
邢台新能源职业学院,河北,物理类,2025,高职专科,202,361373,1808
燕京理工学院,河北,物理类,2025,高职专科,202,361373,2176
自贡职业技术学院,河北,物理类,2025,高职专科,202,348625,225
沧州航空职业学院,河北,物理类,2025,高职专科,201,344185,2060
曹妃甸职业技术学院,河北,物理类,2025,高职专科,201,361425,1434
海口经济学院,河北,物理类,2025,高职专科,201,361425,142
邯郸应用技术职业学院,河北,物理类,2025,高职专科,201,356614,2010
江南影视艺术职业学院,河北,物理类,2025,高职专科,201,361425,2
景德镇陶瓷职业技术学院,河北,物理类,2025,高职专科,201,361425,146
明达职业技术学院,河北,物理类,2025,高职专科,201,361425,25
南充电影工业职业学院,河北,物理类,2025,高职专科,201,361425,516
攀枝花攀西职业学院,河北,物理类,2025,高职专科,201,344185,108
唐山海运职业学院,河北,物理类,2025,高职专科,201,361425,1190
天津天狮学院,河北,物理类,2025,高职专科,201,349167,52
厦门兴才职业技术学院,河北,物理类,2025,高职专科,201,361425,31
云南商务职业学院,河北,物理类,2025,高职专科,201,344820,96
重庆健康职业学院,河北,物理类,2025,高职专科,200,361477,944
重庆资源与环境保护职业学院,河北,物理类,2025,高职专科,200,361477,236
广州华立科技职业学院,河北,物理类,2025,高职专科,200,361477,37
贵州铜仁数据职业学院,河北,物理类,2025,高职专科,200,361477,94
海南东方新丝路职业学院,河北,物理类,2025,高职专科,200,361477,206
河北科技学院,河北,物理类,2025,高职专科,200,361477,1457
江海职业技术学院,河北,物理类,2025,高职专科,200,361477,52
江阳城建职业学院,河北,物理类,2025,高职专科,200,352957,460
辽宁理工职业大学,河北,物理类,2025,高职专科,200,349167,18
南充科技职业学院,河北,物理类,2025,高职专科,200,361477,52
齐齐哈尔理工职业学院,河北,物理类,2025,高职专科,200,361477,10
三亚航空旅游职业学院,河北,物理类,2025,高职专科,200,361477,65
山东外事职业大学,河北,物理类,2025,高职专科,200,361477,290
山东文化产业职业学院,河北,物理类,2025,高职专科,200,361477,130
上海震旦职业学院,河北,物理类,2025,高职专科,200,361477,26
石家庄财经职业学院,河北,物理类,2025,高职专科,200,361477,2498
石家庄工程职业学院,河北,物理类,2025,高职专科,200,361477,1159
石家庄金融职业学院,河北,物理类,2025,高职专科,200,358962,2410
石家庄理工职业学院,河北,物理类,2025,高职专科,200,361477,1344
石家庄农林职业学院,河北,物理类,2025,高职专科,200,361477,765
四川西南航空职业学院,河北,物理类,2025,高职专科,200,361477,310
邢台应用技术职业学院,河北,物理类,2025,高职专科,200,361477,1325
云南理工职业学院,河北,物理类,2025,高职专科,200,361477,44
