院校名称,省份,科类,年份,批次,最低分,最低位次,招生计划
清华大学,内蒙古,历史类,2025,本科批,681,,
北京大学,内蒙古,历史类,2025,本科批,675,12,
复旦大学,内蒙古,历史类,2025,本科批,665,38,
中国人民大学,内蒙古,历史类,2025,本科批,661,56,
浙江大学,内蒙古,历史类,2025,本科批,659,70,
南京大学,内蒙古,历史类,2025,本科批,657,81,
上海交通大学,内蒙古,历史类,2025,本科批,654,98,
北京师范大学,内蒙古,历史类,2025,本科批,650,134,
武汉大学,内蒙古,历史类,2025,本科提前批B段,650,134,
武汉大学,内蒙古,历史类,2025,本科批,649,141,
南开大学,内蒙古,历史类,2025,本科批,648,152,
西安交通大学,内蒙古,历史类,2025,本科批,647,160,
北京航空航天大学,内蒙古,历史类,2025,本科批,644,199,
同济大学,内蒙古,历史类,2025,本科批,644,199,
复旦大学,内蒙古,历史类,2025,本科提前批B段,641,254,
香港中文大学,内蒙古,历史类,2025,本科提前批B段,641,254,
北京大学,内蒙古,历史类,2025,本科提前批C段,641,254,
西安交通大学,内蒙古,历史类,2025,本科提前批B段,640,270,
北京理工大学,内蒙古,历史类,2025,本科批,639,292,
东南大学,内蒙古,历史类,2025,本科批,639,292,
清华大学,内蒙古,历史类,2025,本科提前批C段,638,312,
清华大学,内蒙古,历史类,2025,本科提前批B段,637,330,
上海财经大学,内蒙古,历史类,2025,本科批,636,330,
四川大学,内蒙古,历史类,2025,本科批,636,342,
哈尔滨工业大学,内蒙古,历史类,2025,本科批,635,370,
厦门大学,内蒙古,历史类,2025,本科批,635,370,
天津大学,内蒙古,历史类,2025,本科批,635,370,
北京电子科技学院,内蒙古,历史类,2025,本科提前批B段,635,370,
中国人民大学,内蒙古,历史类,2025,本科提前批C段,635,370,
上海海关学院,内蒙古,历史类,2025,本科提前批B段,634,397,
复旦大学,内蒙古,历史类,2025,本科提前批C段,634,397,
西北工业大学,内蒙古,历史类,2025,本科批,631,480,
中山大学,内蒙古,历史类,2025,本科批,631,480,
对外经济贸易大学,内蒙古,历史类,2025,本科批,630,510,
中南大学,内蒙古,历史类,2025,本科批,629,539,
山东大学威海分校,内蒙古,历史类,2025,本科批,629,539,
湖南大学,内蒙古,历史类,2025,本科批,625,643,
浙江大学,内蒙古,历史类,2025,本科提前批B段,624,674,
厦门大学,内蒙古,历史类,2025,本科提前批C段,622,723,
电子科技大学,内蒙古,历史类,2025,本科批,621,754,
中央财经大学,内蒙古,历史类,2025,本科批,621,754,
香港城市大学,内蒙古,历史类,2025,本科提前批B段,621,723,
山东大学,内蒙古,历史类,2025,本科批,620,793,
苏州大学,内蒙古,历史类,2025,本科批,620,793,
上海交通大学,内蒙古,历史类,2025,本科提前批C段,620,793,
中国政法大学,内蒙古,历史类,2025,本科批,619,820,
北京交通大学,内蒙古,历史类,2025,本科批,619,820,
中国政法大学,内蒙古,历史类,2025,本科提前批B段,619,820,
中南大学,内蒙古,历史类,2025,本科提前批B段,619,820,
中国社会科学院大学,内蒙古,历史类,2025,本科批,618,859,
中国传媒大学,内蒙古,历史类,2025,本科批,617,894,
中国人民大学,内蒙古,历史类,2025,本科提前批B段,617,894,
山东大学,内蒙古,历史类,2025,本科提前批B段,617,894,
四川大学,内蒙古,历史类,2025,本科提前批B段,615,963,
外交学院,内蒙古,历史类,2025,本科提前批B段,615,963,
中国海洋大学,内蒙古,历史类,2025,本科批,614,1006,
东北大学,内蒙古,历史类,2025,本科批,614,1006,
吉林大学,内蒙古,历史类,2025,本科批,614,1006,
厦门大学,内蒙古,历史类,2025,本科提前批B段,614,1006,
兰州大学,内蒙古,历史类,2025,本科批,613,1028,
武汉大学,内蒙古,历史类,2025,本科提前批C段,613,1028,
北京科技大学,内蒙古,历史类,2025,本科批,612,1057,
大连理工大学,内蒙古,历史类,2025,本科批,612,1057,
东北师范大学,内蒙古,历史类,2025,本科提前批B段,612,1057,
北京外国语大学,内蒙古,历史类,2025,本科批,611,1102,
兰州大学,内蒙古,历史类,2025,本科提前批B段,611,1102,
国防科技大学,内蒙古,历史类,2025,本科提前批B段,611,1102,
陆军步兵学院,内蒙古,历史类,2025,本科提前批B段,611,1102,
北京化工大学,内蒙古,历史类,2025,本科批,610,1139,
中国药科大学,内蒙古,历史类,2025,本科批,610,1139,
西南石油大学,内蒙古,历史类,2025,本科批,610,1139,
东北大学秦皇岛分校,内蒙古,历史类,2025,本科批,609,1182,
西南财经大学,内蒙古,历史类,2025,本科批,609,1182,
北京师范大学,内蒙古,历史类,2025,本科提前批C段,609,1182,
中国地质大学(武汉),内蒙古,历史类,2025,本科批,608,1219,
华东政法大学,内蒙古,历史类,2025,本科批,608,1219,
中国地质大学(北京),内蒙古,历史类,2025,本科批,607,1219,
中南财经政法大学,内蒙古,历史类,2025,本科批,607,1257,
郑州大学,内蒙古,历史类,2025,本科批,607,1257,
华东师范大学,内蒙古,历史类,2025,本科提前批B段,607,1257,
东华大学,内蒙古,历史类,2025,本科批,606,1303,
南京师范大学,内蒙古,历史类,2025,本科批,606,1303,
中国石油大学(华东),内蒙古,历史类,2025,本科批,606,1303,
北京林业大学,内蒙古,历史类,2025,本科批,606,1303,
湖南大学,内蒙古,历史类,2025,本科提前批B段,606,1303,
云南大学,内蒙古,历史类,2025,本科提前批B段,606,1303,
中国政法大学,内蒙古,历史类,2025,本科提前批C段,606,1303,
西南交通大学,内蒙古,历史类,2025,本科批,605,1353,
上海大学,内蒙古,历史类,2025,本科批,605,1353,
中央财经大学,内蒙古,历史类,2025,本科提前批B段,605,1353,
河海大学,内蒙古,历史类,2025,本科批,604,1392,
中国石油大学(北京),内蒙古,历史类,2025,本科批,604,1392,
北京工业大学,内蒙古,历史类,2025,本科批,604,1392,
西北农林科技大学,内蒙古,历史类,2025,本科批,604,1392,
暨南大学,内蒙古,历史类,2025,本科批,603,1434,
华南师范大学,内蒙古,历史类,2025,本科批,603,1434,
深圳大学,内蒙古,历史类,2025,本科批,603,1434,
华东理工大学,内蒙古,历史类,2025,本科批,602,1486,
东南大学,内蒙古,历史类,2025,本科提前批B段,602,1486,
华中师范大学,内蒙古,历史类,2025,本科批,601,1530,
北京中医药大学,内蒙古,历史类,2025,本科批,601,1530,
西北大学,内蒙古,历史类,2025,本科批,601,1530,
北京信息科技大学,内蒙古,历史类,2025,本科批,600,1570,
北京师范大学,内蒙古,历史类,2025,本科提前批B段,600,1570,
华东师范大学,内蒙古,历史类,2025,本科提前批C段,600,1570,
哈尔滨工程大学,内蒙古,历史类,2025,本科批,599,1612,
中国矿业大学,内蒙古,历史类,2025,本科批,599,1612,
山东科技大学,内蒙古,历史类,2025,本科批,599,1612,
天津大学,内蒙古,历史类,2025,本科提前批B段,599,1612,
陕西师范大学,内蒙古,历史类,2025,本科提前批B段,599,1612,
南开大学,内蒙古,历史类,2025,本科提前批C段,599,1612,
西南政法大学,内蒙古,历史类,2025,本科批,598,1669,
陕西师范大学,内蒙古,历史类,2025,本科批,598,1669,
温州大学,内蒙古,历史类,2025,本科批,598,1669,
中国海洋大学,内蒙古,历史类,2025,本科提前批B段,598,1669,
东北财经大学,内蒙古,历史类,2025,本科提前批C段,598,1669,
山东大学,内蒙古,历史类,2025,本科提前批C段,598,1669,
中国农业大学,内蒙古,历史类,2025,本科批,597,1717,
武汉理工大学,内蒙古,历史类,2025,本科批,596,1756,
长安大学,内蒙古,历史类,2025,本科批,596,1756,
中央戏剧学院,内蒙古,历史类,2025,本科批,595,1814,
北京体育大学,内蒙古,历史类,2025,本科批,595,1814,
首都师范大学,内蒙古,历史类,2025,本科批,595,1814,
华中农业大学,内蒙古,历史类,2025,本科批,595,1814,
华北电力大学,内蒙古,历史类,2025,本科批,594,1868,
南京审计大学,内蒙古,历史类,2025,本科批,594,1868,
湖南师范大学,内蒙古,历史类,2025,本科批,594,1868,
长春中医药大学,内蒙古,历史类,2025,本科批,594,1814,
中国人民公安大学,内蒙古,历史类,2025,本科提前批B段,593,1914,
北方工业大学,内蒙古,历史类,2025,本科批,592,1966,
对外经济贸易大学,内蒙古,历史类,2025,本科提前批B段,591,2017,
中国社会科学院大学,内蒙古,历史类,2025,本科提前批C段,591,2017,
大连海事大学,内蒙古,历史类,2025,本科批,590,2068,
重庆大学,内蒙古,历史类,2025,本科批,590,2068,
贵州中医药大学,内蒙古,历史类,2025,本科批,590,2068,
中山大学,内蒙古,历史类,2025,本科提前批B段,590,2068,
华中师范大学,内蒙古,历史类,2025,本科提前批B段,590,2068,
中山大学,内蒙古,历史类,2025,本科提前批C段,590,2017,
江西财经大学,内蒙古,历史类,2025,本科批,589,2115,
湖北工业大学,内蒙古,历史类,2025,本科批,589,2115,
首都经济贸易大学,内蒙古,历史类,2025,本科批,589,2115,
上海理工大学,内蒙古,历史类,2025,本科批,589,2115,
上海外国语大学,内蒙古,历史类,2025,本科批,588,2165,
中南大学,内蒙古,历史类,2025,本科提前批C段,588,2165,
江苏科技大学,内蒙古,历史类,2025,本科批,587,2225,
扬州大学,内蒙古,历史类,2025,本科批,587,2225,
四川师范大学,内蒙古,历史类,2025,本科批,587,2165,
河南财经政法大学,内蒙古,历史类,2025,本科批,587,2225,
苏州大学,内蒙古,历史类,2025,本科提前批B段,587,2225,
中国消防救援学院,内蒙古,历史类,2025,本科提前批B段,587,2225,
四川大学,内蒙古,历史类,2025,本科提前批C段,587,2225,
对外经济贸易大学,内蒙古,历史类,2025,本科提前批C段,587,2225,
江苏大学,内蒙古,历史类,2025,本科批,586,2287,
贵州大学,内蒙古,历史类,2025,本科批,586,2287,
安徽大学,内蒙古,历史类,2025,本科批,586,2287,
南方医科大学,内蒙古,历史类,2025,本科批,586,2287,
西南政法大学,内蒙古,历史类,2025,本科提前批B段,586,2287,
南京师范大学,内蒙古,历史类,2025,本科提前批B段,586,2287,
江西师范大学,内蒙古,历史类,2025,本科提前批B段,586,2287,
西南大学,内蒙古,历史类,2025,本科提前批B段,586,2287,
中央财经大学,内蒙古,历史类,2025,本科提前批C段,586,2287,
长沙理工大学,内蒙古,历史类,2025,本科批,585,2353,
合肥工业大学,内蒙古,历史类,2025,本科批,585,2353,
吉林大学,内蒙古,历史类,2025,本科提前批B段,585,2353,
江西师范大学,内蒙古,历史类,2025,本科批,583,2414,
西南大学,内蒙古,历史类,2025,本科批,583,2470,
广东财经大学,内蒙古,历史类,2025,本科批,583,2470,
苏州大学,内蒙古,历史类,2025,本科提前批C段,582,2531,
上海海事大学,内蒙古,历史类,2025,本科批,581,2588,
山西大学,内蒙古,历史类,2025,本科批,581,2588,
云南大学,内蒙古,历史类,2025,本科批,581,2588,
宁波大学,内蒙古,历史类,2025,本科批,581,2588,
上海政法学院,内蒙古,历史类,2025,本科批,581,2588,
上海外国语大学,内蒙古,历史类,2025,本科提前批B段,581,2588,
大连医科大学,内蒙古,历史类,2025,本科批,580,2646,
上海海洋大学,内蒙古,历史类,2025,本科批,580,2646,
福建师范大学,内蒙古,历史类,2025,本科批,580,2588,
西交利物浦大学,内蒙古,历史类,2025,本科批,580,2646,
南昌大学,内蒙古,历史类,2025,本科批,579,2713,
上海立信会计金融学院,内蒙古,历史类,2025,本科批,579,2713,
北京语言大学,内蒙古,历史类,2025,本科提前批B段,579,2713,
西北大学,内蒙古,历史类,2025,本科提前批B段,579,2713,
中南财经政法大学,内蒙古,历史类,2025,本科提前批C段,579,2713,
中国民航大学,内蒙古,历史类,2025,本科批,578,2770,
湘潭大学,内蒙古,历史类,2025,本科批,578,2770,
中国石油大学(北京)克拉玛依校区,内蒙古,历史类,2025,本科批,578,2770,
浙江财经大学,内蒙古,历史类,2025,本科批,578,2770,
深圳技术大学,内蒙古,历史类,2025,本科批,578,2713,
山东大学威海分校,内蒙古,历史类,2025,本科提前批C段,578,2770,
暨南大学,内蒙古,历史类,2025,本科提前批C段,578,2770,
北京林业大学,内蒙古,历史类,2025,本科提前批C段,577,2827,
中南财经政法大学,内蒙古,历史类,2025,本科提前批B段,576,2890,
上海外国语大学,内蒙古,历史类,2025,本科提前批C段,576,2890,
浙江传媒学院,内蒙古,历史类,2025,本科批,575,2941,
东北石油大学,内蒙古,历史类,2025,本科批,575,2941,
广州大学,内蒙古,历史类,2025,本科批,575,2941,
宁波诺丁汉大学,内蒙古,历史类,2025,本科批,575,2941,
南京林业大学,内蒙古,历史类,2025,本科批,574,3007,
成都大学,内蒙古,历史类,2025,本科批,574,2941,
南京工业大学,内蒙古,历史类,2025,本科批,573,3061,
北京第二外国语学院,内蒙古,历史类,2025,本科批,573,3061,
中国传媒大学,内蒙古,历史类,2025,本科提前批B段,573,3061,
西安邮电大学,内蒙古,历史类,2025,本科批,571,3198,
山东师范大学,内蒙古,历史类,2025,本科批,571,3198,
东北林业大学,内蒙古,历史类,2025,本科批,571,3198,
中国传媒大学,内蒙古,历史类,2025,本科提前批C段,571,3198,
陕西师范大学,内蒙古,历史类,2025,本科提前批C段,571,3198,
东北师范大学,内蒙古,历史类,2025,本科提前批C段,571,3198,
济南大学,内蒙古,历史类,2025,本科批,570,3267,
青岛大学,内蒙古,历史类,2025,本科批,570,3267,
中国戏曲学院,内蒙古,历史类,2025,本科批,570,3267,
重庆师范大学,内蒙古,历史类,2025,本科批,569,3359,
西安财经大学,内蒙古,历史类,2025,本科批,569,3359,
河北师范大学,内蒙古,历史类,2025,本科批,569,3359,
南京财经大学,内蒙古,历史类,2025,本科批,569,3359,
华中师范大学,内蒙古,历史类,2025,本科提前批C段,569,3359,
西南科技大学,内蒙古,历史类,2025,本科批,568,3412,
贵州大学,内蒙古,历史类,2025,本科提前批B段,568,3412,
江南大学,内蒙古,历史类,2025,本科批,567,3485,
西南财经大学,内蒙古,历史类,2025,本科提前批C段,567,3485,
山西中医药大学,内蒙古,历史类,2025,本科批,566,3558,
燕山大学,内蒙古,历史类,2025,本科批,565,3627,
宁夏大学,内蒙古,历史类,2025,本科批,565,3627,
东华大学,内蒙古,历史类,2025,本科提前批C段,565,3627,
北京体育大学,内蒙古,历史类,2025,本科提前批C段,565,3627,
东北财经大学,内蒙古,历史类,2025,本科批,564,3705,
天津中医药大学,内蒙古,历史类,2025,本科批,564,3705,
河南大学,内蒙古,历史类,2025,本科批,564,3705,
无锡学院,内蒙古,历史类,2025,本科批,564,3705,
重庆科技大学,内蒙古,历史类,2025,本科批,564,3705,
西北政法大学,内蒙古,历史类,2025,本科批,563,3777,
重庆工商大学,内蒙古,历史类,2025,本科批,562,3855,
五邑大学,内蒙古,历史类,2025,本科批,562,3855,
曲阜师范大学,内蒙古,历史类,2025,本科批,562,3855,
重庆交通大学,内蒙古,历史类,2025,本科批,562,3855,
天津财经大学,内蒙古,历史类,2025,本科批,561,3938,
浙江农林大学,内蒙古,历史类,2025,本科批,561,3777,
西南财经大学,内蒙古,历史类,2025,本科提前批B段,560,4018,
福建农林大学,内蒙古,历史类,2025,本科批,559,4087,
青岛科技大学,内蒙古,历史类,2025,本科批,558,4175,
湖南工商大学,内蒙古,历史类,2025,本科批,558,4175,
西安工业大学,内蒙古,历史类,2025,本科批,558,4175,
天津工业大学,内蒙古,历史类,2025,本科批,557,4273,
上海海关学院,内蒙古,历史类,2025,本科批,557,4273,
四川外国语大学,内蒙古,历史类,2025,本科批,557,4273,
中南民族大学,内蒙古,历史类,2025,本科批,556,4355,
西北政法大学,内蒙古,历史类,2025,本科提前批B段,556,4355,
内蒙古民族大学,内蒙古,历史类,2025,本科提前批B段,556,4355,
中国劳动关系学院,内蒙古,历史类,2025,本科批,555,4441,
新疆大学,内蒙古,历史类,2025,本科批,555,4441,
苏州科技大学,内蒙古,历史类,2025,本科批,555,4441,
南京财经大学,内蒙古,历史类,2025,本科提前批C段,555,4441,
浙江师范大学,内蒙古,历史类,2025,本科提前批C段,555,4441,
兰州交通大学,内蒙古,历史类,2025,本科批,554,4515,
南华大学,内蒙古,历史类,2025,本科批,554,4515,
石河子大学,内蒙古,历史类,2025,本科批,554,4515,
北师香港浸会大学,内蒙古,历史类,2025,本科批,554,4515,
内蒙古师范大学,内蒙古,历史类,2025,本科提前批B段,554,4515,
中南民族大学,内蒙古,历史类,2025,本科提前批C段,553,4515,
太原科技大学,内蒙古,历史类,2025,本科批,552,4584,
上海戏剧学院,内蒙古,历史类,2025,本科批,552,4658,
集美大学,内蒙古,历史类,2025,本科批,552,4658,
聊城大学,内蒙古,历史类,2025,本科批,552,4658,
东北农业大学,内蒙古,历史类,2025,本科批,552,4658,
四川外国语大学,内蒙古,历史类,2025,本科提前批B段,552,4658,
天津科技大学,内蒙古,历史类,2025,本科批,551,4741,
西安外国语大学,内蒙古,历史类,2025,本科批,551,4741,
甘肃政法大学,内蒙古,历史类,2025,本科批,551,4584,
云南财经大学,内蒙古,历史类,2025,本科批,551,4741,
广东金融学院,内蒙古,历史类,2025,本科批,550,4823,
东北师范大学,内蒙古,历史类,2025,本科批,550,4823,
天津外国语大学,内蒙古,历史类,2025,本科批,550,4823,
湖南农业大学,内蒙古,历史类,2025,本科批,550,4823,
河南师范大学,内蒙古,历史类,2025,本科批,550,4823,
厦门理工学院,内蒙古,历史类,2025,本科批,549,4911,
北京物资学院,内蒙古,历史类,2025,本科批,549,4911,
安徽财经大学,内蒙古,历史类,2025,本科批,549,4911,
北京联合大学,内蒙古,历史类,2025,本科批,549,4911,
中国刑事警察学院,内蒙古,历史类,2025,本科提前批B段,549,4911,
湖北师范大学,内蒙古,历史类,2025,本科批,548,5002,
齐鲁工业大学,内蒙古,历史类,2025,本科批,548,5002,
广州中医药大学,内蒙古,历史类,2025,本科批,548,5002,
南京警察学院,内蒙古,历史类,2025,本科提前批B段,548,5002,
成都信息工程大学,内蒙古,历史类,2025,本科批,547,5092,
河北大学,内蒙古,历史类,2025,本科批,547,5092,
东莞理工学院,内蒙古,历史类,2025,本科批,547,5092,
山东财经大学,内蒙古,历史类,2025,本科批,547,5092,
湖南工程学院,内蒙古,历史类,2025,本科批,546,5172,
安徽师范大学,内蒙古,历史类,2025,本科批,546,5172,
湖南科技大学,内蒙古,历史类,2025,本科批,546,5172,
大连民族大学,内蒙古,历史类,2025,本科提前批C段,546,5172,
鞍山师范学院,内蒙古,历史类,2025,本科批,545,5244,
西安文理学院,内蒙古,历史类,2025,本科批,545,5244,
大连交通大学,内蒙古,历史类,2025,本科批,544,5330,
北京外国语大学,内蒙古,历史类,2025,本科提前批C段,544,5330,
山东师范大学,内蒙古,历史类,2025,本科提前批C段,544,5330,
中北大学,内蒙古,历史类,2025,本科批,543,5406,
浙江科技大学,内蒙古,历史类,2025,本科批,543,5244,
江苏师范大学,内蒙古,历史类,2025,本科批,543,5406,
华侨大学,内蒙古,历史类,2025,本科批,542,5498,
天津师范大学,内蒙古,历史类,2025,本科批,542,5498,
石家庄铁道大学,内蒙古,历史类,2025,本科批,541,5582,
山西财经大学,内蒙古,历史类,2025,本科批,541,5582,
河南农业大学,内蒙古,历史类,2025,本科批,541,5330,
华北理工大学,内蒙古,历史类,2025,本科批,541,5582,
海南大学,内蒙古,历史类,2025,本科批,541,5582,
盐城师范学院,内蒙古,历史类,2025,本科批,540,5666,
上海海关学院,内蒙古,历史类,2025,本科提前批C段,540,5666,
新疆警察学院,内蒙古,历史类,2025,本科提前批B段,539,5762,
南京工程学院,内蒙古,历史类,2025,本科批,538,5870,
山东航空学院,内蒙古,历史类,2025,本科批,538,5870,
内蒙古警察学院,内蒙古,历史类,2025,本科批,538,5870,
黑龙江大学,内蒙古,历史类,2025,本科批,538,5870,
湖南财政经济学院,内蒙古,历史类,2025,本科批,538,5870,
中央美术学院,内蒙古,历史类,2025,本科批,537,5963,
上海第二工业大学,内蒙古,历史类,2025,本科批,537,5963,
三峡大学,内蒙古,历史类,2025,本科批,536,6045,
河南财政金融学院,内蒙古,历史类,2025,本科批,535,6134,
沈阳建筑大学,内蒙古,历史类,2025,本科批,534,6226,
宜春学院,内蒙古,历史类,2025,本科批,534,6226,
黄冈师范学院,内蒙古,历史类,2025,本科批,534,6226,
常州大学,内蒙古,历史类,2025,本科批,533,6310,
东北电力大学,内蒙古,历史类,2025,本科批,533,6310,
大连外国语大学,内蒙古,历史类,2025,本科批,533,6310,
北京印刷学院,内蒙古,历史类,2025,本科批,533,6310,
天津商业大学,内蒙古,历史类,2025,本科批,533,6310,
北京农学院,内蒙古,历史类,2025,本科批,533,6310,
华南农业大学,内蒙古,历史类,2025,本科批,533,6310,
山东石油化工学院,内蒙古,历史类,2025,本科批,533,6310,
中国人民警察大学,内蒙古,历史类,2025,本科提前批B段,533,6310,
云南民族大学,内蒙古,历史类,2025,本科批,532,6310,
山东理工大学,内蒙古,历史类,2025,本科批,532,6432,
西华大学,内蒙古,历史类,2025,本科批,532,6432,
昆明理工大学,内蒙古,历史类,2025,本科批,531,6528,
河南中医药大学,内蒙古,历史类,2025,本科批,531,6528,
广西民族大学,内蒙古,历史类,2025,本科批,531,6528,
大连大学,内蒙古,历史类,2025,本科批,531,6528,
山东政法学院,内蒙古,历史类,2025,本科批,531,6528,
湖北第二师范学院,内蒙古,历史类,2025,本科批,531,6528,
湖南人文科技学院,内蒙古,历史类,2025,本科批,531,6528,
中央民族大学,内蒙古,历史类,2025,本科批,530,6622,
辽宁大学,内蒙古,历史类,2025,本科批,530,6622,
上海商学院,内蒙古,历史类,2025,本科批,530,6622,
中南林业科技大学,内蒙古,历史类,2025,本科批,530,6622,
黑龙江大学,内蒙古,历史类,2025,本科提前批B段,530,6622,
河南工业大学,内蒙古,历史类,2025,本科批,529,6717,
湖北中医药大学,内蒙古,历史类,2025,本科批,529,6717,
内江师范学院,内蒙古,历史类,2025,本科批,529,6717,
渭南师范学院,内蒙古,历史类,2025,本科批,529,6717,
河南科技大学,内蒙古,历史类,2025,本科批,528,6801,
上海应用技术大学,内蒙古,历史类,2025,本科批,528,6801,
山西师范大学,内蒙古,历史类,2025,本科批,528,6801,
南京艺术学院,内蒙古,历史类,2025,本科批,528,6801,
湖南中医药大学,内蒙古,历史类,2025,本科批,528,6801,
浙江警察学院,内蒙古,历史类,2025,本科提前批B段,528,6801,
中国民用航空飞行学院,内蒙古,历史类,2025,本科批,527,6904,
湖南文理学院,内蒙古,历史类,2025,本科批,527,6904,
江西理工大学,内蒙古,历史类,2025,本科批,527,6904,
西安石油大学,内蒙古,历史类,2025,本科批,527,6904,
淮北师范大学,内蒙古,历史类,2025,本科批,527,6904,
中华女子学院,内蒙古,历史类,2025,本科批,527,6904,
河北工业大学,内蒙古,历史类,2025,本科批,527,6904,
中国劳动关系学院,内蒙古,历史类,2025,本科提前批C段,527,6904,
大连民族大学,内蒙古,历史类,2025,本科批,526,7012,
云南师范大学,内蒙古,历史类,2025,本科批,526,7012,
陕西理工大学,内蒙古,历史类,2025,本科批,526,7012,
吉林警察学院,内蒙古,历史类,2025,本科批,525,7117,
郑州警察学院,内蒙古,历史类,2025,本科提前批B段,525,7117,
长江师范学院,内蒙古,历史类,2025,本科批,524,7214,
沈阳理工大学,内蒙古,历史类,2025,本科批,524,7012,
山东第一医科大学,内蒙古,历史类,2025,本科批,524,7214,
黑龙江中医药大学,内蒙古,历史类,2025,本科批,524,7214,
南京审计大学金审学院,内蒙古,历史类,2025,本科批,523,7312,
合肥大学,内蒙古,历史类,2025,本科批,523,7312,
郑州轻工业大学,内蒙古,历史类,2025,本科批,522,7390,
安庆师范大学,内蒙古,历史类,2025,本科批,522,7390,
江苏海洋大学,内蒙古,历史类,2025,本科批,522,7390,
新疆警察学院,内蒙古,历史类,2025,本科批,522,7390,
唐山学院,内蒙古,历史类,2025,本科批,521,7500,
齐齐哈尔大学,内蒙古,历史类,2025,本科批,521,7500,
河北经贸大学,内蒙古,历史类,2025,本科批,521,7500,
南阳理工学院,内蒙古,历史类,2025,本科批,521,7500,
江西警察学院,内蒙古,历史类,2025,本科提前批B段,521,7500,
中央司法警官学院,内蒙古,历史类,2025,本科提前批B段,521,7500,
辽宁工程技术大学,内蒙古,历史类,2025,本科批,520,7617,
天津体育学院,内蒙古,历史类,2025,本科批,520,7617,
河北科技师范学院,内蒙古,历史类,2025,本科批,520,7617,
湖南工业大学,内蒙古,历史类,2025,本科批,520,7617,
滨州医学院,内蒙古,历史类,2025,本科批,520,7617,
吉林财经大学,内蒙古,历史类,2025,本科批,519,7742,
哈尔滨商业大学,内蒙古,历史类,2025,本科批,519,7742,
天津城建大学,内蒙古,历史类,2025,本科批,519,7742,
哈尔滨理工大学,内蒙古,历史类,2025,本科批,519,7742,
安徽建筑大学,内蒙古,历史类,2025,本科批,519,7742,
阜阳师范大学,内蒙古,历史类,2025,本科批,518,7846,
西安音乐学院,内蒙古,历史类,2025,本科批,518,7846,
天水师范大学,内蒙古,历史类,2025,本科批,518,7846,
内蒙古农业大学,内蒙古,历史类,2025,本科提前批C段,518,7846,
湖南理工学院,内蒙古,历史类,2025,本科批,517,7930,
攀枝花学院,内蒙古,历史类,2025,本科批,517,7930,
郑州工程技术学院,内蒙古,历史类,2025,本科批,516,8050,
河北中医药大学,内蒙古,历史类,2025,本科批,516,8050,
郑州航空工业管理学院,内蒙古,历史类,2025,本科批,516,8050,
金陵科技学院,内蒙古,历史类,2025,本科批,516,8050,
枣庄学院,内蒙古,历史类,2025,本科批,515,8156,
岭南师范学院,内蒙古,历史类,2025,本科批,515,8156,
新疆师范大学,内蒙古,历史类,2025,本科批,515,8156,
湖北经济学院,内蒙古,历史类,2025,本科批,515,8156,
河北地质大学,内蒙古,历史类,2025,本科批,514,8270,
广西师范大学,内蒙古,历史类,2025,本科批,514,8270,
湖北民族大学,内蒙古,历史类,2025,本科批,514,8270,
成都工业学院,内蒙古,历史类,2025,本科批,514,8270,
武汉体育学院,内蒙古,历史类,2025,本科批,514,8270,
甘肃民族师范学院,内蒙古,历史类,2025,本科批,514,8270,
辽宁科技大学,内蒙古,历史类,2025,本科批,513,8397,
山东交通学院,内蒙古,历史类,2025,本科批,513,8397,
长春工业大学,内蒙古,历史类,2025,本科批,513,8397,
萍乡学院,内蒙古,历史类,2025,本科批,513,8397,
景德镇陶瓷大学,内蒙古,历史类,2025,本科批,512,8528,
沈阳音乐学院,内蒙古,历史类,2025,本科批,512,8528,
新疆财经大学,内蒙古,历史类,2025,本科批,512,8528,
浙江万里学院,内蒙古,历史类,2025,本科批,512,8528,
内蒙古科技大学包头师范学院,内蒙古,历史类,2025,本科提前批C段,512,8528,
成都体育学院,内蒙古,历史类,2025,本科批,511,8638,
兰州石化职业技术大学,内蒙古,历史类,2025,本科批,511,8638,
安阳师范学院,内蒙古,历史类,2025,本科批,511,8528,
海南医科大学,内蒙古,历史类,2025,本科批,511,8638,
福建江夏学院,内蒙古,历史类,2025,本科批,511,8638,
重庆三峡学院,内蒙古,历史类,2025,本科批,511,8638,
北京语言大学,内蒙古,历史类,2025,本科批,510,8753,
河北医科大学,内蒙古,历史类,2025,本科批,510,8753,
南京特殊教育师范学院,内蒙古,历史类,2025,本科批,510,8753,
辽宁师范大学,内蒙古,历史类,2025,本科批,509,8857,
山西医科大学,内蒙古,历史类,2025,本科批,509,8857,
临沂大学,内蒙古,历史类,2025,本科批,508,8971,
山西农业大学,内蒙古,历史类,2025,本科批,508,8971,
山东农业大学,内蒙古,历史类,2025,本科批,508,8971,
衡阳师范学院,内蒙古,历史类,2025,本科批,508,8971,
咸阳师范学院,内蒙古,历史类,2025,本科批,507,9096,
太原师范学院,内蒙古,历史类,2025,本科批,507,8857,
沈阳医学院,内蒙古,历史类,2025,本科批,507,9096,
佳木斯大学,内蒙古,历史类,2025,本科批,507,9096,
中华女子学院,内蒙古,历史类,2025,本科提前批C段,507,9096,
西安医学院,内蒙古,历史类,2025,本科批,506,8971,
湖州师范学院,内蒙古,历史类,2025,本科批,506,9216,
齐齐哈尔医学院,内蒙古,历史类,2025,本科批,506,9216,
大理大学,内蒙古,历史类,2025,本科批,505,9326,
许昌学院,内蒙古,历史类,2025,本科批,505,9326,
信阳师范大学,内蒙古,历史类,2025,本科批,505,9326,
河南工程学院,内蒙古,历史类,2025,本科批,505,9326,
陕西学前师范学院,内蒙古,历史类,2025,本科批,505,8971,
邯郸学院,内蒙古,历史类,2025,本科批,504,9451,
贵州民族大学,内蒙古,历史类,2025,本科批,504,9451,
江西科技师范大学,内蒙古,历史类,2025,本科批,504,9451,
黑龙江八一农垦大学,内蒙古,历史类,2025,本科批,504,9451,
山东青年政治学院,内蒙古,历史类,2025,本科批,503,9216,
赣东学院,内蒙古,历史类,2025,本科批,503,9554,
兰州财经大学,内蒙古,历史类,2025,本科批,502,9663,
湖北理工学院,内蒙古,历史类,2025,本科批,502,9663,
肇庆学院,内蒙古,历史类,2025,本科批,502,9663,
南京传媒学院,内蒙古,历史类,2025,本科批,501,9554,
甘肃中医药大学,内蒙古,历史类,2025,本科批,501,9784,
江西水利电力大学,内蒙古,历史类,2025,本科批,500,9886,
南昌医学院,内蒙古,历史类,2025,本科批,500,9886,
南京工业职业技术大学,内蒙古,历史类,2025,本科批,499,10001,
民政职业大学,内蒙古,历史类,2025,本科批,499,10001,
湖南城市学院,内蒙古,历史类,2025,本科批,498,10130,
广西科技大学,内蒙古,历史类,2025,本科批,498,10130,
江苏理工学院,内蒙古,历史类,2025,本科批,498,10130,
哈尔滨金融学院,内蒙古,历史类,2025,本科批,497,10223,
长春理工大学,内蒙古,历史类,2025,本科批,496,10321,
沈阳体育学院,内蒙古,历史类,2025,本科批,496,10321,
曲靖师范学院,内蒙古,历史类,2025,本科批,496,10130,
华北科技学院,内蒙古,历史类,2025,本科批,496,10321,
闽江学院,内蒙古,历史类,2025,本科批,496,10321,
渤海大学,内蒙古,历史类,2025,本科批,495,10434,
北华大学,内蒙古,历史类,2025,本科批,495,10434,
丽水学院,内蒙古,历史类,2025,本科批,495,10434,
山东农业工程学院,内蒙古,历史类,2025,本科批,495,10434,
扬州大学广陵学院,内蒙古,历史类,2025,本科批,495,10434,
济宁学院,内蒙古,历史类,2025,本科批,495,10434,
郑州师范学院,内蒙古,历史类,2025,本科批,495,10434,
吉林工商学院,内蒙古,历史类,2025,本科批,494,10554,
黑龙江科技大学,内蒙古,历史类,2025,本科批,494,10554,
韩山师范学院,内蒙古,历史类,2025,本科批,494,10130,
昌吉学院,内蒙古,历史类,2025,本科批,494,10554,
湘南学院,内蒙古,历史类,2025,本科批,494,10554,
石家庄铁道大学四方学院,内蒙古,历史类,2025,本科批,494,10554,
甘肃农业大学,内蒙古,历史类,2025,本科批,493,10655,
防灾科技学院,内蒙古,历史类,2025,本科批,493,10655,
井冈山大学,内蒙古,历史类,2025,本科批,492,10794,
桂林理工大学,内蒙古,历史类,2025,本科批,492,10434,
北方民族大学,内蒙古,历史类,2025,本科批,492,10794,
商洛学院,内蒙古,历史类,2025,本科批,492,10794,
长治学院,内蒙古,历史类,2025,本科批,492,10794,
洛阳理工学院,内蒙古,历史类,2025,本科批,491,10917,
沈阳工业大学,内蒙古,历史类,2025,本科批,491,10917,
乐山师范学院,内蒙古,历史类,2025,本科批,490,11038,
呼伦贝尔学院,内蒙古,历史类,2025,本科提前批C段,490,11038,
重庆文理学院,内蒙古,历史类,2025,本科批,489,11157,
湖南工学院,内蒙古,历史类,2025,本科批,489,11157,
泉州师范学院,内蒙古,历史类,2025,本科批,489,11157,
赣南师范大学,内蒙古,历史类,2025,本科批,489,11157,
集宁师范学院,内蒙古,历史类,2025,本科提前批C段,489,10917,
邢台学院,内蒙古,历史类,2025,本科批,488,11307,
武昌理工学院,内蒙古,历史类,2025,本科批,488,11307,
黑龙江工程学院,内蒙古,历史类,2025,本科批,488,10917,
保定学院,内蒙古,历史类,2025,本科批,488,11307,
山西传媒学院,内蒙古,历史类,2025,本科批,488,11307,
平顶山学院,内蒙古,历史类,2025,本科批,488,11307,
桂林旅游学院,内蒙古,历史类,2025,本科批,487,10917,
喀什大学,内蒙古,历史类,2025,本科批,487,11442,
河南科技学院,内蒙古,历史类,2025,本科批,487,11442,
三峡大学科技学院,内蒙古,历史类,2025,本科批,486,11557,
塔里木大学,内蒙古,历史类,2025,本科批,486,11442,
榆林学院,内蒙古,历史类,2025,本科批,486,11557,
普洱学院,内蒙古,历史类,2025,本科批,486,11557,
晋中学院,内蒙古,历史类,2025,本科批,485,11157,
玉溪师范学院,内蒙古,历史类,2025,本科批,485,11557,
赣南科技学院,内蒙古,历史类,2025,本科批,485,11683,
烟台大学,内蒙古,历史类,2025,本科批,485,11683,
西北师范大学,内蒙古,历史类,2025,本科批,485,11683,
上海财经大学浙江学院,内蒙古,历史类,2025,本科批,485,11683,
新疆政法学院,内蒙古,历史类,2025,本科批,485,11683,
菏泽学院,内蒙古,历史类,2025,本科批,485,11683,
周口师范学院,内蒙古,历史类,2025,本科批,484,11807,
湖南科技学院,内蒙古,历史类,2025,本科批,484,11807,
廊坊师范学院,内蒙古,历史类,2025,本科批,484,11807,
信阳学院,内蒙古,历史类,2025,本科批,483,11943,
安康学院,内蒙古,历史类,2025,本科批,483,11943,
山东管理学院,内蒙古,历史类,2025,本科批,483,11943,
成都理工大学工程技术学院,内蒙古,历史类,2025,本科批,483,11943,
盐城工学院,内蒙古,历史类,2025,本科批,483,11943,
陇东学院,内蒙古,历史类,2025,本科批,482,11683,
邵阳学院,内蒙古,历史类,2025,本科批,482,12064,
潍坊学院,内蒙古,历史类,2025,本科批,482,12064,
昆明学院,内蒙古,历史类,2025,本科批,482,12064,
南宁师范大学,内蒙古,历史类,2025,本科批,482,12064,
四川文理学院,内蒙古,历史类,2025,本科批,482,11557,
宁夏师范大学,内蒙古,历史类,2025,本科批,482,12064,
吉林医药学院,内蒙古,历史类,2025,本科批,481,12211,
成都文理学院,内蒙古,历史类,2025,本科批,481,12211,
上饶师范学院,内蒙古,历史类,2025,本科批,481,12211,
吉首大学,内蒙古,历史类,2025,本科批,481,12211,
兰州文理学院,内蒙古,历史类,2025,本科批,481,12211,
北京中医药大学东方学院,内蒙古,历史类,2025,本科批,481,12211,
厦门大学嘉庚学院,内蒙古,历史类,2025,本科批,481,12211,
怀化学院,内蒙古,历史类,2025,本科批,481,12211,
河南牧业经济学院,内蒙古,历史类,2025,本科批,481,12211,
营口理工学院,内蒙古,历史类,2025,本科批,481,11807,
天津农学院,内蒙古,历史类,2025,本科批,480,12337,
新乡学院,内蒙古,历史类,2025,本科批,480,12337,
海南师范大学,内蒙古,历史类,2025,本科批,480,12337,
新疆理工学院,内蒙古,历史类,2025,本科批,480,12337,
玉林师范学院,内蒙古,历史类,2025,本科批,480,12337,
忻州师范学院,内蒙古,历史类,2025,本科批,479,12457,
绵阳师范学院,内蒙古,历史类,2025,本科批,479,12457,
洛阳师范学院,内蒙古,历史类,2025,本科批,479,12457,
吉林铁道职业技术大学,内蒙古,历史类,2025,高职(专科)批,479,12457,
沧州师范学院,内蒙古,历史类,2025,本科批,478,12570,
新余学院,内蒙古,历史类,2025,本科批,478,12570,
河北环境工程学院,内蒙古,历史类,2025,本科批,478,12337,
湖北经济学院法商学院,内蒙古,历史类,2025,本科批,478,12457,
河套学院,内蒙古,历史类,2025,本科提前批C段,478,12570,
吉林体育学院,内蒙古,历史类,2025,本科批,477,12683,
吉林师范大学,内蒙古,历史类,2025,本科批,477,12683,
河北民族师范学院,内蒙古,历史类,2025,本科批,477,12683,
广东轻工职业技术大学,内蒙古,历史类,2025,本科批,477,12683,
商丘师范学院,内蒙古,历史类,2025,本科批,476,12798,
西南民族大学,内蒙古,历史类,2025,本科批,476,12798,
河南城建学院,内蒙古,历史类,2025,本科批,476,12798,
滇西应用技术大学,内蒙古,历史类,2025,本科批,476,12798,
西南财经大学天府学院,内蒙古,历史类,2025,本科批,476,12798,
西安交通大学城市学院,内蒙古,历史类,2025,本科批,476,12798,
河北科技工程职业技术大学,内蒙古,历史类,2025,本科批,475,12457,
韶关学院,内蒙古,历史类,2025,本科批,475,12933,
九江学院,内蒙古,历史类,2025,本科批,474,12683,
三明学院,内蒙古,历史类,2025,本科批,474,13038,
河北工业职业技术大学,内蒙古,历史类,2025,本科批,474,13038,
郑州工商学院,内蒙古,历史类,2025,本科批,474,13038,
牡丹江师范学院,内蒙古,历史类,2025,本科批,473,13173,
哈尔滨职业技术大学,内蒙古,历史类,2025,本科批,473,13173,
湖南女子学院,内蒙古,历史类,2025,本科批,473,13173,
朝阳师范学院,内蒙古,历史类,2025,本科批,473,13173,
吉林农业科技学院,内蒙古,历史类,2025,本科批,473,13173,
山东女子学院,内蒙古,历史类,2025,本科批,473,13173,
新疆和田学院,内蒙古,历史类,2025,本科批,473,12570,
唐山师范学院,内蒙古,历史类,2025,本科批,472,13311,
四川大学锦江学院,内蒙古,历史类,2025,本科批,472,13173,
泰山学院,内蒙古,历史类,2025,本科批,472,13311,
西安工商学院,内蒙古,历史类,2025,本科批,472,13311,
集美大学诚毅学院,内蒙古,历史类,2025,本科批,472,12933,
黄河科技学院,内蒙古,历史类,2025,本科批,471,13173,
沈阳师范大学,内蒙古,历史类,2025,本科批,471,13438,
吉林工程技术师范学院,内蒙古,历史类,2025,本科批,471,13438,
黑龙江工业学院,内蒙古,历史类,2025,本科批,471,13438,
桂林师范学院,内蒙古,历史类,2025,本科批,471,13438,
武夷学院,内蒙古,历史类,2025,本科批,471,12798,
武汉工程科技学院,内蒙古,历史类,2025,本科批,471,13438,
湖北文理学院,内蒙古,历史类,2025,本科批,471,13438,
百色学院,内蒙古,历史类,2025,本科批,471,12798,
红河学院,内蒙古,历史类,2025,本科批,471,13438,
德州学院,内蒙古,历史类,2025,本科批,470,13551,
长春师范大学,内蒙古,历史类,2025,本科批,470,13551,
电子科技大学成都学院,内蒙古,历史类,2025,本科批,470,13551,
绥化学院,内蒙古,历史类,2025,本科批,470,13551,
珠海科技学院,内蒙古,历史类,2025,本科批,470,13551,
昆明医科大学海源学院,内蒙古,历史类,2025,本科批,469,13678,
楚雄师范学院,内蒙古,历史类,2025,本科批,469,13551,
河西学院,内蒙古,历史类,2025,本科批,469,13551,
四川传媒学院,内蒙古,历史类,2025,本科批,468,13817,
长江大学文理学院,内蒙古,历史类,2025,本科批,468,13817,
山东工商学院,内蒙古,历史类,2025,本科批,467,13946,
黑河学院,内蒙古,历史类,2025,本科批,467,13946,
吕梁学院,内蒙古,历史类,2025,本科批,467,13946,
无锡太湖学院,内蒙古,历史类,2025,本科批,467,13946,
鄂尔多斯应用技术学院,内蒙古,历史类,2025,本科批,467,13946,
重庆对外经贸学院,内蒙古,历史类,2025,本科批,467,13678,
运城学院,内蒙古,历史类,2025,本科批,466,13438,
兰州工商学院,内蒙古,历史类,2025,本科批,466,14085,
安顺学院,内蒙古,历史类,2025,本科批,466,14085,
成都锦城学院,内蒙古,历史类,2025,本科批,466,14085,
江西农业大学南昌商学院,内蒙古,历史类,2025,本科批,466,14085,
河北地质大学华信学院,内蒙古,历史类,2025,本科批,466,13946,
湖北恩施学院,内蒙古,历史类,2025,本科批,466,14085,
甘肃林业职业技术大学,内蒙古,历史类,2025,本科批,466,14085,
文华学院,内蒙古,历史类,2025,本科批,465,14211,
梧州学院,内蒙古,历史类,2025,本科批,465,13946,
黑龙江东方学院,内蒙古,历史类,2025,本科批,465,14211,
内蒙古科技大学包头医学院,内蒙古,历史类,2025,本科批,465,14211,
重庆工商大学派斯学院,内蒙古,历史类,2025,本科批,465,14211,
大连理工大学城市学院,内蒙古,历史类,2025,本科批,465,14211,
湖北工程学院新技术学院,内蒙古,历史类,2025,本科批,465,14211,
江西财经大学现代经济管理学院,内蒙古,历史类,2025,本科批,464,14338,
重庆财经学院,内蒙古,历史类,2025,本科批,464,14338,
南京航空航天大学金城学院,内蒙古,历史类,2025,本科批,464,13946,
天津理工大学中环信息学院,内蒙古,历史类,2025,本科批,464,13817,
武昌首义学院,内蒙古,历史类,2025,本科批,464,14338,
郑州商学院,内蒙古,历史类,2025,本科批,464,14338,
白城师范学院,内蒙古,历史类,2025,本科批,463,14468,
西京学院,内蒙古,历史类,2025,本科批,463,14468,
内蒙古艺术学院,内蒙古,历史类,2025,本科批,463,14468,
辽宁工业大学,内蒙古,历史类,2025,本科批,462,14602,
南宁师范大学师园学院,内蒙古,历史类,2025,本科批,462,14338,
山西晋中理工学院,内蒙古,历史类,2025,本科批,462,14468,
湖北大学知行学院,内蒙古,历史类,2025,本科批,462,14602,
福州大学至诚学院,内蒙古,历史类,2025,本科批,462,14602,
伊犁师范大学,内蒙古,历史类,2025,本科批,460,14867,
南宁学院,内蒙古,历史类,2025,本科批,460,14867,
天津外国语大学滨海外事学院,内蒙古,历史类,2025,本科批,460,14867,
云南警官学院,内蒙古,历史类,2025,本科提前批B段,460,14867,
河南医药大学,内蒙古,历史类,2025,本科批,459,14867,
潍坊科技学院,内蒙古,历史类,2025,本科批,459,15009,
宁夏大学新华学院,内蒙古,历史类,2025,本科批,459,15009,
郑州升达经贸管理学院,内蒙古,历史类,2025,本科批,459,15009,
天津财经大学珠江学院,内蒙古,历史类,2025,本科批,458,14602,
重庆人文科技学院,内蒙古,历史类,2025,本科批,458,15131,
北京科技大学天津学院,内蒙古,历史类,2025,本科批,458,14468,
大连财经学院,内蒙古,历史类,2025,本科批,458,15131,
中国矿业大学徐海学院,内蒙古,历史类,2025,本科批,457,15264,
安阳学院,内蒙古,历史类,2025,本科批,457,15131,
山西工商学院,内蒙古,历史类,2025,本科批,457,14733,
武汉文理学院,内蒙古,历史类,2025,本科批,457,14733,
沈阳科技学院,内蒙古,历史类,2025,本科批,457,15264,
泰山科技学院,内蒙古,历史类,2025,本科批,457,15264,
沧州医学高等专科学校,内蒙古,历史类,2025,高职(专科)批,457,15264,
石家庄邮电职业技术学院,内蒙古,历史类,2025,高职(专科)批,457,15264,
长沙航空职业技术学院,内蒙古,历史类,2025,高职(专科)提前批,457,15264,
哈尔滨信息工程学院,内蒙古,历史类,2025,本科批,456,15378,
上海师范大学天华学院,内蒙古,历史类,2025,本科批,456,15378,
延边大学,内蒙古,历史类,2025,本科批,456,15378,
天津医科大学临床医学院,内蒙古,历史类,2025,本科批,456,15378,
河北东方学院,内蒙古,历史类,2025,本科批,456,15009,
湖北商贸学院,内蒙古,历史类,2025,本科批,456,15378,
青岛恒星科技学院,内蒙古,历史类,2025,本科批,456,15378,
成都农业科技职业学院,内蒙古,历史类,2025,高职(专科)批,456,15378,
烟台理工学院,内蒙古,历史类,2025,本科批,455,15526,
聊城大学东昌学院,内蒙古,历史类,2025,本科批,455,15526,
上海杉达学院,内蒙古,历史类,2025,本科批,455,15526,
武汉工程大学邮电与信息工程学院,内蒙古,历史类,2025,本科批,455,15526,
江西工程学院,内蒙古,历史类,2025,本科批,455,15526,
湖北文理学院理工学院,内蒙古,历史类,2025,本科批,455,15526,
齐鲁医药学院,内蒙古,历史类,2025,本科批,455,15526,
四川交通职业技术学院,内蒙古,历史类,2025,高职(专科)批,455,15526,
张家口学院,内蒙古,历史类,2025,高职(专科)批,455,15264,
南昌大学科学技术学院,内蒙古,历史类,2025,本科批,454,15526,
哈尔滨远东理工学院,内蒙古,历史类,2025,本科批,454,15670,
燕京理工学院,内蒙古,历史类,2025,本科批,454,15670,
郑州工业应用技术学院,内蒙古,历史类,2025,本科批,453,15792,
吉利学院,内蒙古,历史类,2025,本科批,453,15792,
广州新华学院,内蒙古,历史类,2025,本科批,453,15264,
长春医学高等专科学校,内蒙古,历史类,2025,高职(专科)批,453,15264,
襄阳职业技术学院,内蒙古,历史类,2025,高职(专科)批,453,15792,
闽南理工学院,内蒙古,历史类,2025,本科批,452,15938,
北京城市学院,内蒙古,历史类,2025,本科批,452,15938,
武汉生物工程学院,内蒙古,历史类,2025,本科批,452,15670,
南昌交通学院,内蒙古,历史类,2025,本科批,452,15938,
柳州工学院,内蒙古,历史类,2025,本科批,452,15938,
黑龙江工商学院,内蒙古,历史类,2025,本科批,452,15526,
宁波财经学院,内蒙古,历史类,2025,本科批,451,16073,
武汉工商学院,内蒙古,历史类,2025,本科批,451,15378,
青岛农业大学海都学院,内蒙古,历史类,2025,本科批,451,16073,
北华航天工业学院,内蒙古,历史类,2025,本科批,450,16205,
绵阳城市学院,内蒙古,历史类,2025,本科批,450,15938,
西安培华学院,内蒙古,历史类,2025,本科批,450,16205,
成都东软学院,内蒙古,历史类,2025,本科批,450,16205,
长沙电力职业技术学院,内蒙古,历史类,2025,高职(专科)批,450,16205,
重庆移通学院,内蒙古,历史类,2025,本科批,449,16333,
西安明德理工学院,内蒙古,历史类,2025,本科批,449,16073,
吉林艺术学院,内蒙古,历史类,2025,本科批,449,16333,
青岛黄海学院,内蒙古,历史类,2025,本科批,449,16333,
晋中信息学院,内蒙古,历史类,2025,本科批,449,16333,
武汉纺织大学外经贸学院,内蒙古,历史类,2025,本科批,449,16333,
西安汽车职业大学,内蒙古,历史类,2025,本科批,449,16333,
西安铁路职业技术学院,内蒙古,历史类,2025,高职(专科)批,449,16333,
长春科技学院,内蒙古,历史类,2025,本科批,448,16471,
内蒙古大学创业学院,内蒙古,历史类,2025,本科批,448,16471,
四川工业科技学院,内蒙古,历史类,2025,本科批,448,16471,
昆明城市学院,内蒙古,历史类,2025,本科批,448,15938,
昆明理工大学津桥学院,内蒙古,历史类,2025,本科批,448,16471,
重庆外语外事学院,内蒙古,历史类,2025,本科批,448,16471,
武汉电力职业技术学院,内蒙古,历史类,2025,高职(专科)批,448,16471,
保定理工学院,内蒙古,历史类,2025,本科批,447,16617,
广州华立学院,内蒙古,历史类,2025,本科批,447,16617,
成都外国语学院,内蒙古,历史类,2025,本科批,447,16617,
齐鲁理工学院,内蒙古,历史类,2025,本科批,447,16333,
石家庄铁路职业技术学院,内蒙古,历史类,2025,高职(专科)批,447,16617,
运城护理职业学院,内蒙古,历史类,2025,高职(专科)批,447,16617,
烟台南山学院,内蒙古,历史类,2025,本科批,446,16745,
陕西国际商贸学院,内蒙古,历史类,2025,本科批,446,16205,
桂林学院,内蒙古,历史类,2025,本科批,446,16745,
武汉学院,内蒙古,历史类,2025,本科批,446,16745,
天津天狮学院,内蒙古,历史类,2025,本科批,445,16894,
山西应用科技学院,内蒙古,历史类,2025,本科批,445,16894,
武汉华夏理工学院,内蒙古,历史类,2025,本科批,445,16894,
内蒙古医科大学,内蒙古,历史类,2025,本科批,445,16894,
山东协和学院,内蒙古,历史类,2025,本科批,445,16894,
抚州医药学院,内蒙古,历史类,2025,高职(专科)批,445,16894,
白城医学高等专科学校,内蒙古,历史类,2025,高职(专科)批,445,16894,
武汉城市学院,内蒙古,历史类,2025,本科批,444,17027,
哈尔滨广厦学院,内蒙古,历史类,2025,本科批,444,16617,
青岛城市学院,内蒙古,历史类,2025,本科批,443,17162,
西安思源学院,内蒙古,历史类,2025,本科批,443,17162,
天津商业大学宝德学院,内蒙古,历史类,2025,本科批,443,17162,
西安欧亚学院,内蒙古,历史类,2025,本科批,443,17162,
常德学院,内蒙古,历史类,2025,本科批,443,16745,
荆州学院,内蒙古,历史类,2025,本科批,442,16471,
内蒙古财经大学,内蒙古,历史类,2025,本科提前批C段,442,17309,
成都航空职业技术大学,内蒙古,历史类,2025,高职(专科)批,442,17309,
天津仁爱学院,内蒙古,历史类,2025,本科批,441,17446,
武汉晴川学院,内蒙古,历史类,2025,本科批,441,17309,
山东中医药高等专科学校,内蒙古,历史类,2025,高职(专科)批,441,17446,
河北轨道运输职业技术学院,内蒙古,历史类,2025,高职(专科)批,441,16894,
西安交通工程学院,内蒙古,历史类,2025,本科批,439,17704,
南宁理工学院,内蒙古,历史类,2025,本科批,439,17704,
桂林信息科技学院,内蒙古,历史类,2025,本科批,439,17704,
青岛工学院,内蒙古,历史类,2025,本科批,439,17704,
河北化工医药职业技术学院,内蒙古,历史类,2025,高职(专科)批,439,17704,
湖北财税职业学院,内蒙古,历史类,2025,高职(专科)批,439,17704,
大连科技学院,内蒙古,历史类,2025,本科批,438,17852,
内蒙古建筑职业技术大学,内蒙古,历史类,2025,本科批,438,17852,
西安外事学院,内蒙古,历史类,2025,本科批,438,17852,
宁夏理工学院,内蒙古,历史类,2025,本科批,438,17852,
河北外国语学院,内蒙古,历史类,2025,本科批,438,17852,
内蒙古警察学院,内蒙古,历史类,2025,高职(专科)批,438,17852,
邢台医学院,内蒙古,历史类,2025,高职(专科)批,438,17852,
南阳医学高等专科学校,内蒙古,历史类,2025,高职(专科)批,438,17852,
哈尔滨师范大学,内蒙古,历史类,2025,本科批,437,17992,
西安信息职业大学,内蒙古,历史类,2025,本科批,437,17992,
张家界航空工业职业技术学院,内蒙古,历史类,2025,高职(专科)提前批,437,17992,
山东英才学院,内蒙古,历史类,2025,本科批,436,18135,
南昌工学院,内蒙古,历史类,2025,本科批,436,18135,
上海建桥学院,内蒙古,历史类,2025,本科批,436,18135,
大连工业大学艺术与信息工程学院,内蒙古,历史类,2025,本科批,436,17852,
沧州交通学院,内蒙古,历史类,2025,本科批,436,17309,
西安建筑科技大学华清学院,内蒙古,历史类,2025,本科批,436,18135,
长春财经学院,内蒙古,历史类,2025,本科批,436,18135,
西安科技大学高新学院,内蒙古,历史类,2025,本科批,435,18135,
辽宁传媒学院,内蒙古,历史类,2025,本科批,435,17992,
闽南科技学院,内蒙古,历史类,2025,本科批,435,18281,
商洛职业技术学院,内蒙古,历史类,2025,高职(专科)批,435,18281,
山东畜牧兽医职业学院,内蒙古,历史类,2025,高职(专科)批,435,17852,
辽宁师范大学海华学院,内蒙古,历史类,2025,本科批,434,18427,
长春电子科技学院,内蒙古,历史类,2025,本科批,434,18427,
长春建筑学院,内蒙古,历史类,2025,本科批,433,17852,
哈尔滨剑桥学院,内蒙古,历史类,2025,本科批,433,18556,
哈尔滨石油学院,内蒙古,历史类,2025,本科批,433,18556,
南京科技职业学院,内蒙古,历史类,2025,高职(专科)批,433,18556,
济南护理职业学院,内蒙古,历史类,2025,高职(专科)批,433,18556,
沈阳城市建设学院,内蒙古,历史类,2025,本科批,432,18556,
吉林外国语大学,内蒙古,历史类,2025,本科批,432,18667,
辽宁财贸学院,内蒙古,历史类,2025,本科批,432,18667,
山西金融职业学院,内蒙古,历史类,2025,高职(专科)批,432,18667,
南昌理工学院,内蒙古,历史类,2025,本科批,431,18798,
厦门工学院,内蒙古,历史类,2025,本科批,431,18798,
沈阳工学院,内蒙古,历史类,2025,本科批,431,18281,
黑龙江财经学院,内蒙古,历史类,2025,本科批,431,18798,
陕西财经职业技术学院,内蒙古,历史类,2025,高职(专科)批,431,18798,
陕西服装工程学院,内蒙古,历史类,2025,本科批,430,18943,
长春工业大学人文信息学院,内蒙古,历史类,2025,本科批,430,18943,
江西科技学院,内蒙古,历史类,2025,本科批,430,18943,
西安翻译学院,内蒙古,历史类,2025,本科批,430,18943,
广州应用科技学院,内蒙古,历史类,2025,本科批,430,18943,
北京农业职业学院,内蒙古,历史类,2025,高职(专科)批,430,18943,
广东理工学院,内蒙古,历史类,2025,本科批,429,19082,
湖南涉外经济学院,内蒙古,历史类,2025,本科批,429,19082,
银川科技学院,内蒙古,历史类,2025,本科批,429,19082,
天津市职业大学,内蒙古,历史类,2025,高职(专科)批,429,19082,
大连艺术学院,内蒙古,历史类,2025,本科批,428,19239,
吉林建筑科技学院,内蒙古,历史类,2025,本科批,428,19239,
丽江文化旅游学院,内蒙古,历史类,2025,本科批,428,19239,
内蒙古鸿德文理学院,内蒙古,历史类,2025,本科批,428,19239,
长春人文学院,内蒙古,历史类,2025,本科批,428,19239,
三峡电力职业学院,内蒙古,历史类,2025,高职(专科)批,428,19239,
西安医学高等专科学校,内蒙古,历史类,2025,高职(专科)批,428,19239,
青岛滨海学院,内蒙古,历史类,2025,本科批,427,19365,
兴安职业技术大学,内蒙古,历史类,2025,本科批,427,19365,
天津传媒学院,内蒙古,历史类,2025,本科批,427,19365,
福州外语外贸学院,内蒙古,历史类,2025,本科批,427,19365,
山东司法警官职业学院,内蒙古,历史类,2025,高职(专科)批,427,19082,
承德护理职业学院,内蒙古,历史类,2025,高职(专科)批,427,18943,
湖南高速铁路职业技术学院,内蒙古,历史类,2025,高职(专科)批,427,19365,
益阳医学高等专科学校,内蒙古,历史类,2025,高职(专科)批,427,19365,
浙江警官职业学院,内蒙古,历史类,2025,高职(专科)提前批,427,19365,
吉林动画学院,内蒙古,历史类,2025,本科批,426,19513,
吉林师范大学博达学院,内蒙古,历史类,2025,本科批,426,19513,
大连东软信息学院,内蒙古,历史类,2025,本科批,426,19513,
广州城市理工学院,内蒙古,历史类,2025,本科批,426,19513,
福建商学院,内蒙古,历史类,2025,本科批,426,19513,
长春光华学院,内蒙古,历史类,2025,本科批,426,19513,
河南职业技术学院,内蒙古,历史类,2025,高职(专科)批,426,19513,
濮阳医学高等专科学校,内蒙古,历史类,2025,高职(专科)批,426,19365,
哈尔滨华德学院,内蒙古,历史类,2025,本科批,425,19664,
长春大学,内蒙古,历史类,2025,本科批,425,19664,
沈阳城市学院,内蒙古,历史类,2025,本科批,425,19664,
长春大学旅游学院,内蒙古,历史类,2025,本科批,425,19239,
武汉铁路职业技术学院,内蒙古,历史类,2025,高职(专科)批,425,19664,
河北科技学院,内蒙古,历史类,2025,本科批,424,19778,
广州工商学院,内蒙古,历史类,2025,本科批,424,19778,
广州民航职业技术学院,内蒙古,历史类,2025,高职(专科)批,424,19778,
山东化工职业学院,内蒙古,历史类,2025,高职(专科)批,424,19778,
宁夏警官职业学院,内蒙古,历史类,2025,高职(专科)批,424,19778,
江苏海事职业技术学院,内蒙古,历史类,2025,高职(专科)批,424,19778,
吉林司法警官职业学院,内蒙古,历史类,2025,高职(专科)提前批,424,19778,
上海外国语大学贤达经济人文学院,内蒙古,历史类,2025,本科批,423,19905,
北京工业大学耿丹学院,内蒙古,历史类,2025,本科批,423,19905,
漳州职业技术学院,内蒙古,历史类,2025,高职(专科)批,423,19905,
北京青年政治学院,内蒙古,历史类,2025,高职(专科)批,423,19905,
临汾职业技术学院,内蒙古,历史类,2025,高职(专科)批,423,19905,
湖南大众传媒职业技术学院,内蒙古,历史类,2025,高职(专科)批,423,18943,
陕西工商职业学院,内蒙古,历史类,2025,高职(专科)批,423,19365,
上海中侨职业技术大学,内蒙古,历史类,2025,本科批,422,19905,
北京金融科技学院,内蒙古,历史类,2025,本科批,422,20019,
琼台师范学院,内蒙古,历史类,2025,本科批,422,20019,
山西药科职业学院,内蒙古,历史类,2025,高职(专科)批,422,20019,
唐山职业技术学院,内蒙古,历史类,2025,高职(专科)批,422,20019,
辽宁对外经贸学院,内蒙古,历史类,2025,本科批,421,20158,
江西医学高等专科学校,内蒙古,历史类,2025,高职(专科)批,421,20158,
陕西铁路工程职业技术学院,内蒙古,历史类,2025,高职(专科)批,421,20158,
北京财贸职业学院,内蒙古,历史类,2025,高职(专科)批,421,20158,
常州机电职业技术学院,内蒙古,历史类,2025,高职(专科)批,421,20158,
西安航空职业技术学院,内蒙古,历史类,2025,高职(专科)批,421,20019,
海南热带海洋学院,内蒙古,历史类,2025,本科批,420,20297,
上海立达学院,内蒙古,历史类,2025,本科批,420,19513,
海南科技职业大学,内蒙古,历史类,2025,本科批,420,20158,
青岛职业技术学院,内蒙古,历史类,2025,高职(专科)批,420,20297,
上海出版印刷高等专科学校,内蒙古,历史类,2025,高职(专科)批,420,20297,
重庆工业职业技术大学,内蒙古,历史类,2025,高职(专科)批,420,20297,
江苏航空职业技术学院,内蒙古,历史类,2025,高职(专科)批,420,20297,
河南农业职业学院,内蒙古,历史类,2025,高职(专科)批,420,20297,
天津电子信息职业技术学院,内蒙古,历史类,2025,高职(专科)批,419,20019,
枣庄职业学院,内蒙古,历史类,2025,高职(专科)批,419,20443,
浙江工商职业技术学院,内蒙古,历史类,2025,高职(专科)批,419,20019,
湘潭医卫职业技术学院,内蒙古,历史类,2025,高职(专科)批,419,20443,
辽宁金融职业学院,内蒙古,历史类,2025,高职(专科)批,419,20443,
黑龙江外国语学院,内蒙古,历史类,2025,本科批,418,20570,
海口经济学院,内蒙古,历史类,2025,本科批,418,19664,
三亚学院,内蒙古,历史类,2025,本科批,418,20570,
内蒙古警察学院,内蒙古,历史类,2025,本科提前批B段,418,20570,
武汉警官职业学院,内蒙古,历史类,2025,高职(专科)批,418,20570,
威海海洋职业学院,内蒙古,历史类,2025,高职(专科)批,418,20570,
太原学院,内蒙古,历史类,2025,本科批,417,20707,
安徽中医药高等专科学校,内蒙古,历史类,2025,高职(专科)批,417,20707,
重庆城市管理职业学院,内蒙古,历史类,2025,高职(专科)批,417,20707,
保定职业技术学院,内蒙古,历史类,2025,高职(专科)批,417,20707,
内蒙古大学,内蒙古,历史类,2025,本科批,416,20835,
焦作大学,内蒙古,历史类,2025,高职(专科)批,416,20835,
唐山工业职业技术大学,内蒙古,历史类,2025,高职(专科)批,416,20835,
宁夏财经职业技术学院,内蒙古,历史类,2025,高职(专科)批,416,20835,
陕西交通职业技术学院,内蒙古,历史类,2025,高职(专科)批,416,20835,
黑龙江护理高等专科学校,内蒙古,历史类,2025,高职(专科)批,416,20835,
上海农林职业技术学院,内蒙古,历史类,2025,高职(专科)批,415,20967,
陕西航空职业技术学院,内蒙古,历史类,2025,高职(专科)批,415,20443,
哈尔滨铁道职业技术学院,内蒙古,历史类,2025,高职(专科)批,414,21087,
黑龙江商业职业学院,内蒙古,历史类,2025,高职(专科)批,414,21087,
山东商务职业学院,内蒙古,历史类,2025,高职(专科)批,414,20967,
石家庄人民医学高等专科学校,内蒙古,历史类,2025,高职(专科)批,414,21087,
辽宁医药职业学院,内蒙古,历史类,2025,高职(专科)批,414,21087,
重庆财经职业学院,内蒙古,历史类,2025,高职(专科)批,414,20158,
长春工程学院,内蒙古,历史类,2025,本科批,413,21222,
湖南财经工业职业技术学院,内蒙古,历史类,2025,高职(专科)批,413,21222,
湖南铁道职业技术学院,内蒙古,历史类,2025,高职(专科)批,412,21348,
黑龙江交通职业技术学院,内蒙古,历史类,2025,高职(专科)批,412,21348,
柳州铁道职业技术学院,内蒙古,历史类,2025,高职(专科)批,412,21087,
甘肃交通职业技术学院,内蒙古,历史类,2025,高职(专科)批,412,21348,
重庆三峡职业学院,内蒙古,历史类,2025,高职(专科)批,412,20967,
重庆商务职业学院,内蒙古,历史类,2025,高职(专科)批,412,21348,
哈尔滨学院,内蒙古,历史类,2025,本科批,411,21468,
首都师范大学科德学院,内蒙古,历史类,2025,本科批,411,21468,
淄博职业技术大学,内蒙古,历史类,2025,高职(专科)批,411,20570,
武汉职业技术大学,内蒙古,历史类,2025,高职(专科)批,410,21593,
湖北职业技术学院,内蒙古,历史类,2025,高职(专科)批,410,21593,
江苏农牧科技职业学院,内蒙古,历史类,2025,高职(专科)批,410,21593,
四平职业大学,内蒙古,历史类,2025,高职(专科)批,410,21087,
徐州工业职业技术学院,内蒙古,历史类,2025,高职(专科)批,410,21593,
济宁职业技术学院,内蒙古,历史类,2025,高职(专科)批,410,21593,
北京信息职业技术学院,内蒙古,历史类,2025,高职(专科)批,409,20967,
江西电力职业技术学院,内蒙古,历史类,2025,高职(专科)批,409,21716,
天津铁道职业技术学院,内蒙古,历史类,2025,高职(专科)批,409,21593,
衡水职业技术学院,内蒙古,历史类,2025,高职(专科)批,409,21716,
日照职业技术学院,内蒙古,历史类,2025,高职(专科)批,408,21848,
北京工业职业技术学院,内蒙古,历史类,2025,高职(专科)批,408,21848,
锦州师范高等专科学校,内蒙古,历史类,2025,高职(专科)批,408,21848,
天津现代职业技术学院,内蒙古,历史类,2025,高职(专科)批,408,21848,
岳阳职业技术学院,内蒙古,历史类,2025,高职(专科)批,408,20967,
重庆水利电力职业技术学院,内蒙古,历史类,2025,高职(专科)批,408,20835,
内蒙古大学,内蒙古,历史类,2025,本科提前批C段,407,21946,
抚州职业技术学院,内蒙古,历史类,2025,高职(专科)批,407,21946,
山西职业技术学院,内蒙古,历史类,2025,高职(专科)批,407,21946,
吉林交通职业技术学院,内蒙古,历史类,2025,高职(专科)批,407,21946,
浙江机电职业技术大学,内蒙古,历史类,2025,高职(专科)批,407,21946,
通化医药健康职业学院,内蒙古,历史类,2025,高职(专科)批,407,21716,
青海大学,内蒙古,历史类,2025,本科批,406,22067,
江苏食品药品职业技术学院,内蒙古,历史类,2025,高职(专科)批,406,22067,
汉江师范学院,内蒙古,历史类,2025,高职(专科)批,406,22067,
江西工程职业学院,内蒙古,历史类,2025,高职(专科)批,406,22067,
郑州健康学院,内蒙古,历史类,2025,高职(专科)批,406,22067,
北京第二外国语学院中瑞酒店管理学院,内蒙古,历史类,2025,本科批,405,22188,
武汉软件工程职业学院,内蒙古,历史类,2025,高职(专科)批,405,22188,
天津商务职业学院,内蒙古,历史类,2025,高职(专科)批,405,22188,
山东科技职业学院,内蒙古,历史类,2025,高职(专科)批,405,21468,
北京政法职业学院,内蒙古,历史类,2025,高职(专科)批,405,22188,
宜春职业技术学院,内蒙古,历史类,2025,高职(专科)批,405,21348,
新疆警察学院,内蒙古,历史类,2025,高职(专科)批,405,21348,
江苏财经职业技术学院,内蒙古,历史类,2025,高职(专科)批,405,22188,
重庆青年职业技术学院,内蒙古,历史类,2025,高职(专科)批,405,22188,
河北工程大学,内蒙古,历史类,2025,本科批,404,21348,
黑龙江农业经济职业学院,内蒙古,历史类,2025,高职(专科)批,404,21222,
兰州石化职业技术大学,内蒙古,历史类,2025,高职(专科)批,404,22305,
大同师范高等专科学校,内蒙古,历史类,2025,高职(专科)批,404,22305,
山东交通职业学院,内蒙古,历史类,2025,高职(专科)批,404,22305,
江西职业技术大学,内蒙古,历史类,2025,高职(专科)批,404,22305,
渭南职业技术学院,内蒙古,历史类,2025,高职(专科)批,404,22305,
长白山职业技术学院,内蒙古,历史类,2025,高职(专科)批,404,22305,
张家界航空工业职业技术学院,内蒙古,历史类,2025,高职(专科)批,403,22420,
湖南理工职业技术学院,内蒙古,历史类,2025,高职(专科)批,403,22420,
江西信息应用职业技术学院,内蒙古,历史类,2025,高职(专科)批,403,22420,
仙桃职业学院,内蒙古,历史类,2025,高职(专科)批,403,22420,
浙江经贸职业技术学院,内蒙古,历史类,2025,高职(专科)批,403,22420,
白城职业技术学院,内蒙古,历史类,2025,高职(专科)批,403,22420,
山西机电职业技术学院,内蒙古,历史类,2025,高职(专科)批,402,22562,
宝鸡职业技术学院,内蒙古,历史类,2025,高职(专科)批,402,21593,
开封大学,内蒙古,历史类,2025,高职(专科)批,402,22562,
荆州职业技术学院,内蒙古,历史类,2025,高职(专科)批,402,22562,
上海科学技术职业学院,内蒙古,历史类,2025,高职(专科)批,402,22562,
四川水利职业技术学院,内蒙古,历史类,2025,高职(专科)批,402,22305,
山东传媒职业学院,内蒙古,历史类,2025,高职(专科)批,401,21716,
桂林师范学院,内蒙古,历史类,2025,高职(专科)批,401,22675,
浙江商业职业技术学院,内蒙古,历史类,2025,高职(专科)批,401,22675,
湖南机电职业技术学院,内蒙古,历史类,2025,高职(专科)批,401,22420,
辽宁何氏医学院,内蒙古,历史类,2025,高职(专科)批,401,22675,
四川建筑职业技术学院,内蒙古,历史类,2025,高职(专科)批,400,22807,
广东轻工职业技术大学,内蒙古,历史类,2025,高职(专科)批,400,22807,
广元中核职业技术学院,内蒙古,历史类,2025,高职(专科)批,400,22807,
辽宁经济职业技术学院,内蒙古,历史类,2025,高职(专科)批,400,22807,
重庆工商职业学院,内蒙古,历史类,2025,高职(专科)批,400,22807,
重庆医药高等专科学校,内蒙古,历史类,2025,高职(专科)提前批,400,22807,
内蒙古工业大学,内蒙古,历史类,2025,本科批,399,22924,
大庆医学高等专科学校,内蒙古,历史类,2025,高职(专科)批,399,22924,
内蒙古农业大学,内蒙古,历史类,2025,高职(专科)批,399,22924,
广东南华工商职业学院,内蒙古,历史类,2025,高职(专科)批,399,22924,
湖南石油化工职业技术学院,内蒙古,历史类,2025,高职(专科)批,399,22924,
武汉交通职业学院,内蒙古,历史类,2025,高职(专科)提前批,399,22924,
吉林农业大学,内蒙古,历史类,2025,本科批,398,23034,
石家庄信息工程职业学院,内蒙古,历史类,2025,高职(专科)批,397,23149,
河北女子职业技术学院,内蒙古,历史类,2025,高职(专科)批,397,23149,
天津轻工职业技术学院,内蒙古,历史类,2025,高职(专科)批,397,23149,
四川工程职业技术大学,内蒙古,历史类,2025,高职(专科)批,397,23149,
陕西能源职业技术学院,内蒙古,历史类,2025,高职(专科)批,397,22305,
上海民航职业技术学院,内蒙古,历史类,2025,高职(专科)批,397,23149,
上海行健职业学院,内蒙古,历史类,2025,高职(专科)批,397,22807,
河北金融学院,内蒙古,历史类,2025,本科批,396,23277,
长江工程职业技术学院,内蒙古,历史类,2025,高职(专科)批,396,23277,
湖南邮电职业技术学院,内蒙古,历史类,2025,高职(专科)批,396,23277,
陕西青年职业学院,内蒙古,历史类,2025,高职(专科)批,396,23277,
河北交通职业技术学院,内蒙古,历史类,2025,高职(专科)批,396,23277,
黑龙江农业职业技术学院,内蒙古,历史类,2025,高职(专科)批,396,23277,
湖南信息职业技术学院,内蒙古,历史类,2025,高职(专科)批,395,23392,
山东信息职业技术学院,内蒙古,历史类,2025,高职(专科)批,395,22305,
山西管理职业学院,内蒙古,历史类,2025,高职(专科)批,395,23392,
湖北交通职业技术学院,内蒙古,历史类,2025,高职(专科)批,394,23514,
长沙民政职业技术学院,内蒙古,历史类,2025,高职(专科)批,394,23514,
桂林旅游学院,内蒙古,历史类,2025,高职(专科)批,394,22420,
黑龙江农业工程职业学院,内蒙古,历史类,2025,高职(专科)批,394,23514,
重庆电力高等专科学校,内蒙古,历史类,2025,高职(专科)批,393,23651,
黄河水利职业技术大学,内蒙古,历史类,2025,高职(专科)批,393,22562,
扬州职业技术大学,内蒙古,历史类,2025,高职(专科)批,393,23651,
黄冈职业技术学院,内蒙古,历史类,2025,高职(专科)批,393,23651,
青岛酒店管理职业技术学院,内蒙古,历史类,2025,高职(专科)批,393,23651,
山东药品食品职业学院,内蒙古,历史类,2025,高职(专科)批,393,23651,
广西电力职业技术学院,内蒙古,历史类,2025,高职(专科)批,393,23651,
铁岭卫生职业学院,内蒙古,历史类,2025,高职(专科)批,393,23392,
上海城建职业学院,内蒙古,历史类,2025,高职(专科)批,392,23780,
江西师范高等专科学校,内蒙古,历史类,2025,高职(专科)批,392,23277,
辽宁省交通高等专科学校,内蒙古,历史类,2025,高职(专科)提前批,392,23780,
湖南国防工业职业技术学院,内蒙古,历史类,2025,高职(专科)提前批,392,22675,
上海旅游高等专科学校,内蒙古,历史类,2025,高职(专科)批,391,23882,
浙江建设职业技术学院,内蒙古,历史类,2025,高职(专科)批,391,23882,
黑龙江农垦职业学院,内蒙古,历史类,2025,高职(专科)批,391,23882,
湖南工业职业技术学院,内蒙古,历史类,2025,高职(专科)批,391,23882,
武汉纺织大学外经贸学院,内蒙古,历史类,2025,高职(专科)批,391,23780,
西南交通大学希望学院,内蒙古,历史类,2025,高职(专科)批,391,23882,
阜新高等专科学校,内蒙古,历史类,2025,高职(专科)批,391,23780,
山东信息职业技术学院,内蒙古,历史类,2025,高职(专科)提前批,391,23651,
天津机电职业技术学院,内蒙古,历史类,2025,高职(专科)批,390,23976,
南充电影工业职业学院,内蒙古,历史类,2025,高职(专科)批,390,23976,
内蒙古师范大学,内蒙古,历史类,2025,本科提前批C段,389,24060,
山西水利职业技术学院,内蒙古,历史类,2025,高职(专科)批,389,24060,
青岛港湾职业技术学院,内蒙古,历史类,2025,高职(专科)批,389,24060,
北京京北职业技术学院,内蒙古,历史类,2025,高职(专科)批,389,24060,
黑龙江职业学院,内蒙古,历史类,2025,高职(专科)批,388,24164,
天津滨海职业学院,内蒙古,历史类,2025,高职(专科)批,388,24164,
青海师范大学,内蒙古,历史类,2025,本科批,387,24269,
江西旅游商贸职业学院,内蒙古,历史类,2025,高职(专科)批,387,23514,
武汉民政职业学院,内蒙古,历史类,2025,高职(专科)批,387,24269,
潍坊职业学院,内蒙古,历史类,2025,高职(专科)批,386,24371,
湖北水利水电职业技术学院,内蒙古,历史类,2025,高职(专科)批,386,24371,
吉林水利电力职业学院,内蒙古,历史类,2025,高职(专科)批,386,24371,
江西婺源茶业职业学院,内蒙古,历史类,2025,高职(专科)批,386,24371,
濮阳职业技术学院,内蒙古,历史类,2025,高职(专科)批,386,24371,
陕西邮电职业技术学院,内蒙古,历史类,2025,高职(专科)批,386,24371,
鹤壁职业技术学院,内蒙古,历史类,2025,高职(专科)批,386,24371,
四川司法警官职业学院,内蒙古,历史类,2025,高职(专科)提前批,386,24371,
天津海运职业学院,内蒙古,历史类,2025,高职(专科)批,385,24474,
长春金融高等专科学校,内蒙古,历史类,2025,高职(专科)批,384,24596,
北京交通职业技术学院,内蒙古,历史类,2025,高职(专科)批,384,24596,
北京劳动保障职业学院,内蒙古,历史类,2025,高职(专科)批,384,24596,
湖南水利水电职业技术学院,内蒙古,历史类,2025,高职(专科)批,384,24596,
辽阳职业技术学院,内蒙古,历史类,2025,高职(专科)批,383,24474,
西安培华学院,内蒙古,历史类,2025,高职(专科)批,383,24712,
新疆和田学院,内蒙古,历史类,2025,高职(专科)批,383,24712,
辽宁建筑职业学院,内蒙古,历史类,2025,高职(专科)批,383,24164,
威海职业学院,内蒙古,历史类,2025,高职(专科)提前批,383,24712,
平顶山工业职业技术学院,内蒙古,历史类,2025,高职(专科)批,382,23976,
朝阳师范学院,内蒙古,历史类,2025,高职(专科)批,382,24839,
北京经济管理职业学院,内蒙古,历史类,2025,高职(专科)批,382,24839,
大连财经学院,内蒙古,历史类,2025,高职(专科)批,382,24839,
民政职业大学,内蒙古,历史类,2025,高职(专科)批,382,24839,
湖北三峡职业技术学院,内蒙古,历史类,2025,高职(专科)批,382,24839,
湖南交通职业技术学院,内蒙古,历史类,2025,高职(专科)批,382,24839,
宁夏职业技术大学,内蒙古,历史类,2025,高职(专科)批,381,24947,
天津工业职业学院,内蒙古,历史类,2025,高职(专科)批,381,24269,
九州职业技术学院,内蒙古,历史类,2025,高职(专科)批,380,25060,
北京交通运输职业学院,内蒙古,历史类,2025,高职(专科)批,380,25060,
山东经贸职业学院,内蒙古,历史类,2025,高职(专科)批,380,25060,
陕西艺术职业学院,内蒙古,历史类,2025,高职(专科)批,380,25060,
山西省财政税务专科学校,内蒙古,历史类,2025,高职(专科)批,379,25187,
桂林理工大学,内蒙古,历史类,2025,高职(专科)批,379,25187,
江西财经职业学院,内蒙古,历史类,2025,高职(专科)批,379,24371,
湖北生物科技职业学院,内蒙古,历史类,2025,高职(专科)批,379,24947,
内蒙古民族大学,内蒙古,历史类,2025,本科提前批C段,378,25298,
营口职业技术学院,内蒙古,历史类,2025,高职(专科)批,378,25298,
太原城市职业技术学院,内蒙古,历史类,2025,高职(专科)批,378,25298,
大庆职业学院,内蒙古,历史类,2025,高职(专科)批,378,25298,
西安翻译学院,内蒙古,历史类,2025,高职(专科)批,378,25298,
陕西工业职业技术学院,内蒙古,历史类,2025,高职(专科)批,378,25298,
天津石油职业技术学院,内蒙古,历史类,2025,高职(专科)批,378,25298,
延安职业技术学院,内蒙古,历史类,2025,高职(专科)提前批,378,24269,
三峡大学科技学院,内蒙古,历史类,2025,高职(专科)批,377,24474,
武汉工程职业技术学院,内蒙古,历史类,2025,高职(专科)批,377,25405,
湖南民族职业学院,内蒙古,历史类,2025,高职(专科)批,377,25405,
秦皇岛工业职业技术学院,内蒙古,历史类,2025,高职(专科)批,377,25405,
长春师范高等专科学校,内蒙古,历史类,2025,高职(专科)批,377,24269,
大连科技学院,内蒙古,历史类,2025,高职(专科)批,376,24269,
郑州电力职业技术学院,内蒙古,历史类,2025,高职(专科)批,376,25532,
兰州资源环境职业技术大学,内蒙古,历史类,2025,高职(专科)批,376,25532,
湖北国土资源职业学院,内蒙古,历史类,2025,高职(专科)批,376,25532,
黑龙江司法警官职业学院,内蒙古,历史类,2025,高职(专科)提前批,376,25532,
滨州职业学院,内蒙古,历史类,2025,高职(专科)提前批,376,25532,
西北民族大学,内蒙古,历史类,2025,本科批,375,25628,
安阳职业技术学院,内蒙古,历史类,2025,高职(专科)批,375,25628,
内蒙古财经大学,内蒙古,历史类,2025,本科批,374,25726,
江西科技学院,内蒙古,历史类,2025,高职(专科)批,374,25726,
铜仁职业技术大学,内蒙古,历史类,2025,高职(专科)批,373,24712,
江西航空职业技术学院,内蒙古,历史类,2025,高职(专科)提前批,373,24596,
上海济光职业技术学院,内蒙古,历史类,2025,高职(专科)批,372,25919,
山西工程职业学院,内蒙古,历史类,2025,高职(专科)批,371,25298,
新疆石河子职业技术学院,内蒙古,历史类,2025,高职(专科)提前批,371,24839,
江西交通职业技术学院,内蒙古,历史类,2025,高职(专科)批,370,25405,
天津交通职业学院,内蒙古,历史类,2025,高职(专科)批,370,26105,
吉林电子信息职业技术学院,内蒙古,历史类,2025,高职(专科)批,370,25628,
江苏电子信息职业学院,内蒙古,历史类,2025,高职(专科)批,370,26105,
邢台新能源职业学院,内蒙古,历史类,2025,高职(专科)批,370,26105,
武汉商贸职业学院,内蒙古,历史类,2025,高职(专科)批,369,26197,
天津生物工程职业技术学院,内蒙古,历史类,2025,高职(专科)批,369,26197,
江西航空职业技术学院,内蒙古,历史类,2025,高职(专科)批,369,26197,
泉州海洋职业学院,内蒙古,历史类,2025,高职(专科)批,369,26197,
菏泽家政职业学院,内蒙古,历史类,2025,高职(专科)批,369,26197,
泰山职业技术学院,内蒙古,历史类,2025,高职(专科)提前批,369,25187,
山东商业职业技术学院,内蒙古,历史类,2025,高职(专科)批,368,26299,
石家庄医学高等专科学校,内蒙古,历史类,2025,高职(专科)批,368,26299,
渤海理工职业学院,内蒙古,历史类,2025,高职(专科)批,368,26299,
湖北交通职业技术学院,内蒙古,历史类,2025,高职(专科)提前批,368,26299,
重庆航天职业技术学院,内蒙古,历史类,2025,高职(专科)批,367,26197,
荆州理工职业学院,内蒙古,历史类,2025,高职(专科)批,366,25298,
黑龙江建筑职业技术学院,内蒙古,历史类,2025,高职(专科)批,366,25726,
唐山幼儿师范高等专科学校,内蒙古,历史类,2025,高职(专科)批,366,26503,
运城师范高等专科学校,内蒙古,历史类,2025,高职(专科)批,366,26404,
齐鲁理工学院,内蒙古,历史类,2025,高职(专科)批,366,26503,
衡水学院,内蒙古,历史类,2025,本科批,365,26592,
泰州职业技术学院,内蒙古,历史类,2025,高职(专科)批,365,26592,
大连职业技术学院,内蒙古,历史类,2025,高职(专科)批,365,26592,
武汉工商学院,内蒙古,历史类,2025,高职(专科)批,365,26592,
山西林业职业技术学院,内蒙古,历史类,2025,高职(专科)批,364,26503,
七台河职业学院,内蒙古,历史类,2025,高职(专科)批,364,26677,
东营职业学院,内蒙古,历史类,2025,高职(专科)批,364,26677,
泉州纺织服装职业学院,内蒙古,历史类,2025,高职(专科)批,364,26677,
辽宁工程职业学院,内蒙古,历史类,2025,高职(专科)批,364,26677,
内蒙古农业大学,内蒙古,历史类,2025,本科批,363,26785,
天津城市职业学院,内蒙古,历史类,2025,高职(专科)批,363,26785,
河南地矿职业学院,内蒙古,历史类,2025,高职(专科)批,363,26785,
甘肃有色冶金职业技术学院,内蒙古,历史类,2025,高职(专科)批,363,26785,
石家庄幼儿师范高等专科学校,内蒙古,历史类,2025,高职(专科)批,363,26785,
黑龙江民族职业学院,内蒙古,历史类,2025,高职(专科)批,363,26785,
内蒙古师范大学,内蒙古,历史类,2025,本科批,362,26876,
辽宁民族师范高等专科学校,内蒙古,历史类,2025,高职(专科)批,362,26876,
天津城市建设管理职业技术学院,内蒙古,历史类,2025,高职(专科)批,361,26978,
滨州职业学院,内蒙古,历史类,2025,高职(专科)批,361,26978,
甘肃建筑职业技术学院,内蒙古,历史类,2025,高职(专科)批,361,26978,
武昌职业学院,内蒙古,历史类,2025,高职(专科)提前批,361,26978,
湖南体育职业学院,内蒙古,历史类,2025,高职(专科)提前批,361,25726,
内蒙古科技大学,内蒙古,历史类,2025,本科批,360,27072,
山东水利职业学院,内蒙古,历史类,2025,高职(专科)批,360,26785,
鄂州职业大学,内蒙古,历史类,2025,高职(专科)批,360,26785,
莱芜职业技术学院,内蒙古,历史类,2025,高职(专科)批,360,26503,
辽宁机电职业技术学院,内蒙古,历史类,2025,高职(专科)批,359,27072,
湖南化工职业技术学院,内蒙古,历史类,2025,高职(专科)批,359,27162,
辽宁职业学院,内蒙古,历史类,2025,高职(专科)批,356,27245,
九江职业大学,内蒙古,历史类,2025,高职(专科)批,355,26592,
周口职业技术学院,内蒙古,历史类,2025,高职(专科)批,355,27501,
哈尔滨科学技术职业学院,内蒙古,历史类,2025,高职(专科)批,355,27501,
沈阳职业技术学院,内蒙古,历史类,2025,高职(专科)批,355,27501,
郑州旅游职业学院,内蒙古,历史类,2025,高职(专科)批,355,27501,
湖南汽车工程职业大学,内蒙古,历史类,2025,高职(专科)提前批,355,27501,
牡丹江大学,内蒙古,历史类,2025,高职(专科)批,354,27591,
陕西国际商贸学院,内蒙古,历史类,2025,高职(专科)批,354,27337,
武汉船舶职业技术学院,内蒙古,历史类,2025,高职(专科)批,354,27072,
河北正定师范高等专科学校,内蒙古,历史类,2025,高职(专科)批,354,27591,
河北科技工程职业技术大学,内蒙古,历史类,2025,高职(专科)批,354,27591,
辽宁轻工职业学院,内蒙古,历史类,2025,高职(专科)批,354,27591,
内蒙古民族大学,内蒙古,历史类,2025,本科批,353,27671,
吉林工业职业技术学院,内蒙古,历史类,2025,高职(专科)批,353,27671,
北京艺术传媒职业学院,内蒙古,历史类,2025,高职(专科)批,352,27735,
江汉艺术职业学院,内蒙古,历史类,2025,高职(专科)批,352,26503,
聊城职业技术学院,内蒙古,历史类,2025,高职(专科)批,351,26785,
石家庄工商职业学院,内蒙古,历史类,2025,高职(专科)批,351,27816,
白银矿冶职业技术学院,内蒙古,历史类,2025,高职(专科)批,350,27816,
内蒙古科技大学包头师范学院,内蒙古,历史类,2025,本科批,349,27976,
威海职业学院,内蒙古,历史类,2025,高职(专科)批,349,27976,
河北劳动关系职业学院,内蒙古,历史类,2025,高职(专科)批,349,27976,
天津渤海职业技术学院,内蒙古,历史类,2025,高职(专科)批,348,28067,
河南测绘职业学院,内蒙古,历史类,2025,高职(专科)批,348,27501,
贵州工贸职业学院,内蒙古,历史类,2025,高职(专科)批,348,28067,
辽宁生态工程职业学院,内蒙古,历史类,2025,高职(专科)批,348,28067,
青海民族大学,内蒙古,历史类,2025,本科批,347,28148,
烟台汽车工程职业学院,内蒙古,历史类,2025,高职(专科)批,347,28148,
盘锦职业技术学院,内蒙古,历史类,2025,高职(专科)批,346,28252,
天津国土资源和房屋职业学院,内蒙古,历史类,2025,高职(专科)批,346,28252,
河北资源环境职业技术学院,内蒙古,历史类,2025,高职(专科)批,346,27895,
长沙环境保护职业技术学院,内蒙古,历史类,2025,高职(专科)批,345,28331,
辽宁省交通高等专科学校,内蒙古,历史类,2025,高职(专科)批,345,28331,
吉林工程职业学院,内蒙古,历史类,2025,高职(专科)批,345,28331,
湖北生态工程职业技术学院,内蒙古,历史类,2025,高职(专科)批,345,27895,
河北对外经贸职业学院,内蒙古,历史类,2025,高职(专科)批,344,28394,
张家口职业技术学院,内蒙古,历史类,2025,高职(专科)批,344,27671,
云南医药健康职业学院,内蒙古,历史类,2025,高职(专科)批,344,28394,
湖南商务职业技术学院,内蒙古,历史类,2025,高职(专科)批,343,28470,
东营科技职业学院,内蒙古,历史类,2025,高职(专科)批,342,28553,
西安海棠职业学院,内蒙古,历史类,2025,高职(专科)批,342,28553,
运城幼儿师范高等专科学校,内蒙古,历史类,2025,高职(专科)批,342,28148,
湖南工程职业技术学院,内蒙古,历史类,2025,高职(专科)批,341,28625,
榆林能源科技职业学院,内蒙古,历史类,2025,高职(专科)批,341,28625,
江西应用科技学院,内蒙古,历史类,2025,高职(专科)批,340,28699,
天津艺术职业学院,内蒙古,历史类,2025,高职(专科)批,340,28699,
河南工业和信息化职业学院,内蒙古,历史类,2025,高职(专科)批,340,28699,
济源职业技术学院,内蒙古,历史类,2025,高职(专科)批,340,28699,
黑龙江艺术职业学院,内蒙古,历史类,2025,高职(专科)批,340,28699,
西安职业技术学院,内蒙古,历史类,2025,高职(专科)批,339,28774,
辽宁现代服务职业技术学院,内蒙古,历史类,2025,高职(专科)批,339,27816,
山东城市建设职业学院,内蒙古,历史类,2025,高职(专科)批,338,28067,
西安外事学院,内蒙古,历史类,2025,高职(专科)批,338,28832,
辽宁地质工程职业学院,内蒙古,历史类,2025,高职(专科)批,338,28394,
酒泉职业技术大学,内蒙古,历史类,2025,高职(专科)批,338,28832,
上海工商外国语职业学院,内蒙古,历史类,2025,高职(专科)批,337,28911,
湖北城市建设职业技术学院,内蒙古,历史类,2025,高职(专科)批,336,28553,
新疆农业职业技术大学,内蒙古,历史类,2025,高职(专科)批,336,28987,
厦门华天涉外职业技术学院,内蒙古,历史类,2025,高职(专科)批,336,28987,
黑龙江生态工程职业学院,内蒙古,历史类,2025,高职(专科)批,336,28987,
咸宁职业技术学院,内蒙古,历史类,2025,高职(专科)批,335,29055,
武汉交通职业学院,内蒙古,历史类,2025,高职(专科)批,334,29123,
陕西职业技术学院,内蒙古,历史类,2025,高职(专科)批,332,28774,
抚顺职业技术学院,内蒙古,历史类,2025,高职(专科)批,332,29252,
山东旅游职业学院,内蒙古,历史类,2025,高职(专科)批,332,28911,
四川城市职业学院,内蒙古,历史类,2025,高职(专科)批,331,29306,
新疆石河子职业技术学院,内蒙古,历史类,2025,高职(专科)批,331,29306,
石家庄理工职业学院,内蒙古,历史类,2025,高职(专科)批,330,29366,
江西青年职业学院,内蒙古,历史类,2025,高职(专科)批,330,29366,
广州华立科技职业学院,内蒙古,历史类,2025,高职(专科)批,330,29366,
广西自然资源职业技术学院,内蒙古,历史类,2025,高职(专科)批,330,27976,
新疆职业大学,内蒙古,历史类,2025,高职(专科)批,330,29366,
江西建设职业技术学院,内蒙古,历史类,2025,高职(专科)批,330,28394,
长春早期教育职业学院,内蒙古,历史类,2025,高职(专科)批,328,29485,
江西新能源科技职业学院,内蒙古,历史类,2025,高职(专科)批,327,28625,
兰州现代职业学院,内蒙古,历史类,2025,高职(专科)批,326,29595,
榆林职业技术学院,内蒙古,历史类,2025,高职(专科)批,326,29595,
青岛航空科技职业学院,内蒙古,历史类,2025,高职(专科)批,326,29595,
德州工程职业学院,内蒙古,历史类,2025,高职(专科)批,325,29595,
赤峰学院,内蒙古,历史类,2025,本科批,324,29699,
江西外语外贸职业学院,内蒙古,历史类,2025,高职(专科)批,324,29699,
河北科技学院,内蒙古,历史类,2025,高职(专科)批,323,29749,
三亚理工职业学院,内蒙古,历史类,2025,高职(专科)批,323,29749,
江西环境工程职业学院,内蒙古,历史类,2025,高职(专科)批,321,29252,
集宁师范学院,内蒙古,历史类,2025,本科批,319,29990,
呼伦贝尔学院,内蒙古,历史类,2025,本科批,319,29990,
呼和浩特民族学院,内蒙古,历史类,2025,本科批,319,29990,
河套学院,内蒙古,历史类,2025,本科批,319,29990,
淄博师范高等专科学校,内蒙古,历史类,2025,高职(专科)批,319,29990,
上海中侨职业技术大学,内蒙古,历史类,2025,高职(专科)批,319,29306,
松原职业技术学院,内蒙古,历史类,2025,高职(专科)批,318,28699,
眉山药科职业学院,内蒙古,历史类,2025,高职(专科)批,318,30038,
宁夏葡萄酒与防沙治沙职业技术学院,内蒙古,历史类,2025,高职(专科)批,317,30089,
怀化职业技术学院,内蒙古,历史类,2025,高职(专科)批,316,30150,
炎黄职业技术学院,内蒙古,历史类,2025,高职(专科)批,315,30211,
黑龙江旅游职业技术学院,内蒙古,历史类,2025,高职(专科)批,314,30274,
南充科技职业学院,内蒙古,历史类,2025,高职(专科)批,313,30331,
金肯职业技术学院,内蒙古,历史类,2025,高职(专科)批,313,30331,
海南东方新丝路职业学院,内蒙古,历史类,2025,高职(专科)批,311,30445,
西安思源学院,内蒙古,历史类,2025,高职(专科)批,310,30483,
枣庄科技职业学院,内蒙古,历史类,2025,高职(专科)批,309,30520,
潍坊工商职业学院,内蒙古,历史类,2025,高职(专科)批,307,29699,
湖北工业职业技术学院,内蒙古,历史类,2025,高职(专科)批,306,30672,
包头铁道职业技术学院,内蒙古,历史类,2025,高职(专科)批,305,30719,
大兴安岭职业学院,内蒙古,历史类,2025,高职(专科)批,304,30760,
柳州城市职业学院,内蒙古,历史类,2025,高职(专科)批,304,30760,
上海思博职业技术学院,内蒙古,历史类,2025,高职(专科)批,300,30916,
淮南职业技术学院,内蒙古,历史类,2025,高职(专科)批,299,30947,
云南三鑫职业技术学院,内蒙古,历史类,2025,高职(专科)批,298,30980,
资阳环境科技职业学院,内蒙古,历史类,2025,高职(专科)批,298,30620,
黑龙江林业职业技术学院,内蒙古,历史类,2025,高职(专科)批,296,29699,
呼和浩特职业技术大学,内蒙古,历史类,2025,高职(专科)批,295,31071,
苏州高博职业学院,内蒙古,历史类,2025,高职(专科)批,295,31071,
内蒙古警察学院,内蒙古,历史类,2025,高职(专科)提前批,294,31102,
鹤岗师范高等专科学校,内蒙古,历史类,2025,高职(专科)批,293,31138,
北京科技职业学院,内蒙古,历史类,2025,高职(专科)批,291,31211,
伊春职业学院,内蒙古,历史类,2025,高职(专科)批,288,31305,
烟台南山学院,内蒙古,历史类,2025,高职(专科)批,287,31330,
辽宁农业职业技术学院,内蒙古,历史类,2025,高职(专科)批,285,31387,
平凉职业技术学院,内蒙古,历史类,2025,高职(专科)批,283,30150,
曲阜远东职业技术学院,内蒙古,历史类,2025,高职(专科)批,283,31431,
齐齐哈尔高等师范专科学校,内蒙古,历史类,2025,高职(专科)批,280,31505,
北京经贸职业学院,内蒙古,历史类,2025,高职(专科)批,280,31505,
广西幼儿师范高等专科学校,内蒙古,历史类,2025,高职(专科)批,280,30483,
桂林信息工程职业学院,内蒙古,历史类,2025,高职(专科)批,279,31540,
武汉生物工程学院,内蒙古,历史类,2025,高职(专科)批,278,30760,
云南理工职业学院,内蒙古,历史类,2025,高职(专科)批,278,31567,
乌兰察布医学高等专科学校,内蒙古,历史类,2025,高职(专科)批,277,31589,
珠海艺术职业学院,内蒙古,历史类,2025,高职(专科)批,276,31624,
铜川职业技术学院,内蒙古,历史类,2025,高职(专科)批,275,31330,
山东工业职业学院,内蒙古,历史类,2025,高职(专科)批,273,31693,
甘肃林业职业技术大学,内蒙古,历史类,2025,高职(专科)批,273,31693,
青岛黄海学院,内蒙古,历史类,2025,高职(专科)批,271,31756,
长春信息技术职业学院,内蒙古,历史类,2025,高职(专科)批,271,31756,
内蒙古机电职业技术学院,内蒙古,历史类,2025,高职(专科)批,270,31779,
铁岭师范高等专科学校,内蒙古,历史类,2025,高职(专科)批,270,31779,
吐鲁番职业技术学院,内蒙古,历史类,2025,高职(专科)批,269,31801,
哈尔滨北方航空职业技术学院,内蒙古,历史类,2025,高职(专科)批,268,31823,
包头钢铁职业技术学院,内蒙古,历史类,2025,高职(专科)批,267,31848,
大连枫叶职业技术学院,内蒙古,历史类,2025,高职(专科)批,267,31848,
扬州中瑞酒店职业学院,内蒙古,历史类,2025,高职(专科)批,266,31877,
四川汽车职业技术学院,内蒙古,历史类,2025,高职(专科)批,265,31891,
景德镇陶瓷职业技术学院,内蒙古,历史类,2025,高职(专科)批,265,31891,
烟台黄金职业学院,内蒙古,历史类,2025,高职(专科)批,264,31624,
重庆轻工职业学院,内蒙古,历史类,2025,高职(专科)批,264,31921,
云南经济管理学院,内蒙古,历史类,2025,高职(专科)批,263,31138,
德阳农业科技职业学院,内蒙古,历史类,2025,高职(专科)批,263,31939,
内蒙古体育职业学院,内蒙古,历史类,2025,高职(专科)批,262,31964,
银川科技学院,内蒙古,历史类,2025,高职(专科)批,262,31176,
宝鸡中北职业学院,内蒙古,历史类,2025,高职(专科)批,261,31986,
内蒙古建筑职业技术大学,内蒙古,历史类,2025,高职(专科)批,260,32003,
德州职业技术学院,内蒙古,历史类,2025,高职(专科)批,259,31071,
海口经济学院,内蒙古,历史类,2025,高职(专科)批,257,32052,
天津天狮学院,内蒙古,历史类,2025,高职(专科)批,254,31939,
西安明德理工学院,内蒙古,历史类,2025,高职(专科)批,253,31939,
佳木斯职业学院,内蒙古,历史类,2025,高职(专科)批,253,31071,
贵州应用技术职业学院,内蒙古,历史类,2025,高职(专科)批,253,32125,
重庆建筑科技职业学院,内蒙古,历史类,2025,高职(专科)批,253,31877,
广西国际商务职业技术学院,内蒙古,历史类,2025,高职(专科)批,252,32139,
南昌理工学院,内蒙古,历史类,2025,高职(专科)批,251,32153,
泸州医疗器械职业学院,内蒙古,历史类,2025,高职(专科)批,251,32153,
自贡职业技术学院,内蒙古,历史类,2025,高职(专科)批,251,32153,
青岛恒星科技学院,内蒙古,历史类,2025,高职(专科)批,251,32153,
山东力明科技职业学院,内蒙古,历史类,2025,高职(专科)批,250,32169,
广东肇庆航空职业学院,内蒙古,历史类,2025,高职(专科)批,250,32169,
新疆生产建设兵团兴新职业技术学院,内蒙古,历史类,2025,高职(专科)批,250,32169,
阿克苏工业职业技术学院,内蒙古,历史类,2025,高职(专科)批,250,32169,
西安城市建设职业学院,内蒙古,历史类,2025,高职(专科)批,249,30877,
长春东方职业学院,内蒙古,历史类,2025,高职(专科)批,249,32181,
四川文化传媒职业学院,内蒙古,历史类,2025,高职(专科)批,245,31779,
贵州工商职业学院,内蒙古,历史类,2025,高职(专科)批,244,31330,
黑龙江能源职业学院,内蒙古,历史类,2025,高职(专科)批,243,31505,
南昌工学院,内蒙古,历史类,2025,高职(专科)批,241,32277,
天府新区信息职业学院,内蒙古,历史类,2025,高职(专科)批,240,30877,
石家庄科技职业学院,内蒙古,历史类,2025,高职(专科)批,239,32310,
三亚中瑞酒店管理职业学院,内蒙古,历史类,2025,高职(专科)批,238,32320,
明达职业技术学院,内蒙古,历史类,2025,高职(专科)批,237,31138,
石家庄科技信息职业学院,内蒙古,历史类,2025,高职(专科)批,236,32345,
吉林职业技术学院,内蒙古,历史类,2025,高职(专科)批,235,30760,
南阳职业学院,内蒙古,历史类,2025,高职(专科)批,232,32411,
四川应用技术职业学院,内蒙古,历史类,2025,高职(专科)批,232,32411,
重庆信息技术职业学院,内蒙古,历史类,2025,高职(专科)批,231,31274,
重庆现代制造职业学院,内蒙古,历史类,2025,高职(专科)批,229,32440,
山东圣翰财贸职业学院,内蒙古,历史类,2025,高职(专科)批,228,31037,
西安信息职业大学,内蒙古,历史类,2025,高职(专科)批,227,32457,
日照航海工程职业学院,内蒙古,历史类,2025,高职(专科)批,227,32457,
昆玉职业技术学院,内蒙古,历史类,2025,高职(专科)批,227,32457,
鹤壁汽车工程职业学院,内蒙古,历史类,2025,高职(专科)批,226,31939,
可克达拉职业技术学院,内蒙古,历史类,2025,高职(专科)批,225,32476,
宿迁职业技术学院,内蒙古,历史类,2025,高职(专科)批,224,31567,
黑龙江幼儿师范高等专科学校,内蒙古,历史类,2025,高职(专科)批,224,32487,
辽宁广告职业学院,内蒙古,历史类,2025,高职(专科)批,223,32507,
大连艺术学院,内蒙古,历史类,2025,高职(专科)批,223,32507,
桂林生命与健康职业技术学院,内蒙古,历史类,2025,高职(专科)批,223,32507,
辽宁传媒学院,内蒙古,历史类,2025,高职(专科)批,221,32040,
武汉信息传播职业技术学院,内蒙古,历史类,2025,高职(专科)批,220,32487,
郑州信息工程职业学院,内蒙古,历史类,2025,高职(专科)批,220,32411,
北京培黎职业学院,内蒙古,历史类,2025,高职(专科)批,219,31779,
三亚航空旅游职业学院,内蒙古,历史类,2025,高职(专科)批,218,32554,
四川西南航空职业学院,内蒙古,历史类,2025,高职(专科)批,218,32554,
重庆科技职业学院,内蒙古,历史类,2025,高职(专科)批,218,32554,
长春健康职业学院,内蒙古,历史类,2025,高职(专科)批,217,31717,
吉林科技职业技术学院,内蒙古,历史类,2025,高职(专科)批,215,31356,
德阳城市轨道交通职业学院,内蒙古,历史类,2025,高职(专科)批,213,31138,
三亚城市职业学院,内蒙古,历史类,2025,高职(专科)批,211,32597,
哈尔滨应用职业技术学院,内蒙古,历史类,2025,高职(专科)批,211,32597,
山东文化产业职业学院,内蒙古,历史类,2025,高职(专科)批,211,32597,
长春科技学院,内蒙古,历史类,2025,高职(专科)批,210,32604,
北京经济技术职业学院,内蒙古,历史类,2025,高职(专科)批,210,32604,
上海邦德职业技术学院,内蒙古,历史类,2025,高职(专科)批,208,32617,
天津滨海汽车工程职业学院,内蒙古,历史类,2025,高职(专科)批,208,32617,
广西生态工程职业技术学院,内蒙古,历史类,2025,高职(专科)批,206,32626,
内蒙古美术职业学院,内蒙古,历史类,2025,高职(专科)批,204,31589,
重庆海联职业技术学院,内蒙古,历史类,2025,高职(专科)批,204,32632,
内蒙古科技职业学院,内蒙古,历史类,2025,高职(专科)批,203,32107,
扎兰屯职业学院,内蒙古,历史类,2025,高职(专科)批,202,32638,
巴中职业技术学院,内蒙古,历史类,2025,高职(专科)批,200,31274,
赤峰工业职业技术学院,内蒙古,历史类,2025,高职(专科)批,200,32644,
苏州百年职业学院,内蒙古,历史类,2025,高职(专科)批,199,,
内蒙古商贸职业学院,内蒙古,历史类,2025,高职(专科)批,197,,
内蒙古化工职业学院,内蒙古,历史类,2025,高职(专科)批,197,,
乌海职业技术学院,内蒙古,历史类,2025,高职(专科)批,197,,
昆明卫生职业学院,内蒙古,历史类,2025,高职(专科)批,196,,
鄂尔多斯职业学院,内蒙古,历史类,2025,高职(专科)批,196,,
科尔沁艺术职业学院,内蒙古,历史类,2025,高职(专科)批,195,,
石家庄工程职业学院,内蒙古,历史类,2025,高职(专科)批,194,,
西安汽车职业大学,内蒙古,历史类,2025,高职(专科)批,194,,
赤峰应用技术职业学院,内蒙古,历史类,2025,高职(专科)批,193,,
阿拉善职业技术学院,内蒙古,历史类,2025,高职(专科)批,193,,
内蒙古电子信息职业技术学院,内蒙古,历史类,2025,高职(专科)批,192,,
包头职业技术学院,内蒙古,历史类,2025,高职(专科)批,182,,
内蒙古民族幼儿师范高等专科学校,内蒙古,历史类,2025,高职(专科)批,180,,
呼伦贝尔职业技术学院,内蒙古,历史类,2025,高职(专科)批,179,,
泰山科技学院,内蒙古,历史类,2025,高职(专科)批,178,,
石河子工程职业技术学院,内蒙古,历史类,2025,高职(专科)批,174,,
海南科技职业大学,内蒙古,历史类,2025,高职(专科)批,173,,
兰州外语职业学院,内蒙古,历史类,2025,高职(专科)批,172,,
内蒙古丰州职业学院,内蒙古,历史类,2025,高职(专科)批,171,,
通辽职业学院,内蒙古,历史类,2025,高职(专科)批,171,,
绵阳飞行职业学院,内蒙古,历史类,2025,高职(专科)批,171,,
内蒙古鸿德文理学院,内蒙古,历史类,2025,高职(专科)批,170,,
北京汇佳职业学院,内蒙古,历史类,2025,高职(专科)批,169,,
乌兰察布职业学院,内蒙古,历史类,2025,高职(专科)批,168,,
天府新区航空旅游职业学院,内蒙古,历史类,2025,高职(专科)批,168,,
海南职业技术学院,内蒙古,历史类,2025,高职(专科)批,165,,
四川国际标榜职业学院,内蒙古,历史类,2025,高职(专科)批,165,,
鄂尔多斯生态环境职业学院,内蒙古,历史类,2025,高职(专科)批,163,,
西安交通工程学院,内蒙古,历史类,2025,高职(专科)批,162,,
内蒙古交通职业技术学院,内蒙古,历史类,2025,高职(专科)批,162,,
内蒙古北方职业技术学院,内蒙古,历史类,2025,高职(专科)批,161,,
兴安职业技术大学,内蒙古,历史类,2025,高职(专科)批,160,,
包头轻工职业技术学院,内蒙古,历史类,2025,高职(专科)批,160,,
内蒙古能源职业学院,内蒙古,历史类,2025,高职(专科)批,160,,
满洲里俄语职业学院,内蒙古,历史类,2025,高职(专科)批,160,,
锡林郭勒职业学院,内蒙古,历史类,2025,高职(专科)批,156,,
北京大学,内蒙古,物理类,2025,本科批,694,47,
清华大学,内蒙古,物理类,2025,本科批,693,49,
北京大学,内蒙古,物理类,2025,本科提前批B段,687,90,
复旦大学,内蒙古,物理类,2025,本科批,685,120,
清华大学,内蒙古,物理类,2025,本科提前批C段,684,133,
浙江大学,内蒙古,物理类,2025,本科批,683,140,
清华大学,内蒙古,物理类,2025,本科提前批B段,682,152,
复旦大学医学院,内蒙古,物理类,2025,本科批,681,167,
南京大学,内蒙古,物理类,2025,本科批,680,190,
中国科学技术大学,内蒙古,物理类,2025,本科批,680,190,
北京大学,内蒙古,物理类,2025,本科提前批C段,680,190,
浙江大学,内蒙古,物理类,2025,本科提前批B段,671,370,
浙江大学医学院,内蒙古,物理类,2025,本科批,669,413,
北京大学医学部,内蒙古,物理类,2025,本科批,668,436,
复旦大学,内蒙古,物理类,2025,本科提前批C段,664,541,
北京大学医学部,内蒙古,物理类,2025,本科提前批C段,664,541,
上海交通大学,内蒙古,物理类,2025,本科批,662,601,
中国科学技术大学,内蒙古,物理类,2025,本科提前批C段,662,601,
上海交通大学医学院,内蒙古,物理类,2025,本科提前批C段,660,670,
中国科学技术大学,内蒙古,物理类,2025,本科提前批B段,658,753,
北京航空航天大学,内蒙古,物理类,2025,本科提前批C段,657,793,
复旦大学,内蒙古,物理类,2025,本科提前批B段,655,897,
南开大学,内蒙古,物理类,2025,本科批,653,1003,
天津大学,内蒙古,物理类,2025,本科批,652,1052,
香港中文大学,内蒙古,物理类,2025,本科提前批B段,651,1099,
上海交通大学,内蒙古,物理类,2025,本科提前批B段,649,1218,
北京航空航天大学,内蒙古,物理类,2025,本科批,648,1272,
西北工业大学,内蒙古,物理类,2025,本科提前批B段,648,1272,
西北工业大学,内蒙古,物理类,2025,本科批,647,1316,
北京理工大学,内蒙古,物理类,2025,本科提前批B段,645,1424,
中国人民大学,内蒙古,物理类,2025,本科批,644,1490,
上海交通大学,内蒙古,物理类,2025,本科提前批C段,644,1490,
同济大学,内蒙古,物理类,2025,本科批,643,1568,
深圳理工大学,内蒙古,物理类,2025,本科批,643,1568,
哈尔滨工业大学,内蒙古,物理类,2025,本科提前批B段,643,1568,
南京大学,内蒙古,物理类,2025,本科提前批B段,643,1568,
北京理工大学,内蒙古,物理类,2025,本科提前批C段,643,1568,
上海交通大学医学院,内蒙古,物理类,2025,本科提前批B段,642,1634,
东南大学,内蒙古,物理类,2025,本科提前批B段,640,1763,
武汉大学,内蒙古,物理类,2025,本科提前批B段,640,1763,
西安电子科技大学,内蒙古,物理类,2025,本科提前批C段,639,1832,
电子科技大学,内蒙古,物理类,2025,本科批,638,1919,
北京航空航天大学,内蒙古,物理类,2025,本科提前批B段,638,1919,
西安交通大学,内蒙古,物理类,2025,本科提前批B段,638,1919,
同济大学,内蒙古,物理类,2025,本科提前批B段,638,1919,
哈尔滨工业大学,内蒙古,物理类,2025,本科提前批C段,638,1919,
北京邮电大学,内蒙古,物理类,2025,本科提前批B段,637,2001,
电子科技大学,内蒙古,物理类,2025,本科提前批C段,637,2001,
东南大学,内蒙古,物理类,2025,本科批,635,2162,
华南理工大学,内蒙古,物理类,2025,本科批,634,2240,
厦门大学,内蒙古,物理类,2025,本科批,633,2330,
北京邮电大学,内蒙古,物理类,2025,本科提前批C段,633,2330,
浙江大学,内蒙古,物理类,2025,本科提前批C段,633,2330,
北京师范大学,内蒙古,物理类,2025,本科批,632,2426,
华中科技大学,内蒙古,物理类,2025,本科批,632,2426,
北京电子科技学院,内蒙古,物理类,2025,本科提前批B段,632,2426,
西安电子科技大学,内蒙古,物理类,2025,本科提前批B段,632,2426,
香港城市大学(东莞),内蒙古,物理类,2025,本科批,630,2598,
华中科技大学,内蒙古,物理类,2025,本科提前批B段,630,2598,
中山大学,内蒙古,物理类,2025,本科批,629,2702,
电子科技大学,内蒙古,物理类,2025,本科提前批B段,629,2702,
西安交通大学,内蒙古,物理类,2025,本科批,628,2789,
南开大学,内蒙古,物理类,2025,本科提前批C段,628,2789,
西安电子科技大学,内蒙古,物理类,2025,本科批,626,3015,
四川大学,内蒙古,物理类,2025,本科批,626,3015,
上海财经大学,内蒙古,物理类,2025,本科提前批B段,625,3111,
国防科技大学,内蒙古,物理类,2025,本科提前批B段,625,3111,
北京理工大学,内蒙古,物理类,2025,本科批,623,3330,
湖南大学,内蒙古,物理类,2025,本科批,623,3330,
四川大学,内蒙古,物理类,2025,本科提前批B段,623,3330,
湖南大学,内蒙古,物理类,2025,本科提前批B段,623,3330,
武汉大学,内蒙古,物理类,2025,本科提前批C段,623,3330,
同济大学,内蒙古,物理类,2025,本科提前批C段,623,3330,
南京航空航天大学,内蒙古,物理类,2025,本科提前批B段,622,3446,
大连理工大学,内蒙古,物理类,2025,本科提前批B段,622,3446,
华中科技大学,内蒙古,物理类,2025,本科提前批C段,622,3446,
哈尔滨工业大学,内蒙古,物理类,2025,本科批,621,3548,
上海财经大学,内蒙古,物理类,2025,本科批,621,3548,
华东师范大学,内蒙古,物理类,2025,本科批,621,3548,
中山大学,内蒙古,物理类,2025,本科提前批C段,621,3548,
南京航空航天大学,内蒙古,物理类,2025,本科批,620,3677,
南京理工大学,内蒙古,物理类,2025,本科批,619,3796,
哈尔滨工程大学,内蒙古,物理类,2025,本科提前批B段,619,3796,
东南大学,内蒙古,物理类,2025,本科提前批C段,619,3796,
山东大学,内蒙古,物理类,2025,本科批,618,3908,
西安交通大学,内蒙古,物理类,2025,本科提前批C段,618,3908,
山东大学威海分校,内蒙古,物理类,2025,本科批,617,4025,
中国人民大学,内蒙古,物理类,2025,本科提前批B段,617,4025,
南开大学,内蒙古,物理类,2025,本科提前批B段,617,4025,
西北工业大学,内蒙古,物理类,2025,本科提前批C段,617,4025,
中央财经大学,内蒙古,物理类,2025,本科提前批C段,617,4025,
厦门大学,内蒙古,物理类,2025,本科提前批C段,617,4025,
哈尔滨工程大学,内蒙古,物理类,2025,本科批,616,4142,
信息支援部队工程大学,内蒙古,物理类,2025,本科提前批B段,616,4142,
哈尔滨工程大学,内蒙古,物理类,2025,本科提前批C段,615,4284,
华东师范大学,内蒙古,物理类,2025,本科提前批B段,614,4391,
南京邮电大学,内蒙古,物理类,2025,本科批,613,4517,
大连理工大学,内蒙古,物理类,2025,本科批,613,4517,
华东理工大学,内蒙古,物理类,2025,本科批,613,4517,
香港城市大学,内蒙古,物理类,2025,本科提前批B段,613,4517,
南京航空航天大学,内蒙古,物理类,2025,本科提前批C段,613,4517,
北京师范大学,内蒙古,物理类,2025,本科提前批C段,613,4517,
山东大学,内蒙古,物理类,2025,本科提前批C段,612,4664,
中国政法大学,内蒙古,物理类,2025,本科批,611,4800,
华北电力大学,内蒙古,物理类,2025,本科提前批B段,611,4664,
上海海关学院,内蒙古,物理类,2025,本科提前批B段,611,4800,
天津大学,内蒙古,物理类,2025,本科提前批C段,611,4800,
上海电力大学,内蒙古,物理类,2025,本科批,610,4935,
北京外国语大学,内蒙古,物理类,2025,本科批,610,4935,
华东政法大学,内蒙古,物理类,2025,本科批,610,4935,
兰州大学,内蒙古,物理类,2025,本科提前批B段,610,4935,
华南理工大学,内蒙古,物理类,2025,本科提前批B段,609,5059,
北京师范大学,内蒙古,物理类,2025,本科提前批B段,609,5059,
中国传媒大学,内蒙古,物理类,2025,本科提前批C段,609,5059,
重庆邮电大学,内蒙古,物理类,2025,本科批,608,5194,
北京邮电大学,内蒙古,物理类,2025,本科批,608,5194,
军事航天部队航天工程大学,内蒙古,物理类,2025,本科提前批B段,608,5194,
网络空间部队信息工程大学,内蒙古,物理类,2025,本科提前批B段,608,5194,
北京科技大学,内蒙古,物理类,2025,本科批,607,5325,
中央财经大学,内蒙古,物理类,2025,本科批,607,5325,
东北大学,内蒙古,物理类,2025,本科批,607,5325,
苏州大学,内蒙古,物理类,2025,本科批,606,5471,
深圳大学,内蒙古,物理类,2025,本科批,606,5325,
北京交通大学,内蒙古,物理类,2025,本科批,605,5599,
中国社会科学院大学,内蒙古,物理类,2025,本科批,605,5599,
广西大学,内蒙古,物理类,2025,本科提前批B段,605,5599,
外交学院,内蒙古,物理类,2025,本科提前批B段,605,5599,
中国政法大学,内蒙古,物理类,2025,本科提前批C段,605,5599,
东华大学,内蒙古,物理类,2025,本科批,604,5740,
大连理工大学,内蒙古,物理类,2025,本科提前批C段,604,5740,
武汉大学,内蒙古,物理类,2025,本科批,603,5890,
南京师范大学,内蒙古,物理类,2025,本科批,603,5890,
中国海洋大学,内蒙古,物理类,2025,本科提前批B段,603,5890,
中国农业大学,内蒙古,物理类,2025,本科提前批B段,603,5890,
上海财经大学,内蒙古,物理类,2025,本科提前批C段,603,5890,
对外经济贸易大学,内蒙古,物理类,2025,本科批,602,6026,
中国农业大学,内蒙古,物理类,2025,本科提前批C段,602,6026,
中国海洋大学,内蒙古,物理类,2025,本科批,601,6184,
西南财经大学,内蒙古,物理类,2025,本科批,601,6184,
北京化工大学,内蒙古,物理类,2025,本科提前批B段,601,6184,
华东师范大学,内蒙古,物理类,2025,本科提前批C段,601,6184,
兰州大学,内蒙古,物理类,2025,本科批,600,6349,
北京协和医学院,内蒙古,物理类,2025,本科批,600,6349,
深圳技术大学,内蒙古,物理类,2025,本科批,600,6349,
山东大学,内蒙古,物理类,2025,本科提前批B段,600,6349,
空军军医大学,内蒙古,物理类,2025,本科提前批B段,600,6349,
河海大学,内蒙古,物理类,2025,本科批,599,6532,
中南财经政法大学,内蒙古,物理类,2025,本科批,599,6532,
天津大学,内蒙古,物理类,2025,本科提前批B段,599,6532,
陕西师范大学,内蒙古,物理类,2025,本科提前批B段,599,6532,
中国海洋大学,内蒙古,物理类,2025,本科提前批C段,599,6532,
华南师范大学,内蒙古,物理类,2025,本科批,598,6667,
西北大学,内蒙古,物理类,2025,本科批,598,6667,
北京交通大学,内蒙古,物理类,2025,本科提前批B段,598,6667,
东北大学,内蒙古,物理类,2025,本科提前批B段,597,6818,
中南大学,内蒙古,物理类,2025,本科提前批B段,597,6818,
海军军医大学,内蒙古,物理类,2025,本科提前批B段,597,6818,
中国传媒大学,内蒙古,物理类,2025,本科批,596,7014,
厦门大学,内蒙古,物理类,2025,本科提前批B段,596,7014,
南京理工大学,内蒙古,物理类,2025,本科提前批C段,596,7014,
吉林大学,内蒙古,物理类,2025,本科提前批C段,596,7014,
沈阳药科大学,内蒙古,物理类,2025,本科提前批C段,596,7014,
陕西师范大学,内蒙古,物理类,2025,本科批,595,7178,
中国农业大学,内蒙古,物理类,2025,本科批,595,7178,
吉林大学,内蒙古,物理类,2025,本科提前批B段,595,7178,
北京化工大学,内蒙古,物理类,2025,本科提前批C段,595,7178,
北京外国语大学,内蒙古,物理类,2025,本科提前批C段,595,7178,
山东大学威海分校,内蒙古,物理类,2025,本科提前批C段,595,7178,
武汉理工大学,内蒙古,物理类,2025,本科批,594,7337,
北京语言大学,内蒙古,物理类,2025,本科提前批C段,594,7337,
兰州大学,内蒙古,物理类,2025,本科提前批C段,594,7337,
武汉科技大学,内蒙古,物理类,2025,本科批,593,7499,
华北电力大学,内蒙古,物理类,2025,本科批,592,7667,
中国石油大学(北京),内蒙古,物理类,2025,本科批,592,7667,
中国医科大学,内蒙古,物理类,2025,本科提前批C段,592,7667,
安徽大学,内蒙古,物理类,2025,本科批,591,7838,
华南理工大学,内蒙古,物理类,2025,本科提前批C段,591,7838,
东北大学,内蒙古,物理类,2025,本科提前批C段,591,7838,
华中师范大学,内蒙古,物理类,2025,本科提前批C段,591,7838,
苏州大学,内蒙古,物理类,2025,本科提前批C段,591,7838,
中国矿业大学,内蒙古,物理类,2025,本科提前批C段,591,7838,
东北大学秦皇岛分校,内蒙古,物理类,2025,本科批,590,8013,
吉林大学,内蒙古,物理类,2025,本科批,590,8013,
中南大学,内蒙古,物理类,2025,本科批,590,8013,
上海理工大学,内蒙古,物理类,2025,本科批,590,8013,
空军工程大学,内蒙古,物理类,2025,本科提前批B段,590,8013,
中国政法大学,内蒙古,物理类,2025,本科提前批B段,590,8013,
空军预警学院,内蒙古,物理类,2025,本科提前批B段,590,7667,
西南石油大学,内蒙古,物理类,2025,本科批,589,8198,
华东理工大学,内蒙古,物理类,2025,本科提前批B段,589,8198,
云南大学,内蒙古,物理类,2025,本科提前批B段,589,8198,
大连海事大学,内蒙古,物理类,2025,本科批,588,8379,
北京体育大学,内蒙古,物理类,2025,本科批,588,8379,
联勤保障部队工程大学,内蒙古,物理类,2025,本科提前批B段,588,8379,
东北师范大学,内蒙古,物理类,2025,本科提前批C段,588,8379,
中国石油大学(华东),内蒙古,物理类,2025,本科提前批B段,587,8532,
火箭军工程大学,内蒙古,物理类,2025,本科提前批B段,587,8532,
长春理工大学,内蒙古,物理类,2025,本科提前批C段,587,8532,
西南交通大学,内蒙古,物理类,2025,本科批,586,8714,
西安理工大学,内蒙古,物理类,2025,本科批,586,8714,
南京理工大学,内蒙古,物理类,2025,本科提前批B段,586,8714,
南京师范大学,内蒙古,物理类,2025,本科提前批B段,586,8714,
对外经济贸易大学,内蒙古,物理类,2025,本科提前批B段,586,8532,
中国药科大学,内蒙古,物理类,2025,本科提前批B段,585,8884,
南京审计大学,内蒙古,物理类,2025,本科批,584,9043,
上海大学,内蒙古,物理类,2025,本科批,583,9219,
武汉工程大学,内蒙古,物理类,2025,本科批,583,9219,
福州大学,内蒙古,物理类,2025,本科提前批B段,583,9219,
西北大学,内蒙古,物理类,2025,本科提前批B段,583,9219,
陆军工程大学,内蒙古,物理类,2025,本科提前批B段,583,9219,
江南大学,内蒙古,物理类,2025,本科提前批C段,583,9219,
北京中医药大学,内蒙古,物理类,2025,本科提前批C段,583,9219,
中国民航大学,内蒙古,物理类,2025,本科批,582,9043,
南昌大学,内蒙古,物理类,2025,本科批,582,9394,
华东理工大学,内蒙古,物理类,2025,本科提前批C段,582,9394,
复旦大学医学院,内蒙古,物理类,2025,本科提前批C段,582,9394,
西南政法大学,内蒙古,物理类,2025,本科批,581,9574,
首都经济贸易大学,内蒙古,物理类,2025,本科批,581,9574,
首都师范大学,内蒙古,物理类,2025,本科批,581,9574,
成都中医药大学,内蒙古,物理类,2025,本科批,581,9574,
四川大学,内蒙古,物理类,2025,本科提前批C段,581,9574,
中南大学,内蒙古,物理类,2025,本科提前批C段,581,9574,
上海海事大学,内蒙古,物理类,2025,本科批,580,9784,
苏州大学,内蒙古,物理类,2025,本科提前批B段,580,9784,
西北农林科技大学,内蒙古,物理类,2025,本科提前批B段,580,9784,
天津科技大学,内蒙古,物理类,2025,本科提前批C段,580,9784,
北京林业大学,内蒙古,物理类,2025,本科提前批C段,580,9784,
上海交通大学医学院,内蒙古,物理类,2025,本科批,579,9972,
中国地质大学(北京),内蒙古,物理类,2025,本科批,578,10183,
中国石油大学(华东),内蒙古,物理类,2025,本科批,578,10183,
中央财经大学,内蒙古,物理类,2025,本科提前批B段,578,10183,
东北师范大学,内蒙古,物理类,2025,本科提前批B段,578,10183,
北京科技大学,内蒙古,物理类,2025,本科提前批C段,578,10183,
大连交通大学,内蒙古,物理类,2025,本科提前批C段,578,10183,
东华大学,内蒙古,物理类,2025,本科提前批C段,578,10183,
西北政法大学,内蒙古,物理类,2025,本科批,577,10380,
北京化工大学,内蒙古,物理类,2025,本科批,577,10380,
暨南大学,内蒙古,物理类,2025,本科批,577,10380,
中国矿业大学,内蒙古,物理类,2025,本科批,577,10380,
东华大学,内蒙古,物理类,2025,本科提前批B段,577,10380,
华中师范大学,内蒙古,物理类,2025,本科批,576,10580,
西北农林科技大学,内蒙古,物理类,2025,本科批,576,10580,
北京科技大学,内蒙古,物理类,2025,本科提前批B段,576,10580,
华中农业大学,内蒙古,物理类,2025,本科提前批B段,576,10580,
陆军兵种大学,内蒙古,物理类,2025,本科提前批B段,576,10580,
湘潭大学,内蒙古,物理类,2025,本科批,575,10801,
西南大学,内蒙古,物理类,2025,本科批,575,10801,
华中师范大学,内蒙古,物理类,2025,本科提前批B段,575,10801,
武警工程大学,内蒙古,物理类,2025,本科提前批B段,575,10801,
中南财经政法大学,内蒙古,物理类,2025,本科提前批C段,575,10801,
中国地质大学(武汉),内蒙古,物理类,2025,本科批,574,10991,
中国药科大学,内蒙古,物理类,2025,本科批,574,10991,
北京工业大学,内蒙古,物理类,2025,本科批,574,10991,
杭州电子科技大学,内蒙古,物理类,2025,本科批,573,11189,
中国人民公安大学,内蒙古,物理类,2025,本科提前批B段,573,11189,
中国矿业大学,内蒙古,物理类,2025,本科提前批B段,573,11189,
中国计量大学,内蒙古,物理类,2025,本科批,572,11394,
广州大学,内蒙古,物理类,2025,本科批,572,11394,
西南大学,内蒙古,物理类,2025,本科提前批B段,572,11394,
山东师范大学,内蒙古,物理类,2025,本科批,571,11607,
南方医科大学,内蒙古,物理类,2025,本科批,571,11607,
中国刑事警察学院,内蒙古,物理类,2025,本科提前批B段,571,11607,
燕山大学,内蒙古,物理类,2025,本科批,570,11823,
成都信息工程大学,内蒙古,物理类,2025,本科批,570,11823,
广东工业大学,内蒙古,物理类,2025,本科批,570,11823,
河南财经政法大学,内蒙古,物理类,2025,本科批,570,11823,
江南大学,内蒙古,物理类,2025,本科提前批B段,570,11823,
上海外国语大学,内蒙古,物理类,2025,本科提前批C段,570,11823,
湖南大学,内蒙古,物理类,2025,本科提前批C段,570,11823,
太原理工大学,内蒙古,物理类,2025,本科批,569,12033,
湖北工业大学,内蒙古,物理类,2025,本科批,569,12033,
南京农业大学,内蒙古,物理类,2025,本科批,569,12033,
苏州科技大学,内蒙古,物理类,2025,本科批,569,12033,
中国地质大学(武汉),内蒙古,物理类,2025,本科提前批B段,569,12033,
武警警官学院,内蒙古,物理类,2025,本科提前批B段,569,12033,
天津医科大学,内蒙古,物理类,2025,本科批,568,12270,
中国民用航空飞行学院,内蒙古,物理类,2025,本科提前批B段,568,12270,
中国地质大学(北京),内蒙古,物理类,2025,本科提前批C段,568,12270,
对外经济贸易大学,内蒙古,物理类,2025,本科提前批C段,568,12270,
南京信息工程大学,内蒙古,物理类,2025,本科批,567,12501,
郑州大学,内蒙古,物理类,2025,本科批,567,12501,
广西大学,内蒙古,物理类,2025,本科批,567,12501,
中国地质大学(北京),内蒙古,物理类,2025,本科提前批B段,567,12501,
武汉理工大学,内蒙古,物理类,2025,本科提前批B段,567,12501,
南京农业大学,内蒙古,物理类,2025,本科提前批B段,567,12501,
陆军步兵学院,内蒙古,物理类,2025,本科提前批B段,567,12501,
沈阳建筑大学,内蒙古,物理类,2025,本科提前批C段,567,12501,
中国地质大学(武汉),内蒙古,物理类,2025,本科提前批C段,567,12501,
南京邮电大学,内蒙古,物理类,2025,本科提前批C段,567,12501,
北京联合大学,内蒙古,物理类,2025,本科批,566,12501,
福州大学,内蒙古,物理类,2025,本科批,566,12722,
南昌航空大学,内蒙古,物理类,2025,本科批,566,12722,
北京林业大学,内蒙古,物理类,2025,本科提前批B段,566,12722,
沈阳工业大学,内蒙古,物理类,2025,本科提前批C段,566,12722,
浙江工业大学,内蒙古,物理类,2025,本科批,565,12932,
康复大学,内蒙古,物理类,2025,本科批,564,13154,
长安大学,内蒙古,物理类,2025,本科批,564,13154,
江西师范大学,内蒙古,物理类,2025,本科批,564,13154,
西南政法大学,内蒙古,物理类,2025,本科提前批B段,564,13154,
华北电力大学,内蒙古,物理类,2025,本科提前批C段,564,13154,
华中农业大学,内蒙古,物理类,2025,本科批,563,13388,
湖南师范大学,内蒙古,物理类,2025,本科批,563,13388,
西北农林科技大学,内蒙古,物理类,2025,本科提前批C段,563,13388,
江苏大学,内蒙古,物理类,2025,本科批,562,13604,
无锡学院,内蒙古,物理类,2025,本科批,562,13604,
南京师范大学,内蒙古,物理类,2025,本科提前批C段,562,13604,
西南财经大学,内蒙古,物理类,2025,本科提前批C段,562,13604,
中国民航大学,内蒙古,物理类,2025,本科提前批C段,562,13604,
重庆大学,内蒙古,物理类,2025,本科批,561,13809,
中国消防救援学院,内蒙古,物理类,2025,本科提前批B段,561,13809,
中国药科大学,内蒙古,物理类,2025,本科提前批C段,561,13809,
哈尔滨理工大学,内蒙古,物理类,2025,本科提前批C段,561,13809,
上海外国语大学,内蒙古,物理类,2025,本科批,560,14036,
中国石油大学(北京)克拉玛依校区,内蒙古,物理类,2025,本科批,560,13388,
长安大学,内蒙古,物理类,2025,本科提前批B段,560,14036,
西南财经大学,内蒙古,物理类,2025,本科提前批B段,560,14036,
东北林业大学,内蒙古,物理类,2025,本科提前批B段,560,14036,
中国石油大学(华东),内蒙古,物理类,2025,本科提前批C段,560,14036,
大连大学,内蒙古,物理类,2025,本科提前批C段,560,14036,
重庆师范大学,内蒙古,物理类,2025,本科批,559,14268,
南京财经大学,内蒙古,物理类,2025,本科批,559,14268,
西交利物浦大学,内蒙古,物理类,2025,本科批,559,13809,
重庆大学,内蒙古,物理类,2025,本科提前批C段,559,14268,
辽宁大学,内蒙古,物理类,2025,本科提前批C段,559,14268,
合肥工业大学,内蒙古,物理类,2025,本科批,558,14494,
西安工业大学,内蒙古,物理类,2025,本科批,558,14494,
江汉大学,内蒙古,物理类,2025,本科批,557,14710,
宁夏大学,内蒙古,物理类,2025,本科批,557,14710,
大连海事大学,内蒙古,物理类,2025,本科提前批B段,557,14710,
中国石油大学(北京),内蒙古,物理类,2025,本科提前批C段,557,14710,
西安邮电大学,内蒙古,物理类,2025,本科批,556,14956,
上海海洋大学,内蒙古,物理类,2025,本科批,556,14956,
北京交通大学,内蒙古,物理类,2025,本科提前批C段,555,15173,
陕西师范大学,内蒙古,物理类,2025,本科提前批C段,555,15173,
延边大学,内蒙古,物理类,2025,本科提前批C段,555,15173,
沈阳药科大学,内蒙古,物理类,2025,本科批,554,15393,
贵州大学,内蒙古,物理类,2025,本科提前批B段,554,15393,
浙江科技大学,内蒙古,物理类,2025,本科批,553,15607,
中国石油大学(北京)克拉玛依校区,内蒙古,物理类,2025,本科提前批B段,553,15607,
沈阳理工大学,内蒙古,物理类,2025,本科提前批C段,553,15607,
南京农业大学,内蒙古,物理类,2025,本科提前批C段,553,15607,
北京第二外国语学院,内蒙古,物理类,2025,本科批,552,15858,
海南大学,内蒙古,物理类,2025,本科批,552,15858,
北京语言大学,内蒙古,物理类,2025,本科提前批B段,552,15858,
宁波大学,内蒙古,物理类,2025,本科提前批B段,552,15173,
合肥工业大学,内蒙古,物理类,2025,本科提前批B段,552,15858,
浙江理工大学,内蒙古,物理类,2025,本科批,551,16099,
青岛大学,内蒙古,物理类,2025,本科批,551,16099,
北京林业大学,内蒙古,物理类,2025,本科批,550,16327,
北京信息科技大学,内蒙古,物理类,2025,本科批,550,16327,
江苏大学,内蒙古,物理类,2025,本科提前批C段,550,15858,
暨南大学,内蒙古,物理类,2025,本科提前批C段,550,16327,
西南大学,内蒙古,物理类,2025,本科提前批C段,550,16327,
合肥工业大学,内蒙古,物理类,2025,本科提前批C段,550,16327,
东北财经大学,内蒙古,物理类,2025,本科批,549,16605,
上海政法学院,内蒙古,物理类,2025,本科批,549,16605,
西南交通大学,内蒙古,物理类,2025,本科提前批C段,549,16605,
天津财经大学,内蒙古,物理类,2025,本科批,548,16847,
宁波大学,内蒙古,物理类,2025,本科批,548,16847,
中国石油大学(北京)克拉玛依校区,内蒙古,物理类,2025,本科提前批C段,547,17092,
江南大学,内蒙古,物理类,2025,本科批,546,17327,
云南大学,内蒙古,物理类,2025,本科批,546,17327,
川北医学院,内蒙古,物理类,2025,本科批,546,17327,
大连海事大学,内蒙古,物理类,2025,本科提前批C段,546,17327,
北京工业大学,内蒙古,物理类,2025,本科提前批C段,546,17327,
华中农业大学,内蒙古,物理类,2025,本科提前批C段,546,17327,
扬州大学,内蒙古,物理类,2025,本科批,545,17590,
南京财经大学,内蒙古,物理类,2025,本科提前批C段,545,17590,
南京林业大学,内蒙古,物理类,2025,本科提前批C段,545,17092,
天津工业大学,内蒙古,物理类,2025,本科批,544,17824,
重庆工商大学,内蒙古,物理类,2025,本科批,544,17824,
北京工业大学,内蒙古,物理类,2025,本科提前批B段,543,18077,
赤峰学院,内蒙古,物理类,2025,本科提前批B段,543,18077,
上海立信会计金融学院,内蒙古,物理类,2025,本科批,542,18326,
桂林电子科技大学,内蒙古,物理类,2025,本科批,542,18326,
天津理工大学,内蒙古,物理类,2025,本科提前批B段,541,18582,
新疆警察学院,内蒙古,物理类,2025,本科提前批B段,541,18582,
河海大学,内蒙古,物理类,2025,本科提前批C段,541,18582,
成都理工大学,内蒙古,物理类,2025,本科批,540,18825,
宁波诺丁汉大学,内蒙古,物理类,2025,本科批,540,18825,
福建医科大学,内蒙古,物理类,2025,本科批,540,18326,
南京工程学院,内蒙古,物理类,2025,本科批,539,19077,
南京工业大学,内蒙古,物理类,2025,本科批,539,19077,
北京中医药大学,内蒙古,物理类,2025,本科批,539,19077,
西安石油大学,内蒙古,物理类,2025,本科批,539,19077,
浙江财经大学,内蒙古,物理类,2025,本科批,539,19077,
南京工业大学,内蒙古,物理类,2025,本科提前批C段,539,19077,
北方工业大学,内蒙古,物理类,2025,本科提前批C段,539,19077,
常州大学,内蒙古,物理类,2025,本科批,538,19305,
华东交通大学,内蒙古,物理类,2025,本科批,538,19305,
江苏科技大学,内蒙古,物理类,2025,本科批,538,19305,
东北石油大学,内蒙古,物理类,2025,本科批,538,19305,
天津师范大学,内蒙古,物理类,2025,本科批,538,19305,
四川农业大学,内蒙古,物理类,2025,本科批,538,19305,
南京林业大学,内蒙古,物理类,2025,本科批,538,19305,
南京信息工程大学,内蒙古,物理类,2025,本科提前批C段,538,19305,
湖北医药学院,内蒙古,物理类,2025,本科批,537,19553,
新疆大学,内蒙古,物理类,2025,本科批,537,19553,
陆军工程大学,内蒙古,物理类,2025,本科批,537,18825,
内蒙古医科大学,内蒙古,物理类,2025,本科提前批B段,537,19553,
石家庄铁道大学,内蒙古,物理类,2025,本科批,536,19815,
上海海关学院,内蒙古,物理类,2025,本科批,536,19815,
广东财经大学,内蒙古,物理类,2025,本科批,536,19815,
重庆医科大学,内蒙古,物理类,2025,本科批,536,19815,
武汉纺织大学,内蒙古,物理类,2025,本科批,536,19553,
中央司法警官学院,内蒙古,物理类,2025,本科提前批B段,536,19815,
内蒙古科技大学包头医学院,内蒙古,物理类,2025,本科提前批B段,536,19815,
武汉理工大学,内蒙古,物理类,2025,本科提前批C段,536,19815,
东北林业大学,内蒙古,物理类,2025,本科提前批C段,536,19815,
青岛科技大学,内蒙古,物理类,2025,本科批,535,20057,
浙江农林大学,内蒙古,物理类,2025,本科批,535,20057,
长沙理工大学,内蒙古,物理类,2025,本科批,533,20532,
浙江师范大学,内蒙古,物理类,2025,本科批,533,20532,
中国人民警察大学,内蒙古,物理类,2025,本科提前批B段,533,20532,
内蒙古师范大学,内蒙古,物理类,2025,本科提前批B段,533,20532,
长春理工大学,内蒙古,物理类,2025,本科批,532,20815,
广州中医药大学,内蒙古,物理类,2025,本科批,532,20815,
上海戏剧学院,内蒙古,物理类,2025,本科批,531,21084,
贵州大学,内蒙古,物理类,2025,本科批,531,21084,
集美大学,内蒙古,物理类,2025,本科批,531,21084,
南昌医学院,内蒙古,物理类,2025,本科批,531,21084,
中国民用航空飞行学院,内蒙古,物理类,2025,本科批,530,21342,
北京印刷学院,内蒙古,物理类,2025,本科批,530,21342,
北京工商大学,内蒙古,物理类,2025,本科批,530,21342,
天津外国语大学,内蒙古,物理类,2025,本科批,530,21342,
北师香港浸会大学,内蒙古,物理类,2025,本科批,530,21342,
天津科技大学,内蒙古,物理类,2025,本科批,529,21608,
江西财经大学,内蒙古,物理类,2025,本科批,529,21608,
山西大学,内蒙古,物理类,2025,本科批,529,21608,
延边大学,内蒙古,物理类,2025,本科批,529,21608,
云南财经大学,内蒙古,物理类,2025,本科批,529,21342,
福建师范大学,内蒙古,物理类,2025,本科批,529,21608,
西安建筑科技大学,内蒙古,物理类,2025,本科批,528,21892,
陕西科技大学,内蒙古,物理类,2025,本科批,528,21892,
东北师范大学,内蒙古,物理类,2025,本科批,528,21892,
北京农学院,内蒙古,物理类,2025,本科批,528,21892,
山东财经大学,内蒙古,物理类,2025,本科批,528,21892,
成都大学,内蒙古,物理类,2025,本科批,528,21892,
北京中医药大学,内蒙古,物理类,2025,本科提前批B段,528,21892,
南京警察学院,内蒙古,物理类,2025,本科提前批B段,528,21892,
沈阳工程学院,内蒙古,物理类,2025,本科批,527,22165,
武汉轻工大学,内蒙古,物理类,2025,本科批,527,22165,
中国劳动关系学院,内蒙古,物理类,2025,本科批,527,21084,
山东科技大学,内蒙古,物理类,2025,本科批,527,22165,
山东第一医科大学,内蒙古,物理类,2025,本科批,527,22165,
大连海洋大学,内蒙古,物理类,2025,本科提前批B段,527,21892,
中央民族大学,内蒙古,物理类,2025,本科批,526,22442,
安徽财经大学,内蒙古,物理类,2025,本科批,526,22442,
甘肃政法大学,内蒙古,物理类,2025,本科批,526,22442,
西安财经大学,内蒙古,物理类,2025,本科批,525,21608,
三峡大学,内蒙古,物理类,2025,本科批,525,22719,
安徽理工大学,内蒙古,物理类,2025,本科批,525,22719,
天津理工大学,内蒙古,物理类,2025,本科批,525,22719,
哈尔滨医科大学,内蒙古,物理类,2025,本科批,525,22719,
内蒙古工业大学,内蒙古,物理类,2025,本科提前批C段,525,22719,
大连医科大学,内蒙古,物理类,2025,本科批,524,23005,
沈阳化工大学,内蒙古,物理类,2025,本科批,524,23005,
重庆理工大学,内蒙古,物理类,2025,本科批,524,22442,
中国人民警察大学,内蒙古,物理类,2025,本科批,523,23287,
浙江传媒学院,内蒙古,物理类,2025,本科批,523,23287,
广州医科大学,内蒙古,物理类,2025,本科批,523,23287,
南京工业职业技术大学,内蒙古,物理类,2025,本科批,523,23287,
山东中医药大学,内蒙古,物理类,2025,本科批,523,23287,
西安工程大学,内蒙古,物理类,2025,本科批,523,23287,
长安大学,内蒙古,物理类,2025,本科提前批C段,523,23287,
北京建筑大学,内蒙古,物理类,2025,本科批,522,23579,
沈阳音乐学院,内蒙古,物理类,2025,本科批,522,23579,
西安外国语大学,内蒙古,物理类,2025,本科批,522,23579,
沈阳航空航天大学,内蒙古,物理类,2025,本科批,521,23867,
大连交通大学,内蒙古,物理类,2025,本科批,521,23867,
北京物资学院,内蒙古,物理类,2025,本科批,521,23867,
长江大学,内蒙古,物理类,2025,本科批,521,23867,
辽宁大学,内蒙古,物理类,2025,本科批,521,23867,
西南交通大学,内蒙古,物理类,2025,本科提前批B段,521,23867,
辽宁科技大学,内蒙古,物理类,2025,本科提前批C段,521,23867,
浙江师范大学,内蒙古,物理类,2025,本科提前批C段,521,23867,
温州大学,内蒙古,物理类,2025,本科批,520,24142,
河南大学,内蒙古,物理类,2025,本科批,519,24426,
安徽医科大学,内蒙古,物理类,2025,本科批,519,24426,
山东政法学院,内蒙古,物理类,2025,本科批,519,23287,
湖州学院,内蒙古,物理类,2025,本科批,519,24426,
天津职业技术师范大学,内蒙古,物理类,2025,本科提前批C段,519,24426,
青岛理工大学,内蒙古,物理类,2025,本科批,518,24701,
江西中医药大学,内蒙古,物理类,2025,本科批,518,24701,
广州航海学院,内蒙古,物理类,2025,本科提前批B段,518,24701,
上海应用技术大学,内蒙古,物理类,2025,本科批,517,24966,
河北医科大学,内蒙古,物理类,2025,本科批,517,24966,
石河子大学,内蒙古,物理类,2025,本科批,517,24966,
哈尔滨理工大学,内蒙古,物理类,2025,本科批,517,24966,
中南财经政法大学,内蒙古,物理类,2025,本科提前批B段,517,24966,
济南大学,内蒙古,物理类,2025,本科批,516,25236,
天津中医药大学,内蒙古,物理类,2025,本科批,516,25236,
安徽农业大学,内蒙古,物理类,2025,本科批,516,25236,
四川外国语大学,内蒙古,物理类,2025,本科批,516,25236,
东莞理工学院,内蒙古,物理类,2025,本科批,516,25236,
沈阳农业大学,内蒙古,物理类,2025,本科提前批C段,516,25236,
中南民族大学,内蒙古,物理类,2025,本科批,515,25519,
东北农业大学,内蒙古,物理类,2025,本科批,515,25519,
辽宁中医药大学,内蒙古,物理类,2025,本科批,515,25519,
山东交通学院,内蒙古,物理类,2025,本科提前批B段,515,25519,
北京石油化工学院,内蒙古,物理类,2025,本科批,514,25793,
西安科技大学,内蒙古,物理类,2025,本科批,514,25793,
黑龙江大学,内蒙古,物理类,2025,本科批,514,25793,
郑州警察学院,内蒙古,物理类,2025,本科提前批B段,514,25793,
大连民族大学,内蒙古,物理类,2025,本科提前批C段,514,25793,
云南中医药大学,内蒙古,物理类,2025,本科批,513,26090,
西南医科大学,内蒙古,物理类,2025,本科批,513,26090,
贵州中医药大学,内蒙古,物理类,2025,本科批,513,26090,
中南民族大学,内蒙古,物理类,2025,本科提前批C段,513,26090,
西华大学,内蒙古,物理类,2025,本科批,512,26380,
四川外国语大学,内蒙古,物理类,2025,本科提前批B段,512,26380,
大连医科大学,内蒙古,物理类,2025,本科提前批C段,512,26380,
华北科技学院,内蒙古,物理类,2025,本科提前批C段,512,26380,
天津中医药大学,内蒙古,物理类,2025,本科提前批C段,512,26380,
德州学院,内蒙古,物理类,2025,本科批,511,26673,
江苏师范大学,内蒙古,物理类,2025,本科批,511,26673,
江西警察学院,内蒙古,物理类,2025,本科提前批B段,511,26673,
上海海关学院,内蒙古,物理类,2025,本科提前批C段,511,26673,
西南民族大学,内蒙古,物理类,2025,本科提前批C段,511,26673,
中北大学,内蒙古,物理类,2025,本科批,510,26955,
广东金融学院,内蒙古,物理类,2025,本科批,510,26955,
安徽师范大学,内蒙古,物理类,2025,本科批,510,26955,
河北工业大学,内蒙古,物理类,2025,本科批,510,26955,
山东理工大学,内蒙古,物理类,2025,本科批,509,27236,
重庆交通大学,内蒙古,物理类,2025,本科批,509,27236,
成都体育学院,内蒙古,物理类,2025,本科批,508,27496,
天津商业大学,内蒙古,物理类,2025,本科批,508,27496,
齐鲁工业大学,内蒙古,物理类,2025,本科批,508,27496,
河北中医药大学,内蒙古,物理类,2025,本科批,508,27496,
北方工业大学,内蒙古,物理类,2025,本科批,507,27790,
桂林医科大学,内蒙古,物理类,2025,本科批,507,27790,
防灾科技学院,内蒙古,物理类,2025,本科提前批C段,507,27790,
江苏海洋大学,内蒙古,物理类,2025,本科批,506,28078,
江苏理工学院,内蒙古,物理类,2025,本科批,506,28078,
上海健康医学院,内蒙古,物理类,2025,本科批,504,28645,
沈阳农业大学,内蒙古,物理类,2025,本科批,504,28645,
华南农业大学,内蒙古,物理类,2025,本科批,504,28645,
湖北经济学院,内蒙古,物理类,2025,本科批,504,28645,
中国人民警察大学,内蒙古,物理类,2025,本科提前批C段,504,28645,
宁夏医科大学,内蒙古,物理类,2025,本科批,503,28901,
湖北汽车工业学院,内蒙古,物理类,2025,本科批,503,28645,
上海第二工业大学,内蒙古,物理类,2025,本科批,503,28901,
上海商学院,内蒙古,物理类,2025,本科批,503,28901,
成都医学院,内蒙古,物理类,2025,本科批,503,28078,
湖南科技大学,内蒙古,物理类,2025,本科批,503,28901,
辽宁工程技术大学,内蒙古,物理类,2025,本科批,502,29211,
浙江海洋大学,内蒙古,物理类,2025,本科批,502,29211,
宁波大学,内蒙古,物理类,2025,本科提前批C段,502,29211,
中国医科大学,内蒙古,物理类,2025,本科批,501,29488,
昆明理工大学,内蒙古,物理类,2025,本科批,501,29488,
河南师范大学,内蒙古,物理类,2025,本科批,501,29488,
长春中医药大学,内蒙古,物理类,2025,本科提前批C段,501,29211,
吉林警察学院,内蒙古,物理类,2025,本科批,500,29780,
湖北师范大学,内蒙古,物理类,2025,本科批,500,29780,
西北民族大学,内蒙古,物理类,2025,本科提前批C段,500,29780,
江苏科技大学,内蒙古,物理类,2025,本科提前批C段,500,29780,
西南科技大学,内蒙古,物理类,2025,本科批,499,30054,
东北林业大学,内蒙古,物理类,2025,本科批,499,30054,
大连外国语大学,内蒙古,物理类,2025,本科批,498,30334,
厦门理工学院,内蒙古,物理类,2025,本科批,498,30334,
聊城大学,内蒙古,物理类,2025,本科批,498,30334,
山东师范大学,内蒙古,物理类,2025,本科提前批C段,498,30334,
华侨大学,内蒙古,物理类,2025,本科批,497,30626,
西安文理学院,内蒙古,物理类,2025,本科批,497,30626,
内蒙古警察学院,内蒙古,物理类,2025,本科批,497,30626,
重庆科技大学,内蒙古,物理类,2025,本科批,497,30626,
浙江海洋大学,内蒙古,物理类,2025,本科提前批C段,497,30626,
昆明医科大学,内蒙古,物理类,2025,本科批,496,30906,
广西医科大学,内蒙古,物理类,2025,本科批,496,30906,
湖北中医药大学,内蒙古,物理类,2025,本科批,496,30906,
内蒙古工业大学,内蒙古,物理类,2025,本科提前批B段,496,30906,
中国劳动关系学院,内蒙古,物理类,2025,本科提前批C段,496,30906,
上海海洋大学,内蒙古,物理类,2025,本科提前批C段,496,30906,
河北师范大学,内蒙古,物理类,2025,本科批,495,31221,
安徽工业大学,内蒙古,物理类,2025,本科批,495,31221,
陕西中医药大学,内蒙古,物理类,2025,本科批,495,31221,
五邑大学,内蒙古,物理类,2025,本科批,495,31221,
太原科技大学,内蒙古,物理类,2025,本科批,494,31526,
南通大学,内蒙古,物理类,2025,本科批,494,31221,
咸阳师范学院,内蒙古,物理类,2025,本科批,494,31526,
河南中医药大学,内蒙古,物理类,2025,本科批,494,31526,
沈阳大学,内蒙古,物理类,2025,本科批,494,31526,
嘉兴大学,内蒙古,物理类,2025,本科批,494,31526,
成都工业学院,内蒙古,物理类,2025,本科批,493,31838,
海南医科大学,内蒙古,物理类,2025,本科批,493,31838,
滨州医学院,内蒙古,物理类,2025,本科批,493,31838,
内蒙古警察学院,内蒙古,物理类,2025,本科提前批B段,493,31838,
江西水利电力大学,内蒙古,物理类,2025,本科批,492,32133,
郑州航空工业管理学院,内蒙古,物理类,2025,本科批,492,32133,
上海工程技术大学,内蒙古,物理类,2025,本科批,491,32445,
泰山学院,内蒙古,物理类,2025,本科批,491,32445,
贵州医科大学,内蒙古,物理类,2025,本科批,490,32753,
广西师范大学,内蒙古,物理类,2025,本科批,490,32753,
郑州轻工业大学,内蒙古,物理类,2025,本科批,489,33044,
唐山学院,内蒙古,物理类,2025,本科批,489,32445,
河北大学,内蒙古,物理类,2025,本科批,489,33044,
湖北民族大学,内蒙古,物理类,2025,本科批,489,33044,
郑州师范学院,内蒙古,物理类,2025,本科批,489,33044,
大连民族大学,内蒙古,物理类,2025,本科批,488,33332,
天津中德应用技术大学,内蒙古,物理类,2025,本科批,488,33332,
华北理工大学,内蒙古,物理类,2025,本科批,488,33332,
山东石油化工学院,内蒙古,物理类,2025,本科批,488,33332,
云南警官学院,内蒙古,物理类,2025,本科提前批B段,488,33332,
四川轻化工大学,内蒙古,物理类,2025,本科批,487,33612,
福建农林大学,内蒙古,物理类,2025,本科批,487,33612,
宁波工程学院,内蒙古,物理类,2025,本科批,487,33612,
西北政法大学,内蒙古,物理类,2025,本科提前批B段,487,33612,
内蒙古农业大学,内蒙古,物理类,2025,本科提前批C段,487,33612,
大连工业大学,内蒙古,物理类,2025,本科批,486,33918,
承德医学院,内蒙古,物理类,2025,本科批,486,33918,
河北经贸大学,内蒙古,物理类,2025,本科批,486,33918,
辽宁工程技术大学,内蒙古,物理类,2025,本科提前批C段,486,33918,
景德镇陶瓷大学,内蒙古,物理类,2025,本科批,485,34211,
安徽建筑大学,内蒙古,物理类,2025,本科批,485,34211,
广东轻工职业技术大学,内蒙古,物理类,2025,本科批,485,34211,
湖北文理学院,内蒙古,物理类,2025,本科批,485,34211,
肇庆医学院,内蒙古,物理类,2025,本科批,485,33918,
西安航空学院,内蒙古,物理类,2025,本科批,485,34211,
上海应用技术大学,内蒙古,物理类,2025,本科提前批C段,485,34211,
吉林财经大学,内蒙古,物理类,2025,本科批,484,34528,
鞍山师范学院,内蒙古,物理类,2025,本科批,484,34528,
湖北科技学院,内蒙古,物理类,2025,本科批,484,34528,
大理大学,内蒙古,物理类,2025,本科批,484,34528,
西南民族大学,内蒙古,物理类,2025,本科批,484,34528,
沧州师范学院,内蒙古,物理类,2025,本科批,484,33044,
山东航空学院,内蒙古,物理类,2025,本科批,484,34528,
曲阜师范大学,内蒙古,物理类,2025,本科批,484,34528,
云南民族大学,内蒙古,物理类,2025,本科批,483,34836,
临沂大学,内蒙古,物理类,2025,本科批,483,34836,
天津体育学院,内蒙古,物理类,2025,本科批,483,34836,
广东海洋大学,内蒙古,物理类,2025,本科批,483,34836,
内江师范学院,内蒙古,物理类,2025,本科批,482,35112,
大连海洋大学,内蒙古,物理类,2025,本科批,482,35112,
江西农业大学,内蒙古,物理类,2025,本科批,482,35112,
东北电力大学,内蒙古,物理类,2025,本科批,481,35426,
辽宁科技大学,内蒙古,物理类,2025,本科批,481,35426,
湖南工商大学,内蒙古,物理类,2025,本科批,481,35426,
湖南工业大学,内蒙古,物理类,2025,本科批,481,35426,
黑龙江大学,内蒙古,物理类,2025,本科提前批B段,481,35426,
山东第二医科大学,内蒙古,物理类,2025,本科批,480,35726,
北京科技职业大学,内蒙古,物理类,2025,本科批,480,35726,
湖南中医药大学,内蒙古,物理类,2025,本科批,480,35726,
甘肃医学院,内蒙古,物理类,2025,本科批,480,35726,
辽宁科技学院,内蒙古,物理类,2025,本科批,479,36015,
上海电机学院,内蒙古,物理类,2025,本科批,479,36015,
河南工业大学,内蒙古,物理类,2025,本科批,479,36015,
内蒙古科技大学包头医学院,内蒙古,物理类,2025,本科提前批C段,479,36015,
湖南工程学院,内蒙古,物理类,2025,本科批,478,36331,
辽宁石油化工大学,内蒙古,物理类,2025,本科批,478,36331,
福建理工大学,内蒙古,物理类,2025,本科批,478,36331,
湖北第二师范学院,内蒙古,物理类,2025,本科批,478,36331,
内蒙古大学,内蒙古,物理类,2025,本科提前批C段,478,36331,
河南科技大学,内蒙古,物理类,2025,本科批,477,36606,
辽宁师范大学,内蒙古,物理类,2025,本科批,477,36606,
湖南理工学院,内蒙古,物理类,2025,本科批,477,35112,
济宁医学院,内蒙古,物理类,2025,本科批,477,36606,
北京体育大学,内蒙古,物理类,2025,本科提前批C段,477,36606,
北方民族大学,内蒙古,物理类,2025,本科提前批C段,477,36606,
天津职业技术师范大学,内蒙古,物理类,2025,本科批,476,36946,
西安医学院,内蒙古,物理类,2025,本科批,476,35112,
河南医药大学,内蒙古,物理类,2025,本科批,476,36946,
山西财经大学,内蒙古,物理类,2025,本科批,476,36946,
四川工程职业技术大学,内蒙古,物理类,2025,本科批,476,36946,
内蒙古科技大学,内蒙古,物理类,2025,本科提前批C段,476,36946,
沈阳建筑大学,内蒙古,物理类,2025,本科批,475,37238,
绍兴文理学院,内蒙古,物理类,2025,本科批,475,37238,
湖南农业大学,内蒙古,物理类,2025,本科批,475,37238,
大连大学,内蒙古,物理类,2025,本科批,475,37238,
河南理工大学,内蒙古,物理类,2025,本科批,475,37238,
长春工业大学,内蒙古,物理类,2025,本科批,474,37522,
锦州医科大学,内蒙古,物理类,2025,本科批,474,37522,
新疆财经大学,内蒙古,物理类,2025,本科批,474,37522,
福建江夏学院,内蒙古,物理类,2025,本科批,474,37522,
山东交通学院,内蒙古,物理类,2025,本科批,473,36015,
重庆文理学院,内蒙古,物理类,2025,本科批,473,37836,
天津城建大学,内蒙古,物理类,2025,本科批,473,37836,
辽宁中医药大学杏林学院,内蒙古,物理类,2025,本科批,473,37522,
湖州师范学院,内蒙古,物理类,2025,本科批,472,38138,
武汉职业技术大学,内蒙古,物理类,2025,本科批,472,38138,
湖北理工学院,内蒙古,物理类,2025,本科批,471,38447,
山西医科大学,内蒙古,物理类,2025,本科批,471,38447,
济宁学院,内蒙古,物理类,2025,本科批,471,38447,
盐城工学院,内蒙古,物理类,2025,本科批,471,38447,
金陵科技学院,内蒙古,物理类,2025,本科批,471,38447,
青岛农业大学,内蒙古,物理类,2025,本科批,471,38447,
河南农业大学,内蒙古,物理类,2025,本科批,470,38737,
洛阳理工学院,内蒙古,物理类,2025,本科批,470,38737,
太原师范学院,内蒙古,物理类,2025,本科批,470,38737,
齐齐哈尔医学院,内蒙古,物理类,2025,本科批,470,38737,
哈尔滨金融学院,内蒙古,物理类,2025,本科批,469,39041,
东华理工大学,内蒙古,物理类,2025,本科批,469,39041,
电子科技大学成都学院,内蒙古,物理类,2025,本科批,469,39041,
郑州工程技术学院,内蒙古,物理类,2025,本科批,469,39041,
浙江水利水电学院,内蒙古,物理类,2025,本科批,469,39041,
湖南医药学院,内蒙古,物理类,2025,本科批,469,39041,
山东农业大学,内蒙古,物理类,2025,本科批,469,39041,
南京特殊教育师范学院,内蒙古,物理类,2025,本科批,469,39041,
内蒙古民族大学,内蒙古,物理类,2025,本科提前批B段,469,39041,
山西中医药大学,内蒙古,物理类,2025,本科批,468,39382,
长治医学院,内蒙古,物理类,2025,本科批,467,39710,
广东医科大学,内蒙古,物理类,2025,本科批,467,39710,
安康学院,内蒙古,物理类,2025,本科批,467,39710,
重庆三峡学院,内蒙古,物理类,2025,本科批,467,39710,
陕西学前师范学院,内蒙古,物理类,2025,本科批,467,38138,
北京语言大学,内蒙古,物理类,2025,本科批,466,40037,
温州医科大学,内蒙古,物理类,2025,本科批,466,40037,
洛阳师范学院,内蒙古,物理类,2025,本科批,466,40037,
淮阴工学院,内蒙古,物理类,2025,本科批,466,39382,
防灾科技学院,内蒙古,物理类,2025,本科批,466,40037,
陕西理工大学,内蒙古,物理类,2025,本科批,465,40336,
河北科技大学,内蒙古,物理类,2025,本科批,465,40336,
南京审计大学金审学院,内蒙古,物理类,2025,本科批,465,40336,
荆楚理工学院,内蒙古,物理类,2025,本科批,464,40648,
台州学院,内蒙古,物理类,2025,本科批,464,40648,
山西工学院,内蒙古,物理类,2025,本科批,464,39710,
甘肃中医药大学,内蒙古,物理类,2025,本科批,464,40648,
闽江学院,内蒙古,物理类,2025,本科批,464,40648,
哈尔滨师范大学,内蒙古,物理类,2025,本科批,463,40959,
兰州文理学院,内蒙古,物理类,2025,本科批,463,39041,
浙江万里学院,内蒙古,物理类,2025,本科批,463,40959,
鄂尔多斯应用技术学院,内蒙古,物理类,2025,本科提前批C段,463,40959,
成都文理学院,内蒙古,物理类,2025,本科批,462,41288,
宁夏师范大学,内蒙古,物理类,2025,本科批,462,41288,
内蒙古科技大学包头师范学院,内蒙古,物理类,2025,本科提前批C段,462,41288,
淮北师范大学,内蒙古,物理类,2025,本科批,461,41608,
延安大学,内蒙古,物理类,2025,本科批,461,41288,
南京航空航天大学金城学院,内蒙古,物理类,2025,本科批,461,41608,
攀枝花学院,内蒙古,物理类,2025,本科批,461,40037,
天津外国语大学,内蒙古,物理类,2025,本科提前批C段,461,41608,
桂林理工大学,内蒙古,物理类,2025,本科批,460,41908,
山西能源学院,内蒙古,物理类,2025,本科批,460,40648,
新疆警察学院,内蒙古,物理类,2025,本科批,460,41908,
武汉体育学院,内蒙古,物理类,2025,本科批,460,41908,
黑龙江科技大学,内蒙古,物理类,2025,本科批,459,42207,
沈阳医学院,内蒙古,物理类,2025,本科批,459,42207,
岭南师范学院,内蒙古,物理类,2025,本科批,459,42207,
河南财政金融学院,内蒙古,物理类,2025,本科批,459,42207,
山东电力高等专科学校,内蒙古,物理类,2025,高职(专科)批,459,42207,
河北地质大学,内蒙古,物理类,2025,本科批,458,42515,
长江师范学院,内蒙古,物理类,2025,本科批,458,42515,
沈阳体育学院,内蒙古,物理类,2025,本科批,458,42515,
兰州财经大学,内蒙古,物理类,2025,本科批,458,42515,
南京邮电大学通达学院,内蒙古,物理类,2025,本科批,458,42515,
黑龙江中医药大学,内蒙古,物理类,2025,本科批,458,42515,
兰州石化职业技术大学,内蒙古,物理类,2025,本科批,458,42515,
山西医药学院,内蒙古,物理类,2025,本科批,458,42515,
湖南科技学院,内蒙古,物理类,2025,本科批,457,42820,
信阳师范大学,内蒙古,物理类,2025,本科批,457,42820,
民政职业大学,内蒙古,物理类,2025,本科批,457,42820,
贵州理工学院,内蒙古,物理类,2025,本科批,457,42820,
桂林航天工业学院,内蒙古,物理类,2025,本科批,456,43178,
怀化学院,内蒙古,物理类,2025,本科批,456,43178,
新疆科技学院,内蒙古,物理类,2025,本科批,456,41288,
长春中医药大学,内蒙古,物理类,2025,本科批,456,43178,
上海工程技术大学,内蒙古,物理类,2025,本科提前批C段,456,43178,
沈阳理工大学,内蒙古,物理类,2025,本科批,455,43491,
佳木斯大学,内蒙古,物理类,2025,本科批,455,43491,
新乡学院,内蒙古,物理类,2025,本科批,455,43491,
成都理工大学工程技术学院,内蒙古,物理类,2025,本科批,455,43491,
安阳师范学院,内蒙古,物理类,2025,本科批,454,41908,
山西大同大学,内蒙古,物理类,2025,本科批,454,43816,
无锡太湖学院,内蒙古,物理类,2025,本科批,454,43816,
枣庄学院,内蒙古,物理类,2025,本科批,453,44142,
湖南女子学院,内蒙古,物理类,2025,本科批,453,44142,
新疆农业大学,内蒙古,物理类,2025,本科批,453,44142,
云南农业大学,内蒙古,物理类,2025,本科批,453,44142,
甘肃民族师范学院,内蒙古,物理类,2025,本科批,453,44142,
湖北工程学院,内蒙古,物理类,2025,本科批,452,44442,
黑龙江工程学院,内蒙古,物理类,2025,本科批,452,44442,
青海大学,内蒙古,物理类,2025,本科批,452,44442,
昆明学院,内蒙古,物理类,2025,本科批,452,44442,
集宁师范学院,内蒙古,物理类,2025,本科提前批C段,452,44442,
河北科技师范学院,内蒙古,物理类,2025,本科批,451,44772,
三明学院,内蒙古,物理类,2025,本科批,451,44772,
山东农业工程学院,内蒙古,物理类,2025,本科批,451,44772,
河北石油职业技术大学,内蒙古,物理类,2025,本科批,451,44772,
黄河水利职业技术大学,内蒙古,物理类,2025,本科批,450,44442,
湖南文理学院,内蒙古,物理类,2025,本科批,450,45095,
南阳师范学院,内蒙古,物理类,2025,本科批,450,45095,
邵阳学院,内蒙古,物理类,2025,本科批,450,43816,
潍坊学院,内蒙古,物理类,2025,本科批,450,43491,
丽水学院,内蒙古,物理类,2025,本科批,450,45095,
四川文理学院,内蒙古,物理类,2025,本科批,450,45095,
湖北恩施学院,内蒙古,物理类,2025,本科批,450,45095,
赣南科技学院,内蒙古,物理类,2025,本科批,449,45369,
南华大学,内蒙古,物理类,2025,本科批,449,45369,
河北医科大学临床学院,内蒙古,物理类,2025,本科批,449,45369,
湖北医药学院药护学院,内蒙古,物理类,2025,本科批,449,45369,
湖南人文科技学院,内蒙古,物理类,2025,本科批,449,45369,
浙江警官职业学院,内蒙古,物理类,2025,高职(专科)提前批,449,45369,
北华航天工业学院,内蒙古,物理类,2025,本科批,448,45695,
广西科技大学,内蒙古,物理类,2025,本科批,448,45695,
内蒙古大学,内蒙古,物理类,2025,本科批,448,45695,
吉林师范大学,内蒙古,物理类,2025,本科批,448,45695,
南宁师范大学,内蒙古,物理类,2025,本科批,448,45695,
河南工程学院,内蒙古,物理类,2025,本科批,448,45695,
湘南学院,内蒙古,物理类,2025,本科批,448,45695,
北京服装学院,内蒙古,物理类,2025,本科批,447,46038,
江西科技师范大学,内蒙古,物理类,2025,本科批,447,46038,
韩山师范学院,内蒙古,物理类,2025,本科批,447,46038,
惠州学院,内蒙古,物理类,2025,本科批,447,46038,
西南林业大学,内蒙古,物理类,2025,本科批,446,46355,
黑龙江八一农垦大学,内蒙古,物理类,2025,本科批,446,46355,
太原工业学院,内蒙古,物理类,2025,本科批,446,46355,
河西学院,内蒙古,物理类,2025,本科批,446,44442,
西安交通大学城市学院,内蒙古,物理类,2025,本科批,446,46355,
北京科技职业大学,内蒙古,物理类,2025,高职(专科)提前批,446,46355,
齐齐哈尔大学,内蒙古,物理类,2025,本科批,445,46700,
山西农业大学,内蒙古,物理类,2025,本科批,445,46038,
牡丹江医科大学,内蒙古,物理类,2025,本科批,445,46700,
甘肃农业大学,内蒙古,物理类,2025,本科批,445,44442,
湖南财政经济学院,内蒙古,物理类,2025,本科批,445,46700,
营口理工学院,内蒙古,物理类,2025,本科批,445,46700,
衢州学院,内蒙古,物理类,2025,本科批,445,46700,
内蒙古财经大学,内蒙古,物理类,2025,本科提前批C段,445,46700,
河套学院,内蒙古,物理类,2025,本科提前批C段,445,46700,
晋中学院,内蒙古,物理类,2025,本科批,444,47043,
安庆师范大学,内蒙古,物理类,2025,本科批,444,47043,
山东女子学院,内蒙古,物理类,2025,本科批,444,47043,
成都东软学院,内蒙古,物理类,2025,本科批,444,47043,
河北工程大学,内蒙古,物理类,2025,本科批,444,47043,
衡阳师范学院,内蒙古,物理类,2025,本科批,444,47043,
中国民用航空飞行学院,内蒙古,物理类,2025,高职(专科)批,444,47043,
贵州民族大学,内蒙古,物理类,2025,本科批,443,47394,
淮南师范学院,内蒙古,物理类,2025,本科批,443,45695,
阜阳师范大学,内蒙古,物理类,2025,本科批,443,46355,
河北民族师范学院,内蒙古,物理类,2025,本科批,443,47394,
渭南师范学院,内蒙古,物理类,2025,本科批,443,47394,
内蒙古师范大学,内蒙古,物理类,2025,本科提前批C段,443,47394,
牡丹江师范学院,内蒙古,物理类,2025,本科批,442,47701,
湖南城市学院,内蒙古,物理类,2025,本科批,442,47701,
衡水学院,内蒙古,物理类,2025,本科批,442,47701,
烟台大学,内蒙古,物理类,2025,本科批,442,47701,
沈阳师范大学,内蒙古,物理类,2025,本科批,442,47701,
青岛理工大学,内蒙古,物理类,2025,本科提前批C段,442,47701,
宜春学院,内蒙古,物理类,2025,本科批,441,48019,
华北科技学院,内蒙古,物理类,2025,本科批,441,48019,
吉林工程技术师范学院,内蒙古,物理类,2025,本科批,441,45695,
保定学院,内蒙古,物理类,2025,本科批,441,48019,
北京中医药大学东方学院,内蒙古,物理类,2025,本科批,441,48019,
安阳工学院,内蒙古,物理类,2025,本科批,441,48019,
襄阳职业技术学院,内蒙古,物理类,2025,高职(专科)批,441,48019,
湖南工学院,内蒙古,物理类,2025,本科批,440,48330,
渤海大学,内蒙古,物理类,2025,本科批,440,48330,
大庆师范学院,内蒙古,物理类,2025,本科批,440,48330,
新疆第二医学院,内蒙古,物理类,2025,本科批,440,48330,
遵义师范学院,内蒙古,物理类,2025,本科批,440,48330,
上海杉达学院,内蒙古,物理类,2025,本科批,439,48647,
安徽科技学院,内蒙古,物理类,2025,本科批,439,48019,
山西晋中理工学院,内蒙古,物理类,2025,本科批,439,47394,
武夷学院,内蒙古,物理类,2025,本科批,439,48647,
燕京理工学院,内蒙古,物理类,2025,本科批,439,48647,
菏泽学院,内蒙古,物理类,2025,本科批,439,48647,
吉首大学,内蒙古,物理类,2025,本科批,438,49009,
郑州科技学院,内蒙古,物理类,2025,本科批,438,49009,
盐城师范学院,内蒙古,物理类,2025,本科批,437,49381,
华北水利水电大学,内蒙古,物理类,2025,本科批,437,49381,
西北民族大学,内蒙古,物理类,2025,本科批,437,49381,
许昌学院,内蒙古,物理类,2025,本科批,437,49381,
兰州资源环境职业技术大学,内蒙古,物理类,2025,本科批,437,49381,
山西传媒学院,内蒙古,物理类,2025,本科批,437,48019,
武汉工程科技学院,内蒙古,物理类,2025,本科批,437,49381,
泉州师范学院,内蒙古,物理类,2025,本科批,437,49381,
鲁东大学,内蒙古,物理类,2025,本科批,437,49381,
朝阳师范学院,内蒙古,物理类,2025,本科批,436,49690,
山西工程技术学院,内蒙古,物理类,2025,本科批,436,49690,
乐山师范学院,内蒙古,物理类,2025,本科批,435,49999,
吉林工商学院,内蒙古,物理类,2025,本科批,435,49999,
吉林医药学院,内蒙古,物理类,2025,本科批,435,49999,
新余学院,内蒙古,物理类,2025,本科批,435,49999,
海南师范大学,内蒙古,物理类,2025,本科批,435,49999,
四川传媒学院,内蒙古,物理类,2025,本科批,435,49999,
平顶山学院,内蒙古,物理类,2025,本科批,435,49999,
赣东学院,内蒙古,物理类,2025,本科批,435,49999,
绵阳师范学院,内蒙古,物理类,2025,本科批,434,50339,
天津农学院,内蒙古,物理类,2025,本科批,434,50339,
西北师范大学,内蒙古,物理类,2025,本科批,434,50339,
河北建筑工程学院,内蒙古,物理类,2025,本科批,434,50339,
西南财经大学天府学院,内蒙古,物理类,2025,本科批,434,50339,
韶关学院,内蒙古,物理类,2025,本科批,434,50339,
呼伦贝尔学院,内蒙古,物理类,2025,本科提前批C段,434,50339,
三峡大学科技学院,内蒙古,物理类,2025,本科批,433,50667,
吉林化工大学,内蒙古,物理类,2025,本科批,433,50667,
玉林师范学院,内蒙古,物理类,2025,本科批,433,48330,
梧州学院,内蒙古,物理类,2025,本科批,431,51337,
山西师范大学,内蒙古,物理类,2025,本科批,431,51337,
南阳理工学院,内蒙古,物理类,2025,本科批,431,49381,
河北环境工程学院,内蒙古,物理类,2025,本科批,431,49381,
湖北经济学院法商学院,内蒙古,物理类,2025,本科批,431,50667,
长治学院,内蒙古,物理类,2025,本科批,431,51337,
九江学院,内蒙古,物理类,2025,本科批,430,49999,
商洛学院,内蒙古,物理类,2025,本科批,430,50667,
上饶师范学院,内蒙古,物理类,2025,本科批,430,51685,
新疆政法学院,内蒙古,物理类,2025,本科批,430,51685,
豫北医学院,内蒙古,物理类,2025,本科批,430,50667,
山东工商学院,内蒙古,物理类,2025,本科批,429,51996,
赣南师范大学,内蒙古,物理类,2025,本科批,429,51996,
吉林司法警官职业学院,内蒙古,物理类,2025,高职(专科)提前批,429,51996,
长春师范大学,内蒙古,物理类,2025,本科批,427,52652,
肇庆学院,内蒙古,物理类,2025,本科批,427,52652,
新疆师范大学,内蒙古,物理类,2025,本科批,427,52652,
内蒙古医科大学,内蒙古,物理类,2025,本科提前批C段,427,52652,
陇东学院,内蒙古,物理类,2025,本科批,426,50996,
曲靖师范学院,内蒙古,物理类,2025,本科批,426,52987,
廊坊师范学院,内蒙古,物理类,2025,本科批,426,52987,
沈阳工业大学,内蒙古,物理类,2025,本科批,426,52987,
右江民族医学院,内蒙古,物理类,2025,本科批,426,52987,
天水师范大学,内蒙古,物理类,2025,本科批,426,52987,
河南科技学院,内蒙古,物理类,2025,本科批,426,52987,
滇西应用技术大学,内蒙古,物理类,2025,本科批,426,50339,
珠海科技学院,内蒙古,物理类,2025,本科批,426,52987,
郑州工商学院,内蒙古,物理类,2025,本科批,425,53326,
邢台学院,内蒙古,物理类,2025,本科批,424,53661,
吉林农业科技学院,内蒙古,物理类,2025,本科批,424,53661,
黑龙江工业学院,内蒙古,物理类,2025,本科批,424,53661,
榆林学院,内蒙古,物理类,2025,本科批,424,53661,
广东石油化工学院,内蒙古,物理类,2025,本科批,424,53661,
中国矿业大学徐海学院,内蒙古,物理类,2025,本科批,424,53661,
张家口学院,内蒙古,物理类,2025,本科批,424,53661,
普洱学院,内蒙古,物理类,2025,本科批,424,53661,
桂林师范学院,内蒙古,物理类,2025,本科批,424,51337,
忻州师范学院,内蒙古,物理类,2025,本科批,423,53969,
周口师范学院,内蒙古,物理类,2025,本科批,423,53969,
商丘师范学院,内蒙古,物理类,2025,本科批,423,53969,
哈尔滨职业技术大学,内蒙古,物理类,2025,本科批,423,53969,
井冈山大学,内蒙古,物理类,2025,本科批,423,53969,
吉林体育学院,内蒙古,物理类,2025,本科批,423,53969,
北华大学,内蒙古,物理类,2025,本科批,423,53969,
天津医科大学临床医学院,内蒙古,物理类,2025,本科批,423,53969,
河北工业职业技术大学,内蒙古,物理类,2025,本科批,423,53969,
黄淮学院,内蒙古,物理类,2025,本科批,423,53969,
西安交通工程学院,内蒙古,物理类,2025,本科批,422,54269,
南通理工学院,内蒙古,物理类,2025,本科批,422,54269,
武昌首义学院,内蒙古,物理类,2025,本科批,422,54269,
邯郸学院,内蒙古,物理类,2025,本科批,421,53661,
贺州学院,内蒙古,物理类,2025,本科批,421,54593,
重庆对外经贸学院,内蒙古,物理类,2025,本科批,421,54593,
玉溪师范学院,内蒙古,物理类,2025,本科批,420,54269,
桂林旅游学院,内蒙古,物理类,2025,本科批,420,54269,
广西民族大学,内蒙古,物理类,2025,本科批,420,54937,
绥化学院,内蒙古,物理类,2025,本科批,420,54937,
兰州信息科技学院,内蒙古,物理类,2025,本科批,420,54937,
石家庄铁道大学四方学院,内蒙古,物理类,2025,本科批,420,54937,
郑州商学院,内蒙古,物理类,2025,本科批,420,54937,
上海财经大学浙江学院,内蒙古,物理类,2025,本科批,419,55303,
中国计量大学现代科技学院,内蒙古,物理类,2025,本科批,419,55303,
哈尔滨学院,内蒙古,物理类,2025,本科批,419,55303,
唐山师范学院,内蒙古,物理类,2025,本科批,419,53661,
商丘医学高等专科学校,内蒙古,物理类,2025,高职(专科)批,419,55303,
萍乡学院,内蒙古,物理类,2025,本科批,418,53969,
黄冈师范学院,内蒙古,物理类,2025,本科批,418,55303,
聊城大学东昌学院,内蒙古,物理类,2025,本科批,418,55623,
西安理工大学高科学院,内蒙古,物理类,2025,本科批,418,55623,
天津理工大学中环信息学院,内蒙古,物理类,2025,本科批,418,55623,
河北地质大学华信学院,内蒙古,物理类,2025,本科批,418,55623,
湖北大学知行学院,内蒙古,物理类,2025,本科批,418,55623,
张家口学院,内蒙古,物理类,2025,高职(专科)批,418,55623,
厦门大学嘉庚学院,内蒙古,物理类,2025,本科批,417,55931,
西昌学院,内蒙古,物理类,2025,本科批,417,55931,
江西财经大学现代经济管理学院,内蒙古,物理类,2025,本科批,416,56271,
文华学院,内蒙古,物理类,2025,本科批,415,56591,
呼和浩特职业技术大学,内蒙古,物理类,2025,本科批,415,56591,
黑河学院,内蒙古,物理类,2025,本科批,415,56591,
吕梁学院,内蒙古,物理类,2025,本科批,415,56591,
安顺学院,内蒙古,物理类,2025,本科批,415,56591,
江西工程学院,内蒙古,物理类,2025,本科批,415,54269,
昌吉学院,内蒙古,物理类,2025,本科批,414,56914,
河北东方学院,内蒙古,物理类,2025,本科批,414,56914,
吉利学院,内蒙古,物理类,2025,本科批,413,57211,
郑州升达经贸管理学院,内蒙古,物理类,2025,本科批,413,56591,
长沙航空职业技术学院,内蒙古,物理类,2025,高职(专科)提前批,413,57211,
辽东学院,内蒙古,物理类,2025,本科批,412,57566,
重庆工商大学派斯学院,内蒙古,物理类,2025,本科批,412,55303,
宁波财经学院,内蒙古,物理类,2025,本科批,412,57566,
楚雄师范学院,内蒙古,物理类,2025,本科批,412,57211,
红河学院,内蒙古,物理类,2025,本科批,412,57211,
河北轨道运输职业技术学院,内蒙古,物理类,2025,高职(专科)批,412,57566,
黄河科技学院,内蒙古,物理类,2025,本科批,411,57884,
西安明德理工学院,内蒙古,物理类,2025,本科批,411,57884,
武昌理工学院,内蒙古,物理类,2025,本科批,411,57884,
成都锦城学院,内蒙古,物理类,2025,本科批,411,57884,
百色学院,内蒙古,物理类,2025,本科批,411,57884,
西安建筑科技大学华清学院,内蒙古,物理类,2025,本科批,411,57884,
西安电力高等专科学校,内蒙古,物理类,2025,高职(专科)批,411,57884,
塔里木大学,内蒙古,物理类,2025,本科批,410,58187,
湖北商贸学院,内蒙古,物理类,2025,本科批,410,58187,
湖北文理学院理工学院,内蒙古,物理类,2025,本科批,410,58187,
河南城建学院,内蒙古,物理类,2025,本科批,409,58500,
四川工商学院,内蒙古,物理类,2025,本科批,409,58500,
武汉纺织大学外经贸学院,内蒙古,物理类,2025,本科批,409,58500,
甘肃林业职业技术大学,内蒙古,物理类,2025,本科批,409,56914,
绵阳城市学院,内蒙古,物理类,2025,本科批,408,58837,
晋中信息学院,内蒙古,物理类,2025,本科批,408,58837,
武汉学院,内蒙古,物理类,2025,本科批,408,58837,
喀什大学,内蒙古,物理类,2025,本科批,407,59120,
信阳学院,内蒙古,物理类,2025,本科批,407,58187,
白城医学高等专科学校,内蒙古,物理类,2025,高职(专科)批,407,58187,
西安航空职业技术学院,内蒙古,物理类,2025,高职(专科)提前批,407,59120,
长春工程学院,内蒙古,物理类,2025,本科批,406,59392,
哈尔滨商业大学,内蒙古,物理类,2025,本科批,406,59392,
集宁师范学院,内蒙古,物理类,2025,本科批,406,59392,
重庆财经学院,内蒙古,物理类,2025,本科批,406,59392,
重庆人文科技学院,内蒙古,物理类,2025,本科批,406,59392,
伊犁师范大学,内蒙古,物理类,2025,本科批,405,59699,
武汉城市学院,内蒙古,物理类,2025,本科批,405,58187,
新疆和田学院,内蒙古,物理类,2025,本科批,405,59699,
新疆工业学院,内蒙古,物理类,2025,本科批,405,57566,
长江大学文理学院,内蒙古,物理类,2025,本科批,405,59699,
南京理工大学泰州科技学院,内蒙古,物理类,2025,本科批,404,60009,
昆明医科大学海源学院,内蒙古,物理类,2025,本科批,404,60009,
西安培华学院,内蒙古,物理类,2025,本科批,403,60309,
大连财经学院,内蒙古,物理类,2025,本科批,403,60309,
武汉工商学院,内蒙古,物理类,2025,本科批,403,58187,
琼台师范学院,内蒙古,物理类,2025,本科批,403,60309,
齐鲁医药学院,内蒙古,物理类,2025,本科批,403,60309,
西安医学高等专科学校,内蒙古,物理类,2025,高职(专科)批,403,60309,
云南师范大学,内蒙古,物理类,2025,本科批,402,60654,
长春医学高等专科学校,内蒙古,物理类,2025,高职(专科)批,402,58500,
沧州医学高等专科学校,内蒙古,物理类,2025,高职(专科)批,402,60654,
西京学院,内蒙古,物理类,2025,本科批,401,60009,
江西农业大学南昌商学院,内蒙古,物理类,2025,本科批,401,58837,
黑龙江工商学院,内蒙古,物理类,2025,本科批,401,60964,
广东轻工职业技术大学,内蒙古,物理类,2025,高职(专科)批,401,60964,
通化师范学院,内蒙古,物理类,2025,本科批,400,59392,
南昌大学科学技术学院,内蒙古,物理类,2025,本科批,400,61271,
四川大学锦江学院,内蒙古,物理类,2025,本科批,400,61271,
安阳学院,内蒙古,物理类,2025,本科批,400,60009,
齐鲁理工学院,内蒙古,物理类,2025,本科批,400,61271,
长沙航空职业技术学院,内蒙古,物理类,2025,高职(专科)批,400,61271,
西安铁路职业技术学院,内蒙古,物理类,2025,高职(专科)批,400,59699,
山东畜牧兽医职业学院,内蒙古,物理类,2025,高职(专科)批,400,60654,
常州机电职业技术学院,内蒙古,物理类,2025,高职(专科)批,400,61271,
山东英才学院,内蒙古,物理类,2025,本科批,399,61271,
烟台理工学院,内蒙古,物理类,2025,本科批,399,60309,
山西应用科技学院,内蒙古,物理类,2025,本科批,399,60654,
西安科技大学高新学院,内蒙古,物理类,2025,本科批,399,61601,
白城师范学院,内蒙古,物理类,2025,本科批,399,61601,
保定理工学院,内蒙古,物理类,2025,本科批,399,60964,
闽南科技学院,内蒙古,物理类,2025,本科批,399,61601,
集美大学诚毅学院,内蒙古,物理类,2025,本科批,399,61601,
黑龙江司法警官职业学院,内蒙古,物理类,2025,高职(专科)提前批,399,61601,
烟台南山学院,内蒙古,物理类,2025,本科批,398,61913,
电子科技大学中山学院,内蒙古,物理类,2025,本科批,398,61913,
四川文化艺术学院,内蒙古,物理类,2025,本科批,398,61913,
天津财经大学珠江学院,内蒙古,物理类,2025,本科批,398,61913,
北京科技大学天津学院,内蒙古,物理类,2025,本科批,398,61271,
昆明理工大学津桥学院,内蒙古,物理类,2025,本科批,398,61271,
成都航空职业技术大学,内蒙古,物理类,2025,高职(专科)提前批,398,61913,
兰州工商学院,内蒙古,物理类,2025,本科批,397,59699,
山东建筑大学,内蒙古,物理类,2025,本科批,397,62261,
福州大学至诚学院,内蒙古,物理类,2025,本科批,397,62261,
济南护理职业学院,内蒙古,物理类,2025,高职(专科)批,397,62261,
浙江机电职业技术大学,内蒙古,物理类,2025,高职(专科)批,397,62261,
重庆三峡医药高等专科学校,内蒙古,物理类,2025,高职(专科)批,397,62261,
郑州工业应用技术学院,内蒙古,物理类,2025,本科批,396,62560,
武汉生物工程学院,内蒙古,物理类,2025,本科批,396,62560,
广东理工学院,内蒙古,物理类,2025,本科批,396,60309,
武汉工程大学邮电与信息工程学院,内蒙古,物理类,2025,本科批,396,62560,
重庆工业职业技术大学,内蒙古,物理类,2025,高职(专科)批,396,62560,
张家界航空工业职业技术学院,内蒙古,物理类,2025,高职(专科)提前批,396,62560,
兴安职业技术大学,内蒙古,物理类,2025,本科批,395,62859,
西安外事学院,内蒙古,物理类,2025,本科批,395,62859,
海南热带海洋学院,内蒙古,物理类,2025,本科批,395,62859,
武汉文理学院,内蒙古,物理类,2025,本科批,395,62859,
湖北工程学院新技术学院,内蒙古,物理类,2025,本科批,395,60009,
荆州学院,内蒙古,物理类,2025,本科批,395,62560,
青岛农业大学海都学院,内蒙古,物理类,2025,本科批,395,62859,
石家庄铁路职业技术学院,内蒙古,物理类,2025,高职(专科)批,395,61271,
扬州职业技术大学,内蒙古,物理类,2025,高职(专科)批,395,61913,
太原学院,内蒙古,物理类,2025,本科批,393,63446,
四川工业科技学院,内蒙古,物理类,2025,本科批,393,63446,
山东协和学院,内蒙古,物理类,2025,本科批,393,63446,
宁夏警官职业学院,内蒙古,物理类,2025,高职(专科)批,393,63446,
长沙电力职业技术学院,内蒙古,物理类,2025,高职(专科)批,393,63446,
江西理工大学,内蒙古,物理类,2025,本科批,392,63748,
青岛城市学院,内蒙古,物理类,2025,本科批,392,63748,
辽宁工业大学,内蒙古,物理类,2025,本科批,392,63748,
武汉晴川学院,内蒙古,物理类,2025,本科批,392,60654,
唐山职业技术学院,内蒙古,物理类,2025,高职(专科)批,392,63748,
湘潭医卫职业技术学院,内蒙古,物理类,2025,高职(专科)批,392,63748,
运城护理职业学院,内蒙古,物理类,2025,高职(专科)批,392,63748,
潍坊科技学院,内蒙古,物理类,2025,本科批,391,63168,
南宁学院,内蒙古,物理类,2025,本科批,391,64062,
西安汽车职业大学,内蒙古,物理类,2025,本科批,391,62560,
保定电力职业技术学院,内蒙古,物理类,2025,高职(专科)批,391,64062,
武汉电力职业技术学院,内蒙古,物理类,2025,高职(专科)批,391,64062,
青岛黄海学院,内蒙古,物理类,2025,本科批,390,63168,
南昌交通学院,内蒙古,物理类,2025,本科批,390,61913,
大连医科大学中山学院,内蒙古,物理类,2025,本科批,390,64361,
桂林学院,内蒙古,物理类,2025,本科批,390,64361,
沈阳科技学院,内蒙古,物理类,2025,本科批,390,64361,
成都农业科技职业学院,内蒙古,物理类,2025,高职(专科)批,390,64361,
山东医学高等专科学校,内蒙古,物理类,2025,高职(专科)批,390,64361,
抚州医药学院,内蒙古,物理类,2025,高职(专科)批,390,61601,
宁夏大学新华学院,内蒙古,物理类,2025,本科批,389,64626,
成都外国语学院,内蒙古,物理类,2025,本科批,389,64626,
长沙医学院,内蒙古,物理类,2025,本科批,389,64626,
山西药科职业学院,内蒙古,物理类,2025,高职(专科)批,389,62560,
兰州石化职业技术大学,内蒙古,物理类,2025,高职(专科)批,389,62560,
山东职业学院,内蒙古,物理类,2025,高职(专科)批,389,64626,
江苏航空职业技术学院,内蒙古,物理类,2025,高职(专科)批,389,63168,
四川司法警官职业学院,内蒙古,物理类,2025,高职(专科)提前批,389,64626,
重庆航天职业技术学院,内蒙古,物理类,2025,高职(专科)提前批,389,63446,
贵州财经大学,内蒙古,物理类,2025,本科批,388,64921,
天津外国语大学滨海外事学院,内蒙古,物理类,2025,本科批,388,64921,
辽宁何氏医学院,内蒙古,物理类,2025,本科批,388,64921,
重庆外语外事学院,内蒙古,物理类,2025,本科批,388,64921,
湖北中医药高等专科学校,内蒙古,物理类,2025,高职(专科)批,388,64921,
内蒙古医科大学,内蒙古,物理类,2025,高职(专科)批,388,64921,
西安航空职业技术学院,内蒙古,物理类,2025,高职(专科)批,388,64361,
郑州电力高等专科学校,内蒙古,物理类,2025,高职(专科)批,388,64062,
湖南国防工业职业技术学院,内蒙古,物理类,2025,高职(专科)提前批,388,64921,
闽南理工学院,内蒙古,物理类,2025,本科批,387,63748,
吉林农业大学,内蒙古,物理类,2025,本科批,387,65192,
西安翻译学院,内蒙古,物理类,2025,本科批,387,64921,
河南开封科技传媒学院,内蒙古,物理类,2025,本科批,387,64921,
西安职业技术学院,内蒙古,物理类,2025,高职(专科)批,387,65192,
山东中医药高等专科学校,内蒙古,物理类,2025,高职(专科)批,387,65192,
石家庄邮电职业技术学院,内蒙古,物理类,2025,高职(专科)批,387,65192,
南昌理工学院,内蒙古,物理类,2025,本科批,386,65514,
青岛滨海学院,内蒙古,物理类,2025,本科批,386,65514,
昆明城市学院,内蒙古,物理类,2025,本科批,386,65514,
赤峰学院,内蒙古,物理类,2025,本科提前批C段,386,65514,
吉林水利电力职业学院,内蒙古,物理类,2025,高职(专科)批,386,65514,
陕西财经职业技术学院,内蒙古,物理类,2025,高职(专科)批,386,65514,
天津商业大学宝德学院,内蒙古,物理类,2025,本科批,385,65812,
兰州博文科技学院,内蒙古,物理类,2025,本科批,385,65812,
山西工商学院,内蒙古,物理类,2025,本科批,385,65192,
桂林信息科技学院,内蒙古,物理类,2025,本科批,385,62859,
承德护理职业学院,内蒙古,物理类,2025,高职(专科)批,385,64062,
重庆医药高等专科学校,内蒙古,物理类,2025,高职(专科)提前批,385,65812,
陕西国际商贸学院,内蒙古,物理类,2025,本科批,384,64062,
扬州大学广陵学院,内蒙古,物理类,2025,本科批,384,63748,
泰山科技学院,内蒙古,物理类,2025,本科批,384,66103,
三峡电力职业学院,内蒙古,物理类,2025,高职(专科)批,384,64361,
陕西航空职业技术学院,内蒙古,物理类,2025,高职(专科)批,384,64921,
哈尔滨信息工程学院,内蒙古,物理类,2025,本科批,383,65192,
西安思源学院,内蒙古,物理类,2025,本科批,383,66383,
内蒙古建筑职业技术大学,内蒙古,物理类,2025,本科批,383,66383,
河北外国语学院,内蒙古,物理类,2025,本科批,383,66383,
海南比勒费尔德应用科学大学,内蒙古,物理类,2025,本科批,383,66383,
上海电子信息职业技术学院,内蒙古,物理类,2025,高职(专科)批,383,66383,
临汾职业技术学院,内蒙古,物理类,2025,高职(专科)批,383,66383,
威海海洋职业学院,内蒙古,物理类,2025,高职(专科)批,383,66383,
湖南高速铁路职业技术学院,内蒙古,物理类,2025,高职(专科)批,383,66383,
上海中侨职业技术大学,内蒙古,物理类,2025,本科批,382,65812,
南宁师范大学师园学院,内蒙古,物理类,2025,本科批,382,66658,
广州新华学院,内蒙古,物理类,2025,本科批,382,66658,
成都航空职业技术大学,内蒙古,物理类,2025,高职(专科)批,382,66658,
兰州交通大学,内蒙古,物理类,2025,本科批,381,66940,
西南交通大学希望学院,内蒙古,物理类,2025,本科批,381,66940,
青岛工学院,内蒙古,物理类,2025,本科批,381,66940,
陕西国防工业职业技术学院,内蒙古,物理类,2025,高职(专科)批,381,64361,
河北工程技术学院,内蒙古,物理类,2025,本科批,380,64921,
武汉华夏理工学院,内蒙古,物理类,2025,本科批,380,67212,
吉林外国语大学,内蒙古,物理类,2025,本科批,380,67212,
西安欧亚学院,内蒙古,物理类,2025,本科批,380,64361,
中南林业科技大学,内蒙古,物理类,2025,本科批,380,67212,
哈尔滨远东理工学院,内蒙古,物理类,2025,本科批,380,66658,
大连东软信息学院,内蒙古,物理类,2025,本科批,380,66658,
海南科技职业大学,内蒙古,物理类,2025,本科批,380,67212,
内蒙古民族大学,内蒙古,物理类,2025,本科提前批C段,380,67212,
哈尔滨电力职业技术学院,内蒙古,物理类,2025,高职(专科)批,380,67212,
河南农业职业学院,内蒙古,物理类,2025,高职(专科)批,380,67212,
济宁职业技术学院,内蒙古,物理类,2025,高职(专科)批,380,67212,
长春科技学院,内蒙古,物理类,2025,本科批,379,66383,
河北科技学院,内蒙古,物理类,2025,本科批,379,67476,
青海师范大学,内蒙古,物理类,2025,本科批,379,64921,
广州应用科技学院,内蒙古,物理类,2025,本科批,379,64361,
吉林铁道职业技术大学,内蒙古,物理类,2025,高职(专科)批,379,67476,
邢台医学院,内蒙古,物理类,2025,高职(专科)批,379,67476,
陕西铁路工程职业技术学院,内蒙古,物理类,2025,高职(专科)批,379,67476,
重庆航天职业技术学院,内蒙古,物理类,2025,高职(专科)批,379,66658,
黑龙江外国语学院,内蒙古,物理类,2025,本科批,378,67736,
哈尔滨广厦学院,内蒙古,物理类,2025,本科批,378,64921,
青岛恒星科技学院,内蒙古,物理类,2025,本科批,378,67736,
黄河水利职业技术大学,内蒙古,物理类,2025,高职(专科)批,378,67212,
天津市职业大学,内蒙古,物理类,2025,高职(专科)批,378,67736,
广元中核职业技术学院,内蒙古,物理类,2025,高职(专科)批,378,66103,
武汉船舶职业技术学院,内蒙古,物理类,2025,高职(专科)批,378,66658,
内蒙古工业大学,内蒙古,物理类,2025,本科批,377,68019,
福州外语外贸学院,内蒙古,物理类,2025,本科批,377,68019,
长春光华学院,内蒙古,物理类,2025,本科批,377,68019,
江苏海事职业技术学院,内蒙古,物理类,2025,高职(专科)批,377,68019,
南昌工学院,内蒙古,物理类,2025,本科批,376,68264,
吉林动画学院,内蒙古,物理类,2025,本科批,376,68264,
重庆移通学院,内蒙古,物理类,2025,本科批,376,68264,
北方民族大学,内蒙古,物理类,2025,本科批,376,68264,
北京城市学院,内蒙古,物理类,2025,本科批,376,68264,
江西科技学院,内蒙古,物理类,2025,本科批,376,68264,
上海建桥学院,内蒙古,物理类,2025,本科批,376,68264,
厦门工学院,内蒙古,物理类,2025,本科批,376,68264,
吉林师范大学博达学院,内蒙古,物理类,2025,本科批,376,68264,
哈尔滨剑桥学院,内蒙古,物理类,2025,本科批,376,68264,
常德学院,内蒙古,物理类,2025,本科批,376,65192,
广州工商学院,内蒙古,物理类,2025,本科批,376,68264,
沧州交通学院,内蒙古,物理类,2025,本科批,376,68264,
辽宁理工职业大学,内蒙古,物理类,2025,本科批,376,65812,
辽宁财贸学院,内蒙古,物理类,2025,本科批,376,68264,
重庆电力高等专科学校,内蒙古,物理类,2025,高职(专科)批,376,68264,
河北石油职业技术大学,内蒙古,物理类,2025,高职(专科)批,376,68264,
湖北财税职业学院,内蒙古,物理类,2025,高职(专科)批,376,66658,
黑龙江东方学院,内蒙古,物理类,2025,本科批,375,67736,
上海师范大学天华学院,内蒙古,物理类,2025,本科批,375,68528,
内蒙古医科大学,内蒙古,物理类,2025,本科批,375,68528,
宁夏理工学院,内蒙古,物理类,2025,本科批,375,68528,
上海立达学院,内蒙古,物理类,2025,本科批,375,68528,
内蒙古大学创业学院,内蒙古,物理类,2025,本科批,375,68528,
内蒙古鸿德文理学院,内蒙古,物理类,2025,本科批,375,68528,
北京金融科技学院,内蒙古,物理类,2025,本科批,375,67736,
南宁理工学院,内蒙古,物理类,2025,本科批,375,68528,
大连工业大学艺术与信息工程学院,内蒙古,物理类,2025,本科批,375,65192,
成都银杏酒店管理学院,内蒙古,物理类,2025,本科批,375,68528,
柳州工学院,内蒙古,物理类,2025,本科批,375,68264,
沈阳工学院,内蒙古,物理类,2025,本科批,375,68528,
银川科技学院,内蒙古,物理类,2025,本科批,375,68528,
长春电子科技学院,内蒙古,物理类,2025,本科批,375,67476,
威海职业学院,内蒙古,物理类,2025,高职(专科)提前批,375,68528,
武汉交通职业学院,内蒙古,物理类,2025,高职(专科)提前批,375,68528,
江苏农牧科技职业学院,内蒙古,物理类,2025,高职(专科)批,374,65812,
商洛职业技术学院,内蒙古,物理类,2025,高职(专科)批,374,68766,
衡水职业技术学院,内蒙古,物理类,2025,高职(专科)批,374,68766,
辽宁轨道交通职业学院,内蒙古,物理类,2025,高职(专科)批,374,68766,
山东信息职业技术学院,内蒙古,物理类,2025,高职(专科)提前批,374,68766,
潍坊职业学院,内蒙古,物理类,2025,高职(专科)批,373,69041,
张家界航空工业职业技术学院,内蒙古,物理类,2025,高职(专科)批,373,66658,
开封大学,内蒙古,物理类,2025,高职(专科)批,373,69041,
陕西工业职业技术学院,内蒙古,物理类,2025,高职(专科)批,373,66383,
上海行健职业学院,内蒙古,物理类,2025,高职(专科)批,373,69041,
滨州职业学院,内蒙古,物理类,2025,高职(专科)提前批,373,66940,
青海民族大学,内蒙古,物理类,2025,本科批,372,69287,
大连理工大学城市学院,内蒙古,物理类,2025,本科批,372,69287,
西安工商学院,内蒙古,物理类,2025,本科批,372,69287,
南阳医学高等专科学校,内蒙古,物理类,2025,高职(专科)批,372,69287,
汉中职业技术学院,内蒙古,物理类,2025,高职(专科)批,371,68264,
辽宁金融职业学院,内蒙古,物理类,2025,高职(专科)批,371,66103,
辽宁铁道职业技术学院,内蒙古,物理类,2025,高职(专科)批,371,69539,
西安信息职业大学,内蒙古,物理类,2025,本科批,370,69773,
兰州理工大学,内蒙古,物理类,2025,本科批,370,69773,
黑龙江财经学院,内蒙古,物理类,2025,本科批,370,69773,
江西电力职业技术学院,内蒙古,物理类,2025,高职(专科)批,370,66658,
武汉职业技术大学,内蒙古,物理类,2025,高职(专科)批,370,69773,
南京科技职业学院,内蒙古,物理类,2025,高职(专科)批,370,69539,
石家庄人民医学高等专科学校,内蒙古,物理类,2025,高职(专科)批,370,69773,
辽宁师范大学海华学院,内蒙古,物理类,2025,本科批,369,70023,
上海民航职业技术学院,内蒙古,物理类,2025,高职(专科)批,369,70023,
柳州铁道职业技术学院,内蒙古,物理类,2025,高职(专科)批,369,70023,
郑州健康学院,内蒙古,物理类,2025,高职(专科)批,369,69041,
大连科技学院,内蒙古,物理类,2025,本科批,368,70265,
长春财经学院,内蒙古,物理类,2025,本科批,368,70265,
北京工业大学耿丹学院,内蒙古,物理类,2025,本科批,367,70530,
哈尔滨石油学院,内蒙古,物理类,2025,本科批,367,70530,
首都师范大学科德学院,内蒙古,物理类,2025,本科批,367,70530,
湖南信息职业技术学院,内蒙古,物理类,2025,高职(专科)批,367,70530,
内蒙古警察学院,内蒙古,物理类,2025,高职(专科)批,367,70530,
上海城建职业学院,内蒙古,物理类,2025,高职(专科)批,367,68264,
北京农业职业学院,内蒙古,物理类,2025,高职(专科)批,367,70530,
山西金融职业学院,内蒙古,物理类,2025,高职(专科)批,367,70530,
岳阳职业技术学院,内蒙古,物理类,2025,高职(专科)批,367,70265,
湖北工程职业学院,内蒙古,物理类,2025,高职(专科)批,367,70530,
濮阳医学高等专科学校,内蒙古,物理类,2025,高职(专科)批,367,69539,
益阳医学高等专科学校,内蒙古,物理类,2025,高职(专科)批,367,70530,
苏州工业职业技术学院,内蒙古,物理类,2025,高职(专科)批,367,70023,
辽宁医药职业学院,内蒙古,物理类,2025,高职(专科)批,367,70530,
江西水利电力大学,内蒙古,物理类,2025,高职(专科)提前批,367,70023,
黑龙江交通职业技术学院,内蒙古,物理类,2025,高职(专科)批,366,70777,
武汉铁路职业技术学院,内蒙古,物理类,2025,高职(专科)批,366,70777,
丽江文化旅游学院,内蒙古,物理类,2025,本科批,365,71006,
天津仁爱学院,内蒙古,物理类,2025,本科批,365,71006,
湖南涉外经济学院,内蒙古,物理类,2025,本科批,365,71006,
吉林交通职业技术学院,内蒙古,物理类,2025,高职(专科)批,365,71006,
新疆石河子职业技术学院,内蒙古,物理类,2025,高职(专科)提前批,365,69041,
山西机电职业技术学院,内蒙古,物理类,2025,高职(专科)批,364,71214,
黑龙江护理高等专科学校,内蒙古,物理类,2025,高职(专科)批,364,71214,
延安职业技术学院,内蒙古,物理类,2025,高职(专科)提前批,364,69773,
哈尔滨铁道职业技术学院,内蒙古,物理类,2025,高职(专科)批,363,68019,
哈尔滨职业技术大学,内蒙古,物理类,2025,高职(专科)批,363,68766,
天津轻工职业技术学院,内蒙古,物理类,2025,高职(专科)批,363,71453,
湖北水利水电职业技术学院,内蒙古,物理类,2025,高职(专科)批,363,68264,
兰州资源环境职业技术大学,内蒙古,物理类,2025,高职(专科)批,363,69773,
广州城市职业学院,内蒙古,物理类,2025,高职(专科)批,363,71453,
浙江经贸职业技术学院,内蒙古,物理类,2025,高职(专科)批,363,71453,
河南职业技术学院,内蒙古,物理类,2025,高职(专科)批,362,70777,
四川交通职业技术学院,内蒙古,物理类,2025,高职(专科)批,362,71674,
北京青年政治学院,内蒙古,物理类,2025,高职(专科)批,362,71674,
江西信息应用职业技术学院,内蒙古,物理类,2025,高职(专科)批,362,71674,
吉林工业职业技术学院,内蒙古,物理类,2025,高职(专科)批,362,70265,
广州铁路职业技术学院,内蒙古,物理类,2025,高职(专科)批,362,70530,
辽宁省交通高等专科学校,内蒙古,物理类,2025,高职(专科)提前批,362,69539,
泰山职业技术学院,内蒙古,物理类,2025,高职(专科)提前批,362,71674,
沈阳城市建设学院,内蒙古,物理类,2025,本科批,361,71889,
湖南铁道职业技术学院,内蒙古,物理类,2025,高职(专科)批,361,71889,
上海农林职业技术学院,内蒙古,物理类,2025,高职(专科)批,361,71889,
徐州工业职业技术学院,内蒙古,物理类,2025,高职(专科)批,361,71889,
河北化工医药职业技术学院,内蒙古,物理类,2025,高职(专科)批,361,71453,
长春建筑学院,内蒙古,物理类,2025,本科批,360,72087,
石家庄信息工程职业学院,内蒙古,物理类,2025,高职(专科)批,360,72087,
北京信息职业技术学院,内蒙古,物理类,2025,高职(专科)批,360,71674,
大庆医学高等专科学校,内蒙古,物理类,2025,高职(专科)批,360,72087,
保定职业技术学院,内蒙古,物理类,2025,高职(专科)批,360,72087,
哈尔滨华德学院,内蒙古,物理类,2025,本科批,359,72317,
内蒙古科技大学包头医学院,内蒙古,物理类,2025,本科批,359,72317,
焦作大学,内蒙古,物理类,2025,高职(专科)批,359,72317,
江西医学高等专科学校,内蒙古,物理类,2025,高职(专科)批,359,71674,
黑龙江农业工程职业学院,内蒙古,物理类,2025,高职(专科)批,359,70023,
北京劳动保障职业学院,内蒙古,物理类,2025,高职(专科)批,359,72317,
北京财贸职业学院,内蒙古,物理类,2025,高职(专科)批,359,72317,
大连艺术学院,内蒙古,物理类,2025,本科批,358,72553,
吉林建筑科技学院,内蒙古,物理类,2025,本科批,358,72553,
沈阳工程学院,内蒙古,物理类,2025,高职(专科)批,358,72553,
广州民航职业技术学院,内蒙古,物理类,2025,高职(专科)批,358,72553,
天津现代职业技术学院,内蒙古,物理类,2025,高职(专科)批,358,72553,
天津电子信息职业技术学院,内蒙古,物理类,2025,高职(专科)批,358,72553,
四川中医药高等专科学校,内蒙古,物理类,2025,高职(专科)批,358,72553,
重庆商务职业学院,内蒙古,物理类,2025,高职(专科)批,358,69287,
河南交通职业技术学院,内蒙古,物理类,2025,高职(专科)提前批,358,72553,
天津天狮学院,内蒙古,物理类,2025,本科批,357,72756,
吉林建筑大学,内蒙古,物理类,2025,本科批,357,72756,
上海出版印刷高等专科学校,内蒙古,物理类,2025,高职(专科)批,357,72756,
武汉警官职业学院,内蒙古,物理类,2025,高职(专科)批,357,70530,
天津铁道职业技术学院,内蒙古,物理类,2025,高职(专科)批,357,72756,
江西航空职业技术学院,内蒙古,物理类,2025,高职(专科)批,357,72317,
陕西交通职业技术学院,内蒙古,物理类,2025,高职(专科)批,357,72756,
武昌职业学院,内蒙古,物理类,2025,高职(专科)提前批,357,72756,
四川邮电职业技术学院,内蒙古,物理类,2025,高职(专科)提前批,357,70777,
齐齐哈尔工程学院,内蒙古,物理类,2025,本科批,356,72980,
辽宁传媒学院,内蒙古,物理类,2025,本科批,356,72980,
长春人文学院,内蒙古,物理类,2025,本科批,356,72980,
安徽中医药高等专科学校,内蒙古,物理类,2025,高职(专科)批,356,72980,
仙桃职业学院,内蒙古,物理类,2025,高职(专科)批,356,70530,
浙江工商职业技术学院,内蒙古,物理类,2025,高职(专科)批,356,72980,
兰州资源环境职业技术大学,内蒙古,物理类,2025,高职(专科)提前批,356,69539,
长春工业大学人文信息学院,内蒙古,物理类,2025,本科批,355,73189,
广州华立学院,内蒙古,物理类,2025,本科批,355,73189,
广州城市理工学院,内蒙古,物理类,2025,本科批,355,73189,
沈阳城市学院,内蒙古,物理类,2025,本科批,355,73189,
长春大学旅游学院,内蒙古,物理类,2025,本科批,355,73189,
四平职业大学,内蒙古,物理类,2025,高职(专科)批,355,72553,
广东交通职业技术学院,内蒙古,物理类,2025,高职(专科)批,355,73189,
江苏电子信息职业学院,内蒙古,物理类,2025,高职(专科)批,355,72553,
湖南机电职业技术学院,内蒙古,物理类,2025,高职(专科)批,355,71674,
日照职业技术学院,内蒙古,物理类,2025,高职(专科)批,354,73374,
河南工业职业技术学院,内蒙古,物理类,2025,高职(专科)批,354,72553,
上海科学技术职业学院,内蒙古,物理类,2025,高职(专科)批,354,71214,
湖南石油化工职业技术学院,内蒙古,物理类,2025,高职(专科)批,354,73374,
湖南财经工业职业技术学院,内蒙古,物理类,2025,高职(专科)批,354,73374,
长春大学,内蒙古,物理类,2025,本科批,353,73584,
湖北交通职业技术学院,内蒙古,物理类,2025,高职(专科)批,353,73584,
三峡大学科技学院,内蒙古,物理类,2025,高职(专科)批,353,73584,
海南软件职业技术学院,内蒙古,物理类,2025,高职(专科)批,353,73584,
河北女子职业技术学院,内蒙古,物理类,2025,高职(专科)批,353,73584,
湖北生物科技职业学院,内蒙古,物理类,2025,高职(专科)批,353,72317,
重庆水利电力职业技术学院,内蒙古,物理类,2025,高职(专科)批,353,71889,
湖北交通职业技术学院,内蒙古,物理类,2025,高职(专科)提前批,353,70265,
江西航空职业技术学院,内蒙古,物理类,2025,高职(专科)提前批,353,73584,
内蒙古财经大学,内蒙古,物理类,2025,本科批,352,73776,
山东科技职业学院,内蒙古,物理类,2025,高职(专科)批,352,72980,
重庆财经职业学院,内蒙古,物理类,2025,高职(专科)批,352,70530,
山东化工职业学院,内蒙古,物理类,2025,高职(专科)批,351,73959,
荆州职业技术学院,内蒙古,物理类,2025,高职(专科)批,351,73959,
山东商务职业学院,内蒙古,物理类,2025,高职(专科)批,351,73959,
广州科技贸易职业学院,内蒙古,物理类,2025,高职(专科)批,351,73959,
重庆青年职业技术学院,内蒙古,物理类,2025,高职(专科)批,351,73959,
辽宁对外经贸学院,内蒙古,物理类,2025,本科批,350,74158,
长江工程职业技术学院,内蒙古,物理类,2025,高职(专科)批,350,73959,
浙江商业职业技术学院,内蒙古,物理类,2025,高职(专科)批,350,74158,
辽宁地质工程职业学院,内蒙古,物理类,2025,高职(专科)批,350,72087,
漳州职业技术学院,内蒙古,物理类,2025,高职(专科)批,349,72317,
河北旅游职业学院,内蒙古,物理类,2025,高职(专科)批,349,73374,
武汉工程职业技术学院,内蒙古,物理类,2025,高职(专科)批,349,72756,
荆州理工职业学院,内蒙古,物理类,2025,高职(专科)批,349,73374,
湖南工业职业技术学院,内蒙古,物理类,2025,高职(专科)批,349,72553,
潍坊工程职业学院,内蒙古,物理类,2025,高职(专科)提前批,349,73374,
湖南邮电职业技术学院,内蒙古,物理类,2025,高职(专科)批,348,74526,
山西水利职业技术学院,内蒙古,物理类,2025,高职(专科)批,348,74526,
陕西国际商贸学院,内蒙古,物理类,2025,高职(专科)批,348,74526,
河北机电职业技术学院,内蒙古,物理类,2025,高职(专科)批,348,74526,
辽宁职业学院,内蒙古,物理类,2025,高职(专科)批,348,74158,
通化医药健康职业学院,内蒙古,物理类,2025,高职(专科)批,348,73189,
湖南体育职业学院,内蒙古,物理类,2025,高职(专科)提前批,348,73584,
江苏食品药品职业技术学院,内蒙古,物理类,2025,高职(专科)批,347,71674,
天津医学高等专科学校,内蒙古,物理类,2025,高职(专科)批,347,74718,
黑龙江农业经济职业学院,内蒙古,物理类,2025,高职(专科)批,347,71214,
江西旅游商贸职业学院,内蒙古,物理类,2025,高职(专科)批,347,73776,
四川水利职业技术学院,内蒙古,物理类,2025,高职(专科)批,347,74351,
广西电力职业技术学院,内蒙古,物理类,2025,高职(专科)批,347,71674,
晋城职业技术学院,内蒙古,物理类,2025,高职(专科)批,347,74718,
江西职业技术大学,内蒙古,物理类,2025,高职(专科)批,347,74718,
上海外国语大学贤达经济人文学院,内蒙古,物理类,2025,本科批,346,74907,
渤海船舶职业学院,内蒙古,物理类,2025,高职(专科)批,346,72553,
太原城市职业技术学院,内蒙古,物理类,2025,高职(专科)批,346,74907,
唐山工业职业技术大学,内蒙古,物理类,2025,高职(专科)批,346,73776,
武汉纺织大学外经贸学院,内蒙古,物理类,2025,高职(专科)批,346,74907,
江苏财经职业技术学院,内蒙古,物理类,2025,高职(专科)批,346,74907,
江西工程职业学院,内蒙古,物理类,2025,高职(专科)批,346,74907,
重庆化工职业学院,内蒙古,物理类,2025,高职(专科)批,346,74718,
海口经济学院,内蒙古,物理类,2025,本科批,345,75092,
三亚学院,内蒙古,物理类,2025,本科批,345,75092,
北京第二外国语学院中瑞酒店管理学院,内蒙古,物理类,2025,本科批,345,75092,
宝鸡职业技术学院,内蒙古,物理类,2025,高职(专科)批,345,74351,
湖南理工职业技术学院,内蒙古,物理类,2025,高职(专科)批,345,71674,
陕西职业技术学院,内蒙古,物理类,2025,高职(专科)批,345,73776,
北京交通运输职业学院,内蒙古,物理类,2025,高职(专科)批,345,75092,
宜春职业技术学院,内蒙古,物理类,2025,高职(专科)批,345,74158,
甘肃有色冶金职业技术学院,内蒙古,物理类,2025,高职(专科)批,345,75092,
长春职业技术大学,内蒙古,物理类,2025,高职(专科)提前批,345,74907,
上海旅游高等专科学校,内蒙古,物理类,2025,高职(专科)批,344,73959,
青岛港湾职业技术学院,内蒙古,物理类,2025,高职(专科)批,344,75280,
四川工程职业技术大学,内蒙古,物理类,2025,高职(专科)批,344,75280,
宁夏职业技术大学,内蒙古,物理类,2025,高职(专科)批,344,75280,
天津石油职业技术学院,内蒙古,物理类,2025,高职(专科)批,344,74907,
河南工业和信息化职业学院,内蒙古,物理类,2025,高职(专科)批,344,75092,
渭南职业技术学院,内蒙古,物理类,2025,高职(专科)批,344,72756,
重庆工商职业学院,内蒙古,物理类,2025,高职(专科)批,344,73189,
黑龙江农垦职业学院,内蒙古,物理类,2025,高职(专科)批,343,75446,
山东信息职业技术学院,内蒙古,物理类,2025,高职(专科)批,343,75446,
甘肃交通职业技术学院,内蒙古,物理类,2025,高职(专科)批,343,75446,
铜仁职业技术大学,内蒙古,物理类,2025,高职(专科)批,343,75446,
山西管理职业学院,内蒙古,物理类,2025,高职(专科)批,342,75622,
重庆三峡职业学院,内蒙古,物理类,2025,高职(专科)批,342,75622,
天津机电职业技术学院,内蒙古,物理类,2025,高职(专科)批,341,75826,
郑州电力职业技术学院,内蒙古,物理类,2025,高职(专科)批,341,75826,
江西科技学院,内蒙古,物理类,2025,高职(专科)批,341,75826,
天津海运职业学院,内蒙古,物理类,2025,高职(专科)批,341,75826,
天津生物工程职业技术学院,内蒙古,物理类,2025,高职(专科)批,341,75826,
山东药品食品职业学院,内蒙古,物理类,2025,高职(专科)批,341,74351,
民政职业大学,内蒙古,物理类,2025,高职(专科)批,341,75826,
莱芜职业技术学院,内蒙古,物理类,2025,高职(专科)批,341,74718,
黑龙江农业职业技术学院,内蒙古,物理类,2025,高职(专科)批,341,73374,
湖南大众传媒职业技术学院,内蒙古,物理类,2025,高职(专科)批,340,76001,
青岛职业技术学院,内蒙古,物理类,2025,高职(专科)批,339,73584,
长春职业技术大学,内蒙古,物理类,2025,高职(专科)批,339,76170,
东营科技职业学院,内蒙古,物理类,2025,高职(专科)批,339,73776,
云南医药健康职业学院,内蒙古,物理类,2025,高职(专科)批,339,76170,
湖南水利水电职业技术学院,内蒙古,物理类,2025,高职(专科)批,339,73776,
辽宁装备制造职业技术学院,内蒙古,物理类,2025,高职(专科)批,339,73189,
锦州师范高等专科学校,内蒙古,物理类,2025,高职(专科)批,338,75092,
桂林理工大学,内蒙古,物理类,2025,高职(专科)批,338,76331,
内蒙古农业大学,内蒙古,物理类,2025,高职(专科)批,338,76331,
汉江师范学院,内蒙古,物理类,2025,高职(专科)批,338,75622,
北京政法职业学院,内蒙古,物理类,2025,高职(专科)批,338,76331,
淄博职业技术大学,内蒙古,物理类,2025,高职(专科)批,338,76331,
威海职业学院,内蒙古,物理类,2025,高职(专科)批,337,75280,
北京工业职业技术学院,内蒙古,物理类,2025,高职(专科)批,337,76513,
桂林旅游学院,内蒙古,物理类,2025,高职(专科)批,337,76513,
大连职业技术学院,内蒙古,物理类,2025,高职(专科)批,337,72756,
北京交通职业技术学院,内蒙古,物理类,2025,高职(专科)批,336,74718,
武汉民政职业学院,内蒙古,物理类,2025,高职(专科)批,336,74158,
武汉软件工程职业学院,内蒙古,物理类,2025,高职(专科)批,335,76828,
长沙民政职业技术学院,内蒙古,物理类,2025,高职(专科)批,335,76828,
重庆城市管理职业学院,内蒙古,物理类,2025,高职(专科)批,335,73584,
浙江建设职业技术学院,内蒙古,物理类,2025,高职(专科)批,335,73776,
辽宁石化职业技术学院,内蒙古,物理类,2025,高职(专科)批,335,76828,
铁岭卫生职业学院,内蒙古,物理类,2025,高职(专科)批,335,73374,
河北金融学院,内蒙古,物理类,2025,本科批,334,76991,
内蒙古师范大学,内蒙古,物理类,2025,本科批,334,76991,
黔南民族医学高等专科学校,内蒙古,物理类,2025,高职(专科)批,334,76991,
泰州职业技术学院,内蒙古,物理类,2025,高职(专科)批,334,74718,
四川建筑职业技术学院,内蒙古,物理类,2025,高职(专科)批,334,76991,
新疆警察学院,内蒙古,物理类,2025,高职(专科)批,334,76001,
河南轻工职业学院,内蒙古,物理类,2025,高职(专科)批,334,74718,
石家庄幼儿师范高等专科学校,内蒙古,物理类,2025,高职(专科)批,334,76991,
陕西邮电职业技术学院,内蒙古,物理类,2025,高职(专科)批,334,73959,
宁夏工业职业学院,内蒙古,物理类,2025,高职(专科)批,333,77170,
天津商务职业学院,内蒙古,物理类,2025,高职(专科)批,333,77170,
厦门软件职业技术学院,内蒙古,物理类,2025,高职(专科)批,333,77170,
河北交通职业技术学院,内蒙古,物理类,2025,高职(专科)批,333,77170,
湖南交通职业技术学院,内蒙古,物理类,2025,高职(专科)批,333,77170,
内蒙古民族大学,内蒙古,物理类,2025,本科批,332,77322,
大庆职业学院,内蒙古,物理类,2025,高职(专科)批,332,77322,
咸宁职业技术学院,内蒙古,物理类,2025,高职(专科)批,331,75092,
陕西青年职业学院,内蒙古,物理类,2025,高职(专科)批,331,77479,
漯河医学高等专科学校,内蒙古,物理类,2025,高职(专科)批,331,77479,
朝阳师范学院,内蒙古,物理类,2025,高职(专科)批,330,76331,
泸州医疗器械职业学院,内蒙古,物理类,2025,高职(专科)批,330,77638,
湖南民族职业学院,内蒙古,物理类,2025,高职(专科)批,330,77638,
山东商业职业技术学院,内蒙古,物理类,2025,高职(专科)批,329,77786,
哈尔滨城市职业学院,内蒙古,物理类,2025,高职(专科)批,329,77786,
大同师范高等专科学校,内蒙古,物理类,2025,高职(专科)批,329,77786,
平凉职业技术学院,内蒙古,物理类,2025,高职(专科)批,329,77786,
平顶山工业职业技术学院,内蒙古,物理类,2025,高职(专科)批,328,77934,
湖北国土资源职业学院,内蒙古,物理类,2025,高职(专科)批,328,75446,
厦门华天涉外职业技术学院,内蒙古,物理类,2025,高职(专科)批,327,78083,
山东交通职业学院,内蒙古,物理类,2025,高职(专科)批,327,78083,
榆林能源科技职业学院,内蒙古,物理类,2025,高职(专科)批,327,78083,
长春师范高等专科学校,内蒙古,物理类,2025,高职(专科)批,326,77479,
西安明德理工学院,内蒙古,物理类,2025,高职(专科)批,325,78349,
黑龙江建筑职业技术学院,内蒙古,物理类,2025,高职(专科)批,325,76170,
东营职业学院,内蒙古,物理类,2025,高职(专科)批,325,78349,
天津工业职业学院,内蒙古,物理类,2025,高职(专科)批,325,75092,
河南地矿职业学院,内蒙古,物理类,2025,高职(专科)批,325,78349,
甘肃工业职业技术大学,内蒙古,物理类,2025,高职(专科)批,324,76991,
江西婺源茶业职业学院,内蒙古,物理类,2025,高职(专科)批,324,78483,
内蒙古科技大学,内蒙古,物理类,2025,本科批,323,78606,
西安翻译学院,内蒙古,物理类,2025,高职(专科)批,323,77479,
九州职业技术学院,内蒙古,物理类,2025,高职(专科)批,323,78606,
厦门南洋职业学院,内蒙古,物理类,2025,高职(专科)批,323,78606,
沈阳工学院,内蒙古,物理类,2025,高职(专科)批,323,77322,
白城职业技术学院,内蒙古,物理类,2025,高职(专科)批,323,78606,
鹤壁职业技术学院,内蒙古,物理类,2025,高职(专科)批,323,78606,
赤峰学院,内蒙古,物理类,2025,本科批,322,78733,
抚州职业技术学院,内蒙古,物理类,2025,高职(专科)批,322,77322,
河北能源职业技术学院,内蒙古,物理类,2025,高职(专科)批,322,78733,
青岛酒店管理职业技术学院,内蒙古,物理类,2025,高职(专科)批,322,78733,
江苏建筑职业技术学院,内蒙古,物理类,2025,高职(专科)批,322,76170,
长春金融高等专科学校,内蒙古,物理类,2025,高职(专科)批,321,78858,
大连科技学院,内蒙古,物理类,2025,高职(专科)批,321,78858,
滨州职业学院,内蒙古,物理类,2025,高职(专科)批,321,75826,
山西职业技术学院,内蒙古,物理类,2025,高职(专科)批,321,76331,
北京经济管理职业学院,内蒙古,物理类,2025,高职(专科)批,321,77322,
内蒙古农业大学,内蒙古,物理类,2025,本科批,320,78975,
呼伦贝尔学院,内蒙古,物理类,2025,本科批,320,78975,
河套学院,内蒙古,物理类,2025,本科批,320,78975,
沈阳职业技术学院,内蒙古,物理类,2025,高职(专科)批,320,78975,
石河子工程职业技术学院,内蒙古,物理类,2025,高职(专科)批,320,78975,
内蒙古科技大学包头师范学院,内蒙古,物理类,2025,本科批,319,79099,
鄂尔多斯应用技术学院,内蒙古,物理类,2025,本科批,319,79099,
七台河职业学院,内蒙古,物理类,2025,高职(专科)批,319,77786,
九江职业大学,内蒙古,物理类,2025,高职(专科)批,318,75446,
濮阳职业技术学院,内蒙古,物理类,2025,高职(专科)批,318,78083,
山东水利职业学院,内蒙古,物理类,2025,高职(专科)批,317,77479,
山东铝业职业学院,内蒙古,物理类,2025,高职(专科)批,317,76001,
辽宁工程职业学院,内蒙古,物理类,2025,高职(专科)批,317,77638,
景德镇陶瓷职业技术学院,内蒙古,物理类,2025,高职(专科)批,316,79430,
烟台汽车工程职业学院,内蒙古,物理类,2025,高职(专科)批,316,76513,
河北北方学院,内蒙古,物理类,2025,本科批,315,79522,
黑龙江职业学院,内蒙古,物理类,2025,高职(专科)批,315,79522,
江西财经职业学院,内蒙古,物理类,2025,高职(专科)批,315,77479,
陕西能源职业技术学院,内蒙古,物理类,2025,高职(专科)批,315,78483,
黑龙江商业职业学院,内蒙古,物理类,2025,高职(专科)批,314,79625,
辽宁机电职业技术学院,内蒙古,物理类,2025,高职(专科)批,314,79625,
贵州民用航空职业学院,内蒙古,物理类,2025,高职(专科)批,314,79625,
河南测绘职业学院,内蒙古,物理类,2025,高职(专科)批,313,77322,
潍坊工商职业学院,内蒙古,物理类,2025,高职(专科)批,313,79721,
天津滨海职业学院,内蒙古,物理类,2025,高职(专科)批,312,79823,
广东南华工商职业学院,内蒙古,物理类,2025,高职(专科)批,312,79823,
云南理工职业学院,内蒙古,物理类,2025,高职(专科)批,312,79823,
河北科技工程职业技术大学,内蒙古,物理类,2025,高职(专科)批,312,77786,
四川城市职业学院,内蒙古,物理类,2025,高职(专科)批,311,79921,
湖北职业技术学院,内蒙古,物理类,2025,高职(专科)批,310,80030,
北京京北职业技术学院,内蒙古,物理类,2025,高职(专科)批,310,80030,
辽宁轻工职业学院,内蒙古,物理类,2025,高职(专科)批,310,80030,
湖南汽车工程职业大学,内蒙古,物理类,2025,高职(专科)提前批,310,80030,
呼和浩特民族学院,内蒙古,物理类,2025,本科批,309,80133,
唐山幼儿师范高等专科学校,内蒙古,物理类,2025,高职(专科)批,309,76689,
湖北生态工程职业技术学院,内蒙古,物理类,2025,高职(专科)批,308,80207,
运城师范高等专科学校,内蒙古,物理类,2025,高职(专科)批,307,79522,
山西工程职业学院,内蒙古,物理类,2025,高职(专科)批,306,80397,
江西环境工程职业学院,内蒙古,物理类,2025,高职(专科)批,305,78606,
大连财经学院,内蒙古,物理类,2025,高职(专科)批,304,77786,
武汉交通职业学院,内蒙古,物理类,2025,高职(专科)批,304,78349,
西南交通大学希望学院,内蒙古,物理类,2025,高职(专科)批,304,80551,
辽宁省交通高等专科学校,内蒙古,物理类,2025,高职(专科)批,303,80638,
渤海理工职业学院,内蒙古,物理类,2025,高职(专科)批,303,80638,
青岛航空科技职业学院,内蒙古,物理类,2025,高职(专科)批,303,80133,
辽宁经济职业技术学院,内蒙古,物理类,2025,高职(专科)批,302,80721,
湖北黄冈应急管理职业技术学院,内蒙古,物理类,2025,高职(专科)批,300,80888,
石家庄科技信息职业学院,内蒙古,物理类,2025,高职(专科)批,300,80888,
重庆海联职业技术学院,内蒙古,物理类,2025,高职(专科)批,300,80888,
辽阳职业技术学院,内蒙古,物理类,2025,高职(专科)批,299,78606,
河北对外经贸职业学院,内蒙古,物理类,2025,高职(专科)批,299,78349,
天津交通职业学院,内蒙古,物理类,2025,高职(专科)批,299,77322,
张家口职业技术学院,内蒙古,物理类,2025,高职(专科)批,299,78858,
广州华立科技职业学院,内蒙古,物理类,2025,高职(专科)批,299,80975,
河北正定师范高等专科学校,内蒙古,物理类,2025,高职(专科)批,299,80975,
黑龙江民族职业学院,内蒙古,物理类,2025,高职(专科)批,299,80975,
湖北城市建设职业技术学院,内蒙古,物理类,2025,高职(专科)批,298,78858,
山东经贸职业学院,内蒙古,物理类,2025,高职(专科)批,298,81053,
周口职业技术学院,内蒙古,物理类,2025,高职(专科)批,297,79721,
济南工程职业技术学院,内蒙古,物理类,2025,高职(专科)批,297,78733,
重庆科技职业学院,内蒙古,物理类,2025,高职(专科)批,297,77934,
石家庄工程职业学院,内蒙古,物理类,2025,高职(专科)批,296,80551,
和君职业学院,内蒙古,物理类,2025,高职(专科)批,296,81208,
宁夏交通职业技术学院,内蒙古,物理类,2025,高职(专科)批,296,81208,
南昌理工学院,内蒙古,物理类,2025,高职(专科)批,295,81293,
山东工程职业技术大学,内蒙古,物理类,2025,高职(专科)批,295,81293,
黄冈职业技术学院,内蒙古,物理类,2025,高职(专科)批,295,81293,
天津城市建设管理职业技术学院,内蒙古,物理类,2025,高职(专科)批,295,78349,
泉州海洋职业学院,内蒙古,物理类,2025,高职(专科)批,295,81293,
石家庄工商职业学院,内蒙古,物理类,2025,高职(专科)批,295,81142,
聊城职业技术学院,内蒙古,物理类,2025,高职(专科)批,294,81142,
北京汇佳职业学院,内蒙古,物理类,2025,高职(专科)批,294,81377,
牡丹江大学,内蒙古,物理类,2025,高职(专科)批,293,77638,
石家庄理工职业学院,内蒙古,物理类,2025,高职(专科)批,293,77786,
阜新高等专科学校,内蒙古,物理类,2025,高职(专科)批,293,80030,
内蒙古警察学院,内蒙古,物理类,2025,高职(专科)提前批,293,81440,
上海工商外国语职业学院,内蒙古,物理类,2025,高职(专科)批,292,81517,
上海思博职业技术学院,内蒙古,物理类,2025,高职(专科)批,292,81517,
天津城市职业学院,内蒙古,物理类,2025,高职(专科)批,292,81517,
濮阳石油化工职业技术学院,内蒙古,物理类,2025,高职(专科)批,291,77934,
山西省财政税务专科学校,内蒙古,物理类,2025,高职(专科)批,290,81652,
盘锦职业技术学院,内蒙古,物理类,2025,高职(专科)批,290,81652,
甘肃畜牧工程职业技术学院,内蒙古,物理类,2025,高职(专科)批,290,78858,
辽宁民族师范高等专科学校,内蒙古,物理类,2025,高职(专科)批,290,78975,
江西交通职业技术学院,内蒙古,物理类,2025,高职(专科)批,289,80721,
河北建材职业技术学院,内蒙古,物理类,2025,高职(专科)批,289,81718,
怀化职业技术学院,内蒙古,物理类,2025,高职(专科)批,289,81517,
新疆生产建设兵团兴新职业技术学院,内蒙古,物理类,2025,高职(专科)批,289,79099,
包头铁道职业技术学院,内蒙古,物理类,2025,高职(专科)批,288,81778,
四川文化传媒职业学院,内蒙古,物理类,2025,高职(专科)批,288,81778,
广西国际商务职业技术学院,内蒙古,物理类,2025,高职(专科)批,288,81778,
甘肃林业职业技术大学,内蒙古,物理类,2025,高职(专科)批,288,81778,
辽宁农业职业技术学院,内蒙古,物理类,2025,高职(专科)批,288,81778,
湖南工程职业技术学院,内蒙古,物理类,2025,高职(专科)批,287,79333,
枣庄职业学院,内蒙古,物理类,2025,高职(专科)批,287,81855,
天府新区航空旅游职业学院,内蒙古,物理类,2025,高职(专科)批,286,78733,
呼和浩特职业技术大学,内蒙古,物理类,2025,高职(专科)批,284,82020,
湖北工业职业技术学院,内蒙古,物理类,2025,高职(专科)批,284,80397,
日照航海工程职业学院,内蒙古,物理类,2025,高职(专科)批,284,80638,
榆林职业技术学院,内蒙古,物理类,2025,高职(专科)批,284,82020,
石家庄城市经济职业学院,内蒙古,物理类,2025,高职(专科)批,283,82070,
哈尔滨科学技术职业学院,内蒙古,物理类,2025,高职(专科)批,283,82070,
江西师范高等专科学校,内蒙古,物理类,2025,高职(专科)批,283,79625,
长春健康职业学院,内蒙古,物理类,2025,高职(专科)批,283,82070,
三亚城市职业学院,内蒙古,物理类,2025,高职(专科)批,282,82124,
山东圣翰财贸职业学院,内蒙古,物理类,2025,高职(专科)批,282,82124,
桂林师范学院,内蒙古,物理类,2025,高职(专科)批,282,82124,
泰山科技学院,内蒙古,物理类,2025,高职(专科)批,282,82124,
长白山职业技术学院,内蒙古,物理类,2025,高职(专科)批,282,81855,
吉林科技职业技术学院,内蒙古,物理类,2025,高职(专科)批,281,80207,
云南国土资源职业学院,内蒙古,物理类,2025,高职(专科)批,280,82235,
酒泉职业技术大学,内蒙古,物理类,2025,高职(专科)批,280,82235,
乌兰察布医学高等专科学校,内蒙古,物理类,2025,高职(专科)批,279,82280,
淄博师范高等专科学校,内蒙古,物理类,2025,高职(专科)批,277,80975,
营口职业技术学院,内蒙古,物理类,2025,高职(专科)批,277,82376,
云南三鑫职业技术学院,内蒙古,物理类,2025,高职(专科)批,277,82376,
兰州外语职业学院,内蒙古,物理类,2025,高职(专科)批,277,82376,
长沙环境保护职业技术学院,内蒙古,物理类,2025,高职(专科)批,276,81652,
桂林信息工程职业学院,内蒙古,物理类,2025,高职(专科)批,276,82427,
桂林生命与健康职业技术学院,内蒙古,物理类,2025,高职(专科)批,276,82427,
上海济光职业技术学院,内蒙古,物理类,2025,高职(专科)批,275,82470,
黑龙江生态工程职业学院,内蒙古,物理类,2025,高职(专科)批,275,82470,
山西林业职业技术学院,内蒙古,物理类,2025,高职(专科)批,274,82124,
银川科技学院,内蒙古,物理类,2025,高职(专科)批,274,82510,
西藏职业技术学院,内蒙古,物理类,2025,高职(专科)批,273,82567,
辽宁广告职业学院,内蒙古,物理类,2025,高职(专科)批,272,81778,
湖南商务职业技术学院,内蒙古,物理类,2025,高职(专科)批,272,79430,
烟台工程职业技术学院,内蒙古,物理类,2025,高职(专科)批,272,80397,
内蒙古体育职业学院,内蒙古,物理类,2025,高职(专科)批,271,81293,
内蒙古商贸职业学院,内蒙古,物理类,2025,高职(专科)批,271,82666,
吉林工程职业学院,内蒙古,物理类,2025,高职(专科)批,271,82666,
天津国土资源和房屋职业学院,内蒙古,物理类,2025,高职(专科)批,271,82666,
武汉生物工程学院,内蒙古,物理类,2025,高职(专科)批,270,82698,
西安培华学院,内蒙古,物理类,2025,高职(专科)批,270,82698,
曲阜远东职业技术学院,内蒙古,物理类,2025,高职(专科)批,270,80030,
海南东方新丝路职业学院,内蒙古,物理类,2025,高职(专科)批,270,81293,
新疆轻工职业技术学院,内蒙古,物理类,2025,高职(专科)批,269,82567,
河北资源环境职业技术学院,内蒙古,物理类,2025,高职(专科)批,268,82235,
苏州百年职业学院,内蒙古,物理类,2025,高职(专科)批,268,79625,
阿克苏工业职业技术学院,内蒙古,物理类,2025,高职(专科)批,268,82774,
大连艺术学院,内蒙古,物理类,2025,高职(专科)批,267,82808,
宿迁职业技术学院,内蒙古,物理类,2025,高职(专科)批,267,81652,
贵州应用技术职业学院,内蒙古,物理类,2025,高职(专科)批,267,82808,
大兴安岭职业学院,内蒙古,物理类,2025,高职(专科)批,265,80030,
黑龙江幼儿师范高等专科学校,内蒙古,物理类,2025,高职(专科)批,265,82470,
天津渤海职业技术学院,内蒙古,物理类,2025,高职(专科)批,264,82918,
鹤岗师范高等专科学校,内蒙古,物理类,2025,高职(专科)批,263,81293,
哈尔滨应用职业技术学院,内蒙古,物理类,2025,高职(专科)批,263,80551,
苏州高博职业学院,内蒙古,物理类,2025,高职(专科)批,263,82948,
阿克苏职业技术学院,内蒙古,物理类,2025,高职(专科)批,261,82235,
烟台南山学院,内蒙古,物理类,2025,高职(专科)批,260,83039,
山东力明科技职业学院,内蒙古,物理类,2025,高职(专科)批,260,83039,
新疆农业职业技术大学,内蒙古,物理类,2025,高职(专科)批,260,78975,
宁夏葡萄酒与防沙治沙职业技术学院,内蒙古,物理类,2025,高职(专科)批,260,81142,
德州职业技术学院,内蒙古,物理类,2025,高职(专科)批,260,81440,
重庆信息技术职业学院,内蒙古,物理类,2025,高职(专科)批,260,83039,
内蒙古丰州职业学院,内蒙古,物理类,2025,高职(专科)批,259,81293,
三亚护理职业学院,内蒙古,物理类,2025,高职(专科)批,259,83060,
河北劳动关系职业学院,内蒙古,物理类,2025,高职(专科)批,259,81377,
齐齐哈尔理工职业学院,内蒙古,物理类,2025,高职(专科)批,258,83093,
四川应用技术职业学院,内蒙古,物理类,2025,高职(专科)批,257,81293,
山东工业职业学院,内蒙古,物理类,2025,高职(专科)批,257,83118,
广西幼儿师范高等专科学校,内蒙古,物理类,2025,高职(专科)批,257,82235,
武汉信息传播职业技术学院,内蒙古,物理类,2025,高职(专科)批,256,83141,
吉林电子信息职业技术学院,内蒙古,物理类,2025,高职(专科)批,255,82666,
柳州城市职业学院,内蒙古,物理类,2025,高职(专科)批,254,83187,
武汉商贸职业学院,内蒙古,物理类,2025,高职(专科)批,253,83206,
淮南职业技术学院,内蒙古,物理类,2025,高职(专科)批,253,83206,
上海中侨职业技术大学,内蒙古,物理类,2025,高职(专科)批,253,83206,
德州工程职业学院,内蒙古,物理类,2025,高职(专科)批,253,83206,
伊春职业学院,内蒙古,物理类,2025,高职(专科)批,252,83218,
天津滨海汽车工程职业学院,内蒙古,物理类,2025,高职(专科)批,252,81440,
山东文化产业职业学院,内蒙古,物理类,2025,高职(专科)批,252,79221,
新疆石河子职业技术学院,内蒙古,物理类,2025,高职(专科)批,252,83218,
大连枫叶职业技术学院,内蒙古,物理类,2025,高职(专科)批,251,82698,
黑龙江能源职业学院,内蒙古,物理类,2025,高职(专科)批,250,80721,
南充科技职业学院,内蒙古,物理类,2025,高职(专科)批,249,83284,
海南科技职业大学,内蒙古,物理类,2025,高职(专科)批,249,83284,
西安汽车职业大学,内蒙古,物理类,2025,高职(专科)批,249,83284,
铁岭师范高等专科学校,内蒙古,物理类,2025,高职(专科)批,249,83284,
西安信息职业大学,内蒙古,物理类,2025,高职(专科)批,248,83302,
抚顺职业技术学院,内蒙古,物理类,2025,高职(专科)批,248,81778,
辽宁何氏医学院,内蒙古,物理类,2025,高职(专科)批,248,81718,
齐齐哈尔高等师范专科学校,内蒙古,物理类,2025,高职(专科)批,247,79625,
天津天狮学院,内蒙古,物理类,2025,高职(专科)批,247,83258,
广东肇庆航空职业学院,内蒙古,物理类,2025,高职(专科)批,246,83334,
长春东方职业学院,内蒙古,物理类,2025,高职(专科)批,245,80296,
济源职业技术学院,内蒙古,物理类,2025,高职(专科)批,245,82020,
石家庄医学高等专科学校,内蒙古,物理类,2025,高职(专科)批,244,83373,
广西生态工程职业技术学院,内蒙古,物理类,2025,高职(专科)批,244,81855,
江西新能源科技职业学院,内蒙古,物理类,2025,高职(专科)批,244,79721,
白银矿冶职业技术学院,内蒙古,物理类,2025,高职(专科)批,243,83387,
可克达拉职业技术学院,内蒙古,物理类,2025,高职(专科)批,242,80030,
青岛恒星科技学院,内蒙古,物理类,2025,高职(专科)批,242,83373,
大连航运职业技术学院,内蒙古,物理类,2025,高职(专科)批,240,83258,
重庆现代制造职业学院,内蒙古,物理类,2025,高职(专科)批,240,81142,
西安交通工程学院,内蒙古,物理类,2025,高职(专科)批,239,81778,
甘肃建筑职业技术学院,内蒙古,物理类,2025,高职(专科)批,237,82124,
西安城市建设职业学院,内蒙古,物理类,2025,高职(专科)批,236,83483,
内蒙古科技职业学院,内蒙古,物理类,2025,高职(专科)批,235,82124,
广西自然资源职业技术学院,内蒙古,物理类,2025,高职(专科)批,235,83206,
内蒙古美术职业学院,内蒙古,物理类,2025,高职(专科)批,232,80133,
内蒙古能源职业学院,内蒙古,物理类,2025,高职(专科)批,232,83527,
宝鸡中北职业学院,内蒙古,物理类,2025,高职(专科)批,232,83527,
大连东软信息学院,内蒙古,物理类,2025,高职(专科)批,231,80888,
辽宁生态工程职业学院,内蒙古,物理类,2025,高职(专科)批,231,83539,
四川西南航空职业学院,内蒙古,物理类,2025,高职(专科)批,230,83550,
辽宁传媒学院,内蒙古,物理类,2025,高职(专科)批,230,81976,
邢台新能源职业学院,内蒙古,物理类,2025,高职(专科)批,230,83550,
海南职业技术学院,内蒙古,物理类,2025,高职(专科)批,228,83565,
上海邦德职业技术学院,内蒙古,物理类,2025,高职(专科)批,228,80030,
西安海棠职业学院,内蒙古,物理类,2025,高职(专科)批,228,80133,
内蒙古鸿德文理学院,内蒙古,物理类,2025,高职(专科)批,226,82176,
松原职业技术学院,内蒙古,物理类,2025,高职(专科)批,226,83583,
内蒙古机电职业技术学院,内蒙古,物理类,2025,高职(专科)批,225,83596,
新疆和田学院,内蒙古,物理类,2025,高职(专科)批,225,83596,
满洲里俄语职业学院,内蒙古,物理类,2025,高职(专科)批,225,80975,
绵阳飞行职业学院,内蒙古,物理类,2025,高职(专科)批,225,83472,
辽宁建筑职业学院,内蒙古,物理类,2025,高职(专科)批,225,80551,
铜川职业技术学院,内蒙古,物理类,2025,高职(专科)批,225,80133,
南昌工学院,内蒙古,物理类,2025,高职(专科)批,224,83601,
枣庄科技职业学院,内蒙古,物理类,2025,高职(专科)批,224,82615,
江西建设职业技术学院,内蒙古,物理类,2025,高职(专科)批,223,83609,
吐鲁番职业技术学院,内蒙古,物理类,2025,高职(专科)批,222,83616,
湖北三峡职业技术学院,内蒙古,物理类,2025,高职(专科)批,220,82567,
三亚航空旅游职业学院,内蒙古,物理类,2025,高职(专科)批,219,81142,
乌海职业技术学院,内蒙古,物理类,2025,高职(专科)批,215,83656,
阿拉善职业技术学院,内蒙古,物理类,2025,高职(专科)批,214,81293,
西安外事学院,内蒙古,物理类,2025,高职(专科)批,213,83663,
内蒙古北方职业技术学院,内蒙古,物理类,2025,高职(专科)批,213,83663,
重庆轻工职业学院,内蒙古,物理类,2025,高职(专科)批,213,83663,
北京经济技术职业学院,内蒙古,物理类,2025,高职(专科)批,212,83093,
兰州现代职业学院,内蒙古,物理类,2025,高职(专科)批,211,80133,
辽宁现代服务职业技术学院,内蒙古,物理类,2025,高职(专科)批,210,83674,
青岛黄海学院,内蒙古,物理类,2025,高职(专科)批,209,82977,
长春科技学院,内蒙古,物理类,2025,高职(专科)批,207,80551,
内蒙古建筑职业技术大学,内蒙古,物理类,2025,高职(专科)批,206,83696,
克孜勒苏职业技术学院,内蒙古,物理类,2025,高职(专科)批,206,80975,
烟台黄金职业学院,内蒙古,物理类,2025,高职(专科)批,206,83397,
贵州工商职业学院,内蒙古,物理类,2025,高职(专科)批,206,79625,
金肯职业技术学院,内蒙古,物理类,2025,高职(专科)批,204,83701,
黑龙江旅游职业技术学院,内蒙古,物理类,2025,高职(专科)批,203,83704,
扎兰屯职业学院,内蒙古,物理类,2025,高职(专科)批,202,83708,
乌兰察布职业学院,内蒙古,物理类,2025,高职(专科)批,201,81517,
包头轻工职业技术学院,内蒙古,物理类,2025,高职(专科)批,200,83716,
吉林职业技术学院,内蒙古,物理类,2025,高职(专科)批,199,,
赤峰应用技术职业学院,内蒙古,物理类,2025,高职(专科)批,199,,
武汉工商学院,内蒙古,物理类,2025,高职(专科)批,198,,
内蒙古交通职业技术学院,内蒙古,物理类,2025,高职(专科)批,197,,
呼伦贝尔职业技术学院,内蒙古,物理类,2025,高职(专科)批,197,,
新疆职业大学,内蒙古,物理类,2025,高职(专科)批,196,,
内蒙古电子信息职业技术学院,内蒙古,物理类,2025,高职(专科)批,192,,
山东城市建设职业学院,内蒙古,物理类,2025,高职(专科)批,192,,
石嘴山工贸职业技术学院,内蒙古,物理类,2025,高职(专科)批,192,,
包头职业技术学院,内蒙古,物理类,2025,高职(专科)批,189,,
内蒙古化工职业学院,内蒙古,物理类,2025,高职(专科)批,189,,
海口经济学院,内蒙古,物理类,2025,高职(专科)批,189,,
昆玉职业技术学院,内蒙古,物理类,2025,高职(专科)批,186,,
黑龙江林业职业技术学院,内蒙古,物理类,2025,高职(专科)批,184,,
兴安职业技术大学,内蒙古,物理类,2025,高职(专科)批,184,,
通辽职业学院,内蒙古,物理类,2025,高职(专科)批,184,,
鄂尔多斯职业学院,内蒙古,物理类,2025,高职(专科)批,184,,
北京经贸职业学院,内蒙古,物理类,2025,高职(专科)批,182,,
四川国际标榜职业学院,内蒙古,物理类,2025,高职(专科)批,181,,
内蒙古民族幼儿师范高等专科学校,内蒙古,物理类,2025,高职(专科)批,178,,
长春信息技术职业学院,内蒙古,物理类,2025,高职(专科)批,178,,
科尔沁艺术职业学院,内蒙古,物理类,2025,高职(专科)批,177,,
德阳城市轨道交通职业学院,内蒙古,物理类,2025,高职(专科)批,177,,
北京培黎职业学院,内蒙古,物理类,2025,高职(专科)批,176,,
赤峰工业职业技术学院,内蒙古,物理类,2025,高职(专科)批,174,,
辽源职业技术学院,内蒙古,物理类,2025,高职(专科)批,172,,
包头钢铁职业技术学院,内蒙古,物理类,2025,高职(专科)批,172,,
鄂尔多斯生态环境职业学院,内蒙古,物理类,2025,高职(专科)批,163,,
锡林郭勒职业学院,内蒙古,物理类,2025,高职(专科)批,156,,
