prov_id,year,track,batch,group,uni_name,uni_raw,min_score,min_rank,plan,source,fetched_at
henan,2025,his,专科批,（101）,张家口学院,张家口学院,505,,4,https://hf-mirror.com/datasets/choucsan/Gaokao-Compass-11M/resolve/main/data/2025/henan/school-admission.csv,2026-09-20T06:33:22+00:00
henan,2025,his,专科批,（106）,江西医学高等专科学校,江西医学高等专科学校,468,,0,https://hf-mirror.com/datasets/choucsan/Gaokao-Compass-11M/resolve/main/data/2025/henan/school-admission.csv,2026-09-20T06:33:22+00:00
henan,2025,his,专科批,（101）,河南理工大学,河南理工大学,469,,0,https://hf-mirror.com/datasets/choucsan/Gaokao-Compass-11M/resolve/main/data/2025/henan/school-admission.csv,2026-09-20T06:33:22+00:00
henan,2025,his,专科批,（101）,平顶山学院,平顶山学院,453,,0,https://hf-mirror.com/datasets/choucsan/Gaokao-Compass-11M/resolve/main/data/2025/henan/school-admission.csv,2026-09-20T06:33:22+00:00
henan,2025,his,专科批,（102）,信阳农林学院,信阳农林学院,437,,343,https://hf-mirror.com/datasets/choucsan/Gaokao-Compass-11M/resolve/main/data/2025/henan/school-admission.csv,2026-09-20T06:33:22+00:00
henan,2025,his,专科批,（101）,新乡学院,新乡学院,461,,0,https://hf-mirror.com/datasets/choucsan/Gaokao-Compass-11M/resolve/main/data/2025/henan/school-admission.csv,2026-09-20T06:33:22+00:00
henan,2025,his,专科批,首选历史，再选不限,河南水利与环境职业学院,河南水利与环境职业学院,315,,2085,https://hf-mirror.com/datasets/choucsan/Gaokao-Compass-11M/resolve/main/data/2025/henan/school-admission.csv,2026-09-20T06:33:22+00:00
henan,2025,his,专科批,（101）,商丘工学院,商丘工学院,314,,175,https://hf-mirror.com/datasets/choucsan/Gaokao-Compass-11M/resolve/main/data/2025/henan/school-admission.csv,2026-09-20T06:33:22+00:00
henan,2025,his,专科批,（101）,黄河交通学院,黄河交通学院,328,,0,https://hf-mirror.com/datasets/choucsan/Gaokao-Compass-11M/resolve/main/data/2025/henan/school-admission.csv,2026-09-20T06:33:22+00:00
henan,2025,his,专科批,首选历史，再选不限,郑州幼儿师范高等专科学校,郑州幼儿师范高等专科学校,287,,0,https://hf-mirror.com/datasets/choucsan/Gaokao-Compass-11M/resolve/main/data/2025/henan/school-admission.csv,2026-09-20T06:33:22+00:00
henan,2025,his,专科批,（201）,郑州工程技术学院,郑州工程技术学院,329,,0,https://hf-mirror.com/datasets/choucsan/Gaokao-Compass-11M/resolve/main/data/2025/henan/school-admission.csv,2026-09-20T06:33:22+00:00
henan,2025,his,专科批,（101）,河南司法警官职业学院,河南司法警官职业学院,436,,0,https://hf-mirror.com/datasets/choucsan/Gaokao-Compass-11M/resolve/main/data/2025/henan/school-admission.csv,2026-09-20T06:33:22+00:00
henan,2025,his,专科批,首选历史，再选不限,濮阳职业技术学院,濮阳职业技术学院,279,,1182,https://hf-mirror.com/datasets/choucsan/Gaokao-Compass-11M/resolve/main/data/2025/henan/school-admission.csv,2026-09-20T06:33:22+00:00
henan,2025,his,专科批,（101）,许昌职业技术学院,许昌职业技术学院,447,,0,https://hf-mirror.com/datasets/choucsan/Gaokao-Compass-11M/resolve/main/data/2025/henan/school-admission.csv,2026-09-20T06:33:22+00:00
henan,2025,his,专科批,首选历史，再选不限,郑州旅游职业学院,郑州旅游职业学院,299,,2027,https://hf-mirror.com/datasets/choucsan/Gaokao-Compass-11M/resolve/main/data/2025/henan/school-admission.csv,2026-09-20T06:33:22+00:00
henan,2025,his,专科批,（102）,郑州旅游职业学院,郑州旅游职业学院,227,,2,https://hf-mirror.com/datasets/choucsan/Gaokao-Compass-11M/resolve/main/data/2025/henan/school-admission.csv,2026-09-20T06:33:22+00:00
henan,2025,his,专科批,（101）,信阳职业技术学院,信阳职业技术学院,376,,2473,https://hf-mirror.com/datasets/choucsan/Gaokao-Compass-11M/resolve/main/data/2025/henan/school-admission.csv,2026-09-20T06:33:22+00:00
henan,2025,his,专科批,（101）,新乡职业技术学院,新乡职业技术学院,374,,0,https://hf-mirror.com/datasets/choucsan/Gaokao-Compass-11M/resolve/main/data/2025/henan/school-admission.csv,2026-09-20T06:33:22+00:00
henan,2025,his,专科批,首选历史，再选不限,安阳职业技术学院,安阳职业技术学院,383,,0,https://hf-mirror.com/datasets/choucsan/Gaokao-Compass-11M/resolve/main/data/2025/henan/school-admission.csv,2026-09-20T06:33:22+00:00
henan,2025,his,专科批,首选历史，再选不限,河南医学高等专科学校,河南医学高等专科学校,360,,0,https://hf-mirror.com/datasets/choucsan/Gaokao-Compass-11M/resolve/main/data/2025/henan/school-admission.csv,2026-09-20T06:33:22+00:00
henan,2025,his,专科批,（101）,郑州智能科技职业学院,郑州智能科技职业学院,161,,0,https://hf-mirror.com/datasets/choucsan/Gaokao-Compass-11M/resolve/main/data/2025/henan/school-admission.csv,2026-09-20T06:33:22+00:00
henan,2025,his,专科批,（101）,郑州财税金融职业学院,郑州财税金融职业学院,421,,0,https://hf-mirror.com/datasets/choucsan/Gaokao-Compass-11M/resolve/main/data/2025/henan/school-admission.csv,2026-09-20T06:33:22+00:00
henan,2025,his,专科批,首选历史，再选不限,南阳农业职业学院,南阳农业职业学院,309,,1366,https://hf-mirror.com/datasets/choucsan/Gaokao-Compass-11M/resolve/main/data/2025/henan/school-admission.csv,2026-09-20T06:33:22+00:00
henan,2025,his,专科批,（101）,河南推拿职业学院,河南推拿职业学院,416,,501,https://hf-mirror.com/datasets/choucsan/Gaokao-Compass-11M/resolve/main/data/2025/henan/school-admission.csv,2026-09-20T06:33:22+00:00
henan,2025,his,专科批,（101）,新乡工程学院,新乡工程学院,162,,0,https://hf-mirror.com/datasets/choucsan/Gaokao-Compass-11M/resolve/main/data/2025/henan/school-admission.csv,2026-09-20T06:33:22+00:00
henan,2025,his,专科批,（101）,郑州经贸学院,郑州经贸学院,413,,0,https://hf-mirror.com/datasets/choucsan/Gaokao-Compass-11M/resolve/main/data/2025/henan/school-admission.csv,2026-09-20T06:33:22+00:00
henan,2025,his,专科批,（101）,郑州卫生健康职业学院,郑州卫生健康职业学院,394,,0,https://hf-mirror.com/datasets/choucsan/Gaokao-Compass-11M/resolve/main/data/2025/henan/school-admission.csv,2026-09-20T06:33:22+00:00
henan,2025,his,专科批,（101）,温州商学院,温州商学院,350,,10,https://hf-mirror.com/datasets/choucsan/Gaokao-Compass-11M/resolve/main/data/2025/henan/school-admission.csv,2026-09-20T06:33:22+00:00
henan,2025,his,专科批,（101）,西安明德理工学院,西安明德理工学院,397,,0,https://hf-mirror.com/datasets/choucsan/Gaokao-Compass-11M/resolve/main/data/2025/henan/school-admission.csv,2026-09-20T06:33:22+00:00
henan,2025,his,专科批,（101）,大连艺术学院,大连艺术学院,209,,0,https://hf-mirror.com/datasets/choucsan/Gaokao-Compass-11M/resolve/main/data/2025/henan/school-admission.csv,2026-09-20T06:33:22+00:00
henan,2025,his,专科批,（102）,长春科技学院,长春科技学院,339,,0,https://hf-mirror.com/datasets/choucsan/Gaokao-Compass-11M/resolve/main/data/2025/henan/school-admission.csv,2026-09-20T06:33:22+00:00
henan,2025,his,专科批,（101）,大连科技学院,大连科技学院,300,,0,https://hf-mirror.com/datasets/choucsan/Gaokao-Compass-11M/resolve/main/data/2025/henan/school-admission.csv,2026-09-20T06:33:22+00:00
henan,2025,his,专科批,（101）,大连东软信息学院,大连东软信息学院,236,,0,https://hf-mirror.com/datasets/choucsan/Gaokao-Compass-11M/resolve/main/data/2025/henan/school-admission.csv,2026-09-20T06:33:22+00:00
henan,2025,his,专科批,（101）,山西工程科技职业大学,山西工程科技职业大学,449,,5,https://hf-mirror.com/datasets/choucsan/Gaokao-Compass-11M/resolve/main/data/2025/henan/school-admission.csv,2026-09-20T06:33:22+00:00
henan,2025,his,专科批,（102）,辽宁民族师范高等专科学校,辽宁民族师范高等专科学校,334,,0,https://hf-mirror.com/datasets/choucsan/Gaokao-Compass-11M/resolve/main/data/2025/henan/school-admission.csv,2026-09-20T06:33:22+00:00
henan,2025,his,专科批,（101）,长春汽车职业技术大学,长春汽车职业技术大学,324,,30,https://hf-mirror.com/datasets/choucsan/Gaokao-Compass-11M/resolve/main/data/2025/henan/school-admission.csv,2026-09-20T06:33:22+00:00
henan,2025,his,专科批,（101）,哈尔滨幼儿师范高等专科学校,哈尔滨幼儿师范高等专科学校,329,,0,https://hf-mirror.com/datasets/choucsan/Gaokao-Compass-11M/resolve/main/data/2025/henan/school-admission.csv,2026-09-20T06:33:22+00:00
henan,2025,his,专科批,（101）,长春金融高等专科学校,长春金融高等专科学校,389,,33,https://hf-mirror.com/datasets/choucsan/Gaokao-Compass-11M/resolve/main/data/2025/henan/school-admission.csv,2026-09-20T06:33:22+00:00
henan,2025,his,专科批,首选历史，再选不限,上海旅游高等专科学校,上海旅游高等专科学校,416,,26,https://hf-mirror.com/datasets/choucsan/Gaokao-Compass-11M/resolve/main/data/2025/henan/school-admission.csv,2026-09-20T06:33:22+00:00
henan,2025,his,专科批,（101）,镇江市高等专科学校,镇江市高等专科学校,461,,10,https://hf-mirror.com/datasets/choucsan/Gaokao-Compass-11M/resolve/main/data/2025/henan/school-admission.csv,2026-09-20T06:33:22+00:00
henan,2025,his,专科批,（101）,江苏城市职业学院,江苏城市职业学院,465,,0,https://hf-mirror.com/datasets/choucsan/Gaokao-Compass-11M/resolve/main/data/2025/henan/school-admission.csv,2026-09-20T06:33:22+00:00
henan,2025,his,专科批,（101）,合肥幼儿师范高等专科学校,合肥幼儿师范高等专科学校,444,,0,https://hf-mirror.com/datasets/choucsan/Gaokao-Compass-11M/resolve/main/data/2025/henan/school-admission.csv,2026-09-20T06:33:22+00:00
henan,2025,his,专科批,（101）,安徽第二医学院,安徽第二医学院,497,,4,https://hf-mirror.com/datasets/choucsan/Gaokao-Compass-11M/resolve/main/data/2025/henan/school-admission.csv,2026-09-20T06:33:22+00:00
henan,2025,his,专科批,（101）,安徽中医药高等专科学校,安徽中医药高等专科学校,443,,8,https://hf-mirror.com/datasets/choucsan/Gaokao-Compass-11M/resolve/main/data/2025/henan/school-admission.csv,2026-09-20T06:33:22+00:00
henan,2025,his,专科批,（101）,桐城师范高等专科学校,桐城师范高等专科学校,454,,0,https://hf-mirror.com/datasets/choucsan/Gaokao-Compass-11M/resolve/main/data/2025/henan/school-admission.csv,2026-09-20T06:33:22+00:00
henan,2025,his,专科批,（201）,徐州幼儿师范高等专科学校,徐州幼儿师范高等专科学校,271,,0,https://hf-mirror.com/datasets/choucsan/Gaokao-Compass-11M/resolve/main/data/2025/henan/school-admission.csv,2026-09-20T06:33:22+00:00
henan,2025,his,专科批,（101）,汉江师范学院,汉江师范学院,486,,13,https://hf-mirror.com/datasets/choucsan/Gaokao-Compass-11M/resolve/main/data/2025/henan/school-admission.csv,2026-09-20T06:33:22+00:00
henan,2025,his,专科批,（101）,广西体育高等专科学校,广西体育高等专科学校,336,,0,https://hf-mirror.com/datasets/choucsan/Gaokao-Compass-11M/resolve/main/data/2025/henan/school-admission.csv,2026-09-20T06:33:22+00:00
henan,2025,his,专科批,（102）,曲靖健康医学院,曲靖健康医学院,466,,2,https://hf-mirror.com/datasets/choucsan/Gaokao-Compass-11M/resolve/main/data/2025/henan/school-admission.csv,2026-09-20T06:33:22+00:00
henan,2025,his,专科批,（102）,楚雄医药高等专科学校,楚雄医药高等专科学校,432,,3,https://hf-mirror.com/datasets/choucsan/Gaokao-Compass-11M/resolve/main/data/2025/henan/school-admission.csv,2026-09-20T06:33:22+00:00
henan,2025,his,专科批,首选历史，再选不限,抚州医药学院,抚州医药学院,467,,0,https://hf-mirror.com/datasets/choucsan/Gaokao-Compass-11M/resolve/main/data/2025/henan/school-admission.csv,2026-09-20T06:33:22+00:00
henan,2025,his,专科批,首选历史，再选不限,石家庄幼儿师范高等专科学校,石家庄幼儿师范高等专科学校,435,,6,https://hf-mirror.com/datasets/choucsan/Gaokao-Compass-11M/resolve/main/data/2025/henan/school-admission.csv,2026-09-20T06:33:22+00:00
henan,2025,his,专科批,（101）,上海南湖职业技术学院,上海南湖职业技术学院,450,,0,https://hf-mirror.com/datasets/choucsan/Gaokao-Compass-11M/resolve/main/data/2025/henan/school-admission.csv,2026-09-20T06:33:22+00:00
henan,2025,his,专科批,（101）,重庆工信职业学院,重庆工信职业学院,406,,40,https://hf-mirror.com/datasets/choucsan/Gaokao-Compass-11M/resolve/main/data/2025/henan/school-admission.csv,2026-09-20T06:33:22+00:00
henan,2025,his,专科批,（101）,烟台城市科技职业学院,烟台城市科技职业学院,304,,0,https://hf-mirror.com/datasets/choucsan/Gaokao-Compass-11M/resolve/main/data/2025/henan/school-admission.csv,2026-09-20T06:33:22+00:00
henan,2025,his,专科批,（101）,上海杉达学院,上海杉达学院,425,,0,https://hf-mirror.com/datasets/choucsan/Gaokao-Compass-11M/resolve/main/data/2025/henan/school-admission.csv,2026-09-20T06:33:22+00:00
henan,2025,his,专科批,首选历史，再选不限,齐鲁医药学院,齐鲁医药学院,407,,0,https://hf-mirror.com/datasets/choucsan/Gaokao-Compass-11M/resolve/main/data/2025/henan/school-admission.csv,2026-09-20T06:33:22+00:00
henan,2025,his,专科批,（102）,河北化工医药职业技术学院,河北化工医药职业技术学院,426,,6,https://hf-mirror.com/datasets/choucsan/Gaokao-Compass-11M/resolve/main/data/2025/henan/school-admission.csv,2026-09-20T06:33:22+00:00
henan,2025,his,专科批,（101）,广州职业技术大学,广州职业技术大学,458,,40,https://hf-mirror.com/datasets/choucsan/Gaokao-Compass-11M/resolve/main/data/2025/henan/school-admission.csv,2026-09-20T06:33:22+00:00
henan,2025,his,专科批,（101）,唐山幼儿师范高等专科学校,唐山幼儿师范高等专科学校,448,,5,https://hf-mirror.com/datasets/choucsan/Gaokao-Compass-11M/resolve/main/data/2025/henan/school-admission.csv,2026-09-20T06:33:22+00:00
henan,2025,his,专科批,（101）,河北软件职业技术学院,河北软件职业技术学院,440,,0,https://hf-mirror.com/datasets/choucsan/Gaokao-Compass-11M/resolve/main/data/2025/henan/school-admission.csv,2026-09-20T06:33:22+00:00
henan,2025,his,专科批,（101）,河北交通职业技术学院,河北交通职业技术学院,420,,0,https://hf-mirror.com/datasets/choucsan/Gaokao-Compass-11M/resolve/main/data/2025/henan/school-admission.csv,2026-09-20T06:33:22+00:00
henan,2025,his,专科批,（101）,河北轨道运输职业技术学院,河北轨道运输职业技术学院,465,,0,https://hf-mirror.com/datasets/choucsan/Gaokao-Compass-11M/resolve/main/data/2025/henan/school-admission.csv,2026-09-20T06:33:22+00:00
henan,2025,his,专科批,首选历史，再选不限,盘锦职业技术学院,盘锦职业技术学院,341,,0,https://hf-mirror.com/datasets/choucsan/Gaokao-Compass-11M/resolve/main/data/2025/henan/school-admission.csv,2026-09-20T06:33:22+00:00
henan,2025,his,专科批,（101）,大连职业技术学院,大连职业技术学院,416,,0,https://hf-mirror.com/datasets/choucsan/Gaokao-Compass-11M/resolve/main/data/2025/henan/school-admission.csv,2026-09-20T06:33:22+00:00
henan,2025,his,专科批,（101）,渤海船舶职业学院,渤海船舶职业学院,445,,0,https://hf-mirror.com/datasets/choucsan/Gaokao-Compass-11M/resolve/main/data/2025/henan/school-admission.csv,2026-09-20T06:33:22+00:00
henan,2025,his,专科批,（101）,长春职业技术大学,长春职业技术大学,395,,0,https://hf-mirror.com/datasets/choucsan/Gaokao-Compass-11M/resolve/main/data/2025/henan/school-admission.csv,2026-09-20T06:33:22+00:00
henan,2025,his,专科批,（101）,苏州卫生职业技术学院,苏州卫生职业技术学院,496,,0,https://hf-mirror.com/datasets/choucsan/Gaokao-Compass-11M/resolve/main/data/2025/henan/school-admission.csv,2026-09-20T06:33:22+00:00
henan,2025,his,专科批,（101）,浙江横店影视职业学院,浙江横店影视职业学院,353,,0,https://hf-mirror.com/datasets/choucsan/Gaokao-Compass-11M/resolve/main/data/2025/henan/school-admission.csv,2026-09-20T06:33:22+00:00
henan,2025,his,专科批,首选历史，再选不限,重庆财经职业学院,重庆财经职业学院,420,,0,https://hf-mirror.com/datasets/choucsan/Gaokao-Compass-11M/resolve/main/data/2025/henan/school-admission.csv,2026-09-20T06:33:22+00:00
henan,2025,his,专科批,（101）,伊春职业学院,伊春职业学院,345,,62,https://hf-mirror.com/datasets/choucsan/Gaokao-Compass-11M/resolve/main/data/2025/henan/school-admission.csv,2026-09-20T06:33:22+00:00
henan,2025,his,专科批,（101）,黑龙江农业工程职业学院,黑龙江农业工程职业学院,396,,0,https://hf-mirror.com/datasets/choucsan/Gaokao-Compass-11M/resolve/main/data/2025/henan/school-admission.csv,2026-09-20T06:33:22+00:00
henan,2025,his,专科批,（101）,黑龙江农垦职业学院,黑龙江农垦职业学院,380,,87,https://hf-mirror.com/datasets/choucsan/Gaokao-Compass-11M/resolve/main/data/2025/henan/school-admission.csv,2026-09-20T06:33:22+00:00
henan,2025,his,专科批,（101）,厦门城市职业学院,厦门城市职业学院,444,,0,https://hf-mirror.com/datasets/choucsan/Gaokao-Compass-11M/resolve/main/data/2025/henan/school-admission.csv,2026-09-20T06:33:22+00:00
henan,2025,his,专科批,（101）,山东商务职业学院,山东商务职业学院,362,,35,https://hf-mirror.com/datasets/choucsan/Gaokao-Compass-11M/resolve/main/data/2025/henan/school-admission.csv,2026-09-20T06:33:22+00:00
henan,2025,his,专科批,首选历史，再选不限,上海行健职业学院,上海行健职业学院,405,,0,https://hf-mirror.com/datasets/choucsan/Gaokao-Compass-11M/resolve/main/data/2025/henan/school-admission.csv,2026-09-20T06:33:22+00:00
henan,2025,his,专科批,（101）,上海交通职业技术学院,上海交通职业技术学院,445,,0,https://hf-mirror.com/datasets/choucsan/Gaokao-Compass-11M/resolve/main/data/2025/henan/school-admission.csv,2026-09-20T06:33:22+00:00
henan,2025,his,专科批,（101）,上海农林职业技术学院,上海农林职业技术学院,454,,0,https://hf-mirror.com/datasets/choucsan/Gaokao-Compass-11M/resolve/main/data/2025/henan/school-admission.csv,2026-09-20T06:33:22+00:00
henan,2025,his,专科批,（101）,上海工商职业技术学院,上海工商职业技术学院,295,,0,https://hf-mirror.com/datasets/choucsan/Gaokao-Compass-11M/resolve/main/data/2025/henan/school-admission.csv,2026-09-20T06:33:22+00:00
henan,2025,his,专科批,（101）,上海邦德职业技术学院,上海邦德职业技术学院,288,,0,https://hf-mirror.com/datasets/choucsan/Gaokao-Compass-11M/resolve/main/data/2025/henan/school-admission.csv,2026-09-20T06:33:22+00:00
henan,2025,his,专科批,（101）,上海东海职业技术学院,上海东海职业技术学院,287,,0,https://hf-mirror.com/datasets/choucsan/Gaokao-Compass-11M/resolve/main/data/2025/henan/school-admission.csv,2026-09-20T06:33:22+00:00
henan,2025,his,专科批,（101）,上海工商外国语职业学院,上海工商外国语职业学院,328,,0,https://hf-mirror.com/datasets/choucsan/Gaokao-Compass-11M/resolve/main/data/2025/henan/school-admission.csv,2026-09-20T06:33:22+00:00
henan,2025,his,专科批,（102）,上海现代化工职业学院,上海现代化工职业学院,433,,0,https://hf-mirror.com/datasets/choucsan/Gaokao-Compass-11M/resolve/main/data/2025/henan/school-admission.csv,2026-09-20T06:33:22+00:00
henan,2025,his,专科批,（101）,连云港职业技术学院,连云港职业技术学院,440,,0,https://hf-mirror.com/datasets/choucsan/Gaokao-Compass-11M/resolve/main/data/2025/henan/school-admission.csv,2026-09-20T06:33:22+00:00
henan,2025,his,专科批,（103）,江苏工程职业技术学院,江苏工程职业技术学院,477,,2,https://hf-mirror.com/datasets/choucsan/Gaokao-Compass-11M/resolve/main/data/2025/henan/school-admission.csv,2026-09-20T06:33:22+00:00
henan,2025,his,专科批,（101）,南京机电职业技术学院,南京机电职业技术学院,465,,0,https://hf-mirror.com/datasets/choucsan/Gaokao-Compass-11M/resolve/main/data/2025/henan/school-admission.csv,2026-09-20T06:33:22+00:00
henan,2025,his,专科批,首选历史，再选不限,江苏电子信息职业学院,江苏电子信息职业学院,443,,0,https://hf-mirror.com/datasets/choucsan/Gaokao-Compass-11M/resolve/main/data/2025/henan/school-admission.csv,2026-09-20T06:33:22+00:00
henan,2025,his,专科批,（101）,常州机电职业技术学院,常州机电职业技术学院,473,,17,https://hf-mirror.com/datasets/choucsan/Gaokao-Compass-11M/resolve/main/data/2025/henan/school-admission.csv,2026-09-20T06:33:22+00:00
henan,2025,his,专科批,（101）,浙江同济科技职业学院,浙江同济科技职业学院,463,,15,https://hf-mirror.com/datasets/choucsan/Gaokao-Compass-11M/resolve/main/data/2025/henan/school-admission.csv,2026-09-20T06:33:22+00:00
henan,2025,his,专科批,（101）,浙江邮电职业技术学院,浙江邮电职业技术学院,495,,2,https://hf-mirror.com/datasets/choucsan/Gaokao-Compass-11M/resolve/main/data/2025/henan/school-admission.csv,2026-09-20T06:33:22+00:00
henan,2025,his,专科批,（101）,浙江安防职业技术学院,浙江安防职业技术学院,436,,0,https://hf-mirror.com/datasets/choucsan/Gaokao-Compass-11M/resolve/main/data/2025/henan/school-admission.csv,2026-09-20T06:33:22+00:00
henan,2025,his,专科批,（101）,杭州职业技术大学,杭州职业技术大学,505,,0,https://hf-mirror.com/datasets/choucsan/Gaokao-Compass-11M/resolve/main/data/2025/henan/school-admission.csv,2026-09-20T06:33:22+00:00
henan,2025,his,专科批,（101）,义乌工商职业技术学院,义乌工商职业技术学院,445,,0,https://hf-mirror.com/datasets/choucsan/Gaokao-Compass-11M/resolve/main/data/2025/henan/school-admission.csv,2026-09-20T06:33:22+00:00
henan,2025,his,专科批,（102）,浙江交通职业技术学院,浙江交通职业技术学院,475,,0,https://hf-mirror.com/datasets/choucsan/Gaokao-Compass-11M/resolve/main/data/2025/henan/school-admission.csv,2026-09-20T06:33:22+00:00
henan,2025,his,专科批,（102）,浙江机电职业技术大学,浙江机电职业技术大学,470,,0,https://hf-mirror.com/datasets/choucsan/Gaokao-Compass-11M/resolve/main/data/2025/henan/school-admission.csv,2026-09-20T06:33:22+00:00
henan,2025,his,专科批,（101）,浙江工业职业技术学院,浙江工业职业技术学院,443,,35,https://hf-mirror.com/datasets/choucsan/Gaokao-Compass-11M/resolve/main/data/2025/henan/school-admission.csv,2026-09-20T06:33:22+00:00
henan,2025,his,专科批,首选历史，再选不限,浙江建设职业技术学院,浙江建设职业技术学院,453,,0,https://hf-mirror.com/datasets/choucsan/Gaokao-Compass-11M/resolve/main/data/2025/henan/school-admission.csv,2026-09-20T06:33:22+00:00
henan,2025,his,专科批,（101）,浙江商业职业技术学院,浙江商业职业技术学院,467,,20,https://hf-mirror.com/datasets/choucsan/Gaokao-Compass-11M/resolve/main/data/2025/henan/school-admission.csv,2026-09-20T06:33:22+00:00
henan,2025,his,专科批,首选历史，再选不限,浙江经贸职业技术学院,浙江经贸职业技术学院,463,,30,https://hf-mirror.com/datasets/choucsan/Gaokao-Compass-11M/resolve/main/data/2025/henan/school-admission.csv,2026-09-20T06:33:22+00:00
henan,2025,his,专科批,（101）,重庆化工职业学院,重庆化工职业学院,414,,10,https://hf-mirror.com/datasets/choucsan/Gaokao-Compass-11M/resolve/main/data/2025/henan/school-admission.csv,2026-09-20T06:33:22+00:00
henan,2025,his,专科批,首选历史，再选不限,枣庄职业学院,枣庄职业学院,391,,15,https://hf-mirror.com/datasets/choucsan/Gaokao-Compass-11M/resolve/main/data/2025/henan/school-admission.csv,2026-09-20T06:33:22+00:00
henan,2025,his,专科批,（101）,江西机电职业技术学院,江西机电职业技术学院,409,,18,https://hf-mirror.com/datasets/choucsan/Gaokao-Compass-11M/resolve/main/data/2025/henan/school-admission.csv,2026-09-20T06:33:22+00:00
henan,2025,his,专科批,（101）,江西应用技术职业学院,江西应用技术职业学院,460,,6,https://hf-mirror.com/datasets/choucsan/Gaokao-Compass-11M/resolve/main/data/2025/henan/school-admission.csv,2026-09-20T06:33:22+00:00
henan,2025,his,专科批,（101）,广东科贸职业学院,广东科贸职业学院,451,,19,https://hf-mirror.com/datasets/choucsan/Gaokao-Compass-11M/resolve/main/data/2025/henan/school-admission.csv,2026-09-20T06:33:22+00:00
henan,2025,his,专科批,首选历史，再选不限,东莞职业技术学院,东莞职业技术学院,444,,0,https://hf-mirror.com/datasets/choucsan/Gaokao-Compass-11M/resolve/main/data/2025/henan/school-admission.csv,2026-09-20T06:33:22+00:00
henan,2025,his,专科批,（102）,宜昌科技职业学院,宜昌科技职业学院,408,,16,https://hf-mirror.com/datasets/choucsan/Gaokao-Compass-11M/resolve/main/data/2025/henan/school-admission.csv,2026-09-20T06:33:22+00:00
henan,2025,his,专科批,（101）,杭州科技职业技术学院,杭州科技职业技术学院,465,,15,https://hf-mirror.com/datasets/choucsan/Gaokao-Compass-11M/resolve/main/data/2025/henan/school-admission.csv,2026-09-20T06:33:22+00:00
henan,2025,his,专科批,（101）,威海职业学院,威海职业学院,433,,22,https://hf-mirror.com/datasets/choucsan/Gaokao-Compass-11M/resolve/main/data/2025/henan/school-admission.csv,2026-09-20T06:33:22+00:00
henan,2025,his,专科批,（101）,滨州职业学院,滨州职业学院,425,,0,https://hf-mirror.com/datasets/choucsan/Gaokao-Compass-11M/resolve/main/data/2025/henan/school-admission.csv,2026-09-20T06:33:22+00:00
henan,2025,his,专科批,首选历史，再选不限,山东信息职业技术学院,山东信息职业技术学院,364,,0,https://hf-mirror.com/datasets/choucsan/Gaokao-Compass-11M/resolve/main/data/2025/henan/school-admission.csv,2026-09-20T06:33:22+00:00
henan,2025,his,专科批,（105）,西藏职业技术学院,西藏职业技术学院,326,,8,https://hf-mirror.com/datasets/choucsan/Gaokao-Compass-11M/resolve/main/data/2025/henan/school-admission.csv,2026-09-20T06:33:22+00:00
henan,2025,his,专科批,首选历史，再选不限,襄阳职业技术学院,襄阳职业技术学院,463,,57,https://hf-mirror.com/datasets/choucsan/Gaokao-Compass-11M/resolve/main/data/2025/henan/school-admission.csv,2026-09-20T06:33:22+00:00
henan,2025,his,专科批,（101）,湖北职业技术学院,湖北职业技术学院,459,,53,https://hf-mirror.com/datasets/choucsan/Gaokao-Compass-11M/resolve/main/data/2025/henan/school-admission.csv,2026-09-20T06:33:22+00:00
henan,2025,his,专科批,（101）,上海浦东职业技术学院,上海浦东职业技术学院,449,,5,https://hf-mirror.com/datasets/choucsan/Gaokao-Compass-11M/resolve/main/data/2025/henan/school-admission.csv,2026-09-20T06:33:22+00:00
henan,2025,his,专科批,（101）,湖南汽车工程职业大学,湖南汽车工程职业大学,444,,0,https://hf-mirror.com/datasets/choucsan/Gaokao-Compass-11M/resolve/main/data/2025/henan/school-admission.csv,2026-09-20T06:33:22+00:00
henan,2025,his,专科批,（101）,三亚护理职业学院,三亚护理职业学院,185,,0,https://hf-mirror.com/datasets/choucsan/Gaokao-Compass-11M/resolve/main/data/2025/henan/school-admission.csv,2026-09-20T06:33:22+00:00
henan,2025,his,专科批,（204）,广东水利电力职业技术学院,广东水利电力职业技术学院,354,,0,https://hf-mirror.com/datasets/choucsan/Gaokao-Compass-11M/resolve/main/data/2025/henan/school-admission.csv,2026-09-20T06:33:22+00:00
henan,2025,his,专科批,首选历史，再选不限,重庆工业职业技术大学,重庆工业职业技术大学,396,,13,https://hf-mirror.com/datasets/choucsan/Gaokao-Compass-11M/resolve/main/data/2025/henan/school-admission.csv,2026-09-20T06:33:22+00:00
henan,2025,his,专科批,（103）,重庆工程职业技术学院,重庆工程职业技术学院,459,,4,https://hf-mirror.com/datasets/choucsan/Gaokao-Compass-11M/resolve/main/data/2025/henan/school-admission.csv,2026-09-20T06:33:22+00:00
henan,2025,his,专科批,（101）,云南财经职业学院,云南财经职业学院,394,,14,https://hf-mirror.com/datasets/choucsan/Gaokao-Compass-11M/resolve/main/data/2025/henan/school-admission.csv,2026-09-20T06:33:22+00:00
henan,2025,his,专科批,（101）,广东江门中医药职业学院,广东江门中医药职业学院,455,,0,https://hf-mirror.com/datasets/choucsan/Gaokao-Compass-11M/resolve/main/data/2025/henan/school-admission.csv,2026-09-20T06:33:22+00:00
henan,2025,his,专科批,（101）,云南能源职业技术学院,云南能源职业技术学院,396,,2,https://hf-mirror.com/datasets/choucsan/Gaokao-Compass-11M/resolve/main/data/2025/henan/school-admission.csv,2026-09-20T06:33:22+00:00
henan,2025,his,专科批,（101）,西安城市建设职业学院,西安城市建设职业学院,315,,0,https://hf-mirror.com/datasets/choucsan/Gaokao-Compass-11M/resolve/main/data/2025/henan/school-admission.csv,2026-09-20T06:33:22+00:00
henan,2025,his,专科批,（101）,漳州职业技术学院,漳州职业技术学院,452,,0,https://hf-mirror.com/datasets/choucsan/Gaokao-Compass-11M/resolve/main/data/2025/henan/school-admission.csv,2026-09-20T06:33:22+00:00
henan,2025,his,专科批,首选历史，再选不限,黎明职业大学,黎明职业大学,335,,34,https://hf-mirror.com/datasets/choucsan/Gaokao-Compass-11M/resolve/main/data/2025/henan/school-admission.csv,2026-09-20T06:33:22+00:00
henan,2025,his,专科批,（101）,河北正定师范高等专科学校,河北正定师范高等专科学校,441,,0,https://hf-mirror.com/datasets/choucsan/Gaokao-Compass-11M/resolve/main/data/2025/henan/school-admission.csv,2026-09-20T06:33:22+00:00
henan,2025,his,专科批,首选历史，再选不限,临汾职业技术学院,临汾职业技术学院,407,,6,https://hf-mirror.com/datasets/choucsan/Gaokao-Compass-11M/resolve/main/data/2025/henan/school-admission.csv,2026-09-20T06:33:22+00:00
henan,2025,his,专科批,（101）,辽宁装备制造职业技术学院,辽宁装备制造职业技术学院,365,,20,https://hf-mirror.com/datasets/choucsan/Gaokao-Compass-11M/resolve/main/data/2025/henan/school-admission.csv,2026-09-20T06:33:22+00:00
henan,2025,his,专科批,（102）,江苏经贸职业技术学院,江苏经贸职业技术学院,506,,5,https://hf-mirror.com/datasets/choucsan/Gaokao-Compass-11M/resolve/main/data/2025/henan/school-admission.csv,2026-09-20T06:33:22+00:00
henan,2025,his,专科批,（101）,浙江纺织服装职业技术学院,浙江纺织服装职业技术学院,441,,0,https://hf-mirror.com/datasets/choucsan/Gaokao-Compass-11M/resolve/main/data/2025/henan/school-admission.csv,2026-09-20T06:33:22+00:00
henan,2025,his,专科批,（101）,福建电力职业技术学院,福建电力职业技术学院,468,,0,https://hf-mirror.com/datasets/choucsan/Gaokao-Compass-11M/resolve/main/data/2025/henan/school-admission.csv,2026-09-20T06:33:22+00:00
henan,2025,his,专科批,（101）,海南卫生健康职业学院,海南卫生健康职业学院,400,,0,https://hf-mirror.com/datasets/choucsan/Gaokao-Compass-11M/resolve/main/data/2025/henan/school-admission.csv,2026-09-20T06:33:22+00:00
henan,2025,his,专科批,（101）,海南外国语职业学院,海南外国语职业学院,376,,0,https://hf-mirror.com/datasets/choucsan/Gaokao-Compass-11M/resolve/main/data/2025/henan/school-admission.csv,2026-09-20T06:33:22+00:00
henan,2025,his,专科批,（101）,北京科技职业大学,北京科技职业大学,477,,0,https://hf-mirror.com/datasets/choucsan/Gaokao-Compass-11M/resolve/main/data/2025/henan/school-admission.csv,2026-09-20T06:33:22+00:00
henan,2025,his,专科批,（101）,南京铁道职业技术学院,南京铁道职业技术学院,521,,3,https://hf-mirror.com/datasets/choucsan/Gaokao-Compass-11M/resolve/main/data/2025/henan/school-admission.csv,2026-09-20T06:33:22+00:00
henan,2025,his,专科批,（101）,苏州健雄职业技术学院,苏州健雄职业技术学院,440,,0,https://hf-mirror.com/datasets/choucsan/Gaokao-Compass-11M/resolve/main/data/2025/henan/school-admission.csv,2026-09-20T06:33:22+00:00
henan,2025,his,专科批,（102）,闽西职业技术学院,闽西职业技术学院,411,,15,https://hf-mirror.com/datasets/choucsan/Gaokao-Compass-11M/resolve/main/data/2025/henan/school-admission.csv,2026-09-20T06:33:22+00:00
henan,2025,his,专科批,（101）,江西航空职业技术学院,江西航空职业技术学院,340,,54,https://hf-mirror.com/datasets/choucsan/Gaokao-Compass-11M/resolve/main/data/2025/henan/school-admission.csv,2026-09-20T06:33:22+00:00
henan,2025,his,专科批,（101）,江汉艺术职业学院,江汉艺术职业学院,425,,15,https://hf-mirror.com/datasets/choucsan/Gaokao-Compass-11M/resolve/main/data/2025/henan/school-admission.csv,2026-09-20T06:33:22+00:00
henan,2025,his,专科批,（101）,武汉民政职业学院,武汉民政职业学院,457,,39,https://hf-mirror.com/datasets/choucsan/Gaokao-Compass-11M/resolve/main/data/2025/henan/school-admission.csv,2026-09-20T06:33:22+00:00
henan,2025,his,专科批,（201）,海南经贸职业技术学院,海南经贸职业技术学院,363,,0,https://hf-mirror.com/datasets/choucsan/Gaokao-Compass-11M/resolve/main/data/2025/henan/school-admission.csv,2026-09-20T06:33:22+00:00
henan,2025,his,专科批,（102）,云南林业职业技术学院,云南林业职业技术学院,419,,0,https://hf-mirror.com/datasets/choucsan/Gaokao-Compass-11M/resolve/main/data/2025/henan/school-admission.csv,2026-09-20T06:33:22+00:00
henan,2025,his,专科批,（101）,云南林业职业技术学院,云南林业职业技术学院,388,,0,https://hf-mirror.com/datasets/choucsan/Gaokao-Compass-11M/resolve/main/data/2025/henan/school-admission.csv,2026-09-20T06:33:22+00:00
henan,2025,his,专科批,（101）,上海震旦职业学院,上海震旦职业学院,354,,0,https://hf-mirror.com/datasets/choucsan/Gaokao-Compass-11M/resolve/main/data/2025/henan/school-admission.csv,2026-09-20T06:33:22+00:00
henan,2025,his,专科批,（101）,重庆幼儿师范高等专科学校,重庆幼儿师范高等专科学校,420,,0,https://hf-mirror.com/datasets/choucsan/Gaokao-Compass-11M/resolve/main/data/2025/henan/school-admission.csv,2026-09-20T06:33:22+00:00
henan,2025,his,本科批,首选历史，再选不限,北京体育大学,北京体育大学,544,,0,https://hf-mirror.com/datasets/choucsan/Gaokao-Compass-11M/resolve/main/data/2025/henan/school-admission.csv,2026-09-20T06:33:22+00:00
henan,2025,his,本科批,（103）,北京体育大学,北京体育大学,608,,0,https://hf-mirror.com/datasets/choucsan/Gaokao-Compass-11M/resolve/main/data/2025/henan/school-admission.csv,2026-09-20T06:33:22+00:00
henan,2025,his,本科批,首选历史，再选不限,中央民族大学,中央民族大学,576,,0,https://hf-mirror.com/datasets/choucsan/Gaokao-Compass-11M/resolve/main/data/2025/henan/school-admission.csv,2026-09-20T06:33:22+00:00
henan,2025,his,本科批,（101）,北京大学医学部,北京大学医学部,670,,0,https://hf-mirror.com/datasets/choucsan/Gaokao-Compass-11M/resolve/main/data/2025/henan/school-admission.csv,2026-09-20T06:33:22+00:00
henan,2025,his,本科批,首选历史，再选不限,吉林大学,吉林大学,610,,58,https://hf-mirror.com/datasets/choucsan/Gaokao-Compass-11M/resolve/main/data/2025/henan/school-admission.csv,2026-09-20T06:33:22+00:00
henan,2025,his,本科批,首选历史，再选思想政治,吉林大学,吉林大学,623,,6,https://hf-mirror.com/datasets/choucsan/Gaokao-Compass-11M/resolve/main/data/2025/henan/school-admission.csv,2026-09-20T06:33:22+00:00
henan,2025,his,本科批,首选历史，再选不限,江南大学,江南大学,594,,19,https://hf-mirror.com/datasets/choucsan/Gaokao-Compass-11M/resolve/main/data/2025/henan/school-admission.csv,2026-09-20T06:33:22+00:00
henan,2025,his,本科批,（124）,江南大学,江南大学,618,,3,https://hf-mirror.com/datasets/choucsan/Gaokao-Compass-11M/resolve/main/data/2025/henan/school-admission.csv,2026-09-20T06:33:22+00:00
henan,2025,his,本科批,（101）,兰州大学,兰州大学,619,,24,https://hf-mirror.com/datasets/choucsan/Gaokao-Compass-11M/resolve/main/data/2025/henan/school-admission.csv,2026-09-20T06:33:22+00:00
henan,2025,his,本科批,（102）,兰州大学,兰州大学,623,,5,https://hf-mirror.com/datasets/choucsan/Gaokao-Compass-11M/resolve/main/data/2025/henan/school-admission.csv,2026-09-20T06:33:22+00:00
henan,2025,his,本科批,首选历史，再选不限,山东大学,山东大学,618,,62,https://hf-mirror.com/datasets/choucsan/Gaokao-Compass-11M/resolve/main/data/2025/henan/school-admission.csv,2026-09-20T06:33:22+00:00
henan,2025,his,本科批,（109）,山东大学,山东大学,630,,10,https://hf-mirror.com/datasets/choucsan/Gaokao-Compass-11M/resolve/main/data/2025/henan/school-admission.csv,2026-09-20T06:33:22+00:00
henan,2025,his,本科批,（102）,山东大学,山东大学（威海）,624,,36,https://hf-mirror.com/datasets/choucsan/Gaokao-Compass-11M/resolve/main/data/2025/henan/school-admission.csv,2026-09-20T06:33:22+00:00
henan,2025,his,本科批,（101）,山东大学,山东大学（威海）,626,,6,https://hf-mirror.com/datasets/choucsan/Gaokao-Compass-11M/resolve/main/data/2025/henan/school-admission.csv,2026-09-20T06:33:22+00:00
henan,2025,his,本科批,（101）,西安交通大学,西安交通大学,640,,0,https://hf-mirror.com/datasets/choucsan/Gaokao-Compass-11M/resolve/main/data/2025/henan/school-admission.csv,2026-09-20T06:33:22+00:00
henan,2025,his,本科批,（201）,西交利物浦大学,西交利物浦大学,568,,68,https://hf-mirror.com/datasets/choucsan/Gaokao-Compass-11M/resolve/main/data/2025/henan/school-admission.csv,2026-09-20T06:33:22+00:00
henan,2025,his,本科批,（101）,中南大学,中南大学,631,,33,https://hf-mirror.com/datasets/choucsan/Gaokao-Compass-11M/resolve/main/data/2025/henan/school-admission.csv,2026-09-20T06:33:22+00:00
henan,2025,his,本科批,（104）,北京化工大学,北京化工大学,612,,0,https://hf-mirror.com/datasets/choucsan/Gaokao-Compass-11M/resolve/main/data/2025/henan/school-admission.csv,2026-09-20T06:33:22+00:00
henan,2025,his,本科批,（104）,北京科技大学,北京科技大学,620,,20,https://hf-mirror.com/datasets/choucsan/Gaokao-Compass-11M/resolve/main/data/2025/henan/school-admission.csv,2026-09-20T06:33:22+00:00
henan,2025,his,本科批,（103）,北京邮电大学,北京邮电大学,622,,13,https://hf-mirror.com/datasets/choucsan/Gaokao-Compass-11M/resolve/main/data/2025/henan/school-admission.csv,2026-09-20T06:33:22+00:00
henan,2025,his,本科批,首选历史，再选不限,华东理工大学,华东理工大学,587,,0,https://hf-mirror.com/datasets/choucsan/Gaokao-Compass-11M/resolve/main/data/2025/henan/school-admission.csv,2026-09-20T06:33:22+00:00
henan,2025,his,本科批,首选历史，再选不限,大连海事大学,大连海事大学,606,,0,https://hf-mirror.com/datasets/choucsan/Gaokao-Compass-11M/resolve/main/data/2025/henan/school-admission.csv,2026-09-20T06:33:22+00:00
henan,2025,his,本科批,（104）,中国石油大学(北京),中国石油大学（北京）,613,,0,https://hf-mirror.com/datasets/choucsan/Gaokao-Compass-11M/resolve/main/data/2025/henan/school-admission.csv,2026-09-20T06:33:22+00:00
henan,2025,his,本科批,（103）,中国石油大学(北京),中国石油大学（北京）,615,,0,https://hf-mirror.com/datasets/choucsan/Gaokao-Compass-11M/resolve/main/data/2025/henan/school-admission.csv,2026-09-20T06:33:22+00:00
henan,2025,his,本科批,（103）,中国石油大学(北京)克拉玛依校区,中国石油大学（北京）克拉玛依校区,592,,0,https://hf-mirror.com/datasets/choucsan/Gaokao-Compass-11M/resolve/main/data/2025/henan/school-admission.csv,2026-09-20T06:33:22+00:00
henan,2025,his,本科批,（104）,中国石油大学(北京)克拉玛依校区,中国石油大学（北京）克拉玛依校区,598,,0,https://hf-mirror.com/datasets/choucsan/Gaokao-Compass-11M/resolve/main/data/2025/henan/school-admission.csv,2026-09-20T06:33:22+00:00
henan,2025,his,本科批,（101）,中国石油大学(华东),中国石油大学（华东）,608,,0,https://hf-mirror.com/datasets/choucsan/Gaokao-Compass-11M/resolve/main/data/2025/henan/school-admission.csv,2026-09-20T06:33:22+00:00
henan,2025,his,本科批,首选历史，再选不限,武汉理工大学,武汉理工大学,605,,0,https://hf-mirror.com/datasets/choucsan/Gaokao-Compass-11M/resolve/main/data/2025/henan/school-admission.csv,2026-09-20T06:33:22+00:00
henan,2025,his,本科批,（107）,武汉理工大学,武汉理工大学,613,,0,https://hf-mirror.com/datasets/choucsan/Gaokao-Compass-11M/resolve/main/data/2025/henan/school-admission.csv,2026-09-20T06:33:22+00:00
henan,2025,his,本科批,首选历史，再选不限,中国海洋大学,中国海洋大学,618,,0,https://hf-mirror.com/datasets/choucsan/Gaokao-Compass-11M/resolve/main/data/2025/henan/school-admission.csv,2026-09-20T06:33:22+00:00
henan,2025,his,本科批,（111）,中国海洋大学,中国海洋大学,624,,0,https://hf-mirror.com/datasets/choucsan/Gaokao-Compass-11M/resolve/main/data/2025/henan/school-admission.csv,2026-09-20T06:33:22+00:00
henan,2025,his,本科批,（103）,中国地质大学(北京),中国地质大学（北京）,611,,0,https://hf-mirror.com/datasets/choucsan/Gaokao-Compass-11M/resolve/main/data/2025/henan/school-admission.csv,2026-09-20T06:33:22+00:00
henan,2025,his,本科批,首选历史，再选不限,中国地质大学(武汉),中国地质大学（武汉）,606,,0,https://hf-mirror.com/datasets/choucsan/Gaokao-Compass-11M/resolve/main/data/2025/henan/school-admission.csv,2026-09-20T06:33:22+00:00
henan,2025,his,本科批,（107）,中国地质大学(武汉),中国地质大学（武汉）,613,,0,https://hf-mirror.com/datasets/choucsan/Gaokao-Compass-11M/resolve/main/data/2025/henan/school-admission.csv,2026-09-20T06:33:22+00:00
henan,2025,his,本科批,（110）,北京林业大学,北京林业大学,615,,0,https://hf-mirror.com/datasets/choucsan/Gaokao-Compass-11M/resolve/main/data/2025/henan/school-admission.csv,2026-09-20T06:33:22+00:00
henan,2025,his,本科批,（111）,北京林业大学,北京林业大学,618,,0,https://hf-mirror.com/datasets/choucsan/Gaokao-Compass-11M/resolve/main/data/2025/henan/school-admission.csv,2026-09-20T06:33:22+00:00
henan,2025,his,本科批,（103）,东北林业大学,东北林业大学,597,,0,https://hf-mirror.com/datasets/choucsan/Gaokao-Compass-11M/resolve/main/data/2025/henan/school-admission.csv,2026-09-20T06:33:22+00:00
henan,2025,his,本科批,（104）,东北林业大学,东北林业大学,604,,0,https://hf-mirror.com/datasets/choucsan/Gaokao-Compass-11M/resolve/main/data/2025/henan/school-admission.csv,2026-09-20T06:33:22+00:00
henan,2025,his,本科批,（102）,北京中医药大学,北京中医药大学,620,,0,https://hf-mirror.com/datasets/choucsan/Gaokao-Compass-11M/resolve/main/data/2025/henan/school-admission.csv,2026-09-20T06:33:22+00:00
henan,2025,his,本科批,首选历史，再选不限,东北师范大学,东北师范大学,581,,0,https://hf-mirror.com/datasets/choucsan/Gaokao-Compass-11M/resolve/main/data/2025/henan/school-admission.csv,2026-09-20T06:33:22+00:00
henan,2025,his,本科批,首选历史，再选思想政治,东北师范大学,东北师范大学,598,,0,https://hf-mirror.com/datasets/choucsan/Gaokao-Compass-11M/resolve/main/data/2025/henan/school-admission.csv,2026-09-20T06:33:22+00:00
henan,2025,his,本科批,首选历史，再选不限,华东师范大学,华东师范大学,620,,0,https://hf-mirror.com/datasets/choucsan/Gaokao-Compass-11M/resolve/main/data/2025/henan/school-admission.csv,2026-09-20T06:33:22+00:00
henan,2025,his,本科批,首选历史，再选思想政治,华东师范大学,华东师范大学,625,,0,https://hf-mirror.com/datasets/choucsan/Gaokao-Compass-11M/resolve/main/data/2025/henan/school-admission.csv,2026-09-20T06:33:22+00:00
henan,2025,his,本科批,首选历史，再选不限,华中师范大学,华中师范大学,610,,0,https://hf-mirror.com/datasets/choucsan/Gaokao-Compass-11M/resolve/main/data/2025/henan/school-admission.csv,2026-09-20T06:33:22+00:00
henan,2025,his,本科批,（103）,华中师范大学,华中师范大学,621,,0,https://hf-mirror.com/datasets/choucsan/Gaokao-Compass-11M/resolve/main/data/2025/henan/school-admission.csv,2026-09-20T06:33:22+00:00
henan,2025,his,本科批,首选历史，再选思想政治,华中师范大学,华中师范大学,606,,0,https://hf-mirror.com/datasets/choucsan/Gaokao-Compass-11M/resolve/main/data/2025/henan/school-admission.csv,2026-09-20T06:33:22+00:00
henan,2025,his,本科批,（101）,北京外国语大学,北京外国语大学,623,,0,https://hf-mirror.com/datasets/choucsan/Gaokao-Compass-11M/resolve/main/data/2025/henan/school-admission.csv,2026-09-20T06:33:22+00:00
henan,2025,his,本科批,首选历史，再选思想政治,北京外国语大学,北京外国语大学,613,,0,https://hf-mirror.com/datasets/choucsan/Gaokao-Compass-11M/resolve/main/data/2025/henan/school-admission.csv,2026-09-20T06:33:22+00:00
henan,2025,his,本科批,（101）,上海财经大学,上海财经大学,636,,0,https://hf-mirror.com/datasets/choucsan/Gaokao-Compass-11M/resolve/main/data/2025/henan/school-admission.csv,2026-09-20T06:33:22+00:00
henan,2025,his,本科批,首选历史，再选不限,对外经济贸易大学,对外经济贸易大学,612,,38,https://hf-mirror.com/datasets/choucsan/Gaokao-Compass-11M/resolve/main/data/2025/henan/school-admission.csv,2026-09-20T06:33:22+00:00
henan,2025,his,本科批,（302）,对外经济贸易大学,对外经济贸易大学,617,,4,https://hf-mirror.com/datasets/choucsan/Gaokao-Compass-11M/resolve/main/data/2025/henan/school-admission.csv,2026-09-20T06:33:22+00:00
henan,2025,his,本科批,首选历史，再选不限,中央财经大学,中央财经大学,608,,0,https://hf-mirror.com/datasets/choucsan/Gaokao-Compass-11M/resolve/main/data/2025/henan/school-admission.csv,2026-09-20T06:33:22+00:00
henan,2025,his,本科批,首选历史，再选不限,中国传媒大学,中国传媒大学,602,,0,https://hf-mirror.com/datasets/choucsan/Gaokao-Compass-11M/resolve/main/data/2025/henan/school-admission.csv,2026-09-20T06:33:22+00:00
henan,2025,his,本科批,首选历史，再选不限,上海体育大学,上海体育大学,591,,0,https://hf-mirror.com/datasets/choucsan/Gaokao-Compass-11M/resolve/main/data/2025/henan/school-admission.csv,2026-09-20T06:33:22+00:00
henan,2025,his,本科批,（101）,南京理工大学,南京理工大学,613,,0,https://hf-mirror.com/datasets/choucsan/Gaokao-Compass-11M/resolve/main/data/2025/henan/school-admission.csv,2026-09-20T06:33:22+00:00
henan,2025,his,本科批,（102）,南京理工大学,南京理工大学,619,,0,https://hf-mirror.com/datasets/choucsan/Gaokao-Compass-11M/resolve/main/data/2025/henan/school-admission.csv,2026-09-20T06:33:22+00:00
henan,2025,his,本科批,（103）,北京工商大学,北京工商大学,592,,15,https://hf-mirror.com/datasets/choucsan/Gaokao-Compass-11M/resolve/main/data/2025/henan/school-admission.csv,2026-09-20T06:33:22+00:00
henan,2025,his,本科批,（101）,燕山大学,燕山大学,589,,18,https://hf-mirror.com/datasets/choucsan/Gaokao-Compass-11M/resolve/main/data/2025/henan/school-admission.csv,2026-09-20T06:33:22+00:00
henan,2025,his,本科批,首选历史，再选不限,石家庄铁道大学,石家庄铁道大学,579,,0,https://hf-mirror.com/datasets/choucsan/Gaokao-Compass-11M/resolve/main/data/2025/henan/school-admission.csv,2026-09-20T06:33:22+00:00
henan,2025,his,本科批,首选历史，再选不限,内蒙古大学,内蒙古大学,594,,21,https://hf-mirror.com/datasets/choucsan/Gaokao-Compass-11M/resolve/main/data/2025/henan/school-admission.csv,2026-09-20T06:33:22+00:00
henan,2025,his,本科批,首选历史，再选思想政治,内蒙古大学,内蒙古大学,597,,3,https://hf-mirror.com/datasets/choucsan/Gaokao-Compass-11M/resolve/main/data/2025/henan/school-admission.csv,2026-09-20T06:33:22+00:00
henan,2025,his,本科批,首选历史，再选不限,延边大学,延边大学,593,,0,https://hf-mirror.com/datasets/choucsan/Gaokao-Compass-11M/resolve/main/data/2025/henan/school-admission.csv,2026-09-20T06:33:22+00:00
henan,2025,his,本科批,首选历史，再选不限,长春理工大学,长春理工大学,475,,0,https://hf-mirror.com/datasets/choucsan/Gaokao-Compass-11M/resolve/main/data/2025/henan/school-admission.csv,2026-09-20T06:33:22+00:00
henan,2025,his,本科批,（105）,哈尔滨医科大学,哈尔滨医科大学,574,,6,https://hf-mirror.com/datasets/choucsan/Gaokao-Compass-11M/resolve/main/data/2025/henan/school-admission.csv,2026-09-20T06:33:22+00:00
henan,2025,his,本科批,首选历史，再选不限,上海理工大学,上海理工大学,571,,0,https://hf-mirror.com/datasets/choucsan/Gaokao-Compass-11M/resolve/main/data/2025/henan/school-admission.csv,2026-09-20T06:33:22+00:00
henan,2025,his,本科批,首选历史，再选不限,上海对外经贸大学,上海对外经贸大学,583,,0,https://hf-mirror.com/datasets/choucsan/Gaokao-Compass-11M/resolve/main/data/2025/henan/school-admission.csv,2026-09-20T06:33:22+00:00
henan,2025,his,本科批,首选历史，再选不限,扬州大学,扬州大学,584,,36,https://hf-mirror.com/datasets/choucsan/Gaokao-Compass-11M/resolve/main/data/2025/henan/school-admission.csv,2026-09-20T06:33:22+00:00
henan,2025,his,本科批,（102）,扬州大学,扬州大学,602,,2,https://hf-mirror.com/datasets/choucsan/Gaokao-Compass-11M/resolve/main/data/2025/henan/school-admission.csv,2026-09-20T06:33:22+00:00
henan,2025,his,本科批,（101）,江苏大学,江苏大学,601,,13,https://hf-mirror.com/datasets/choucsan/Gaokao-Compass-11M/resolve/main/data/2025/henan/school-admission.csv,2026-09-20T06:33:22+00:00
henan,2025,his,本科批,（101）,南京工业大学,南京工业大学,588,,22,https://hf-mirror.com/datasets/choucsan/Gaokao-Compass-11M/resolve/main/data/2025/henan/school-admission.csv,2026-09-20T06:33:22+00:00
henan,2025,his,本科批,首选历史，再选不限,南京师范大学,南京师范大学,602,,0,https://hf-mirror.com/datasets/choucsan/Gaokao-Compass-11M/resolve/main/data/2025/henan/school-admission.csv,2026-09-20T06:33:22+00:00
henan,2025,his,本科批,（102）,南京师范大学,南京师范大学,623,,0,https://hf-mirror.com/datasets/choucsan/Gaokao-Compass-11M/resolve/main/data/2025/henan/school-admission.csv,2026-09-20T06:33:22+00:00
henan,2025,his,本科批,首选历史，再选不限,南京信息工程大学,南京信息工程大学,586,,29,https://hf-mirror.com/datasets/choucsan/Gaokao-Compass-11M/resolve/main/data/2025/henan/school-admission.csv,2026-09-20T06:33:22+00:00
henan,2025,his,本科批,（103）,南京信息工程大学,南京信息工程大学,608,,2,https://hf-mirror.com/datasets/choucsan/Gaokao-Compass-11M/resolve/main/data/2025/henan/school-admission.csv,2026-09-20T06:33:22+00:00
henan,2025,his,本科批,首选历史，再选不限,宁波大学,宁波大学,565,,0,https://hf-mirror.com/datasets/choucsan/Gaokao-Compass-11M/resolve/main/data/2025/henan/school-admission.csv,2026-09-20T06:33:22+00:00
henan,2025,his,本科批,（101）,湘潭大学,湘潭大学,595,,70,https://hf-mirror.com/datasets/choucsan/Gaokao-Compass-11M/resolve/main/data/2025/henan/school-admission.csv,2026-09-20T06:33:22+00:00
henan,2025,his,本科批,（102）,湘潭大学,湘潭大学,602,,6,https://hf-mirror.com/datasets/choucsan/Gaokao-Compass-11M/resolve/main/data/2025/henan/school-admission.csv,2026-09-20T06:33:22+00:00
henan,2025,his,本科批,（101）,深圳大学,深圳大学,614,,17,https://hf-mirror.com/datasets/choucsan/Gaokao-Compass-11M/resolve/main/data/2025/henan/school-admission.csv,2026-09-20T06:33:22+00:00
henan,2025,his,本科批,（103）,深圳技术大学,深圳技术大学,591,,11,https://hf-mirror.com/datasets/choucsan/Gaokao-Compass-11M/resolve/main/data/2025/henan/school-admission.csv,2026-09-20T06:33:22+00:00
henan,2025,his,本科批,（101）,广西大学,广西大学,602,,0,https://hf-mirror.com/datasets/choucsan/Gaokao-Compass-11M/resolve/main/data/2025/henan/school-admission.csv,2026-09-20T06:33:22+00:00
henan,2025,his,本科批,首选历史，再选不限,西北政法大学,西北政法大学,573,,0,https://hf-mirror.com/datasets/choucsan/Gaokao-Compass-11M/resolve/main/data/2025/henan/school-admission.csv,2026-09-20T06:33:22+00:00
henan,2025,his,本科批,（101）,新疆大学,新疆大学,589,,0,https://hf-mirror.com/datasets/choucsan/Gaokao-Compass-11M/resolve/main/data/2025/henan/school-admission.csv,2026-09-20T06:33:22+00:00
henan,2025,his,本科批,（103）,新疆大学,新疆大学,590,,0,https://hf-mirror.com/datasets/choucsan/Gaokao-Compass-11M/resolve/main/data/2025/henan/school-admission.csv,2026-09-20T06:33:22+00:00
henan,2025,his,本科批,（108）,青海大学,青海大学,593,,0,https://hf-mirror.com/datasets/choucsan/Gaokao-Compass-11M/resolve/main/data/2025/henan/school-admission.csv,2026-09-20T06:33:22+00:00
henan,2025,his,本科批,（105）,石河子大学,石河子大学,571,,42,https://hf-mirror.com/datasets/choucsan/Gaokao-Compass-11M/resolve/main/data/2025/henan/school-admission.csv,2026-09-20T06:33:22+00:00
henan,2025,his,本科批,首选历史，再选不限,青岛大学,青岛大学,586,,0,https://hf-mirror.com/datasets/choucsan/Gaokao-Compass-11M/resolve/main/data/2025/henan/school-admission.csv,2026-09-20T06:33:22+00:00
henan,2025,his,本科批,（103）,湖北大学,湖北大学,593,,0,https://hf-mirror.com/datasets/choucsan/Gaokao-Compass-11M/resolve/main/data/2025/henan/school-admission.csv,2026-09-20T06:33:22+00:00
henan,2025,his,本科批,（104）,中国民航大学,中国民航大学,589,,0,https://hf-mirror.com/datasets/choucsan/Gaokao-Compass-11M/resolve/main/data/2025/henan/school-admission.csv,2026-09-20T06:33:22+00:00
henan,2025,his,本科批,（105）,中国民航大学,中国民航大学,597,,0,https://hf-mirror.com/datasets/choucsan/Gaokao-Compass-11M/resolve/main/data/2025/henan/school-admission.csv,2026-09-20T06:33:22+00:00
henan,2025,his,本科批,（101）,武汉科技大学,武汉科技大学,586,,0,https://hf-mirror.com/datasets/choucsan/Gaokao-Compass-11M/resolve/main/data/2025/henan/school-admission.csv,2026-09-20T06:33:22+00:00
henan,2025,his,本科批,（102）,武汉科技大学,武汉科技大学,598,,0,https://hf-mirror.com/datasets/choucsan/Gaokao-Compass-11M/resolve/main/data/2025/henan/school-admission.csv,2026-09-20T06:33:22+00:00
henan,2025,his,本科批,（103）,浙江理工大学,浙江理工大学,592,,0,https://hf-mirror.com/datasets/choucsan/Gaokao-Compass-11M/resolve/main/data/2025/henan/school-admission.csv,2026-09-20T06:33:22+00:00
henan,2025,his,本科批,（101）,江苏科技大学,江苏科技大学,577,,16,https://hf-mirror.com/datasets/choucsan/Gaokao-Compass-11M/resolve/main/data/2025/henan/school-admission.csv,2026-09-20T06:33:22+00:00
henan,2025,his,本科批,（102）,青岛科技大学,青岛科技大学,557,,5,https://hf-mirror.com/datasets/choucsan/Gaokao-Compass-11M/resolve/main/data/2025/henan/school-admission.csv,2026-09-20T06:33:22+00:00
henan,2025,his,本科批,（103）,中国计量大学,中国计量大学,596,,3,https://hf-mirror.com/datasets/choucsan/Gaokao-Compass-11M/resolve/main/data/2025/henan/school-admission.csv,2026-09-20T06:33:22+00:00
henan,2025,his,本科批,（101）,南华大学,南华大学,585,,0,https://hf-mirror.com/datasets/choucsan/Gaokao-Compass-11M/resolve/main/data/2025/henan/school-admission.csv,2026-09-20T06:33:22+00:00
henan,2025,his,本科批,（101）,长沙理工大学,长沙理工大学,590,,0,https://hf-mirror.com/datasets/choucsan/Gaokao-Compass-11M/resolve/main/data/2025/henan/school-admission.csv,2026-09-20T06:33:22+00:00
henan,2025,his,本科批,首选历史，再选不限,贵州大学,贵州大学,569,,0,https://hf-mirror.com/datasets/choucsan/Gaokao-Compass-11M/resolve/main/data/2025/henan/school-admission.csv,2026-09-20T06:33:22+00:00
henan,2025,his,本科批,（103）,南方医科大学,南方医科大学,600,,0,https://hf-mirror.com/datasets/choucsan/Gaokao-Compass-11M/resolve/main/data/2025/henan/school-admission.csv,2026-09-20T06:33:22+00:00
henan,2025,his,本科批,首选历史，再选不限,华侨大学,华侨大学,558,,0,https://hf-mirror.com/datasets/choucsan/Gaokao-Compass-11M/resolve/main/data/2025/henan/school-admission.csv,2026-09-20T06:33:22+00:00
henan,2025,his,本科批,（101）,东北石油大学,东北石油大学,553,,35,https://hf-mirror.com/datasets/choucsan/Gaokao-Compass-11M/resolve/main/data/2025/henan/school-admission.csv,2026-09-20T06:33:22+00:00
henan,2025,his,本科批,（101）,安徽财经大学,安徽财经大学,576,,34,https://hf-mirror.com/datasets/choucsan/Gaokao-Compass-11M/resolve/main/data/2025/henan/school-admission.csv,2026-09-20T06:33:22+00:00
henan,2025,his,本科批,首选历史，再选不限,上海师范大学,上海师范大学,581,,0,https://hf-mirror.com/datasets/choucsan/Gaokao-Compass-11M/resolve/main/data/2025/henan/school-admission.csv,2026-09-20T06:33:22+00:00
henan,2025,his,本科批,（101）,北京物资学院,北京物资学院,581,,0,https://hf-mirror.com/datasets/choucsan/Gaokao-Compass-11M/resolve/main/data/2025/henan/school-admission.csv,2026-09-20T06:33:22+00:00
henan,2025,his,本科批,首选历史，再选不限,天津师范大学,天津师范大学,569,,0,https://hf-mirror.com/datasets/choucsan/Gaokao-Compass-11M/resolve/main/data/2025/henan/school-admission.csv,2026-09-20T06:33:22+00:00
henan,2025,his,本科批,首选历史，再选地理,天津师范大学,天津师范大学,579,,0,https://hf-mirror.com/datasets/choucsan/Gaokao-Compass-11M/resolve/main/data/2025/henan/school-admission.csv,2026-09-20T06:33:22+00:00
henan,2025,his,本科批,（103）,天津师范大学,天津师范大学,596,,0,https://hf-mirror.com/datasets/choucsan/Gaokao-Compass-11M/resolve/main/data/2025/henan/school-admission.csv,2026-09-20T06:33:22+00:00
henan,2025,his,本科批,首选历史，再选不限,青岛理工大学,青岛理工大学,573,,0,https://hf-mirror.com/datasets/choucsan/Gaokao-Compass-11M/resolve/main/data/2025/henan/school-admission.csv,2026-09-20T06:33:22+00:00
henan,2025,his,本科批,首选历史，再选不限,南昌航空大学,南昌航空大学,547,,26,https://hf-mirror.com/datasets/choucsan/Gaokao-Compass-11M/resolve/main/data/2025/henan/school-admission.csv,2026-09-20T06:33:22+00:00
henan,2025,his,本科批,（101）,江西理工大学,江西理工大学,574,,19,https://hf-mirror.com/datasets/choucsan/Gaokao-Compass-11M/resolve/main/data/2025/henan/school-admission.csv,2026-09-20T06:33:22+00:00
henan,2025,his,本科批,首选历史，再选不限,首都经济贸易大学,首都经济贸易大学,591,,0,https://hf-mirror.com/datasets/choucsan/Gaokao-Compass-11M/resolve/main/data/2025/henan/school-admission.csv,2026-09-20T06:33:22+00:00
henan,2025,his,本科批,首选历史，再选不限,西南石油大学,西南石油大学,564,,0,https://hf-mirror.com/datasets/choucsan/Gaokao-Compass-11M/resolve/main/data/2025/henan/school-admission.csv,2026-09-20T06:33:22+00:00
henan,2025,his,本科批,（104）,西南石油大学,西南石油大学,600,,0,https://hf-mirror.com/datasets/choucsan/Gaokao-Compass-11M/resolve/main/data/2025/henan/school-admission.csv,2026-09-20T06:33:22+00:00
henan,2025,his,本科批,首选历史，再选不限,天津工业大学,天津工业大学,574,,16,https://hf-mirror.com/datasets/choucsan/Gaokao-Compass-11M/resolve/main/data/2025/henan/school-admission.csv,2026-09-20T06:33:22+00:00
henan,2025,his,本科批,（106）,中北大学,中北大学,565,,6,https://hf-mirror.com/datasets/choucsan/Gaokao-Compass-11M/resolve/main/data/2025/henan/school-admission.csv,2026-09-20T06:33:22+00:00
henan,2025,his,本科批,首选历史，再选不限,河北科技大学,河北科技大学,551,,13,https://hf-mirror.com/datasets/choucsan/Gaokao-Compass-11M/resolve/main/data/2025/henan/school-admission.csv,2026-09-20T06:33:22+00:00
henan,2025,his,本科批,首选历史，再选不限,河北工程大学,河北工程大学,540,,0,https://hf-mirror.com/datasets/choucsan/Gaokao-Compass-11M/resolve/main/data/2025/henan/school-admission.csv,2026-09-20T06:33:22+00:00
henan,2025,his,本科批,首选历史，再选不限,北京联合大学,北京联合大学,566,,0,https://hf-mirror.com/datasets/choucsan/Gaokao-Compass-11M/resolve/main/data/2025/henan/school-admission.csv,2026-09-20T06:33:22+00:00
henan,2025,his,本科批,首选历史，再选不限,浙江师范大学,浙江师范大学,562,,15,https://hf-mirror.com/datasets/choucsan/Gaokao-Compass-11M/resolve/main/data/2025/henan/school-admission.csv,2026-09-20T06:33:22+00:00
henan,2025,his,本科批,（307）,浙江师范大学,浙江师范大学,592,,2,https://hf-mirror.com/datasets/choucsan/Gaokao-Compass-11M/resolve/main/data/2025/henan/school-admission.csv,2026-09-20T06:33:22+00:00
henan,2025,his,本科批,首选历史，再选不限,黑龙江中医药大学,黑龙江中医药大学,564,,12,https://hf-mirror.com/datasets/choucsan/Gaokao-Compass-11M/resolve/main/data/2025/henan/school-admission.csv,2026-09-20T06:33:22+00:00
henan,2025,his,本科批,（108）,黑龙江中医药大学,黑龙江中医药大学,539,,9,https://hf-mirror.com/datasets/choucsan/Gaokao-Compass-11M/resolve/main/data/2025/henan/school-admission.csv,2026-09-20T06:33:22+00:00
henan,2025,his,本科批,首选历史，再选不限,成都中医药大学,成都中医药大学,525,,0,https://hf-mirror.com/datasets/choucsan/Gaokao-Compass-11M/resolve/main/data/2025/henan/school-admission.csv,2026-09-20T06:33:22+00:00
henan,2025,his,本科批,（108）,山西医科大学,山西医科大学,553,,10,https://hf-mirror.com/datasets/choucsan/Gaokao-Compass-11M/resolve/main/data/2025/henan/school-admission.csv,2026-09-20T06:33:22+00:00
henan,2025,his,本科批,（106）,山西医科大学,山西医科大学,554,,5,https://hf-mirror.com/datasets/choucsan/Gaokao-Compass-11M/resolve/main/data/2025/henan/school-admission.csv,2026-09-20T06:33:22+00:00
henan,2025,his,本科批,（107）,大连医科大学,大连医科大学,591,,0,https://hf-mirror.com/datasets/choucsan/Gaokao-Compass-11M/resolve/main/data/2025/henan/school-admission.csv,2026-09-20T06:33:22+00:00
henan,2025,his,本科批,（101）,广西医科大学,广西医科大学,541,,0,https://hf-mirror.com/datasets/choucsan/Gaokao-Compass-11M/resolve/main/data/2025/henan/school-admission.csv,2026-09-20T06:33:22+00:00
henan,2025,his,本科批,（102）,广西医科大学,广西医科大学,549,,0,https://hf-mirror.com/datasets/choucsan/Gaokao-Compass-11M/resolve/main/data/2025/henan/school-admission.csv,2026-09-20T06:33:22+00:00
henan,2025,his,本科批,首选历史，再选不限,海南大学,海南大学,557,,0,https://hf-mirror.com/datasets/choucsan/Gaokao-Compass-11M/resolve/main/data/2025/henan/school-admission.csv,2026-09-20T06:33:22+00:00
henan,2025,his,本科批,（205）,海南大学,海南大学,557,,0,https://hf-mirror.com/datasets/choucsan/Gaokao-Compass-11M/resolve/main/data/2025/henan/school-admission.csv,2026-09-20T06:33:22+00:00
henan,2025,his,本科批,首选历史，再选思想政治,海南大学,海南大学,603,,0,https://hf-mirror.com/datasets/choucsan/Gaokao-Compass-11M/resolve/main/data/2025/henan/school-admission.csv,2026-09-20T06:33:22+00:00
henan,2025,his,本科批,首选历史，再选不限,宁夏大学,宁夏大学,582,,0,https://hf-mirror.com/datasets/choucsan/Gaokao-Compass-11M/resolve/main/data/2025/henan/school-admission.csv,2026-09-20T06:33:22+00:00
henan,2025,his,本科批,（102）,宁夏大学,宁夏大学,605,,0,https://hf-mirror.com/datasets/choucsan/Gaokao-Compass-11M/resolve/main/data/2025/henan/school-admission.csv,2026-09-20T06:33:22+00:00
henan,2025,his,本科批,（101）,山东科技大学,山东科技大学,580,,1,https://hf-mirror.com/datasets/choucsan/Gaokao-Compass-11M/resolve/main/data/2025/henan/school-admission.csv,2026-09-20T06:33:22+00:00
henan,2025,his,本科批,（101）,中南林业科技大学,中南林业科技大学,564,,32,https://hf-mirror.com/datasets/choucsan/Gaokao-Compass-11M/resolve/main/data/2025/henan/school-admission.csv,2026-09-20T06:33:22+00:00
henan,2025,his,本科批,首选历史，再选不限,安徽医科大学,安徽医科大学,546,,2,https://hf-mirror.com/datasets/choucsan/Gaokao-Compass-11M/resolve/main/data/2025/henan/school-admission.csv,2026-09-20T06:33:22+00:00
henan,2025,his,本科批,（104）,上海海事大学,上海海事大学,598,,0,https://hf-mirror.com/datasets/choucsan/Gaokao-Compass-11M/resolve/main/data/2025/henan/school-admission.csv,2026-09-20T06:33:22+00:00
henan,2025,his,本科批,首选历史，再选不限,上海海洋大学,上海海洋大学,573,,0,https://hf-mirror.com/datasets/choucsan/Gaokao-Compass-11M/resolve/main/data/2025/henan/school-admission.csv,2026-09-20T06:33:22+00:00
henan,2025,his,本科批,（101）,常州大学,常州大学,572,,17,https://hf-mirror.com/datasets/choucsan/Gaokao-Compass-11M/resolve/main/data/2025/henan/school-admission.csv,2026-09-20T06:33:22+00:00
henan,2025,his,本科批,（102）,常州大学,常州大学,578,,6,https://hf-mirror.com/datasets/choucsan/Gaokao-Compass-11M/resolve/main/data/2025/henan/school-admission.csv,2026-09-20T06:33:22+00:00
henan,2025,his,本科批,首选历史，再选不限,重庆工商大学,重庆工商大学,549,,0,https://hf-mirror.com/datasets/choucsan/Gaokao-Compass-11M/resolve/main/data/2025/henan/school-admission.csv,2026-09-20T06:33:22+00:00
henan,2025,his,本科批,（103）,重庆工商大学,重庆工商大学,549,,0,https://hf-mirror.com/datasets/choucsan/Gaokao-Compass-11M/resolve/main/data/2025/henan/school-admission.csv,2026-09-20T06:33:22+00:00
henan,2025,his,本科批,首选历史，再选不限,四川外国语大学,四川外国语大学,573,,0,https://hf-mirror.com/datasets/choucsan/Gaokao-Compass-11M/resolve/main/data/2025/henan/school-admission.csv,2026-09-20T06:33:22+00:00
henan,2025,his,本科批,（101）,上海立信会计金融学院,上海立信会计金融学院,586,,0,https://hf-mirror.com/datasets/choucsan/Gaokao-Compass-11M/resolve/main/data/2025/henan/school-admission.csv,2026-09-20T06:33:22+00:00
henan,2025,his,本科批,（102）,广东工业大学,广东工业大学,588,,13,https://hf-mirror.com/datasets/choucsan/Gaokao-Compass-11M/resolve/main/data/2025/henan/school-admission.csv,2026-09-20T06:33:22+00:00
henan,2025,his,本科批,（101）,北方民族大学,北方民族大学,547,,0,https://hf-mirror.com/datasets/choucsan/Gaokao-Compass-11M/resolve/main/data/2025/henan/school-admission.csv,2026-09-20T06:33:22+00:00
henan,2025,his,本科批,（102）,北方民族大学,北方民族大学,554,,0,https://hf-mirror.com/datasets/choucsan/Gaokao-Compass-11M/resolve/main/data/2025/henan/school-admission.csv,2026-09-20T06:33:22+00:00
henan,2025,his,本科批,首选历史，再选不限,西南民族大学,西南民族大学,569,,68,https://hf-mirror.com/datasets/choucsan/Gaokao-Compass-11M/resolve/main/data/2025/henan/school-admission.csv,2026-09-20T06:33:22+00:00
henan,2025,his,本科批,首选历史，再选不限,中国劳动关系学院,中国劳动关系学院,564,,0,https://hf-mirror.com/datasets/choucsan/Gaokao-Compass-11M/resolve/main/data/2025/henan/school-admission.csv,2026-09-20T06:33:22+00:00
henan,2025,his,本科批,首选历史，再选思想政治,中国劳动关系学院,中国劳动关系学院,566,,0,https://hf-mirror.com/datasets/choucsan/Gaokao-Compass-11M/resolve/main/data/2025/henan/school-admission.csv,2026-09-20T06:33:22+00:00
henan,2025,his,本科批,（101）,中国民用航空飞行学院,中国民用航空飞行学院,556,,5,https://hf-mirror.com/datasets/choucsan/Gaokao-Compass-11M/resolve/main/data/2025/henan/school-admission.csv,2026-09-20T06:33:22+00:00
henan,2025,his,本科批,（104）,中国民用航空飞行学院,中国民用航空飞行学院,579,,1,https://hf-mirror.com/datasets/choucsan/Gaokao-Compass-11M/resolve/main/data/2025/henan/school-admission.csv,2026-09-20T06:33:22+00:00
henan,2025,his,本科批,（104）,中华女子学院,中华女子学院,558,,36,https://hf-mirror.com/datasets/choucsan/Gaokao-Compass-11M/resolve/main/data/2025/henan/school-admission.csv,2026-09-20T06:33:22+00:00
henan,2025,his,本科批,（103）,北京服装学院,北京服装学院,556,,3,https://hf-mirror.com/datasets/choucsan/Gaokao-Compass-11M/resolve/main/data/2025/henan/school-admission.csv,2026-09-20T06:33:22+00:00
henan,2025,his,本科批,（101）,北京石油化工学院,北京石油化工学院,561,,0,https://hf-mirror.com/datasets/choucsan/Gaokao-Compass-11M/resolve/main/data/2025/henan/school-admission.csv,2026-09-20T06:33:22+00:00
henan,2025,his,本科批,（103）,天津农学院,天津农学院,544,,31,https://hf-mirror.com/datasets/choucsan/Gaokao-Compass-11M/resolve/main/data/2025/henan/school-admission.csv,2026-09-20T06:33:22+00:00
henan,2025,his,本科批,（101）,天津职业技术师范大学,天津职业技术师范大学,553,,0,https://hf-mirror.com/datasets/choucsan/Gaokao-Compass-11M/resolve/main/data/2025/henan/school-admission.csv,2026-09-20T06:33:22+00:00
henan,2025,his,本科批,首选历史，再选不限,张家口学院,张家口学院,525,,25,https://hf-mirror.com/datasets/choucsan/Gaokao-Compass-11M/resolve/main/data/2025/henan/school-admission.csv,2026-09-20T06:33:22+00:00
henan,2025,his,本科批,（102）,张家口学院,张家口学院,534,,10,https://hf-mirror.com/datasets/choucsan/Gaokao-Compass-11M/resolve/main/data/2025/henan/school-admission.csv,2026-09-20T06:33:22+00:00
henan,2025,his,本科批,首选历史，再选不限,河北中医药大学,河北中医药大学,566,,0,https://hf-mirror.com/datasets/choucsan/Gaokao-Compass-11M/resolve/main/data/2025/henan/school-admission.csv,2026-09-20T06:33:22+00:00
henan,2025,his,本科批,（103）,河北医科大学,河北医科大学,560,,0,https://hf-mirror.com/datasets/choucsan/Gaokao-Compass-11M/resolve/main/data/2025/henan/school-admission.csv,2026-09-20T06:33:22+00:00
henan,2025,his,本科批,首选历史，再选不限,河北师范大学,河北师范大学,517,,14,https://hf-mirror.com/datasets/choucsan/Gaokao-Compass-11M/resolve/main/data/2025/henan/school-admission.csv,2026-09-20T06:33:22+00:00
henan,2025,his,本科批,（103）,河北师范大学,河北师范大学,580,,2,https://hf-mirror.com/datasets/choucsan/Gaokao-Compass-11M/resolve/main/data/2025/henan/school-admission.csv,2026-09-20T06:33:22+00:00
henan,2025,his,本科批,（104）,河北建筑工程学院,河北建筑工程学院,525,,0,https://hf-mirror.com/datasets/choucsan/Gaokao-Compass-11M/resolve/main/data/2025/henan/school-admission.csv,2026-09-20T06:33:22+00:00
henan,2025,his,本科批,（101）,北华航天工业学院,北华航天工业学院,549,,8,https://hf-mirror.com/datasets/choucsan/Gaokao-Compass-11M/resolve/main/data/2025/henan/school-admission.csv,2026-09-20T06:33:22+00:00
henan,2025,his,本科批,（101）,廊坊师范学院,廊坊师范学院,529,,8,https://hf-mirror.com/datasets/choucsan/Gaokao-Compass-11M/resolve/main/data/2025/henan/school-admission.csv,2026-09-20T06:33:22+00:00
henan,2025,his,本科批,（101）,山西农业大学,山西农业大学,543,,0,https://hf-mirror.com/datasets/choucsan/Gaokao-Compass-11M/resolve/main/data/2025/henan/school-admission.csv,2026-09-20T06:33:22+00:00
henan,2025,his,本科批,（102）,山西农业大学,山西农业大学,552,,0,https://hf-mirror.com/datasets/choucsan/Gaokao-Compass-11M/resolve/main/data/2025/henan/school-admission.csv,2026-09-20T06:33:22+00:00
henan,2025,his,本科批,首选历史，再选不限,山西师范大学,山西师范大学,532,,14,https://hf-mirror.com/datasets/choucsan/Gaokao-Compass-11M/resolve/main/data/2025/henan/school-admission.csv,2026-09-20T06:33:22+00:00
henan,2025,his,本科批,（102）,山西师范大学,山西师范大学,578,,2,https://hf-mirror.com/datasets/choucsan/Gaokao-Compass-11M/resolve/main/data/2025/henan/school-admission.csv,2026-09-20T06:33:22+00:00
henan,2025,his,本科批,（101）,运城学院,运城学院,518,,0,https://hf-mirror.com/datasets/choucsan/Gaokao-Compass-11M/resolve/main/data/2025/henan/school-admission.csv,2026-09-20T06:33:22+00:00
henan,2025,his,本科批,首选历史，再选不限,长治医学院,长治医学院,546,,4,https://hf-mirror.com/datasets/choucsan/Gaokao-Compass-11M/resolve/main/data/2025/henan/school-admission.csv,2026-09-20T06:33:22+00:00
henan,2025,his,本科批,首选历史，再选不限,忻州师范学院,忻州师范学院,527,,14,https://hf-mirror.com/datasets/choucsan/Gaokao-Compass-11M/resolve/main/data/2025/henan/school-admission.csv,2026-09-20T06:33:22+00:00
henan,2025,his,本科批,（103）,忻州师范学院,忻州师范学院,530,,2,https://hf-mirror.com/datasets/choucsan/Gaokao-Compass-11M/resolve/main/data/2025/henan/school-admission.csv,2026-09-20T06:33:22+00:00
henan,2025,his,本科批,首选历史，再选不限,太原师范学院,太原师范学院,510,,0,https://hf-mirror.com/datasets/choucsan/Gaokao-Compass-11M/resolve/main/data/2025/henan/school-admission.csv,2026-09-20T06:33:22+00:00
henan,2025,his,本科批,（106）,太原师范学院,太原师范学院,546,,0,https://hf-mirror.com/datasets/choucsan/Gaokao-Compass-11M/resolve/main/data/2025/henan/school-admission.csv,2026-09-20T06:33:22+00:00
henan,2025,his,本科批,（104）,太原师范学院,太原师范学院,550,,0,https://hf-mirror.com/datasets/choucsan/Gaokao-Compass-11M/resolve/main/data/2025/henan/school-admission.csv,2026-09-20T06:33:22+00:00
henan,2025,his,本科批,（103）,太原工业学院,太原工业学院,532,,13,https://hf-mirror.com/datasets/choucsan/Gaokao-Compass-11M/resolve/main/data/2025/henan/school-admission.csv,2026-09-20T06:33:22+00:00
henan,2025,his,本科批,首选历史，再选不限,长治学院,长治学院,528,,10,https://hf-mirror.com/datasets/choucsan/Gaokao-Compass-11M/resolve/main/data/2025/henan/school-admission.csv,2026-09-20T06:33:22+00:00
henan,2025,his,本科批,（104）,长治学院,长治学院,537,,2,https://hf-mirror.com/datasets/choucsan/Gaokao-Compass-11M/resolve/main/data/2025/henan/school-admission.csv,2026-09-20T06:33:22+00:00
henan,2025,his,本科批,首选历史，再选不限,内蒙古工业大学,内蒙古工业大学,527,,0,https://hf-mirror.com/datasets/choucsan/Gaokao-Compass-11M/resolve/main/data/2025/henan/school-admission.csv,2026-09-20T06:33:22+00:00
henan,2025,his,本科批,首选历史，再选不限,内蒙古财经大学,内蒙古财经大学,523,,0,https://hf-mirror.com/datasets/choucsan/Gaokao-Compass-11M/resolve/main/data/2025/henan/school-admission.csv,2026-09-20T06:33:22+00:00
henan,2025,his,本科批,首选历史，再选不限,沈阳大学,沈阳大学,549,,30,https://hf-mirror.com/datasets/choucsan/Gaokao-Compass-11M/resolve/main/data/2025/henan/school-admission.csv,2026-09-20T06:33:22+00:00
henan,2025,his,本科批,（103）,辽宁科技学院,辽宁科技学院,523,,14,https://hf-mirror.com/datasets/choucsan/Gaokao-Compass-11M/resolve/main/data/2025/henan/school-admission.csv,2026-09-20T06:33:22+00:00
henan,2025,his,本科批,首选历史，再选不限,辽宁师范大学,辽宁师范大学,516,,32,https://hf-mirror.com/datasets/choucsan/Gaokao-Compass-11M/resolve/main/data/2025/henan/school-admission.csv,2026-09-20T06:33:22+00:00
henan,2025,his,本科批,（104）,辽宁师范大学,辽宁师范大学,560,,4,https://hf-mirror.com/datasets/choucsan/Gaokao-Compass-11M/resolve/main/data/2025/henan/school-admission.csv,2026-09-20T06:33:22+00:00
henan,2025,his,本科批,首选历史，再选不限,沈阳师范大学,沈阳师范大学,477,,57,https://hf-mirror.com/datasets/choucsan/Gaokao-Compass-11M/resolve/main/data/2025/henan/school-admission.csv,2026-09-20T06:33:22+00:00
henan,2025,his,本科批,（107）,沈阳师范大学,沈阳师范大学,564,,2,https://hf-mirror.com/datasets/choucsan/Gaokao-Compass-11M/resolve/main/data/2025/henan/school-admission.csv,2026-09-20T06:33:22+00:00
henan,2025,his,本科批,首选历史，再选不限,大连工业大学,大连工业大学,539,,14,https://hf-mirror.com/datasets/choucsan/Gaokao-Compass-11M/resolve/main/data/2025/henan/school-admission.csv,2026-09-20T06:33:22+00:00
henan,2025,his,本科批,（116）,大连工业大学,大连工业大学,559,,2,https://hf-mirror.com/datasets/choucsan/Gaokao-Compass-11M/resolve/main/data/2025/henan/school-admission.csv,2026-09-20T06:33:22+00:00
henan,2025,his,本科批,（103）,辽宁工业大学,辽宁工业大学,544,,0,https://hf-mirror.com/datasets/choucsan/Gaokao-Compass-11M/resolve/main/data/2025/henan/school-admission.csv,2026-09-20T06:33:22+00:00
henan,2025,his,本科批,（103）,沈阳理工大学,沈阳理工大学,549,,15,https://hf-mirror.com/datasets/choucsan/Gaokao-Compass-11M/resolve/main/data/2025/henan/school-admission.csv,2026-09-20T06:33:22+00:00
henan,2025,his,本科批,（104）,沈阳化工大学,沈阳化工大学,549,,0,https://hf-mirror.com/datasets/choucsan/Gaokao-Compass-11M/resolve/main/data/2025/henan/school-admission.csv,2026-09-20T06:33:22+00:00
henan,2025,his,本科批,首选历史，再选不限,辽宁中医药大学,辽宁中医药大学,538,,0,https://hf-mirror.com/datasets/choucsan/Gaokao-Compass-11M/resolve/main/data/2025/henan/school-admission.csv,2026-09-20T06:33:22+00:00
henan,2025,his,本科批,（114）,辽宁中医药大学,辽宁中医药大学,527,,0,https://hf-mirror.com/datasets/choucsan/Gaokao-Compass-11M/resolve/main/data/2025/henan/school-admission.csv,2026-09-20T06:33:22+00:00
henan,2025,his,本科批,首选历史，再选不限,鞍山师范学院,鞍山师范学院,523,,0,https://hf-mirror.com/datasets/choucsan/Gaokao-Compass-11M/resolve/main/data/2025/henan/school-admission.csv,2026-09-20T06:33:22+00:00
henan,2025,his,本科批,（101）,鞍山师范学院,鞍山师范学院,536,,0,https://hf-mirror.com/datasets/choucsan/Gaokao-Compass-11M/resolve/main/data/2025/henan/school-admission.csv,2026-09-20T06:33:22+00:00
henan,2025,his,本科批,首选历史，再选不限,大连外国语大学,大连外国语大学,558,,51,https://hf-mirror.com/datasets/choucsan/Gaokao-Compass-11M/resolve/main/data/2025/henan/school-admission.csv,2026-09-20T06:33:22+00:00
henan,2025,his,本科批,（103）,大连外国语大学,大连外国语大学,574,,2,https://hf-mirror.com/datasets/choucsan/Gaokao-Compass-11M/resolve/main/data/2025/henan/school-admission.csv,2026-09-20T06:33:22+00:00
henan,2025,his,本科批,首选历史，再选不限,辽东学院,辽东学院,521,,0,https://hf-mirror.com/datasets/choucsan/Gaokao-Compass-11M/resolve/main/data/2025/henan/school-admission.csv,2026-09-20T06:33:22+00:00
henan,2025,his,本科批,（113）,辽东学院,辽东学院,525,,0,https://hf-mirror.com/datasets/choucsan/Gaokao-Compass-11M/resolve/main/data/2025/henan/school-admission.csv,2026-09-20T06:33:22+00:00
henan,2025,his,本科批,首选历史，再选不限,北华大学,北华大学,535,,65,https://hf-mirror.com/datasets/choucsan/Gaokao-Compass-11M/resolve/main/data/2025/henan/school-admission.csv,2026-09-20T06:33:22+00:00
henan,2025,his,本科批,（102）,北华大学,北华大学,552,,5,https://hf-mirror.com/datasets/choucsan/Gaokao-Compass-11M/resolve/main/data/2025/henan/school-admission.csv,2026-09-20T06:33:22+00:00
henan,2025,his,本科批,首选历史，再选不限,长春大学,长春大学,506,,53,https://hf-mirror.com/datasets/choucsan/Gaokao-Compass-11M/resolve/main/data/2025/henan/school-admission.csv,2026-09-20T06:33:22+00:00
henan,2025,his,本科批,（101）,长春工业大学,长春工业大学,543,,20,https://hf-mirror.com/datasets/choucsan/Gaokao-Compass-11M/resolve/main/data/2025/henan/school-admission.csv,2026-09-20T06:33:22+00:00
henan,2025,his,本科批,（104）,吉林农业大学,吉林农业大学,544,,0,https://hf-mirror.com/datasets/choucsan/Gaokao-Compass-11M/resolve/main/data/2025/henan/school-admission.csv,2026-09-20T06:33:22+00:00
henan,2025,his,本科批,（101）,长春工程学院,长春工程学院,524,,0,https://hf-mirror.com/datasets/choucsan/Gaokao-Compass-11M/resolve/main/data/2025/henan/school-admission.csv,2026-09-20T06:33:22+00:00
henan,2025,his,本科批,（106）,吉林化工大学,吉林化工大学,530,,0,https://hf-mirror.com/datasets/choucsan/Gaokao-Compass-11M/resolve/main/data/2025/henan/school-admission.csv,2026-09-20T06:33:22+00:00
henan,2025,his,本科批,首选历史，再选不限,吉林建筑大学,吉林建筑大学,508,,0,https://hf-mirror.com/datasets/choucsan/Gaokao-Compass-11M/resolve/main/data/2025/henan/school-admission.csv,2026-09-20T06:33:22+00:00
henan,2025,his,本科批,（103）,长春中医药大学,长春中医药大学,583,,12,https://hf-mirror.com/datasets/choucsan/Gaokao-Compass-11M/resolve/main/data/2025/henan/school-admission.csv,2026-09-20T06:33:22+00:00
henan,2025,his,本科批,首选历史，再选不限,长春师范大学,长春师范大学,498,,20,https://hf-mirror.com/datasets/choucsan/Gaokao-Compass-11M/resolve/main/data/2025/henan/school-admission.csv,2026-09-20T06:33:22+00:00
henan,2025,his,本科批,（101）,长春师范大学,长春师范大学,546,,3,https://hf-mirror.com/datasets/choucsan/Gaokao-Compass-11M/resolve/main/data/2025/henan/school-admission.csv,2026-09-20T06:33:22+00:00
henan,2025,his,本科批,（103）,吉林工程技术师范学院,吉林工程技术师范学院,520,,0,https://hf-mirror.com/datasets/choucsan/Gaokao-Compass-11M/resolve/main/data/2025/henan/school-admission.csv,2026-09-20T06:33:22+00:00
henan,2025,his,本科批,首选历史，再选不限,黑龙江大学,黑龙江大学,521,,0,https://hf-mirror.com/datasets/choucsan/Gaokao-Compass-11M/resolve/main/data/2025/henan/school-admission.csv,2026-09-20T06:33:22+00:00
henan,2025,his,本科批,（109）,黑龙江大学,黑龙江大学,578,,0,https://hf-mirror.com/datasets/choucsan/Gaokao-Compass-11M/resolve/main/data/2025/henan/school-admission.csv,2026-09-20T06:33:22+00:00
henan,2025,his,本科批,（101）,佳木斯大学,佳木斯大学,520,,0,https://hf-mirror.com/datasets/choucsan/Gaokao-Compass-11M/resolve/main/data/2025/henan/school-admission.csv,2026-09-20T06:33:22+00:00
henan,2025,his,本科批,（101）,哈尔滨理工大学,哈尔滨理工大学,546,,0,https://hf-mirror.com/datasets/choucsan/Gaokao-Compass-11M/resolve/main/data/2025/henan/school-admission.csv,2026-09-20T06:33:22+00:00
henan,2025,his,本科批,首选历史，再选不限,齐齐哈尔大学,齐齐哈尔大学,538,,0,https://hf-mirror.com/datasets/choucsan/Gaokao-Compass-11M/resolve/main/data/2025/henan/school-admission.csv,2026-09-20T06:33:22+00:00
henan,2025,his,本科批,（101）,齐齐哈尔大学,齐齐哈尔大学,546,,0,https://hf-mirror.com/datasets/choucsan/Gaokao-Compass-11M/resolve/main/data/2025/henan/school-admission.csv,2026-09-20T06:33:22+00:00
henan,2025,his,本科批,首选历史，再选不限,哈尔滨师范大学,哈尔滨师范大学,520,,0,https://hf-mirror.com/datasets/choucsan/Gaokao-Compass-11M/resolve/main/data/2025/henan/school-admission.csv,2026-09-20T06:33:22+00:00
henan,2025,his,本科批,（107）,哈尔滨师范大学,哈尔滨师范大学,532,,0,https://hf-mirror.com/datasets/choucsan/Gaokao-Compass-11M/resolve/main/data/2025/henan/school-admission.csv,2026-09-20T06:33:22+00:00
henan,2025,his,本科批,首选历史，再选不限,哈尔滨商业大学,哈尔滨商业大学,540,,0,https://hf-mirror.com/datasets/choucsan/Gaokao-Compass-11M/resolve/main/data/2025/henan/school-admission.csv,2026-09-20T06:33:22+00:00
henan,2025,his,本科批,首选历史，再选不限,哈尔滨学院,哈尔滨学院,528,,0,https://hf-mirror.com/datasets/choucsan/Gaokao-Compass-11M/resolve/main/data/2025/henan/school-admission.csv,2026-09-20T06:33:22+00:00
henan,2025,his,本科批,（106）,哈尔滨学院,哈尔滨学院,535,,0,https://hf-mirror.com/datasets/choucsan/Gaokao-Compass-11M/resolve/main/data/2025/henan/school-admission.csv,2026-09-20T06:33:22+00:00
henan,2025,his,本科批,（105）,哈尔滨学院,哈尔滨学院,545,,0,https://hf-mirror.com/datasets/choucsan/Gaokao-Compass-11M/resolve/main/data/2025/henan/school-admission.csv,2026-09-20T06:33:22+00:00
henan,2025,his,本科批,首选历史，再选不限,黑河学院,黑河学院,510,,0,https://hf-mirror.com/datasets/choucsan/Gaokao-Compass-11M/resolve/main/data/2025/henan/school-admission.csv,2026-09-20T06:33:22+00:00
henan,2025,his,本科批,首选历史，再选不限,黑龙江科技大学,黑龙江科技大学,538,,0,https://hf-mirror.com/datasets/choucsan/Gaokao-Compass-11M/resolve/main/data/2025/henan/school-admission.csv,2026-09-20T06:33:22+00:00
henan,2025,his,本科批,（102）,黑龙江科技大学,黑龙江科技大学,548,,0,https://hf-mirror.com/datasets/choucsan/Gaokao-Compass-11M/resolve/main/data/2025/henan/school-admission.csv,2026-09-20T06:33:22+00:00
henan,2025,his,本科批,（101）,牡丹江师范学院,牡丹江师范学院,523,,43,https://hf-mirror.com/datasets/choucsan/Gaokao-Compass-11M/resolve/main/data/2025/henan/school-admission.csv,2026-09-20T06:33:22+00:00
henan,2025,his,本科批,（102）,牡丹江师范学院,牡丹江师范学院,542,,5,https://hf-mirror.com/datasets/choucsan/Gaokao-Compass-11M/resolve/main/data/2025/henan/school-admission.csv,2026-09-20T06:33:22+00:00
henan,2025,his,本科批,首选历史，再选不限,绥化学院,绥化学院,520,,42,https://hf-mirror.com/datasets/choucsan/Gaokao-Compass-11M/resolve/main/data/2025/henan/school-admission.csv,2026-09-20T06:33:22+00:00
henan,2025,his,本科批,（103）,常州工学院,常州工学院,549,,10,https://hf-mirror.com/datasets/choucsan/Gaokao-Compass-11M/resolve/main/data/2025/henan/school-admission.csv,2026-09-20T06:33:22+00:00
henan,2025,his,本科批,（101）,江苏第二师范学院,江苏第二师范学院,552,,16,https://hf-mirror.com/datasets/choucsan/Gaokao-Compass-11M/resolve/main/data/2025/henan/school-admission.csv,2026-09-20T06:33:22+00:00
henan,2025,his,本科批,（102）,江苏第二师范学院,江苏第二师范学院,561,,4,https://hf-mirror.com/datasets/choucsan/Gaokao-Compass-11M/resolve/main/data/2025/henan/school-admission.csv,2026-09-20T06:33:22+00:00
henan,2025,his,本科批,（102）,南京工程学院,南京工程学院,565,,0,https://hf-mirror.com/datasets/choucsan/Gaokao-Compass-11M/resolve/main/data/2025/henan/school-admission.csv,2026-09-20T06:33:22+00:00
henan,2025,his,本科批,（101）,苏州科技大学,苏州科技大学,581,,0,https://hf-mirror.com/datasets/choucsan/Gaokao-Compass-11M/resolve/main/data/2025/henan/school-admission.csv,2026-09-20T06:33:22+00:00
henan,2025,his,本科批,（102）,苏州科技大学,苏州科技大学,590,,0,https://hf-mirror.com/datasets/choucsan/Gaokao-Compass-11M/resolve/main/data/2025/henan/school-admission.csv,2026-09-20T06:33:22+00:00
henan,2025,his,本科批,（101）,淮阴师范学院,淮阴师范学院,532,,0,https://hf-mirror.com/datasets/choucsan/Gaokao-Compass-11M/resolve/main/data/2025/henan/school-admission.csv,2026-09-20T06:33:22+00:00
henan,2025,his,本科批,（101）,江苏师范大学,江苏师范大学,580,,0,https://hf-mirror.com/datasets/choucsan/Gaokao-Compass-11M/resolve/main/data/2025/henan/school-admission.csv,2026-09-20T06:33:22+00:00
henan,2025,his,本科批,（101）,苏州工学院,苏州工学院,554,,17,https://hf-mirror.com/datasets/choucsan/Gaokao-Compass-11M/resolve/main/data/2025/henan/school-admission.csv,2026-09-20T06:33:22+00:00
henan,2025,his,本科批,首选历史，再选不限,浙江传媒学院,浙江传媒学院,553,,0,https://hf-mirror.com/datasets/choucsan/Gaokao-Compass-11M/resolve/main/data/2025/henan/school-admission.csv,2026-09-20T06:33:22+00:00
henan,2025,his,本科批,（101）,宁波工程学院,宁波工程学院,554,,18,https://hf-mirror.com/datasets/choucsan/Gaokao-Compass-11M/resolve/main/data/2025/henan/school-admission.csv,2026-09-20T06:33:22+00:00
henan,2025,his,本科批,（101）,绍兴文理学院,绍兴文理学院,559,,15,https://hf-mirror.com/datasets/choucsan/Gaokao-Compass-11M/resolve/main/data/2025/henan/school-admission.csv,2026-09-20T06:33:22+00:00
henan,2025,his,本科批,（101）,嘉兴大学,嘉兴大学,561,,0,https://hf-mirror.com/datasets/choucsan/Gaokao-Compass-11M/resolve/main/data/2025/henan/school-admission.csv,2026-09-20T06:33:22+00:00
henan,2025,his,本科批,首选历史，再选不限,浙江科技大学,浙江科技大学,555,,44,https://hf-mirror.com/datasets/choucsan/Gaokao-Compass-11M/resolve/main/data/2025/henan/school-admission.csv,2026-09-20T06:33:22+00:00
henan,2025,his,本科批,首选历史，再选不限,浙江海洋大学,浙江海洋大学,560,,24,https://hf-mirror.com/datasets/choucsan/Gaokao-Compass-11M/resolve/main/data/2025/henan/school-admission.csv,2026-09-20T06:33:22+00:00
henan,2025,his,本科批,首选历史，再选不限,浙江农林大学,浙江农林大学,584,,16,https://hf-mirror.com/datasets/choucsan/Gaokao-Compass-11M/resolve/main/data/2025/henan/school-admission.csv,2026-09-20T06:33:22+00:00
henan,2025,his,本科批,（101）,浙江中医药大学,浙江中医药大学,575,,6,https://hf-mirror.com/datasets/choucsan/Gaokao-Compass-11M/resolve/main/data/2025/henan/school-admission.csv,2026-09-20T06:33:22+00:00
henan,2025,his,本科批,首选历史，再选不限,衢州学院,衢州学院,536,,18,https://hf-mirror.com/datasets/choucsan/Gaokao-Compass-11M/resolve/main/data/2025/henan/school-admission.csv,2026-09-20T06:33:22+00:00
henan,2025,his,本科批,（101）,湖州师范学院,湖州师范学院,556,,24,https://hf-mirror.com/datasets/choucsan/Gaokao-Compass-11M/resolve/main/data/2025/henan/school-admission.csv,2026-09-20T06:33:22+00:00
henan,2025,his,本科批,（104）,湖州师范学院,湖州师范学院,580,,2,https://hf-mirror.com/datasets/choucsan/Gaokao-Compass-11M/resolve/main/data/2025/henan/school-admission.csv,2026-09-20T06:33:22+00:00
henan,2025,his,本科批,首选历史，再选不限,温州大学,温州大学,586,,0,https://hf-mirror.com/datasets/choucsan/Gaokao-Compass-11M/resolve/main/data/2025/henan/school-admission.csv,2026-09-20T06:33:22+00:00
henan,2025,his,本科批,（103）,温州大学,温州大学,592,,0,https://hf-mirror.com/datasets/choucsan/Gaokao-Compass-11M/resolve/main/data/2025/henan/school-admission.csv,2026-09-20T06:33:22+00:00
henan,2025,his,本科批,首选历史，再选不限,杭州师范大学,杭州师范大学,578,,13,https://hf-mirror.com/datasets/choucsan/Gaokao-Compass-11M/resolve/main/data/2025/henan/school-admission.csv,2026-09-20T06:33:22+00:00
henan,2025,his,本科批,首选历史，再选不限,浙江工商大学,浙江工商大学,587,,23,https://hf-mirror.com/datasets/choucsan/Gaokao-Compass-11M/resolve/main/data/2025/henan/school-admission.csv,2026-09-20T06:33:22+00:00
henan,2025,his,本科批,（105）,安徽农业大学,安徽农业大学,581,,6,https://hf-mirror.com/datasets/choucsan/Gaokao-Compass-11M/resolve/main/data/2025/henan/school-admission.csv,2026-09-20T06:33:22+00:00
henan,2025,his,本科批,（101）,安徽师范大学,安徽师范大学,576,,0,https://hf-mirror.com/datasets/choucsan/Gaokao-Compass-11M/resolve/main/data/2025/henan/school-admission.csv,2026-09-20T06:33:22+00:00
henan,2025,his,本科批,（105）,安徽师范大学,安徽师范大学,593,,0,https://hf-mirror.com/datasets/choucsan/Gaokao-Compass-11M/resolve/main/data/2025/henan/school-admission.csv,2026-09-20T06:33:22+00:00
henan,2025,his,本科批,（103）,皖西学院,皖西学院,549,,0,https://hf-mirror.com/datasets/choucsan/Gaokao-Compass-11M/resolve/main/data/2025/henan/school-admission.csv,2026-09-20T06:33:22+00:00
henan,2025,his,本科批,首选历史，再选不限,安徽中医药大学,安徽中医药大学,559,,8,https://hf-mirror.com/datasets/choucsan/Gaokao-Compass-11M/resolve/main/data/2025/henan/school-admission.csv,2026-09-20T06:33:22+00:00
henan,2025,his,本科批,（101）,安庆师范大学,安庆师范大学,551,,5,https://hf-mirror.com/datasets/choucsan/Gaokao-Compass-11M/resolve/main/data/2025/henan/school-admission.csv,2026-09-20T06:33:22+00:00
henan,2025,his,本科批,（102）,安庆师范大学,安庆师范大学,558,,5,https://hf-mirror.com/datasets/choucsan/Gaokao-Compass-11M/resolve/main/data/2025/henan/school-admission.csv,2026-09-20T06:33:22+00:00
henan,2025,his,本科批,（101）,淮南师范学院,淮南师范学院,535,,0,https://hf-mirror.com/datasets/choucsan/Gaokao-Compass-11M/resolve/main/data/2025/henan/school-admission.csv,2026-09-20T06:33:22+00:00
henan,2025,his,本科批,（101）,铜陵学院,铜陵学院,546,,25,https://hf-mirror.com/datasets/choucsan/Gaokao-Compass-11M/resolve/main/data/2025/henan/school-admission.csv,2026-09-20T06:33:22+00:00
henan,2025,his,本科批,首选历史，再选不限,江西农业大学,江西农业大学,555,,0,https://hf-mirror.com/datasets/choucsan/Gaokao-Compass-11M/resolve/main/data/2025/henan/school-admission.csv,2026-09-20T06:33:22+00:00
henan,2025,his,本科批,首选历史，再选不限,九江学院,九江学院,515,,0,https://hf-mirror.com/datasets/choucsan/Gaokao-Compass-11M/resolve/main/data/2025/henan/school-admission.csv,2026-09-20T06:33:22+00:00
henan,2025,his,本科批,（102）,九江学院,九江学院,535,,0,https://hf-mirror.com/datasets/choucsan/Gaokao-Compass-11M/resolve/main/data/2025/henan/school-admission.csv,2026-09-20T06:33:22+00:00
henan,2025,his,本科批,（101）,宜春学院,宜春学院,533,,12,https://hf-mirror.com/datasets/choucsan/Gaokao-Compass-11M/resolve/main/data/2025/henan/school-admission.csv,2026-09-20T06:33:22+00:00
henan,2025,his,本科批,（102）,宜春学院,宜春学院,547,,2,https://hf-mirror.com/datasets/choucsan/Gaokao-Compass-11M/resolve/main/data/2025/henan/school-admission.csv,2026-09-20T06:33:22+00:00
henan,2025,his,本科批,（103）,宜春学院,宜春学院,522,,1,https://hf-mirror.com/datasets/choucsan/Gaokao-Compass-11M/resolve/main/data/2025/henan/school-admission.csv,2026-09-20T06:33:22+00:00
henan,2025,his,本科批,首选历史，再选不限,赣南师范大学,赣南师范大学,546,,23,https://hf-mirror.com/datasets/choucsan/Gaokao-Compass-11M/resolve/main/data/2025/henan/school-admission.csv,2026-09-20T06:33:22+00:00
henan,2025,his,本科批,（103）,江西水利电力大学,江西水利电力大学,546,,0,https://hf-mirror.com/datasets/choucsan/Gaokao-Compass-11M/resolve/main/data/2025/henan/school-admission.csv,2026-09-20T06:33:22+00:00
henan,2025,his,本科批,（106）,济南大学,济南大学,575,,0,https://hf-mirror.com/datasets/choucsan/Gaokao-Compass-11M/resolve/main/data/2025/henan/school-admission.csv,2026-09-20T06:33:22+00:00
henan,2025,his,本科批,（107）,济南大学,济南大学,592,,0,https://hf-mirror.com/datasets/choucsan/Gaokao-Compass-11M/resolve/main/data/2025/henan/school-admission.csv,2026-09-20T06:33:22+00:00
henan,2025,his,本科批,首选历史，再选不限,聊城大学,聊城大学,492,,0,https://hf-mirror.com/datasets/choucsan/Gaokao-Compass-11M/resolve/main/data/2025/henan/school-admission.csv,2026-09-20T06:33:22+00:00
henan,2025,his,本科批,（102）,山东理工大学,山东理工大学,568,,0,https://hf-mirror.com/datasets/choucsan/Gaokao-Compass-11M/resolve/main/data/2025/henan/school-admission.csv,2026-09-20T06:33:22+00:00
henan,2025,his,本科批,（101）,山东政法学院,山东政法学院,571,,0,https://hf-mirror.com/datasets/choucsan/Gaokao-Compass-11M/resolve/main/data/2025/henan/school-admission.csv,2026-09-20T06:33:22+00:00
henan,2025,his,本科批,（102）,山东政法学院,山东政法学院,561,,0,https://hf-mirror.com/datasets/choucsan/Gaokao-Compass-11M/resolve/main/data/2025/henan/school-admission.csv,2026-09-20T06:33:22+00:00
henan,2025,his,本科批,（102）,山东农业大学,山东农业大学,557,,0,https://hf-mirror.com/datasets/choucsan/Gaokao-Compass-11M/resolve/main/data/2025/henan/school-admission.csv,2026-09-20T06:33:22+00:00
henan,2025,his,本科批,首选历史，再选不限,山东师范大学,山东师范大学,553,,0,https://hf-mirror.com/datasets/choucsan/Gaokao-Compass-11M/resolve/main/data/2025/henan/school-admission.csv,2026-09-20T06:33:22+00:00
henan,2025,his,本科批,（125）,山东师范大学,山东师范大学,588,,0,https://hf-mirror.com/datasets/choucsan/Gaokao-Compass-11M/resolve/main/data/2025/henan/school-admission.csv,2026-09-20T06:33:22+00:00
henan,2025,his,本科批,（101）,曲阜师范大学,曲阜师范大学,580,,0,https://hf-mirror.com/datasets/choucsan/Gaokao-Compass-11M/resolve/main/data/2025/henan/school-admission.csv,2026-09-20T06:33:22+00:00
henan,2025,his,本科批,（102）,曲阜师范大学,曲阜师范大学,590,,0,https://hf-mirror.com/datasets/choucsan/Gaokao-Compass-11M/resolve/main/data/2025/henan/school-admission.csv,2026-09-20T06:33:22+00:00
henan,2025,his,本科批,（105）,德州学院,德州学院,530,,5,https://hf-mirror.com/datasets/choucsan/Gaokao-Compass-11M/resolve/main/data/2025/henan/school-admission.csv,2026-09-20T06:33:22+00:00
henan,2025,his,本科批,首选历史，再选不限,山东女子学院,山东女子学院,526,,6,https://hf-mirror.com/datasets/choucsan/Gaokao-Compass-11M/resolve/main/data/2025/henan/school-admission.csv,2026-09-20T06:33:22+00:00
henan,2025,his,本科批,（103）,山东交通学院,山东交通学院,554,,15,https://hf-mirror.com/datasets/choucsan/Gaokao-Compass-11M/resolve/main/data/2025/henan/school-admission.csv,2026-09-20T06:33:22+00:00
henan,2025,his,本科批,（101）,青岛农业大学,青岛农业大学,553,,2,https://hf-mirror.com/datasets/choucsan/Gaokao-Compass-11M/resolve/main/data/2025/henan/school-admission.csv,2026-09-20T06:33:22+00:00
henan,2025,his,本科批,（101）,山东航空学院,山东航空学院,547,,0,https://hf-mirror.com/datasets/choucsan/Gaokao-Compass-11M/resolve/main/data/2025/henan/school-admission.csv,2026-09-20T06:33:22+00:00
henan,2025,his,本科批,（101）,山东第二医科大学,山东第二医科大学,548,,12,https://hf-mirror.com/datasets/choucsan/Gaokao-Compass-11M/resolve/main/data/2025/henan/school-admission.csv,2026-09-20T06:33:22+00:00
henan,2025,his,本科批,（104）,滨州医学院,滨州医学院,543,,0,https://hf-mirror.com/datasets/choucsan/Gaokao-Compass-11M/resolve/main/data/2025/henan/school-admission.csv,2026-09-20T06:33:22+00:00
henan,2025,his,本科批,（101）,临沂大学,临沂大学,549,,0,https://hf-mirror.com/datasets/choucsan/Gaokao-Compass-11M/resolve/main/data/2025/henan/school-admission.csv,2026-09-20T06:33:22+00:00
henan,2025,his,本科批,（102）,鲁东大学,鲁东大学,560,,0,https://hf-mirror.com/datasets/choucsan/Gaokao-Compass-11M/resolve/main/data/2025/henan/school-admission.csv,2026-09-20T06:33:22+00:00
henan,2025,his,本科批,（101）,鲁东大学,鲁东大学,564,,0,https://hf-mirror.com/datasets/choucsan/Gaokao-Compass-11M/resolve/main/data/2025/henan/school-admission.csv,2026-09-20T06:33:22+00:00
henan,2025,his,本科批,（104）,山东财经大学,山东财经大学,585,,0,https://hf-mirror.com/datasets/choucsan/Gaokao-Compass-11M/resolve/main/data/2025/henan/school-admission.csv,2026-09-20T06:33:22+00:00
henan,2025,his,本科批,（103）,山东工商学院,山东工商学院,547,,0,https://hf-mirror.com/datasets/choucsan/Gaokao-Compass-11M/resolve/main/data/2025/henan/school-admission.csv,2026-09-20T06:33:22+00:00
henan,2025,his,本科批,（101）,湖北理工学院,湖北理工学院,545,,0,https://hf-mirror.com/datasets/choucsan/Gaokao-Compass-11M/resolve/main/data/2025/henan/school-admission.csv,2026-09-20T06:33:22+00:00
henan,2025,his,本科批,首选历史，再选不限,湖北文理学院,湖北文理学院,512,,0,https://hf-mirror.com/datasets/choucsan/Gaokao-Compass-11M/resolve/main/data/2025/henan/school-admission.csv,2026-09-20T06:33:22+00:00
henan,2025,his,本科批,（101）,湖北汽车工业学院,湖北汽车工业学院,536,,0,https://hf-mirror.com/datasets/choucsan/Gaokao-Compass-11M/resolve/main/data/2025/henan/school-admission.csv,2026-09-20T06:33:22+00:00
henan,2025,his,本科批,首选历史，再选不限,武汉轻工大学,武汉轻工大学,520,,0,https://hf-mirror.com/datasets/choucsan/Gaokao-Compass-11M/resolve/main/data/2025/henan/school-admission.csv,2026-09-20T06:33:22+00:00
henan,2025,his,本科批,（104）,湖北医药学院,湖北医药学院,538,,0,https://hf-mirror.com/datasets/choucsan/Gaokao-Compass-11M/resolve/main/data/2025/henan/school-admission.csv,2026-09-20T06:33:22+00:00
henan,2025,his,本科批,（102）,湖北师范大学,湖北师范大学,563,,0,https://hf-mirror.com/datasets/choucsan/Gaokao-Compass-11M/resolve/main/data/2025/henan/school-admission.csv,2026-09-20T06:33:22+00:00
henan,2025,his,本科批,（101）,湖北师范大学,湖北师范大学,573,,0,https://hf-mirror.com/datasets/choucsan/Gaokao-Compass-11M/resolve/main/data/2025/henan/school-admission.csv,2026-09-20T06:33:22+00:00
henan,2025,his,本科批,（101）,湘南学院,湘南学院,542,,5,https://hf-mirror.com/datasets/choucsan/Gaokao-Compass-11M/resolve/main/data/2025/henan/school-admission.csv,2026-09-20T06:33:22+00:00
henan,2025,his,本科批,（103）,湖南工业大学,湖南工业大学,571,,0,https://hf-mirror.com/datasets/choucsan/Gaokao-Compass-11M/resolve/main/data/2025/henan/school-admission.csv,2026-09-20T06:33:22+00:00
henan,2025,his,本科批,（101）,怀化学院,怀化学院,534,,0,https://hf-mirror.com/datasets/choucsan/Gaokao-Compass-11M/resolve/main/data/2025/henan/school-admission.csv,2026-09-20T06:33:22+00:00
henan,2025,his,本科批,（101）,五邑大学,五邑大学,570,,5,https://hf-mirror.com/datasets/choucsan/Gaokao-Compass-11M/resolve/main/data/2025/henan/school-admission.csv,2026-09-20T06:33:22+00:00
henan,2025,his,本科批,首选历史，再选不限,长沙学院,长沙学院,525,,11,https://hf-mirror.com/datasets/choucsan/Gaokao-Compass-11M/resolve/main/data/2025/henan/school-admission.csv,2026-09-20T06:33:22+00:00
henan,2025,his,本科批,（105）,广东石油化工学院,广东石油化工学院,549,,8,https://hf-mirror.com/datasets/choucsan/Gaokao-Compass-11M/resolve/main/data/2025/henan/school-admission.csv,2026-09-20T06:33:22+00:00
henan,2025,his,本科批,（106）,广东石油化工学院,广东石油化工学院,548,,2,https://hf-mirror.com/datasets/choucsan/Gaokao-Compass-11M/resolve/main/data/2025/henan/school-admission.csv,2026-09-20T06:33:22+00:00
henan,2025,his,本科批,首选历史，再选不限,韩山师范学院,韩山师范学院,548,,0,https://hf-mirror.com/datasets/choucsan/Gaokao-Compass-11M/resolve/main/data/2025/henan/school-admission.csv,2026-09-20T06:33:22+00:00
henan,2025,his,本科批,首选历史，再选不限,肇庆学院,肇庆学院,537,,9,https://hf-mirror.com/datasets/choucsan/Gaokao-Compass-11M/resolve/main/data/2025/henan/school-admission.csv,2026-09-20T06:33:22+00:00
henan,2025,his,本科批,（101）,广西师范大学,广西师范大学,562,,0,https://hf-mirror.com/datasets/choucsan/Gaokao-Compass-11M/resolve/main/data/2025/henan/school-admission.csv,2026-09-20T06:33:22+00:00
henan,2025,his,本科批,（103）,广西师范大学,广西师范大学,562,,0,https://hf-mirror.com/datasets/choucsan/Gaokao-Compass-11M/resolve/main/data/2025/henan/school-admission.csv,2026-09-20T06:33:22+00:00
henan,2025,his,本科批,（103）,桂林电子科技大学,桂林电子科技大学,555,,0,https://hf-mirror.com/datasets/choucsan/Gaokao-Compass-11M/resolve/main/data/2025/henan/school-admission.csv,2026-09-20T06:33:22+00:00
henan,2025,his,本科批,（111）,桂林理工大学,桂林理工大学,538,,0,https://hf-mirror.com/datasets/choucsan/Gaokao-Compass-11M/resolve/main/data/2025/henan/school-admission.csv,2026-09-20T06:33:22+00:00
henan,2025,his,本科批,（606）,桂林医科大学,桂林医科大学,513,,0,https://hf-mirror.com/datasets/choucsan/Gaokao-Compass-11M/resolve/main/data/2025/henan/school-admission.csv,2026-09-20T06:33:22+00:00
henan,2025,his,本科批,首选历史，再选不限,玉林师范学院,玉林师范学院,521,,0,https://hf-mirror.com/datasets/choucsan/Gaokao-Compass-11M/resolve/main/data/2025/henan/school-admission.csv,2026-09-20T06:33:22+00:00
henan,2025,his,本科批,首选历史，再选不限,成都师范学院,成都师范学院,549,,0,https://hf-mirror.com/datasets/choucsan/Gaokao-Compass-11M/resolve/main/data/2025/henan/school-admission.csv,2026-09-20T06:33:22+00:00
henan,2025,his,本科批,（101）,首都体育学院,首都体育学院,557,,0,https://hf-mirror.com/datasets/choucsan/Gaokao-Compass-11M/resolve/main/data/2025/henan/school-admission.csv,2026-09-20T06:33:22+00:00
henan,2025,his,本科批,首选历史，再选不限,海南热带海洋学院,海南热带海洋学院,472,,0,https://hf-mirror.com/datasets/choucsan/Gaokao-Compass-11M/resolve/main/data/2025/henan/school-admission.csv,2026-09-20T06:33:22+00:00
henan,2025,his,本科批,（101）,海南热带海洋学院,海南热带海洋学院,533,,0,https://hf-mirror.com/datasets/choucsan/Gaokao-Compass-11M/resolve/main/data/2025/henan/school-admission.csv,2026-09-20T06:33:22+00:00
henan,2025,his,本科批,首选历史，再选不限,海南医科大学,海南医科大学,544,,0,https://hf-mirror.com/datasets/choucsan/Gaokao-Compass-11M/resolve/main/data/2025/henan/school-admission.csv,2026-09-20T06:33:22+00:00
henan,2025,his,本科批,首选历史，再选不限,海南师范大学,海南师范大学,516,,78,https://hf-mirror.com/datasets/choucsan/Gaokao-Compass-11M/resolve/main/data/2025/henan/school-admission.csv,2026-09-20T06:33:22+00:00
henan,2025,his,本科批,（102）,海南师范大学,海南师范大学,573,,3,https://hf-mirror.com/datasets/choucsan/Gaokao-Compass-11M/resolve/main/data/2025/henan/school-admission.csv,2026-09-20T06:33:22+00:00
henan,2025,his,本科批,首选历史，再选思想政治,海南师范大学,海南师范大学,559,,13,https://hf-mirror.com/datasets/choucsan/Gaokao-Compass-11M/resolve/main/data/2025/henan/school-admission.csv,2026-09-20T06:33:22+00:00
henan,2025,his,本科批,首选历史，再选不限,重庆理工大学,重庆理工大学,559,,37,https://hf-mirror.com/datasets/choucsan/Gaokao-Compass-11M/resolve/main/data/2025/henan/school-admission.csv,2026-09-20T06:33:22+00:00
henan,2025,his,本科批,首选历史，再选不限,重庆第二师范学院,重庆第二师范学院,550,,0,https://hf-mirror.com/datasets/choucsan/Gaokao-Compass-11M/resolve/main/data/2025/henan/school-admission.csv,2026-09-20T06:33:22+00:00
henan,2025,his,本科批,（101）,重庆师范大学,重庆师范大学,582,,0,https://hf-mirror.com/datasets/choucsan/Gaokao-Compass-11M/resolve/main/data/2025/henan/school-admission.csv,2026-09-20T06:33:22+00:00
henan,2025,his,本科批,（104）,重庆师范大学,重庆师范大学,589,,0,https://hf-mirror.com/datasets/choucsan/Gaokao-Compass-11M/resolve/main/data/2025/henan/school-admission.csv,2026-09-20T06:33:22+00:00
henan,2025,his,本科批,（102）,重庆师范大学,重庆师范大学,594,,0,https://hf-mirror.com/datasets/choucsan/Gaokao-Compass-11M/resolve/main/data/2025/henan/school-admission.csv,2026-09-20T06:33:22+00:00
henan,2025,his,本科批,（105）,重庆中医药学院,重庆中医药学院,577,,4,https://hf-mirror.com/datasets/choucsan/Gaokao-Compass-11M/resolve/main/data/2025/henan/school-admission.csv,2026-09-20T06:33:22+00:00
henan,2025,his,本科批,首选历史，再选不限,四川师范大学,四川师范大学,581,,0,https://hf-mirror.com/datasets/choucsan/Gaokao-Compass-11M/resolve/main/data/2025/henan/school-admission.csv,2026-09-20T06:33:22+00:00
henan,2025,his,本科批,（113）,四川师范大学,四川师范大学,589,,0,https://hf-mirror.com/datasets/choucsan/Gaokao-Compass-11M/resolve/main/data/2025/henan/school-admission.csv,2026-09-20T06:33:22+00:00
henan,2025,his,本科批,（112）,四川师范大学,四川师范大学,586,,0,https://hf-mirror.com/datasets/choucsan/Gaokao-Compass-11M/resolve/main/data/2025/henan/school-admission.csv,2026-09-20T06:33:22+00:00
henan,2025,his,本科批,（101）,攀枝花学院,攀枝花学院,549,,12,https://hf-mirror.com/datasets/choucsan/Gaokao-Compass-11M/resolve/main/data/2025/henan/school-admission.csv,2026-09-20T06:33:22+00:00
henan,2025,his,本科批,（107）,川北医学院,川北医学院,546,,0,https://hf-mirror.com/datasets/choucsan/Gaokao-Compass-11M/resolve/main/data/2025/henan/school-admission.csv,2026-09-20T06:33:22+00:00
henan,2025,his,本科批,首选历史，再选不限,西南医科大学,西南医科大学,549,,0,https://hf-mirror.com/datasets/choucsan/Gaokao-Compass-11M/resolve/main/data/2025/henan/school-admission.csv,2026-09-20T06:33:22+00:00
henan,2025,his,本科批,（105）,绵阳师范学院,绵阳师范学院,529,,0,https://hf-mirror.com/datasets/choucsan/Gaokao-Compass-11M/resolve/main/data/2025/henan/school-admission.csv,2026-09-20T06:33:22+00:00
henan,2025,his,本科批,（103）,绵阳师范学院,绵阳师范学院,544,,0,https://hf-mirror.com/datasets/choucsan/Gaokao-Compass-11M/resolve/main/data/2025/henan/school-admission.csv,2026-09-20T06:33:22+00:00
henan,2025,his,本科批,（104）,绵阳师范学院,绵阳师范学院,546,,0,https://hf-mirror.com/datasets/choucsan/Gaokao-Compass-11M/resolve/main/data/2025/henan/school-admission.csv,2026-09-20T06:33:22+00:00
henan,2025,his,本科批,（101）,西华师范大学,西华师范大学,564,,0,https://hf-mirror.com/datasets/choucsan/Gaokao-Compass-11M/resolve/main/data/2025/henan/school-admission.csv,2026-09-20T06:33:22+00:00
henan,2025,his,本科批,（102）,西华师范大学,西华师范大学,580,,0,https://hf-mirror.com/datasets/choucsan/Gaokao-Compass-11M/resolve/main/data/2025/henan/school-admission.csv,2026-09-20T06:33:22+00:00
henan,2025,his,本科批,（101）,宜宾学院,宜宾学院,528,,12,https://hf-mirror.com/datasets/choucsan/Gaokao-Compass-11M/resolve/main/data/2025/henan/school-admission.csv,2026-09-20T06:33:22+00:00
henan,2025,his,本科批,首选历史，再选不限,贵州财经大学,贵州财经大学,540,,0,https://hf-mirror.com/datasets/choucsan/Gaokao-Compass-11M/resolve/main/data/2025/henan/school-admission.csv,2026-09-20T06:33:22+00:00
henan,2025,his,本科批,（101）,昆明理工大学,昆明理工大学,583,,0,https://hf-mirror.com/datasets/choucsan/Gaokao-Compass-11M/resolve/main/data/2025/henan/school-admission.csv,2026-09-20T06:33:22+00:00
henan,2025,his,本科批,（103）,昆明理工大学,昆明理工大学,529,,0,https://hf-mirror.com/datasets/choucsan/Gaokao-Compass-11M/resolve/main/data/2025/henan/school-admission.csv,2026-09-20T06:33:22+00:00
henan,2025,his,本科批,首选历史，再选不限,云南农业大学,云南农业大学,548,,6,https://hf-mirror.com/datasets/choucsan/Gaokao-Compass-11M/resolve/main/data/2025/henan/school-admission.csv,2026-09-20T06:33:22+00:00
henan,2025,his,本科批,首选历史，再选不限,大理大学,大理大学,546,,14,https://hf-mirror.com/datasets/choucsan/Gaokao-Compass-11M/resolve/main/data/2025/henan/school-admission.csv,2026-09-20T06:33:22+00:00
henan,2025,his,本科批,（107）,大理大学,大理大学,550,,2,https://hf-mirror.com/datasets/choucsan/Gaokao-Compass-11M/resolve/main/data/2025/henan/school-admission.csv,2026-09-20T06:33:22+00:00
henan,2025,his,本科批,（107）,西南林业大学,西南林业大学,556,,16,https://hf-mirror.com/datasets/choucsan/Gaokao-Compass-11M/resolve/main/data/2025/henan/school-admission.csv,2026-09-20T06:33:22+00:00
henan,2025,his,本科批,（101）,云南中医药大学,云南中医药大学,577,,1,https://hf-mirror.com/datasets/choucsan/Gaokao-Compass-11M/resolve/main/data/2025/henan/school-admission.csv,2026-09-20T06:33:22+00:00
henan,2025,his,本科批,（101）,玉溪师范学院,玉溪师范学院,540,,6,https://hf-mirror.com/datasets/choucsan/Gaokao-Compass-11M/resolve/main/data/2025/henan/school-admission.csv,2026-09-20T06:33:22+00:00
henan,2025,his,本科批,（102）,玉溪师范学院,玉溪师范学院,543,,2,https://hf-mirror.com/datasets/choucsan/Gaokao-Compass-11M/resolve/main/data/2025/henan/school-admission.csv,2026-09-20T06:33:22+00:00
henan,2025,his,本科批,（101）,云南民族大学,云南民族大学,553,,0,https://hf-mirror.com/datasets/choucsan/Gaokao-Compass-11M/resolve/main/data/2025/henan/school-admission.csv,2026-09-20T06:33:22+00:00
henan,2025,his,本科批,（103）,云南民族大学,云南民族大学,561,,0,https://hf-mirror.com/datasets/choucsan/Gaokao-Compass-11M/resolve/main/data/2025/henan/school-admission.csv,2026-09-20T06:33:22+00:00
henan,2025,his,本科批,（102）,云南民族大学,云南民族大学,563,,0,https://hf-mirror.com/datasets/choucsan/Gaokao-Compass-11M/resolve/main/data/2025/henan/school-admission.csv,2026-09-20T06:33:22+00:00
henan,2025,his,本科批,（110）,延安大学,延安大学,556,,16,https://hf-mirror.com/datasets/choucsan/Gaokao-Compass-11M/resolve/main/data/2025/henan/school-admission.csv,2026-09-20T06:33:22+00:00
henan,2025,his,本科批,（111）,陕西学前师范学院,陕西学前师范学院,527,,0,https://hf-mirror.com/datasets/choucsan/Gaokao-Compass-11M/resolve/main/data/2025/henan/school-admission.csv,2026-09-20T06:33:22+00:00
henan,2025,his,本科批,（113）,陕西学前师范学院,陕西学前师范学院,539,,0,https://hf-mirror.com/datasets/choucsan/Gaokao-Compass-11M/resolve/main/data/2025/henan/school-admission.csv,2026-09-20T06:33:22+00:00
henan,2025,his,本科批,（101）,宝鸡文理学院,宝鸡文理学院,542,,8,https://hf-mirror.com/datasets/choucsan/Gaokao-Compass-11M/resolve/main/data/2025/henan/school-admission.csv,2026-09-20T06:33:22+00:00
henan,2025,his,本科批,（101）,陕西理工大学,陕西理工大学,554,,0,https://hf-mirror.com/datasets/choucsan/Gaokao-Compass-11M/resolve/main/data/2025/henan/school-admission.csv,2026-09-20T06:33:22+00:00
henan,2025,his,本科批,首选历史，再选不限,渭南师范学院,渭南师范学院,519,,14,https://hf-mirror.com/datasets/choucsan/Gaokao-Compass-11M/resolve/main/data/2025/henan/school-admission.csv,2026-09-20T06:33:22+00:00
henan,2025,his,本科批,（102）,渭南师范学院,渭南师范学院,550,,3,https://hf-mirror.com/datasets/choucsan/Gaokao-Compass-11M/resolve/main/data/2025/henan/school-admission.csv,2026-09-20T06:33:22+00:00
henan,2025,his,本科批,首选历史，再选不限,咸阳师范学院,咸阳师范学院,485,,27,https://hf-mirror.com/datasets/choucsan/Gaokao-Compass-11M/resolve/main/data/2025/henan/school-admission.csv,2026-09-20T06:33:22+00:00
henan,2025,his,本科批,首选历史，再选不限,西安文理学院,西安文理学院,558,,6,https://hf-mirror.com/datasets/choucsan/Gaokao-Compass-11M/resolve/main/data/2025/henan/school-admission.csv,2026-09-20T06:33:22+00:00
henan,2025,his,本科批,首选历史，再选不限,西北师范大学,西北师范大学,515,,0,https://hf-mirror.com/datasets/choucsan/Gaokao-Compass-11M/resolve/main/data/2025/henan/school-admission.csv,2026-09-20T06:33:22+00:00
henan,2025,his,本科批,（105）,西北师范大学,西北师范大学,585,,0,https://hf-mirror.com/datasets/choucsan/Gaokao-Compass-11M/resolve/main/data/2025/henan/school-admission.csv,2026-09-20T06:33:22+00:00
henan,2025,his,本科批,（101）,天水师范大学,天水师范大学,525,,0,https://hf-mirror.com/datasets/choucsan/Gaokao-Compass-11M/resolve/main/data/2025/henan/school-admission.csv,2026-09-20T06:33:22+00:00
henan,2025,his,本科批,首选历史，再选不限,兰州财经大学,兰州财经大学,524,,0,https://hf-mirror.com/datasets/choucsan/Gaokao-Compass-11M/resolve/main/data/2025/henan/school-admission.csv,2026-09-20T06:33:22+00:00
henan,2025,his,本科批,（104）,兰州财经大学,兰州财经大学,550,,0,https://hf-mirror.com/datasets/choucsan/Gaokao-Compass-11M/resolve/main/data/2025/henan/school-admission.csv,2026-09-20T06:33:22+00:00
henan,2025,his,本科批,（101）,甘肃政法大学,甘肃政法大学,559,,0,https://hf-mirror.com/datasets/choucsan/Gaokao-Compass-11M/resolve/main/data/2025/henan/school-admission.csv,2026-09-20T06:33:22+00:00
henan,2025,his,本科批,（102）,甘肃政法大学,甘肃政法大学,570,,0,https://hf-mirror.com/datasets/choucsan/Gaokao-Compass-11M/resolve/main/data/2025/henan/school-admission.csv,2026-09-20T06:33:22+00:00
henan,2025,his,本科批,首选历史，再选不限,防灾科技学院,防灾科技学院,541,,0,https://hf-mirror.com/datasets/choucsan/Gaokao-Compass-11M/resolve/main/data/2025/henan/school-admission.csv,2026-09-20T06:33:22+00:00
henan,2025,his,本科批,（101）,喀什大学,喀什大学,521,,149,https://hf-mirror.com/datasets/choucsan/Gaokao-Compass-11M/resolve/main/data/2025/henan/school-admission.csv,2026-09-20T06:33:22+00:00
henan,2025,his,本科批,（103）,喀什大学,喀什大学,526,,4,https://hf-mirror.com/datasets/choucsan/Gaokao-Compass-11M/resolve/main/data/2025/henan/school-admission.csv,2026-09-20T06:33:22+00:00
henan,2025,his,本科批,（102）,喀什大学,喀什大学,529,,9,https://hf-mirror.com/datasets/choucsan/Gaokao-Compass-11M/resolve/main/data/2025/henan/school-admission.csv,2026-09-20T06:33:22+00:00
henan,2025,his,本科批,首选历史，再选不限,贺州学院,贺州学院,502,,22,https://hf-mirror.com/datasets/choucsan/Gaokao-Compass-11M/resolve/main/data/2025/henan/school-admission.csv,2026-09-20T06:33:22+00:00
henan,2025,his,本科批,（102）,贺州学院,贺州学院,532,,4,https://hf-mirror.com/datasets/choucsan/Gaokao-Compass-11M/resolve/main/data/2025/henan/school-admission.csv,2026-09-20T06:33:22+00:00
henan,2025,his,本科批,首选历史，再选不限,四川文理学院,四川文理学院,517,,22,https://hf-mirror.com/datasets/choucsan/Gaokao-Compass-11M/resolve/main/data/2025/henan/school-admission.csv,2026-09-20T06:33:22+00:00
henan,2025,his,本科批,（102）,四川文理学院,四川文理学院,549,,4,https://hf-mirror.com/datasets/choucsan/Gaokao-Compass-11M/resolve/main/data/2025/henan/school-admission.csv,2026-09-20T06:33:22+00:00
henan,2025,his,本科批,（103）,四川文理学院,四川文理学院,536,,4,https://hf-mirror.com/datasets/choucsan/Gaokao-Compass-11M/resolve/main/data/2025/henan/school-admission.csv,2026-09-20T06:33:22+00:00
henan,2025,his,本科批,首选历史，再选不限,安顺学院,安顺学院,525,,2,https://hf-mirror.com/datasets/choucsan/Gaokao-Compass-11M/resolve/main/data/2025/henan/school-admission.csv,2026-09-20T06:33:22+00:00
henan,2025,his,本科批,首选历史，再选思想政治,安顺学院,安顺学院,529,,2,https://hf-mirror.com/datasets/choucsan/Gaokao-Compass-11M/resolve/main/data/2025/henan/school-admission.csv,2026-09-20T06:33:22+00:00
henan,2025,his,本科批,（102）,昆明学院,昆明学院,537,,8,https://hf-mirror.com/datasets/choucsan/Gaokao-Compass-11M/resolve/main/data/2025/henan/school-admission.csv,2026-09-20T06:33:22+00:00
henan,2025,his,本科批,（104）,昆明学院,昆明学院,540,,2,https://hf-mirror.com/datasets/choucsan/Gaokao-Compass-11M/resolve/main/data/2025/henan/school-admission.csv,2026-09-20T06:33:22+00:00
henan,2025,his,本科批,首选历史，再选不限,三明学院,三明学院,521,,19,https://hf-mirror.com/datasets/choucsan/Gaokao-Compass-11M/resolve/main/data/2025/henan/school-admission.csv,2026-09-20T06:33:22+00:00
henan,2025,his,本科批,（101）,龙岩学院,龙岩学院,524,,0,https://hf-mirror.com/datasets/choucsan/Gaokao-Compass-11M/resolve/main/data/2025/henan/school-admission.csv,2026-09-20T06:33:22+00:00
henan,2025,his,本科批,（101）,上海商学院,上海商学院,563,,0,https://hf-mirror.com/datasets/choucsan/Gaokao-Compass-11M/resolve/main/data/2025/henan/school-admission.csv,2026-09-20T06:33:22+00:00
henan,2025,his,本科批,首选历史，再选不限,上海政法学院,上海政法学院,598,,0,https://hf-mirror.com/datasets/choucsan/Gaokao-Compass-11M/resolve/main/data/2025/henan/school-admission.csv,2026-09-20T06:33:22+00:00
henan,2025,his,本科批,（103）,上海政法学院,上海政法学院,593,,0,https://hf-mirror.com/datasets/choucsan/Gaokao-Compass-11M/resolve/main/data/2025/henan/school-admission.csv,2026-09-20T06:33:22+00:00
henan,2025,his,本科批,（101）,安康学院,安康学院,531,,18,https://hf-mirror.com/datasets/choucsan/Gaokao-Compass-11M/resolve/main/data/2025/henan/school-admission.csv,2026-09-20T06:33:22+00:00
henan,2025,his,本科批,（102）,安康学院,安康学院,540,,2,https://hf-mirror.com/datasets/choucsan/Gaokao-Compass-11M/resolve/main/data/2025/henan/school-admission.csv,2026-09-20T06:33:22+00:00
henan,2025,his,本科批,（101）,金陵科技学院,金陵科技学院,557,,20,https://hf-mirror.com/datasets/choucsan/Gaokao-Compass-11M/resolve/main/data/2025/henan/school-admission.csv,2026-09-20T06:33:22+00:00
henan,2025,his,本科批,（103）,徐州工程学院,徐州工程学院,552,,0,https://hf-mirror.com/datasets/choucsan/Gaokao-Compass-11M/resolve/main/data/2025/henan/school-admission.csv,2026-09-20T06:33:22+00:00
henan,2025,his,本科批,首选历史，再选不限,湖南科技学院,湖南科技学院,518,,0,https://hf-mirror.com/datasets/choucsan/Gaokao-Compass-11M/resolve/main/data/2025/henan/school-admission.csv,2026-09-20T06:33:22+00:00
henan,2025,his,本科批,（101）,重庆科技大学,重庆科技大学,559,,8,https://hf-mirror.com/datasets/choucsan/Gaokao-Compass-11M/resolve/main/data/2025/henan/school-admission.csv,2026-09-20T06:33:22+00:00
henan,2025,his,本科批,（101）,榆林学院,榆林学院,545,,0,https://hf-mirror.com/datasets/choucsan/Gaokao-Compass-11M/resolve/main/data/2025/henan/school-admission.csv,2026-09-20T06:33:22+00:00
henan,2025,his,本科批,（102）,榆林学院,榆林学院,546,,0,https://hf-mirror.com/datasets/choucsan/Gaokao-Compass-11M/resolve/main/data/2025/henan/school-admission.csv,2026-09-20T06:33:22+00:00
henan,2025,his,本科批,首选历史，再选不限,宁夏师范大学,宁夏师范大学,533,,18,https://hf-mirror.com/datasets/choucsan/Gaokao-Compass-11M/resolve/main/data/2025/henan/school-admission.csv,2026-09-20T06:33:22+00:00
henan,2025,his,本科批,（102）,宁夏师范大学,宁夏师范大学,548,,2,https://hf-mirror.com/datasets/choucsan/Gaokao-Compass-11M/resolve/main/data/2025/henan/school-admission.csv,2026-09-20T06:33:22+00:00
henan,2025,his,本科批,首选历史，再选不限,百色学院,百色学院,523,,14,https://hf-mirror.com/datasets/choucsan/Gaokao-Compass-11M/resolve/main/data/2025/henan/school-admission.csv,2026-09-20T06:33:22+00:00
henan,2025,his,本科批,（115）,百色学院,百色学院,524,,4,https://hf-mirror.com/datasets/choucsan/Gaokao-Compass-11M/resolve/main/data/2025/henan/school-admission.csv,2026-09-20T06:33:22+00:00
henan,2025,his,本科批,首选历史，再选不限,北部湾大学,北部湾大学,547,,0,https://hf-mirror.com/datasets/choucsan/Gaokao-Compass-11M/resolve/main/data/2025/henan/school-admission.csv,2026-09-20T06:33:22+00:00
henan,2025,his,本科批,（101）,四川警察学院,四川警察学院,573,,0,https://hf-mirror.com/datasets/choucsan/Gaokao-Compass-11M/resolve/main/data/2025/henan/school-admission.csv,2026-09-20T06:33:22+00:00
henan,2025,his,本科批,首选历史，再选不限,河北金融学院,河北金融学院,536,,17,https://hf-mirror.com/datasets/choucsan/Gaokao-Compass-11M/resolve/main/data/2025/henan/school-admission.csv,2026-09-20T06:33:22+00:00
henan,2025,his,本科批,（106）,吉林医药学院,吉林医药学院,525,,0,https://hf-mirror.com/datasets/choucsan/Gaokao-Compass-11M/resolve/main/data/2025/henan/school-admission.csv,2026-09-20T06:33:22+00:00
henan,2025,his,本科批,（104）,山西工程技术学院,山西工程技术学院,525,,0,https://hf-mirror.com/datasets/choucsan/Gaokao-Compass-11M/resolve/main/data/2025/henan/school-admission.csv,2026-09-20T06:33:22+00:00
henan,2025,his,本科批,首选历史，再选不限,浙江外国语学院,浙江外国语学院,546,,44,https://hf-mirror.com/datasets/choucsan/Gaokao-Compass-11M/resolve/main/data/2025/henan/school-admission.csv,2026-09-20T06:33:22+00:00
henan,2025,his,本科批,（101）,山东农业工程学院,山东农业工程学院,536,,22,https://hf-mirror.com/datasets/choucsan/Gaokao-Compass-11M/resolve/main/data/2025/henan/school-admission.csv,2026-09-20T06:33:22+00:00
henan,2025,his,本科批,（101）,天津体育学院,天津体育学院,546,,0,https://hf-mirror.com/datasets/choucsan/Gaokao-Compass-11M/resolve/main/data/2025/henan/school-admission.csv,2026-09-20T06:33:22+00:00
henan,2025,his,本科批,首选历史，再选不限,郑州大学,郑州大学,527,,0,https://hf-mirror.com/datasets/choucsan/Gaokao-Compass-11M/resolve/main/data/2025/henan/school-admission.csv,2026-09-20T06:33:22+00:00
henan,2025,his,本科批,首选历史，再选思想政治,郑州大学,郑州大学,605,,0,https://hf-mirror.com/datasets/choucsan/Gaokao-Compass-11M/resolve/main/data/2025/henan/school-admission.csv,2026-09-20T06:33:22+00:00
henan,2025,his,本科批,首选历史，再选不限,许昌学院,许昌学院,511,,464,https://hf-mirror.com/datasets/choucsan/Gaokao-Compass-11M/resolve/main/data/2025/henan/school-admission.csv,2026-09-20T06:33:22+00:00
henan,2025,his,本科批,（103）,许昌学院,许昌学院,537,,49,https://hf-mirror.com/datasets/choucsan/Gaokao-Compass-11M/resolve/main/data/2025/henan/school-admission.csv,2026-09-20T06:33:22+00:00
henan,2025,his,本科批,（102）,许昌学院,许昌学院,540,,73,https://hf-mirror.com/datasets/choucsan/Gaokao-Compass-11M/resolve/main/data/2025/henan/school-admission.csv,2026-09-20T06:33:22+00:00
henan,2025,his,本科批,首选历史，再选不限,南阳理工学院,南阳理工学院,513,,146,https://hf-mirror.com/datasets/choucsan/Gaokao-Compass-11M/resolve/main/data/2025/henan/school-admission.csv,2026-09-20T06:33:22+00:00
henan,2025,his,本科批,首选历史，再选不限,河南财经政法大学,河南财经政法大学,542,,1474,https://hf-mirror.com/datasets/choucsan/Gaokao-Compass-11M/resolve/main/data/2025/henan/school-admission.csv,2026-09-20T06:33:22+00:00
henan,2025,his,本科批,首选历史，再选地理,河南财经政法大学,河南财经政法大学,531,,281,https://hf-mirror.com/datasets/choucsan/Gaokao-Compass-11M/resolve/main/data/2025/henan/school-admission.csv,2026-09-20T06:33:22+00:00
henan,2025,his,本科批,首选历史，再选不限,华北水利水电大学,华北水利水电大学,554,,561,https://hf-mirror.com/datasets/choucsan/Gaokao-Compass-11M/resolve/main/data/2025/henan/school-admission.csv,2026-09-20T06:33:22+00:00
henan,2025,his,本科批,（102）,河南理工大学,河南理工大学,555,,0,https://hf-mirror.com/datasets/choucsan/Gaokao-Compass-11M/resolve/main/data/2025/henan/school-admission.csv,2026-09-20T06:33:22+00:00
henan,2025,his,本科批,（101）,河南理工大学,河南理工大学,482,,0,https://hf-mirror.com/datasets/choucsan/Gaokao-Compass-11M/resolve/main/data/2025/henan/school-admission.csv,2026-09-20T06:33:22+00:00
henan,2025,his,本科批,首选历史，再选不限,中原工学院,中原工学院,519,,0,https://hf-mirror.com/datasets/choucsan/Gaokao-Compass-11M/resolve/main/data/2025/henan/school-admission.csv,2026-09-20T06:33:22+00:00
henan,2025,his,本科批,首选历史，再选不限,平顶山学院,平顶山学院,513,,0,https://hf-mirror.com/datasets/choucsan/Gaokao-Compass-11M/resolve/main/data/2025/henan/school-admission.csv,2026-09-20T06:33:22+00:00
henan,2025,his,本科批,（102）,平顶山学院,平顶山学院,530,,0,https://hf-mirror.com/datasets/choucsan/Gaokao-Compass-11M/resolve/main/data/2025/henan/school-admission.csv,2026-09-20T06:33:22+00:00
henan,2025,his,本科批,（103）,平顶山学院,平顶山学院,551,,0,https://hf-mirror.com/datasets/choucsan/Gaokao-Compass-11M/resolve/main/data/2025/henan/school-admission.csv,2026-09-20T06:33:22+00:00
henan,2025,his,本科批,（104）,平顶山学院,平顶山学院,527,,0,https://hf-mirror.com/datasets/choucsan/Gaokao-Compass-11M/resolve/main/data/2025/henan/school-admission.csv,2026-09-20T06:33:22+00:00
henan,2025,his,本科批,首选历史，再选不限,安阳工学院,安阳工学院,508,,0,https://hf-mirror.com/datasets/choucsan/Gaokao-Compass-11M/resolve/main/data/2025/henan/school-admission.csv,2026-09-20T06:33:22+00:00
henan,2025,his,本科批,（101）,信阳农林学院,信阳农林学院,522,,691,https://hf-mirror.com/datasets/choucsan/Gaokao-Compass-11M/resolve/main/data/2025/henan/school-admission.csv,2026-09-20T06:33:22+00:00
henan,2025,his,本科批,（104）,信阳农林学院,信阳农林学院,523,,126,https://hf-mirror.com/datasets/choucsan/Gaokao-Compass-11M/resolve/main/data/2025/henan/school-admission.csv,2026-09-20T06:33:22+00:00
henan,2025,his,本科批,（103）,信阳农林学院,信阳农林学院,515,,40,https://hf-mirror.com/datasets/choucsan/Gaokao-Compass-11M/resolve/main/data/2025/henan/school-admission.csv,2026-09-20T06:33:22+00:00
henan,2025,his,本科批,（101）,河南工程学院,河南工程学院,540,,0,https://hf-mirror.com/datasets/choucsan/Gaokao-Compass-11M/resolve/main/data/2025/henan/school-admission.csv,2026-09-20T06:33:22+00:00
henan,2025,his,本科批,（102）,河南工程学院,河南工程学院,541,,0,https://hf-mirror.com/datasets/choucsan/Gaokao-Compass-11M/resolve/main/data/2025/henan/school-admission.csv,2026-09-20T06:33:22+00:00
henan,2025,his,本科批,首选历史，再选不限,新乡学院,新乡学院,508,,0,https://hf-mirror.com/datasets/choucsan/Gaokao-Compass-11M/resolve/main/data/2025/henan/school-admission.csv,2026-09-20T06:33:22+00:00
henan,2025,his,本科批,（101）,郑州升达经贸管理学院,郑州升达经贸管理学院,506,,0,https://hf-mirror.com/datasets/choucsan/Gaokao-Compass-11M/resolve/main/data/2025/henan/school-admission.csv,2026-09-20T06:33:22+00:00
henan,2025,his,本科批,（101）,商丘工学院,商丘工学院,483,,501,https://hf-mirror.com/datasets/choucsan/Gaokao-Compass-11M/resolve/main/data/2025/henan/school-admission.csv,2026-09-20T06:33:22+00:00
henan,2025,his,本科批,（104）,商丘工学院,商丘工学院,489,,1,https://hf-mirror.com/datasets/choucsan/Gaokao-Compass-11M/resolve/main/data/2025/henan/school-admission.csv,2026-09-20T06:33:22+00:00
henan,2025,his,本科批,（101）,河南工学院,河南工学院,525,,312,https://hf-mirror.com/datasets/choucsan/Gaokao-Compass-11M/resolve/main/data/2025/henan/school-admission.csv,2026-09-20T06:33:22+00:00
henan,2025,his,本科批,（104）,黄河交通学院,黄河交通学院,483,,0,https://hf-mirror.com/datasets/choucsan/Gaokao-Compass-11M/resolve/main/data/2025/henan/school-admission.csv,2026-09-20T06:33:22+00:00
henan,2025,his,本科批,（105）,黄河交通学院,黄河交通学院,484,,0,https://hf-mirror.com/datasets/choucsan/Gaokao-Compass-11M/resolve/main/data/2025/henan/school-admission.csv,2026-09-20T06:33:22+00:00
henan,2025,his,本科批,首选历史，再选不限,郑州工程技术学院,郑州工程技术学院,517,,0,https://hf-mirror.com/datasets/choucsan/Gaokao-Compass-11M/resolve/main/data/2025/henan/school-admission.csv,2026-09-20T06:33:22+00:00
henan,2025,his,本科批,首选历史，再选不限,河南师范大学,河南师范大学,525,,0,https://hf-mirror.com/datasets/choucsan/Gaokao-Compass-11M/resolve/main/data/2025/henan/school-admission.csv,2026-09-20T06:33:22+00:00
henan,2025,his,本科批,（103）,河南师范大学,河南师范大学,572,,0,https://hf-mirror.com/datasets/choucsan/Gaokao-Compass-11M/resolve/main/data/2025/henan/school-admission.csv,2026-09-20T06:33:22+00:00
henan,2025,his,本科批,（104）,河南师范大学,河南师范大学,564,,0,https://hf-mirror.com/datasets/choucsan/Gaokao-Compass-11M/resolve/main/data/2025/henan/school-admission.csv,2026-09-20T06:33:22+00:00
henan,2025,his,本科批,（101）,新乡工程学院,新乡工程学院,485,,0,https://hf-mirror.com/datasets/choucsan/Gaokao-Compass-11M/resolve/main/data/2025/henan/school-admission.csv,2026-09-20T06:33:22+00:00
henan,2025,his,本科批,（101）,郑州经贸学院,郑州经贸学院,501,,0,https://hf-mirror.com/datasets/choucsan/Gaokao-Compass-11M/resolve/main/data/2025/henan/school-admission.csv,2026-09-20T06:33:22+00:00
henan,2025,his,本科批,（106）,豫北医学院,豫北医学院,494,,0,https://hf-mirror.com/datasets/choucsan/Gaokao-Compass-11M/resolve/main/data/2025/henan/school-admission.csv,2026-09-20T06:33:22+00:00
henan,2025,his,本科批,（105）,豫北医学院,豫北医学院,486,,0,https://hf-mirror.com/datasets/choucsan/Gaokao-Compass-11M/resolve/main/data/2025/henan/school-admission.csv,2026-09-20T06:33:22+00:00
henan,2025,his,本科批,（101）,河南体育学院,河南体育学院,519,,381,https://hf-mirror.com/datasets/choucsan/Gaokao-Compass-11M/resolve/main/data/2025/henan/school-admission.csv,2026-09-20T06:33:22+00:00
henan,2025,his,本科批,首选历史，再选不限,重庆人文科技学院,重庆人文科技学院,515,,0,https://hf-mirror.com/datasets/choucsan/Gaokao-Compass-11M/resolve/main/data/2025/henan/school-admission.csv,2026-09-20T06:33:22+00:00
henan,2025,his,本科批,（106）,重庆人文科技学院,重庆人文科技学院,477,,0,https://hf-mirror.com/datasets/choucsan/Gaokao-Compass-11M/resolve/main/data/2025/henan/school-admission.csv,2026-09-20T06:33:22+00:00
henan,2025,his,本科批,（103）,东南大学成贤学院,东南大学成贤学院,517,,0,https://hf-mirror.com/datasets/choucsan/Gaokao-Compass-11M/resolve/main/data/2025/henan/school-admission.csv,2026-09-20T06:33:22+00:00
henan,2025,his,本科批,首选历史，再选不限,山东石油化工学院,山东石油化工学院,546,,20,https://hf-mirror.com/datasets/choucsan/Gaokao-Compass-11M/resolve/main/data/2025/henan/school-admission.csv,2026-09-20T06:33:22+00:00
henan,2025,his,本科批,（101）,苏州城市学院,苏州城市学院,563,,24,https://hf-mirror.com/datasets/choucsan/Gaokao-Compass-11M/resolve/main/data/2025/henan/school-admission.csv,2026-09-20T06:33:22+00:00
henan,2025,his,本科批,（101）,苏州大学应用技术学院,苏州大学应用技术学院,508,,47,https://hf-mirror.com/datasets/choucsan/Gaokao-Compass-11M/resolve/main/data/2025/henan/school-admission.csv,2026-09-20T06:33:22+00:00
henan,2025,his,本科批,（101）,南京财经大学红山学院,南京财经大学红山学院,514,,0,https://hf-mirror.com/datasets/choucsan/Gaokao-Compass-11M/resolve/main/data/2025/henan/school-admission.csv,2026-09-20T06:33:22+00:00
henan,2025,his,本科批,首选历史，再选不限,温州商学院,温州商学院,446,,71,https://hf-mirror.com/datasets/choucsan/Gaokao-Compass-11M/resolve/main/data/2025/henan/school-admission.csv,2026-09-20T06:33:22+00:00
henan,2025,his,本科批,首选历史，再选不限,成都锦城学院,成都锦城学院,482,,0,https://hf-mirror.com/datasets/choucsan/Gaokao-Compass-11M/resolve/main/data/2025/henan/school-admission.csv,2026-09-20T06:33:22+00:00
henan,2025,his,本科批,（101）,西安明德理工学院,西安明德理工学院,480,,0,https://hf-mirror.com/datasets/choucsan/Gaokao-Compass-11M/resolve/main/data/2025/henan/school-admission.csv,2026-09-20T06:33:22+00:00
henan,2025,his,本科批,（103）,福州大学至诚学院,福州大学至诚学院,503,,17,https://hf-mirror.com/datasets/choucsan/Gaokao-Compass-11M/resolve/main/data/2025/henan/school-admission.csv,2026-09-20T06:33:22+00:00
henan,2025,his,本科批,首选历史，再选不限,西南财经大学天府学院,西南财经大学天府学院,510,,0,https://hf-mirror.com/datasets/choucsan/Gaokao-Compass-11M/resolve/main/data/2025/henan/school-admission.csv,2026-09-20T06:33:22+00:00
henan,2025,his,本科批,（101）,南昌交通学院,南昌交通学院,490,,0,https://hf-mirror.com/datasets/choucsan/Gaokao-Compass-11M/resolve/main/data/2025/henan/school-admission.csv,2026-09-20T06:33:22+00:00
henan,2025,his,本科批,（101）,赣南科技学院,赣南科技学院,534,,0,https://hf-mirror.com/datasets/choucsan/Gaokao-Compass-11M/resolve/main/data/2025/henan/school-admission.csv,2026-09-20T06:33:22+00:00
henan,2025,his,本科批,（102）,南昌医学院,南昌医学院,556,,0,https://hf-mirror.com/datasets/choucsan/Gaokao-Compass-11M/resolve/main/data/2025/henan/school-admission.csv,2026-09-20T06:33:22+00:00
henan,2025,his,本科批,（101）,南昌医学院,南昌医学院,554,,0,https://hf-mirror.com/datasets/choucsan/Gaokao-Compass-11M/resolve/main/data/2025/henan/school-admission.csv,2026-09-20T06:33:22+00:00
henan,2025,his,本科批,（101）,内蒙古大学创业学院,内蒙古大学创业学院,489,,12,https://hf-mirror.com/datasets/choucsan/Gaokao-Compass-11M/resolve/main/data/2025/henan/school-admission.csv,2026-09-20T06:33:22+00:00
henan,2025,his,本科批,（101）,内蒙古鸿德文理学院,内蒙古鸿德文理学院,481,,0,https://hf-mirror.com/datasets/choucsan/Gaokao-Compass-11M/resolve/main/data/2025/henan/school-admission.csv,2026-09-20T06:33:22+00:00
henan,2025,his,本科批,（101）,重庆财经学院,重庆财经学院,518,,0,https://hf-mirror.com/datasets/choucsan/Gaokao-Compass-11M/resolve/main/data/2025/henan/school-admission.csv,2026-09-20T06:33:22+00:00
henan,2025,his,本科批,首选历史，再选不限,天津商业大学宝德学院,天津商业大学宝德学院,473,,0,https://hf-mirror.com/datasets/choucsan/Gaokao-Compass-11M/resolve/main/data/2025/henan/school-admission.csv,2026-09-20T06:33:22+00:00
henan,2025,his,本科批,（101）,天津外国语大学滨海外事学院,天津外国语大学滨海外事学院,500,,0,https://hf-mirror.com/datasets/choucsan/Gaokao-Compass-11M/resolve/main/data/2025/henan/school-admission.csv,2026-09-20T06:33:22+00:00
henan,2025,his,本科批,（101）,石家庄铁道大学四方学院,石家庄铁道大学四方学院,527,,3,https://hf-mirror.com/datasets/choucsan/Gaokao-Compass-11M/resolve/main/data/2025/henan/school-admission.csv,2026-09-20T06:33:22+00:00
henan,2025,his,本科批,（101）,长春光华学院,长春光华学院,475,,0,https://hf-mirror.com/datasets/choucsan/Gaokao-Compass-11M/resolve/main/data/2025/henan/school-admission.csv,2026-09-20T06:33:22+00:00
henan,2025,his,本科批,（101）,长春大学旅游学院,长春大学旅游学院,464,,0,https://hf-mirror.com/datasets/choucsan/Gaokao-Compass-11M/resolve/main/data/2025/henan/school-admission.csv,2026-09-20T06:33:22+00:00
henan,2025,his,本科批,（101）,长春人文学院,长春人文学院,474,,0,https://hf-mirror.com/datasets/choucsan/Gaokao-Compass-11M/resolve/main/data/2025/henan/school-admission.csv,2026-09-20T06:33:22+00:00
henan,2025,his,本科批,（103）,长春建筑学院,长春建筑学院,446,,0,https://hf-mirror.com/datasets/choucsan/Gaokao-Compass-11M/resolve/main/data/2025/henan/school-admission.csv,2026-09-20T06:33:22+00:00
henan,2025,his,本科批,（104）,长春科技学院,长春科技学院,476,,0,https://hf-mirror.com/datasets/choucsan/Gaokao-Compass-11M/resolve/main/data/2025/henan/school-admission.csv,2026-09-20T06:33:22+00:00
henan,2025,his,本科批,（110）,吉林动画学院,吉林动画学院,474,,0,https://hf-mirror.com/datasets/choucsan/Gaokao-Compass-11M/resolve/main/data/2025/henan/school-admission.csv,2026-09-20T06:33:22+00:00
henan,2025,his,本科批,（101）,中国矿业大学徐海学院,中国矿业大学徐海学院,503,,0,https://hf-mirror.com/datasets/choucsan/Gaokao-Compass-11M/resolve/main/data/2025/henan/school-admission.csv,2026-09-20T06:33:22+00:00
henan,2025,his,本科批,（101）,蚌埠工商学院,蚌埠工商学院,508,,0,https://hf-mirror.com/datasets/choucsan/Gaokao-Compass-11M/resolve/main/data/2025/henan/school-admission.csv,2026-09-20T06:33:22+00:00
henan,2025,his,本科批,（101）,马鞍山学院,马鞍山学院,494,,0,https://hf-mirror.com/datasets/choucsan/Gaokao-Compass-11M/resolve/main/data/2025/henan/school-admission.csv,2026-09-20T06:33:22+00:00
henan,2025,his,本科批,（103）,合肥城市学院,合肥城市学院,483,,0,https://hf-mirror.com/datasets/choucsan/Gaokao-Compass-11M/resolve/main/data/2025/henan/school-admission.csv,2026-09-20T06:33:22+00:00
henan,2025,his,本科批,（103）,厦门工学院,厦门工学院,446,,47,https://hf-mirror.com/datasets/choucsan/Gaokao-Compass-11M/resolve/main/data/2025/henan/school-admission.csv,2026-09-20T06:33:22+00:00
henan,2025,his,本科批,首选历史，再选不限,武汉华夏理工学院,武汉华夏理工学院,483,,0,https://hf-mirror.com/datasets/choucsan/Gaokao-Compass-11M/resolve/main/data/2025/henan/school-admission.csv,2026-09-20T06:33:22+00:00
henan,2025,his,本科批,首选历史，再选不限,武汉工商学院,武汉工商学院,481,,0,https://hf-mirror.com/datasets/choucsan/Gaokao-Compass-11M/resolve/main/data/2025/henan/school-admission.csv,2026-09-20T06:33:22+00:00
henan,2025,his,本科批,首选历史，再选不限,桂林学院,桂林学院,477,,15,https://hf-mirror.com/datasets/choucsan/Gaokao-Compass-11M/resolve/main/data/2025/henan/school-admission.csv,2026-09-20T06:33:22+00:00
henan,2025,his,本科批,（104）,广西中医药大学赛恩斯新医药学院,广西中医药大学赛恩斯新医药学院,558,,0,https://hf-mirror.com/datasets/choucsan/Gaokao-Compass-11M/resolve/main/data/2025/henan/school-admission.csv,2026-09-20T06:33:22+00:00
henan,2025,his,本科批,（111）,重庆移通学院,重庆移通学院,491,,0,https://hf-mirror.com/datasets/choucsan/Gaokao-Compass-11M/resolve/main/data/2025/henan/school-admission.csv,2026-09-20T06:33:22+00:00
henan,2025,his,本科批,（101）,贵州黔南科技学院,贵州黔南科技学院,498,,5,https://hf-mirror.com/datasets/choucsan/Gaokao-Compass-11M/resolve/main/data/2025/henan/school-admission.csv,2026-09-20T06:33:22+00:00
henan,2025,his,本科批,（104）,昆明医科大学海源学院,昆明医科大学海源学院,501,,0,https://hf-mirror.com/datasets/choucsan/Gaokao-Compass-11M/resolve/main/data/2025/henan/school-admission.csv,2026-09-20T06:33:22+00:00
henan,2025,his,本科批,（101）,滇池学院,滇池学院,481,,29,https://hf-mirror.com/datasets/choucsan/Gaokao-Compass-11M/resolve/main/data/2025/henan/school-admission.csv,2026-09-20T06:33:22+00:00
henan,2025,his,本科批,（101）,大连科技学院,大连科技学院,474,,0,https://hf-mirror.com/datasets/choucsan/Gaokao-Compass-11M/resolve/main/data/2025/henan/school-admission.csv,2026-09-20T06:33:22+00:00
henan,2025,his,本科批,（101）,大连东软信息学院,大连东软信息学院,446,,0,https://hf-mirror.com/datasets/choucsan/Gaokao-Compass-11M/resolve/main/data/2025/henan/school-admission.csv,2026-09-20T06:33:22+00:00
henan,2025,his,本科批,（101）,南京传媒学院,南京传媒学院,486,,0,https://hf-mirror.com/datasets/choucsan/Gaokao-Compass-11M/resolve/main/data/2025/henan/school-admission.csv,2026-09-20T06:33:22+00:00
henan,2025,his,本科批,（101）,南京师范大学泰州学院,南京师范大学泰州学院,515,,0,https://hf-mirror.com/datasets/choucsan/Gaokao-Compass-11M/resolve/main/data/2025/henan/school-admission.csv,2026-09-20T06:33:22+00:00
henan,2025,his,本科批,（101）,浙江工业大学之江学院,浙江工业大学之江学院,518,,26,https://hf-mirror.com/datasets/choucsan/Gaokao-Compass-11M/resolve/main/data/2025/henan/school-admission.csv,2026-09-20T06:33:22+00:00
henan,2025,his,本科批,（101）,宁波大学科学技术学院,宁波大学科学技术学院,502,,0,https://hf-mirror.com/datasets/choucsan/Gaokao-Compass-11M/resolve/main/data/2025/henan/school-admission.csv,2026-09-20T06:33:22+00:00
henan,2025,his,本科批,（103）,杭州电子科技大学信息工程学院,杭州电子科技大学信息工程学院,514,,0,https://hf-mirror.com/datasets/choucsan/Gaokao-Compass-11M/resolve/main/data/2025/henan/school-admission.csv,2026-09-20T06:33:22+00:00
henan,2025,his,本科批,（101）,温州医科大学仁济学院,温州医科大学仁济学院,485,,23,https://hf-mirror.com/datasets/choucsan/Gaokao-Compass-11M/resolve/main/data/2025/henan/school-admission.csv,2026-09-20T06:33:22+00:00
henan,2025,his,本科批,（103）,湖州学院,湖州学院,552,,18,https://hf-mirror.com/datasets/choucsan/Gaokao-Compass-11M/resolve/main/data/2025/henan/school-admission.csv,2026-09-20T06:33:22+00:00
henan,2025,his,本科批,（101）,浙江工商大学杭州商学院,浙江工商大学杭州商学院,508,,43,https://hf-mirror.com/datasets/choucsan/Gaokao-Compass-11M/resolve/main/data/2025/henan/school-admission.csv,2026-09-20T06:33:22+00:00
henan,2025,his,本科批,（101）,浙江财经大学东方学院,浙江财经大学东方学院,512,,33,https://hf-mirror.com/datasets/choucsan/Gaokao-Compass-11M/resolve/main/data/2025/henan/school-admission.csv,2026-09-20T06:33:22+00:00
henan,2025,his,本科批,（103）,武汉工程大学邮电与信息工程学院,武汉工程大学邮电与信息工程学院,500,,0,https://hf-mirror.com/datasets/choucsan/Gaokao-Compass-11M/resolve/main/data/2025/henan/school-admission.csv,2026-09-20T06:33:22+00:00
henan,2025,his,本科批,（103）,广州软件学院,广州软件学院,470,,0,https://hf-mirror.com/datasets/choucsan/Gaokao-Compass-11M/resolve/main/data/2025/henan/school-admission.csv,2026-09-20T06:33:22+00:00
henan,2025,his,本科批,（101）,成都银杏酒店管理学院,成都银杏酒店管理学院,485,,0,https://hf-mirror.com/datasets/choucsan/Gaokao-Compass-11M/resolve/main/data/2025/henan/school-admission.csv,2026-09-20T06:33:22+00:00
henan,2025,his,本科批,（104）,西安建筑科技大学华清学院,西安建筑科技大学华清学院,494,,0,https://hf-mirror.com/datasets/choucsan/Gaokao-Compass-11M/resolve/main/data/2025/henan/school-admission.csv,2026-09-20T06:33:22+00:00
henan,2025,his,本科批,（102）,浙江药科职业大学,浙江药科职业大学,528,,0,https://hf-mirror.com/datasets/choucsan/Gaokao-Compass-11M/resolve/main/data/2025/henan/school-admission.csv,2026-09-20T06:33:22+00:00
henan,2025,his,本科批,（102）,河北科技工程职业技术大学,河北科技工程职业技术大学,520,,0,https://hf-mirror.com/datasets/choucsan/Gaokao-Compass-11M/resolve/main/data/2025/henan/school-admission.csv,2026-09-20T06:33:22+00:00
henan,2025,his,本科批,（102）,兰州资源环境职业技术大学,兰州资源环境职业技术大学,530,,0,https://hf-mirror.com/datasets/choucsan/Gaokao-Compass-11M/resolve/main/data/2025/henan/school-admission.csv,2026-09-20T06:33:22+00:00
henan,2025,his,本科批,（102）,山西工程科技职业大学,山西工程科技职业大学,521,,14,https://hf-mirror.com/datasets/choucsan/Gaokao-Compass-11M/resolve/main/data/2025/henan/school-admission.csv,2026-09-20T06:33:22+00:00
henan,2025,his,本科批,（103）,山西工程科技职业大学,山西工程科技职业大学,543,,3,https://hf-mirror.com/datasets/choucsan/Gaokao-Compass-11M/resolve/main/data/2025/henan/school-admission.csv,2026-09-20T06:33:22+00:00
henan,2025,his,本科批,首选历史，再选不限,河北民族师范学院,河北民族师范学院,524,,14,https://hf-mirror.com/datasets/choucsan/Gaokao-Compass-11M/resolve/main/data/2025/henan/school-admission.csv,2026-09-20T06:33:22+00:00
henan,2025,his,本科批,首选历史，再选不限,吕梁学院,吕梁学院,522,,8,https://hf-mirror.com/datasets/choucsan/Gaokao-Compass-11M/resolve/main/data/2025/henan/school-admission.csv,2026-09-20T06:33:22+00:00
henan,2025,his,本科批,首选历史，再选不限,集宁师范学院,集宁师范学院,517,,16,https://hf-mirror.com/datasets/choucsan/Gaokao-Compass-11M/resolve/main/data/2025/henan/school-admission.csv,2026-09-20T06:33:22+00:00
henan,2025,his,本科批,（101）,集宁师范学院,集宁师范学院,526,,7,https://hf-mirror.com/datasets/choucsan/Gaokao-Compass-11M/resolve/main/data/2025/henan/school-admission.csv,2026-09-20T06:33:22+00:00
henan,2025,his,本科批,首选历史，再选不限,呼和浩特民族学院,呼和浩特民族学院,520,,20,https://hf-mirror.com/datasets/choucsan/Gaokao-Compass-11M/resolve/main/data/2025/henan/school-admission.csv,2026-09-20T06:33:22+00:00
henan,2025,his,本科批,（105）,呼和浩特民族学院,呼和浩特民族学院,524,,4,https://hf-mirror.com/datasets/choucsan/Gaokao-Compass-11M/resolve/main/data/2025/henan/school-admission.csv,2026-09-20T06:33:22+00:00
henan,2025,his,本科批,（101）,吉林警察学院,吉林警察学院,555,,0,https://hf-mirror.com/datasets/choucsan/Gaokao-Compass-11M/resolve/main/data/2025/henan/school-admission.csv,2026-09-20T06:33:22+00:00
henan,2025,his,本科批,（101）,连云港师范学院,连云港师范学院,527,,0,https://hf-mirror.com/datasets/choucsan/Gaokao-Compass-11M/resolve/main/data/2025/henan/school-admission.csv,2026-09-20T06:33:22+00:00
henan,2025,his,本科批,（101）,池州学院,池州学院,525,,24,https://hf-mirror.com/datasets/choucsan/Gaokao-Compass-11M/resolve/main/data/2025/henan/school-admission.csv,2026-09-20T06:33:22+00:00
henan,2025,his,本科批,（101）,福建警察学院,福建警察学院,562,,0,https://hf-mirror.com/datasets/choucsan/Gaokao-Compass-11M/resolve/main/data/2025/henan/school-admission.csv,2026-09-20T06:33:22+00:00
henan,2025,his,本科批,（101）,新余学院,新余学院,536,,4,https://hf-mirror.com/datasets/choucsan/Gaokao-Compass-11M/resolve/main/data/2025/henan/school-admission.csv,2026-09-20T06:33:22+00:00
henan,2025,his,本科批,首选历史，再选不限,济宁学院,济宁学院,525,,0,https://hf-mirror.com/datasets/choucsan/Gaokao-Compass-11M/resolve/main/data/2025/henan/school-admission.csv,2026-09-20T06:33:22+00:00
henan,2025,his,本科批,（105）,汉江师范学院,汉江师范学院,540,,22,https://hf-mirror.com/datasets/choucsan/Gaokao-Compass-11M/resolve/main/data/2025/henan/school-admission.csv,2026-09-20T06:33:22+00:00
henan,2025,his,本科批,（101）,桂林航天工业学院,桂林航天工业学院,523,,0,https://hf-mirror.com/datasets/choucsan/Gaokao-Compass-11M/resolve/main/data/2025/henan/school-admission.csv,2026-09-20T06:33:22+00:00
henan,2025,his,本科批,（104）,四川旅游学院,四川旅游学院,529,,17,https://hf-mirror.com/datasets/choucsan/Gaokao-Compass-11M/resolve/main/data/2025/henan/school-admission.csv,2026-09-20T06:33:22+00:00
henan,2025,his,本科批,（101）,四川旅游学院,四川旅游学院,529,,5,https://hf-mirror.com/datasets/choucsan/Gaokao-Compass-11M/resolve/main/data/2025/henan/school-admission.csv,2026-09-20T06:33:22+00:00
henan,2025,his,本科批,（101）,六盘水师范学院,六盘水师范学院,523,,2,https://hf-mirror.com/datasets/choucsan/Gaokao-Compass-11M/resolve/main/data/2025/henan/school-admission.csv,2026-09-20T06:33:22+00:00
henan,2025,his,本科批,（101）,文山学院,文山学院,521,,5,https://hf-mirror.com/datasets/choucsan/Gaokao-Compass-11M/resolve/main/data/2025/henan/school-admission.csv,2026-09-20T06:33:22+00:00
henan,2025,his,本科批,首选历史，再选不限,琼台师范学院,琼台师范学院,456,,0,https://hf-mirror.com/datasets/choucsan/Gaokao-Compass-11M/resolve/main/data/2025/henan/school-admission.csv,2026-09-20T06:33:22+00:00
henan,2025,his,本科批,（102）,琼台师范学院,琼台师范学院,534,,0,https://hf-mirror.com/datasets/choucsan/Gaokao-Compass-11M/resolve/main/data/2025/henan/school-admission.csv,2026-09-20T06:33:22+00:00
henan,2025,his,本科批,（101）,南京特殊教育师范学院,南京特殊教育师范学院,538,,31,https://hf-mirror.com/datasets/choucsan/Gaokao-Compass-11M/resolve/main/data/2025/henan/school-admission.csv,2026-09-20T06:33:22+00:00
henan,2025,his,本科批,（102）,南京特殊教育师范学院,南京特殊教育师范学院,544,,2,https://hf-mirror.com/datasets/choucsan/Gaokao-Compass-11M/resolve/main/data/2025/henan/school-admission.csv,2026-09-20T06:33:22+00:00
henan,2025,his,本科批,（101）,福建江夏学院,福建江夏学院,548,,0,https://hf-mirror.com/datasets/choucsan/Gaokao-Compass-11M/resolve/main/data/2025/henan/school-admission.csv,2026-09-20T06:33:22+00:00
henan,2025,his,本科批,（101）,上海第二工业大学,上海第二工业大学,558,,0,https://hf-mirror.com/datasets/choucsan/Gaokao-Compass-11M/resolve/main/data/2025/henan/school-admission.csv,2026-09-20T06:33:22+00:00
henan,2025,his,本科批,（101）,湖北第二师范学院,湖北第二师范学院,555,,0,https://hf-mirror.com/datasets/choucsan/Gaokao-Compass-11M/resolve/main/data/2025/henan/school-admission.csv,2026-09-20T06:33:22+00:00
henan,2025,his,本科批,（102）,湖北第二师范学院,湖北第二师范学院,554,,0,https://hf-mirror.com/datasets/choucsan/Gaokao-Compass-11M/resolve/main/data/2025/henan/school-admission.csv,2026-09-20T06:33:22+00:00
henan,2025,his,本科批,（101）,浙江万里学院,浙江万里学院,523,,0,https://hf-mirror.com/datasets/choucsan/Gaokao-Compass-11M/resolve/main/data/2025/henan/school-admission.csv,2026-09-20T06:33:22+00:00
henan,2025,his,本科批,首选历史，再选不限,吉林外国语大学,吉林外国语大学,461,,0,https://hf-mirror.com/datasets/choucsan/Gaokao-Compass-11M/resolve/main/data/2025/henan/school-admission.csv,2026-09-20T06:33:22+00:00
henan,2025,his,本科批,（102）,吉林外国语大学,吉林外国语大学,483,,0,https://hf-mirror.com/datasets/choucsan/Gaokao-Compass-11M/resolve/main/data/2025/henan/school-admission.csv,2026-09-20T06:33:22+00:00
henan,2025,his,本科批,首选历史，再选不限,河北传媒学院,河北传媒学院,472,,0,https://hf-mirror.com/datasets/choucsan/Gaokao-Compass-11M/resolve/main/data/2025/henan/school-admission.csv,2026-09-20T06:33:22+00:00
henan,2025,his,本科批,首选历史，再选不限,上海杉达学院,上海杉达学院,446,,0,https://hf-mirror.com/datasets/choucsan/Gaokao-Compass-11M/resolve/main/data/2025/henan/school-admission.csv,2026-09-20T06:33:22+00:00
henan,2025,his,本科批,（101）,浙江树人学院,浙江树人学院,458,,41,https://hf-mirror.com/datasets/choucsan/Gaokao-Compass-11M/resolve/main/data/2025/henan/school-admission.csv,2026-09-20T06:33:22+00:00
henan,2025,his,本科批,首选历史，再选不限,西京学院,西京学院,481,,19,https://hf-mirror.com/datasets/choucsan/Gaokao-Compass-11M/resolve/main/data/2025/henan/school-admission.csv,2026-09-20T06:33:22+00:00
henan,2025,his,本科批,首选历史，再选思想政治,西京学院,西京学院,480,,6,https://hf-mirror.com/datasets/choucsan/Gaokao-Compass-11M/resolve/main/data/2025/henan/school-admission.csv,2026-09-20T06:33:22+00:00
henan,2025,his,本科批,（101）,宁夏理工学院,宁夏理工学院,476,,146,https://hf-mirror.com/datasets/choucsan/Gaokao-Compass-11M/resolve/main/data/2025/henan/school-admission.csv,2026-09-20T06:33:22+00:00
henan,2025,his,本科批,（102）,宁夏理工学院,宁夏理工学院,478,,11,https://hf-mirror.com/datasets/choucsan/Gaokao-Compass-11M/resolve/main/data/2025/henan/school-admission.csv,2026-09-20T06:33:22+00:00
henan,2025,his,本科批,首选历史，再选不限,齐鲁医药学院,齐鲁医药学院,494,,0,https://hf-mirror.com/datasets/choucsan/Gaokao-Compass-11M/resolve/main/data/2025/henan/school-admission.csv,2026-09-20T06:33:22+00:00
henan,2025,his,本科批,（101）,河北环境工程学院,河北环境工程学院,522,,12,https://hf-mirror.com/datasets/choucsan/Gaokao-Compass-11M/resolve/main/data/2025/henan/school-admission.csv,2026-09-20T06:33:22+00:00
henan,2025,his,本科批,（102）,太原学院,太原学院,523,,0,https://hf-mirror.com/datasets/choucsan/Gaokao-Compass-11M/resolve/main/data/2025/henan/school-admission.csv,2026-09-20T06:33:22+00:00
henan,2025,his,本科批,（101）,黑龙江工业学院,黑龙江工业学院,519,,44,https://hf-mirror.com/datasets/choucsan/Gaokao-Compass-11M/resolve/main/data/2025/henan/school-admission.csv,2026-09-20T06:33:22+00:00
henan,2025,his,本科批,（102）,黑龙江工业学院,黑龙江工业学院,524,,2,https://hf-mirror.com/datasets/choucsan/Gaokao-Compass-11M/resolve/main/data/2025/henan/school-admission.csv,2026-09-20T06:33:22+00:00
henan,2025,his,本科批,（104）,齐齐哈尔工程学院,齐齐哈尔工程学院,467,,21,https://hf-mirror.com/datasets/choucsan/Gaokao-Compass-11M/resolve/main/data/2025/henan/school-admission.csv,2026-09-20T06:33:22+00:00
henan,2025,his,本科批,（101）,运城职业技术大学,运城职业技术大学,499,,14,https://hf-mirror.com/datasets/choucsan/Gaokao-Compass-11M/resolve/main/data/2025/henan/school-admission.csv,2026-09-20T06:33:22+00:00
henan,2025,his,本科批,（104）,浙江机电职业技术大学,浙江机电职业技术大学,522,,0,https://hf-mirror.com/datasets/choucsan/Gaokao-Compass-11M/resolve/main/data/2025/henan/school-admission.csv,2026-09-20T06:33:22+00:00
henan,2025,his,本科批,（101）,宿迁学院,宿迁学院,548,,0,https://hf-mirror.com/datasets/choucsan/Gaokao-Compass-11M/resolve/main/data/2025/henan/school-admission.csv,2026-09-20T06:33:22+00:00
henan,2025,his,本科批,（103）,江西飞行学院,江西飞行学院,524,,2,https://hf-mirror.com/datasets/choucsan/Gaokao-Compass-11M/resolve/main/data/2025/henan/school-admission.csv,2026-09-20T06:33:22+00:00
henan,2025,his,本科批,首选历史，再选不限,武汉商学院,武汉商学院,530,,0,https://hf-mirror.com/datasets/choucsan/Gaokao-Compass-11M/resolve/main/data/2025/henan/school-admission.csv,2026-09-20T06:33:22+00:00
henan,2025,his,本科批,（101）,重庆工程学院,重庆工程学院,509,,0,https://hf-mirror.com/datasets/choucsan/Gaokao-Compass-11M/resolve/main/data/2025/henan/school-admission.csv,2026-09-20T06:33:22+00:00
henan,2025,his,本科批,（103）,成都东软学院,成都东软学院,485,,0,https://hf-mirror.com/datasets/choucsan/Gaokao-Compass-11M/resolve/main/data/2025/henan/school-admission.csv,2026-09-20T06:33:22+00:00
henan,2025,his,本科批,（104）,西安交通工程学院,西安交通工程学院,481,,0,https://hf-mirror.com/datasets/choucsan/Gaokao-Compass-11M/resolve/main/data/2025/henan/school-admission.csv,2026-09-20T06:33:22+00:00
henan,2025,his,本科批,（101）,中央戏剧学院,中央戏剧学院,590,,0,https://hf-mirror.com/datasets/choucsan/Gaokao-Compass-11M/resolve/main/data/2025/henan/school-admission.csv,2026-09-20T06:33:22+00:00
henan,2025,his,本科批,首选历史，再选不限,中央美术学院,中央美术学院,575,,0,https://hf-mirror.com/datasets/choucsan/Gaokao-Compass-11M/resolve/main/data/2025/henan/school-admission.csv,2026-09-20T06:33:22+00:00
henan,2025,his,本科批,（102）,天津美术学院,天津美术学院,527,,0,https://hf-mirror.com/datasets/choucsan/Gaokao-Compass-11M/resolve/main/data/2025/henan/school-admission.csv,2026-09-20T06:33:22+00:00
henan,2025,his,本科批,（501）,上海戏剧学院,上海戏剧学院,597,,0,https://hf-mirror.com/datasets/choucsan/Gaokao-Compass-11M/resolve/main/data/2025/henan/school-admission.csv,2026-09-20T06:33:22+00:00
henan,2025,his,本科批,（501）,山东工艺美术学院,山东工艺美术学院,519,,6,https://hf-mirror.com/datasets/choucsan/Gaokao-Compass-11M/resolve/main/data/2025/henan/school-admission.csv,2026-09-20T06:33:22+00:00
henan,2025,his,本科批,（101）,广西艺术学院,广西艺术学院,513,,0,https://hf-mirror.com/datasets/choucsan/Gaokao-Compass-11M/resolve/main/data/2025/henan/school-admission.csv,2026-09-20T06:33:22+00:00
henan,2025,his,本科批,首选历史，再选不限,四川音乐学院,四川音乐学院,513,,0,https://hf-mirror.com/datasets/choucsan/Gaokao-Compass-11M/resolve/main/data/2025/henan/school-admission.csv,2026-09-20T06:33:22+00:00
henan,2025,his,本科批,（101）,新疆艺术学院,新疆艺术学院,517,,0,https://hf-mirror.com/datasets/choucsan/Gaokao-Compass-11M/resolve/main/data/2025/henan/school-admission.csv,2026-09-20T06:33:22+00:00
henan,2025,his,本科批,首选历史，再选不限,内蒙古艺术学院,内蒙古艺术学院,515,,0,https://hf-mirror.com/datasets/choucsan/Gaokao-Compass-11M/resolve/main/data/2025/henan/school-admission.csv,2026-09-20T06:33:22+00:00
henan,2025,his,本科批,首选历史，再选不限,安徽艺术学院,安徽艺术学院,523,,11,https://hf-mirror.com/datasets/choucsan/Gaokao-Compass-11M/resolve/main/data/2025/henan/school-admission.csv,2026-09-20T06:33:22+00:00
henan,2025,his,本科提前批,首选历史，再选思想政治,中国人民公安大学,中国人民公安大学,595,,0,https://hf-mirror.com/datasets/choucsan/Gaokao-Compass-11M/resolve/main/data/2025/henan/school-admission.csv,2026-09-20T06:33:22+00:00
henan,2025,his,本科提前批,首选历史，再选思想政治,中国刑事警察学院,中国刑事警察学院,579,,42,https://hf-mirror.com/datasets/choucsan/Gaokao-Compass-11M/resolve/main/data/2025/henan/school-admission.csv,2026-09-20T06:33:22+00:00
henan,2025,his,本科提前批,首选历史，再选思想政治,西安交通大学,西安交通大学,644,,0,https://hf-mirror.com/datasets/choucsan/Gaokao-Compass-11M/resolve/main/data/2025/henan/school-admission.csv,2026-09-20T06:33:22+00:00
henan,2025,his,本科提前批,首选历史，再选不限,华东师范大学,华东师范大学,615,,0,https://hf-mirror.com/datasets/choucsan/Gaokao-Compass-11M/resolve/main/data/2025/henan/school-admission.csv,2026-09-20T06:33:22+00:00
henan,2025,his,本科提前批,首选历史，再选思想政治,华东师范大学,华东师范大学,641,,0,https://hf-mirror.com/datasets/choucsan/Gaokao-Compass-11M/resolve/main/data/2025/henan/school-admission.csv,2026-09-20T06:33:22+00:00
henan,2025,his,本科提前批,首选历史，再选不限,华中师范大学,华中师范大学,614,,0,https://hf-mirror.com/datasets/choucsan/Gaokao-Compass-11M/resolve/main/data/2025/henan/school-admission.csv,2026-09-20T06:33:22+00:00
henan,2025,his,本科提前批,首选历史，再选地理,华中师范大学,华中师范大学,632,,0,https://hf-mirror.com/datasets/choucsan/Gaokao-Compass-11M/resolve/main/data/2025/henan/school-admission.csv,2026-09-20T06:33:22+00:00
henan,2025,his,本科提前批,首选历史，再选思想政治,华中师范大学,华中师范大学,633,,0,https://hf-mirror.com/datasets/choucsan/Gaokao-Compass-11M/resolve/main/data/2025/henan/school-admission.csv,2026-09-20T06:33:22+00:00
henan,2025,his,本科提前批,首选历史，再选思想政治,中国消防救援学院,中国消防救援学院,606,,0,https://hf-mirror.com/datasets/choucsan/Gaokao-Compass-11M/resolve/main/data/2025/henan/school-admission.csv,2026-09-20T06:33:22+00:00
henan,2025,his,本科提前批,首选历史，再选思想政治,安徽师范大学,安徽师范大学,587,,0,https://hf-mirror.com/datasets/choucsan/Gaokao-Compass-11M/resolve/main/data/2025/henan/school-admission.csv,2026-09-20T06:33:22+00:00
henan,2025,his,本科提前批,首选历史，再选不限,河南大学,河南大学,579,,0,https://hf-mirror.com/datasets/choucsan/Gaokao-Compass-11M/resolve/main/data/2025/henan/school-admission.csv,2026-09-20T06:33:22+00:00
henan,2025,his,本科提前批,首选历史，再选地理,河南大学,河南大学,595,,0,https://hf-mirror.com/datasets/choucsan/Gaokao-Compass-11M/resolve/main/data/2025/henan/school-admission.csv,2026-09-20T06:33:22+00:00
henan,2025,his,本科提前批,首选历史，再选不限,河南师范大学,河南师范大学,588,,0,https://hf-mirror.com/datasets/choucsan/Gaokao-Compass-11M/resolve/main/data/2025/henan/school-admission.csv,2026-09-20T06:33:22+00:00
henan,2025,his,高校专项计划批,（L不限）,北京中医药大学,北京中医药大学,612,,0,https://hf-mirror.com/datasets/choucsan/Gaokao-Compass-11M/resolve/main/data/2025/henan/school-admission.csv,2026-09-20T06:33:22+00:00
henan,2025,his,高校专项计划批,（L不限）,华东师范大学,华东师范大学,625,,0,https://hf-mirror.com/datasets/choucsan/Gaokao-Compass-11M/resolve/main/data/2025/henan/school-admission.csv,2026-09-20T06:33:22+00:00
henan,2025,his,高校专项计划批,（L政治）,华东师范大学,华东师范大学,631,,0,https://hf-mirror.com/datasets/choucsan/Gaokao-Compass-11M/resolve/main/data/2025/henan/school-admission.csv,2026-09-20T06:33:22+00:00
henan,2025,his,高校专项计划批,（L不限）,华中师范大学,华中师范大学,606,,0,https://hf-mirror.com/datasets/choucsan/Gaokao-Compass-11M/resolve/main/data/2025/henan/school-admission.csv,2026-09-20T06:33:22+00:00
henan,2025,phy,专科批,（101）,石河子大学,石河子大学,455,,46,https://hf-mirror.com/datasets/choucsan/Gaokao-Compass-11M/resolve/main/data/2025/henan/school-admission.csv,2026-09-20T06:33:22+00:00
henan,2025,phy,专科批,（102）,中国民用航空飞行学院,中国民用航空飞行学院,496,217439.0,5,https://hf-mirror.com/datasets/choucsan/Gaokao-Compass-11M/resolve/main/data/2025/henan/school-admission.csv,2026-09-20T06:33:22+00:00
henan,2025,phy,专科批,（102）,张家口学院,张家口学院,483,,5,https://hf-mirror.com/datasets/choucsan/Gaokao-Compass-11M/resolve/main/data/2025/henan/school-admission.csv,2026-09-20T06:33:22+00:00
henan,2025,phy,专科批,（106）,江西医学高等专科学校,江西医学高等专科学校,428,,0,https://hf-mirror.com/datasets/choucsan/Gaokao-Compass-11M/resolve/main/data/2025/henan/school-admission.csv,2026-09-20T06:33:22+00:00
henan,2025,phy,专科批,首选物理，再选化学,江西医学高等专科学校,江西医学高等专科学校,442,,0,https://hf-mirror.com/datasets/choucsan/Gaokao-Compass-11M/resolve/main/data/2025/henan/school-admission.csv,2026-09-20T06:33:22+00:00
henan,2025,phy,专科批,（104）,江西医学高等专科学校,江西医学高等专科学校,445,,0,https://hf-mirror.com/datasets/choucsan/Gaokao-Compass-11M/resolve/main/data/2025/henan/school-admission.csv,2026-09-20T06:33:22+00:00
henan,2025,phy,专科批,（101）,河南理工大学,河南理工大学,417,,0,https://hf-mirror.com/datasets/choucsan/Gaokao-Compass-11M/resolve/main/data/2025/henan/school-admission.csv,2026-09-20T06:33:22+00:00
henan,2025,phy,专科批,（101）,平顶山学院,平顶山学院,389,,0,https://hf-mirror.com/datasets/choucsan/Gaokao-Compass-11M/resolve/main/data/2025/henan/school-admission.csv,2026-09-20T06:33:22+00:00
henan,2025,phy,专科批,（102）,信阳农林学院,信阳农林学院,365,,697,https://hf-mirror.com/datasets/choucsan/Gaokao-Compass-11M/resolve/main/data/2025/henan/school-admission.csv,2026-09-20T06:33:22+00:00
henan,2025,phy,专科批,（101）,信阳农林学院,信阳农林学院,392,,490,https://hf-mirror.com/datasets/choucsan/Gaokao-Compass-11M/resolve/main/data/2025/henan/school-admission.csv,2026-09-20T06:33:22+00:00
henan,2025,phy,专科批,（202）,河南工程学院,河南工程学院,279,,0,https://hf-mirror.com/datasets/choucsan/Gaokao-Compass-11M/resolve/main/data/2025/henan/school-admission.csv,2026-09-20T06:33:22+00:00
henan,2025,phy,专科批,（101）,新乡学院,新乡学院,423,,0,https://hf-mirror.com/datasets/choucsan/Gaokao-Compass-11M/resolve/main/data/2025/henan/school-admission.csv,2026-09-20T06:33:22+00:00
henan,2025,phy,专科批,首选物理，再选不限,河南水利与环境职业学院,河南水利与环境职业学院,225,,2112,https://hf-mirror.com/datasets/choucsan/Gaokao-Compass-11M/resolve/main/data/2025/henan/school-admission.csv,2026-09-20T06:33:22+00:00
henan,2025,phy,专科批,（101）,商丘工学院,商丘工学院,198,,166,https://hf-mirror.com/datasets/choucsan/Gaokao-Compass-11M/resolve/main/data/2025/henan/school-admission.csv,2026-09-20T06:33:22+00:00
henan,2025,phy,专科批,（101）,黄河交通学院,黄河交通学院,291,,0,https://hf-mirror.com/datasets/choucsan/Gaokao-Compass-11M/resolve/main/data/2025/henan/school-admission.csv,2026-09-20T06:33:22+00:00
henan,2025,phy,专科批,首选物理，再选不限,郑州幼儿师范高等专科学校,郑州幼儿师范高等专科学校,252,,0,https://hf-mirror.com/datasets/choucsan/Gaokao-Compass-11M/resolve/main/data/2025/henan/school-admission.csv,2026-09-20T06:33:22+00:00
henan,2025,phy,专科批,首选物理，再选不限,郑州工程技术学院,郑州工程技术学院,250,,0,https://hf-mirror.com/datasets/choucsan/Gaokao-Compass-11M/resolve/main/data/2025/henan/school-admission.csv,2026-09-20T06:33:22+00:00
henan,2025,phy,专科批,（102）,河南司法警官职业学院,河南司法警官职业学院,393,,0,https://hf-mirror.com/datasets/choucsan/Gaokao-Compass-11M/resolve/main/data/2025/henan/school-admission.csv,2026-09-20T06:33:22+00:00
henan,2025,phy,专科批,首选物理，再选不限,濮阳职业技术学院,濮阳职业技术学院,229,,1338,https://hf-mirror.com/datasets/choucsan/Gaokao-Compass-11M/resolve/main/data/2025/henan/school-admission.csv,2026-09-20T06:33:22+00:00
henan,2025,phy,专科批,（101）,许昌职业技术学院,许昌职业技术学院,417,,0,https://hf-mirror.com/datasets/choucsan/Gaokao-Compass-11M/resolve/main/data/2025/henan/school-admission.csv,2026-09-20T06:33:22+00:00
henan,2025,phy,专科批,首选物理，再选不限,郑州旅游职业学院,郑州旅游职业学院,209,,624,https://hf-mirror.com/datasets/choucsan/Gaokao-Compass-11M/resolve/main/data/2025/henan/school-admission.csv,2026-09-20T06:33:22+00:00
henan,2025,phy,专科批,（102）,郑州旅游职业学院,郑州旅游职业学院,396,,22,https://hf-mirror.com/datasets/choucsan/Gaokao-Compass-11M/resolve/main/data/2025/henan/school-admission.csv,2026-09-20T06:33:22+00:00
henan,2025,phy,专科批,（101）,信阳职业技术学院,信阳职业技术学院,337,,1823,https://hf-mirror.com/datasets/choucsan/Gaokao-Compass-11M/resolve/main/data/2025/henan/school-admission.csv,2026-09-20T06:33:22+00:00
henan,2025,phy,专科批,（101）,新乡职业技术学院,新乡职业技术学院,334,,0,https://hf-mirror.com/datasets/choucsan/Gaokao-Compass-11M/resolve/main/data/2025/henan/school-admission.csv,2026-09-20T06:33:22+00:00
henan,2025,phy,专科批,首选物理，再选不限,安阳职业技术学院,安阳职业技术学院,374,,0,https://hf-mirror.com/datasets/choucsan/Gaokao-Compass-11M/resolve/main/data/2025/henan/school-admission.csv,2026-09-20T06:33:22+00:00
henan,2025,phy,专科批,首选物理，再选不限,河南医学高等专科学校,河南医学高等专科学校,289,,0,https://hf-mirror.com/datasets/choucsan/Gaokao-Compass-11M/resolve/main/data/2025/henan/school-admission.csv,2026-09-20T06:33:22+00:00
henan,2025,phy,专科批,（101）,郑州智能科技职业学院,郑州智能科技职业学院,161,,0,https://hf-mirror.com/datasets/choucsan/Gaokao-Compass-11M/resolve/main/data/2025/henan/school-admission.csv,2026-09-20T06:33:22+00:00
henan,2025,phy,专科批,（102）,郑州财税金融职业学院,郑州财税金融职业学院,386,,0,https://hf-mirror.com/datasets/choucsan/Gaokao-Compass-11M/resolve/main/data/2025/henan/school-admission.csv,2026-09-20T06:33:22+00:00
henan,2025,phy,专科批,首选物理，再选不限,南阳农业职业学院,南阳农业职业学院,262,,1300,https://hf-mirror.com/datasets/choucsan/Gaokao-Compass-11M/resolve/main/data/2025/henan/school-admission.csv,2026-09-20T06:33:22+00:00
henan,2025,phy,专科批,（101）,河南推拿职业学院,河南推拿职业学院,380,,336,https://hf-mirror.com/datasets/choucsan/Gaokao-Compass-11M/resolve/main/data/2025/henan/school-admission.csv,2026-09-20T06:33:22+00:00
henan,2025,phy,专科批,（102）,新乡工程学院,新乡工程学院,172,,0,https://hf-mirror.com/datasets/choucsan/Gaokao-Compass-11M/resolve/main/data/2025/henan/school-admission.csv,2026-09-20T06:33:22+00:00
henan,2025,phy,专科批,（102）,郑州经贸学院,郑州经贸学院,370,,0,https://hf-mirror.com/datasets/choucsan/Gaokao-Compass-11M/resolve/main/data/2025/henan/school-admission.csv,2026-09-20T06:33:22+00:00
henan,2025,phy,专科批,（101）,郑州卫生健康职业学院,郑州卫生健康职业学院,361,,0,https://hf-mirror.com/datasets/choucsan/Gaokao-Compass-11M/resolve/main/data/2025/henan/school-admission.csv,2026-09-20T06:33:22+00:00
henan,2025,phy,专科批,（102）,温州商学院,温州商学院,244,,16,https://hf-mirror.com/datasets/choucsan/Gaokao-Compass-11M/resolve/main/data/2025/henan/school-admission.csv,2026-09-20T06:33:22+00:00
henan,2025,phy,专科批,（102）,西安明德理工学院,西安明德理工学院,396,,0,https://hf-mirror.com/datasets/choucsan/Gaokao-Compass-11M/resolve/main/data/2025/henan/school-admission.csv,2026-09-20T06:33:22+00:00
henan,2025,phy,专科批,（102）,大连艺术学院,大连艺术学院,233,,0,https://hf-mirror.com/datasets/choucsan/Gaokao-Compass-11M/resolve/main/data/2025/henan/school-admission.csv,2026-09-20T06:33:22+00:00
henan,2025,phy,专科批,（101）,长春科技学院,长春科技学院,299,,0,https://hf-mirror.com/datasets/choucsan/Gaokao-Compass-11M/resolve/main/data/2025/henan/school-admission.csv,2026-09-20T06:33:22+00:00
henan,2025,phy,专科批,（101）,大连科技学院,大连科技学院,219,,0,https://hf-mirror.com/datasets/choucsan/Gaokao-Compass-11M/resolve/main/data/2025/henan/school-admission.csv,2026-09-20T06:33:22+00:00
henan,2025,phy,专科批,（101）,大连东软信息学院,大连东软信息学院,229,,0,https://hf-mirror.com/datasets/choucsan/Gaokao-Compass-11M/resolve/main/data/2025/henan/school-admission.csv,2026-09-20T06:33:22+00:00
henan,2025,phy,专科批,（101）,河北科技工程职业技术大学,河北科技工程职业技术大学,395,,0,https://hf-mirror.com/datasets/choucsan/Gaokao-Compass-11M/resolve/main/data/2025/henan/school-admission.csv,2026-09-20T06:33:22+00:00
henan,2025,phy,专科批,（101）,兰州资源环境职业技术大学,兰州资源环境职业技术大学,407,,0,https://hf-mirror.com/datasets/choucsan/Gaokao-Compass-11M/resolve/main/data/2025/henan/school-admission.csv,2026-09-20T06:33:22+00:00
henan,2025,phy,专科批,（102）,山西工程科技职业大学,山西工程科技职业大学,407,,5,https://hf-mirror.com/datasets/choucsan/Gaokao-Compass-11M/resolve/main/data/2025/henan/school-admission.csv,2026-09-20T06:33:22+00:00
henan,2025,phy,专科批,（102）,辽宁民族师范高等专科学校,辽宁民族师范高等专科学校,260,,0,https://hf-mirror.com/datasets/choucsan/Gaokao-Compass-11M/resolve/main/data/2025/henan/school-admission.csv,2026-09-20T06:33:22+00:00
henan,2025,phy,专科批,（102）,哈尔滨幼儿师范高等专科学校,哈尔滨幼儿师范高等专科学校,244,,0,https://hf-mirror.com/datasets/choucsan/Gaokao-Compass-11M/resolve/main/data/2025/henan/school-admission.csv,2026-09-20T06:33:22+00:00
henan,2025,phy,专科批,（102）,长春金融高等专科学校,长春金融高等专科学校,361,,34,https://hf-mirror.com/datasets/choucsan/Gaokao-Compass-11M/resolve/main/data/2025/henan/school-admission.csv,2026-09-20T06:33:22+00:00
henan,2025,phy,专科批,（101）,上海旅游高等专科学校,上海旅游高等专科学校,409,,22,https://hf-mirror.com/datasets/choucsan/Gaokao-Compass-11M/resolve/main/data/2025/henan/school-admission.csv,2026-09-20T06:33:22+00:00
henan,2025,phy,专科批,（102）,镇江市高等专科学校,镇江市高等专科学校,421,,10,https://hf-mirror.com/datasets/choucsan/Gaokao-Compass-11M/resolve/main/data/2025/henan/school-admission.csv,2026-09-20T06:33:22+00:00
henan,2025,phy,专科批,（102）,江苏城市职业学院,江苏城市职业学院,456,,0,https://hf-mirror.com/datasets/choucsan/Gaokao-Compass-11M/resolve/main/data/2025/henan/school-admission.csv,2026-09-20T06:33:22+00:00
henan,2025,phy,专科批,（101）,合肥幼儿师范高等专科学校,合肥幼儿师范高等专科学校,360,,0,https://hf-mirror.com/datasets/choucsan/Gaokao-Compass-11M/resolve/main/data/2025/henan/school-admission.csv,2026-09-20T06:33:22+00:00
henan,2025,phy,专科批,（102）,安徽第二医学院,安徽第二医学院,463,,17,https://hf-mirror.com/datasets/choucsan/Gaokao-Compass-11M/resolve/main/data/2025/henan/school-admission.csv,2026-09-20T06:33:22+00:00
henan,2025,phy,专科批,（101）,安徽第二医学院,安徽第二医学院,471,,9,https://hf-mirror.com/datasets/choucsan/Gaokao-Compass-11M/resolve/main/data/2025/henan/school-admission.csv,2026-09-20T06:33:22+00:00
henan,2025,phy,专科批,（102）,安徽中医药高等专科学校,安徽中医药高等专科学校,460,,12,https://hf-mirror.com/datasets/choucsan/Gaokao-Compass-11M/resolve/main/data/2025/henan/school-admission.csv,2026-09-20T06:33:22+00:00
henan,2025,phy,专科批,（101）,桐城师范高等专科学校,桐城师范高等专科学校,414,,0,https://hf-mirror.com/datasets/choucsan/Gaokao-Compass-11M/resolve/main/data/2025/henan/school-admission.csv,2026-09-20T06:33:22+00:00
henan,2025,phy,专科批,（102）,汉江师范学院,汉江师范学院,433,,14,https://hf-mirror.com/datasets/choucsan/Gaokao-Compass-11M/resolve/main/data/2025/henan/school-admission.csv,2026-09-20T06:33:22+00:00
henan,2025,phy,专科批,（102）,广西体育高等专科学校,广西体育高等专科学校,297,,0,https://hf-mirror.com/datasets/choucsan/Gaokao-Compass-11M/resolve/main/data/2025/henan/school-admission.csv,2026-09-20T06:33:22+00:00
henan,2025,phy,专科批,（101）,重庆三峡医药高等专科学校,重庆三峡医药高等专科学校,470,,0,https://hf-mirror.com/datasets/choucsan/Gaokao-Compass-11M/resolve/main/data/2025/henan/school-admission.csv,2026-09-20T06:33:22+00:00
henan,2025,phy,专科批,（102）,曲靖健康医学院,曲靖健康医学院,430,,3,https://hf-mirror.com/datasets/choucsan/Gaokao-Compass-11M/resolve/main/data/2025/henan/school-admission.csv,2026-09-20T06:33:22+00:00
henan,2025,phy,专科批,（101）,楚雄医药高等专科学校,楚雄医药高等专科学校,402,,12,https://hf-mirror.com/datasets/choucsan/Gaokao-Compass-11M/resolve/main/data/2025/henan/school-admission.csv,2026-09-20T06:33:22+00:00
henan,2025,phy,专科批,首选物理，再选不限,抚州医药学院,抚州医药学院,428,,0,https://hf-mirror.com/datasets/choucsan/Gaokao-Compass-11M/resolve/main/data/2025/henan/school-admission.csv,2026-09-20T06:33:22+00:00
henan,2025,phy,专科批,（102）,肇庆医学院,肇庆医学院,427,,14,https://hf-mirror.com/datasets/choucsan/Gaokao-Compass-11M/resolve/main/data/2025/henan/school-admission.csv,2026-09-20T06:33:22+00:00
henan,2025,phy,专科批,（101）,肇庆医学院,肇庆医学院,434,,27,https://hf-mirror.com/datasets/choucsan/Gaokao-Compass-11M/resolve/main/data/2025/henan/school-admission.csv,2026-09-20T06:33:22+00:00
henan,2025,phy,专科批,首选物理，再选不限,石家庄幼儿师范高等专科学校,石家庄幼儿师范高等专科学校,374,,4,https://hf-mirror.com/datasets/choucsan/Gaokao-Compass-11M/resolve/main/data/2025/henan/school-admission.csv,2026-09-20T06:33:22+00:00
henan,2025,phy,专科批,（101）,广西信息职业技术学院,广西信息职业技术学院,358,,15,https://hf-mirror.com/datasets/choucsan/Gaokao-Compass-11M/resolve/main/data/2025/henan/school-admission.csv,2026-09-20T06:33:22+00:00
henan,2025,phy,专科批,（102）,上海南湖职业技术学院,上海南湖职业技术学院,413,,0,https://hf-mirror.com/datasets/choucsan/Gaokao-Compass-11M/resolve/main/data/2025/henan/school-admission.csv,2026-09-20T06:33:22+00:00
henan,2025,phy,专科批,（102）,重庆工信职业学院,重庆工信职业学院,392,,0,https://hf-mirror.com/datasets/choucsan/Gaokao-Compass-11M/resolve/main/data/2025/henan/school-admission.csv,2026-09-20T06:33:22+00:00
henan,2025,phy,专科批,（101）,常州信息职业技术学院,常州信息职业技术学院,470,,0,https://hf-mirror.com/datasets/choucsan/Gaokao-Compass-11M/resolve/main/data/2025/henan/school-admission.csv,2026-09-20T06:33:22+00:00
henan,2025,phy,专科批,（101）,江苏建筑职业技术学院,江苏建筑职业技术学院,399,,26,https://hf-mirror.com/datasets/choucsan/Gaokao-Compass-11M/resolve/main/data/2025/henan/school-admission.csv,2026-09-20T06:33:22+00:00
henan,2025,phy,专科批,（102）,烟台城市科技职业学院,烟台城市科技职业学院,241,,0,https://hf-mirror.com/datasets/choucsan/Gaokao-Compass-11M/resolve/main/data/2025/henan/school-admission.csv,2026-09-20T06:33:22+00:00
henan,2025,phy,专科批,（101）,上海杉达学院,上海杉达学院,408,,0,https://hf-mirror.com/datasets/choucsan/Gaokao-Compass-11M/resolve/main/data/2025/henan/school-admission.csv,2026-09-20T06:33:22+00:00
henan,2025,phy,专科批,首选物理，再选不限,齐鲁医药学院,齐鲁医药学院,331,,0,https://hf-mirror.com/datasets/choucsan/Gaokao-Compass-11M/resolve/main/data/2025/henan/school-admission.csv,2026-09-20T06:33:22+00:00
henan,2025,phy,专科批,（101）,河北化工医药职业技术学院,河北化工医药职业技术学院,413,,14,https://hf-mirror.com/datasets/choucsan/Gaokao-Compass-11M/resolve/main/data/2025/henan/school-admission.csv,2026-09-20T06:33:22+00:00
henan,2025,phy,专科批,（102）,广州职业技术大学,广州职业技术大学,449,,40,https://hf-mirror.com/datasets/choucsan/Gaokao-Compass-11M/resolve/main/data/2025/henan/school-admission.csv,2026-09-20T06:33:22+00:00
henan,2025,phy,专科批,（103）,唐山幼儿师范高等专科学校,唐山幼儿师范高等专科学校,363,,3,https://hf-mirror.com/datasets/choucsan/Gaokao-Compass-11M/resolve/main/data/2025/henan/school-admission.csv,2026-09-20T06:33:22+00:00
henan,2025,phy,专科批,（102）,河北软件职业技术学院,河北软件职业技术学院,426,,0,https://hf-mirror.com/datasets/choucsan/Gaokao-Compass-11M/resolve/main/data/2025/henan/school-admission.csv,2026-09-20T06:33:22+00:00
henan,2025,phy,专科批,（101）,河北交通职业技术学院,河北交通职业技术学院,412,,0,https://hf-mirror.com/datasets/choucsan/Gaokao-Compass-11M/resolve/main/data/2025/henan/school-admission.csv,2026-09-20T06:33:22+00:00
henan,2025,phy,专科批,（101）,河北轨道运输职业技术学院,河北轨道运输职业技术学院,435,,0,https://hf-mirror.com/datasets/choucsan/Gaokao-Compass-11M/resolve/main/data/2025/henan/school-admission.csv,2026-09-20T06:33:22+00:00
henan,2025,phy,专科批,首选物理，再选不限,盘锦职业技术学院,盘锦职业技术学院,315,,0,https://hf-mirror.com/datasets/choucsan/Gaokao-Compass-11M/resolve/main/data/2025/henan/school-admission.csv,2026-09-20T06:33:22+00:00
henan,2025,phy,专科批,首选物理，再选不限,大连职业技术学院,大连职业技术学院,365,,0,https://hf-mirror.com/datasets/choucsan/Gaokao-Compass-11M/resolve/main/data/2025/henan/school-admission.csv,2026-09-20T06:33:22+00:00
henan,2025,phy,专科批,（101）,辽宁轨道交通职业学院,辽宁轨道交通职业学院,409,,0,https://hf-mirror.com/datasets/choucsan/Gaokao-Compass-11M/resolve/main/data/2025/henan/school-admission.csv,2026-09-20T06:33:22+00:00
henan,2025,phy,专科批,（101）,渤海船舶职业学院,渤海船舶职业学院,393,,0,https://hf-mirror.com/datasets/choucsan/Gaokao-Compass-11M/resolve/main/data/2025/henan/school-admission.csv,2026-09-20T06:33:22+00:00
henan,2025,phy,专科批,（101）,长春职业技术大学,长春职业技术大学,360,,0,https://hf-mirror.com/datasets/choucsan/Gaokao-Compass-11M/resolve/main/data/2025/henan/school-admission.csv,2026-09-20T06:33:22+00:00
henan,2025,phy,专科批,（102）,苏州卫生职业技术学院,苏州卫生职业技术学院,461,,0,https://hf-mirror.com/datasets/choucsan/Gaokao-Compass-11M/resolve/main/data/2025/henan/school-admission.csv,2026-09-20T06:33:22+00:00
henan,2025,phy,专科批,首选物理，再选不限,重庆财经职业学院,重庆财经职业学院,411,,0,https://hf-mirror.com/datasets/choucsan/Gaokao-Compass-11M/resolve/main/data/2025/henan/school-admission.csv,2026-09-20T06:33:22+00:00
henan,2025,phy,专科批,（101）,浙江国际海运职业技术学院,浙江国际海运职业技术学院,411,,0,https://hf-mirror.com/datasets/choucsan/Gaokao-Compass-11M/resolve/main/data/2025/henan/school-admission.csv,2026-09-20T06:33:22+00:00
henan,2025,phy,专科批,（102）,伊春职业学院,伊春职业学院,295,,61,https://hf-mirror.com/datasets/choucsan/Gaokao-Compass-11M/resolve/main/data/2025/henan/school-admission.csv,2026-09-20T06:33:22+00:00
henan,2025,phy,专科批,（101）,黑龙江农业工程职业学院,黑龙江农业工程职业学院,389,,0,https://hf-mirror.com/datasets/choucsan/Gaokao-Compass-11M/resolve/main/data/2025/henan/school-admission.csv,2026-09-20T06:33:22+00:00
henan,2025,phy,专科批,（102）,黑龙江农垦职业学院,黑龙江农垦职业学院,324,,73,https://hf-mirror.com/datasets/choucsan/Gaokao-Compass-11M/resolve/main/data/2025/henan/school-admission.csv,2026-09-20T06:33:22+00:00
henan,2025,phy,专科批,（102）,厦门城市职业学院,厦门城市职业学院,382,,0,https://hf-mirror.com/datasets/choucsan/Gaokao-Compass-11M/resolve/main/data/2025/henan/school-admission.csv,2026-09-20T06:33:22+00:00
henan,2025,phy,专科批,（101）,山东商务职业学院,山东商务职业学院,385,,55,https://hf-mirror.com/datasets/choucsan/Gaokao-Compass-11M/resolve/main/data/2025/henan/school-admission.csv,2026-09-20T06:33:22+00:00
henan,2025,phy,专科批,首选物理，再选不限,上海行健职业学院,上海行健职业学院,398,,0,https://hf-mirror.com/datasets/choucsan/Gaokao-Compass-11M/resolve/main/data/2025/henan/school-admission.csv,2026-09-20T06:33:22+00:00
henan,2025,phy,专科批,（102）,上海交通职业技术学院,上海交通职业技术学院,418,,0,https://hf-mirror.com/datasets/choucsan/Gaokao-Compass-11M/resolve/main/data/2025/henan/school-admission.csv,2026-09-20T06:33:22+00:00
henan,2025,phy,专科批,（102）,上海农林职业技术学院,上海农林职业技术学院,420,,0,https://hf-mirror.com/datasets/choucsan/Gaokao-Compass-11M/resolve/main/data/2025/henan/school-admission.csv,2026-09-20T06:33:22+00:00
henan,2025,phy,专科批,首选物理，再选不限,上海工商职业技术学院,上海工商职业技术学院,217,,0,https://hf-mirror.com/datasets/choucsan/Gaokao-Compass-11M/resolve/main/data/2025/henan/school-admission.csv,2026-09-20T06:33:22+00:00
henan,2025,phy,专科批,（102）,上海邦德职业技术学院,上海邦德职业技术学院,287,,0,https://hf-mirror.com/datasets/choucsan/Gaokao-Compass-11M/resolve/main/data/2025/henan/school-admission.csv,2026-09-20T06:33:22+00:00
henan,2025,phy,专科批,（102）,上海东海职业技术学院,上海东海职业技术学院,180,,0,https://hf-mirror.com/datasets/choucsan/Gaokao-Compass-11M/resolve/main/data/2025/henan/school-admission.csv,2026-09-20T06:33:22+00:00
henan,2025,phy,专科批,（101）,上海工商外国语职业学院,上海工商外国语职业学院,374,,0,https://hf-mirror.com/datasets/choucsan/Gaokao-Compass-11M/resolve/main/data/2025/henan/school-admission.csv,2026-09-20T06:33:22+00:00
henan,2025,phy,专科批,（101）,上海闵行职业技术学院,上海闵行职业技术学院,410,,0,https://hf-mirror.com/datasets/choucsan/Gaokao-Compass-11M/resolve/main/data/2025/henan/school-admission.csv,2026-09-20T06:33:22+00:00
henan,2025,phy,专科批,（101）,上海现代化工职业学院,上海现代化工职业学院,407,,0,https://hf-mirror.com/datasets/choucsan/Gaokao-Compass-11M/resolve/main/data/2025/henan/school-admission.csv,2026-09-20T06:33:22+00:00
henan,2025,phy,专科批,（102）,上海建设管理职业技术学院,上海建设管理职业技术学院,397,,0,https://hf-mirror.com/datasets/choucsan/Gaokao-Compass-11M/resolve/main/data/2025/henan/school-admission.csv,2026-09-20T06:33:22+00:00
henan,2025,phy,专科批,（102）,连云港职业技术学院,连云港职业技术学院,427,,0,https://hf-mirror.com/datasets/choucsan/Gaokao-Compass-11M/resolve/main/data/2025/henan/school-admission.csv,2026-09-20T06:33:22+00:00
henan,2025,phy,专科批,（104）,江苏工程职业技术学院,江苏工程职业技术学院,458,,3,https://hf-mirror.com/datasets/choucsan/Gaokao-Compass-11M/resolve/main/data/2025/henan/school-admission.csv,2026-09-20T06:33:22+00:00
henan,2025,phy,专科批,（102）,南京机电职业技术学院,南京机电职业技术学院,469,,0,https://hf-mirror.com/datasets/choucsan/Gaokao-Compass-11M/resolve/main/data/2025/henan/school-admission.csv,2026-09-20T06:33:22+00:00
henan,2025,phy,专科批,（102）,江苏电子信息职业学院,江苏电子信息职业学院,427,,0,https://hf-mirror.com/datasets/choucsan/Gaokao-Compass-11M/resolve/main/data/2025/henan/school-admission.csv,2026-09-20T06:33:22+00:00
henan,2025,phy,专科批,（102）,常州机电职业技术学院,常州机电职业技术学院,469,,15,https://hf-mirror.com/datasets/choucsan/Gaokao-Compass-11M/resolve/main/data/2025/henan/school-admission.csv,2026-09-20T06:33:22+00:00
henan,2025,phy,专科批,（102）,浙江同济科技职业学院,浙江同济科技职业学院,432,,46,https://hf-mirror.com/datasets/choucsan/Gaokao-Compass-11M/resolve/main/data/2025/henan/school-admission.csv,2026-09-20T06:33:22+00:00
henan,2025,phy,专科批,（102）,浙江邮电职业技术学院,浙江邮电职业技术学院,432,,8,https://hf-mirror.com/datasets/choucsan/Gaokao-Compass-11M/resolve/main/data/2025/henan/school-admission.csv,2026-09-20T06:33:22+00:00
henan,2025,phy,专科批,（102）,浙江安防职业技术学院,浙江安防职业技术学院,412,,0,https://hf-mirror.com/datasets/choucsan/Gaokao-Compass-11M/resolve/main/data/2025/henan/school-admission.csv,2026-09-20T06:33:22+00:00
henan,2025,phy,专科批,首选物理，再选不限,杭州职业技术大学,杭州职业技术大学,467,,0,https://hf-mirror.com/datasets/choucsan/Gaokao-Compass-11M/resolve/main/data/2025/henan/school-admission.csv,2026-09-20T06:33:22+00:00
henan,2025,phy,专科批,（102）,义乌工商职业技术学院,义乌工商职业技术学院,414,,0,https://hf-mirror.com/datasets/choucsan/Gaokao-Compass-11M/resolve/main/data/2025/henan/school-admission.csv,2026-09-20T06:33:22+00:00
henan,2025,phy,专科批,（101）,浙江交通职业技术学院,浙江交通职业技术学院,458,,0,https://hf-mirror.com/datasets/choucsan/Gaokao-Compass-11M/resolve/main/data/2025/henan/school-admission.csv,2026-09-20T06:33:22+00:00
henan,2025,phy,专科批,（101）,浙江机电职业技术大学,浙江机电职业技术大学,477,,0,https://hf-mirror.com/datasets/choucsan/Gaokao-Compass-11M/resolve/main/data/2025/henan/school-admission.csv,2026-09-20T06:33:22+00:00
henan,2025,phy,专科批,（102）,浙江工业职业技术学院,浙江工业职业技术学院,425,,25,https://hf-mirror.com/datasets/choucsan/Gaokao-Compass-11M/resolve/main/data/2025/henan/school-admission.csv,2026-09-20T06:33:22+00:00
henan,2025,phy,专科批,首选物理，再选不限,浙江建设职业技术学院,浙江建设职业技术学院,425,,0,https://hf-mirror.com/datasets/choucsan/Gaokao-Compass-11M/resolve/main/data/2025/henan/school-admission.csv,2026-09-20T06:33:22+00:00
henan,2025,phy,专科批,（102）,浙江商业职业技术学院,浙江商业职业技术学院,425,,30,https://hf-mirror.com/datasets/choucsan/Gaokao-Compass-11M/resolve/main/data/2025/henan/school-admission.csv,2026-09-20T06:33:22+00:00
henan,2025,phy,专科批,首选物理，再选不限,浙江经贸职业技术学院,浙江经贸职业技术学院,433,,30,https://hf-mirror.com/datasets/choucsan/Gaokao-Compass-11M/resolve/main/data/2025/henan/school-admission.csv,2026-09-20T06:33:22+00:00
henan,2025,phy,专科批,（102）,重庆化工职业学院,重庆化工职业学院,406,,30,https://hf-mirror.com/datasets/choucsan/Gaokao-Compass-11M/resolve/main/data/2025/henan/school-admission.csv,2026-09-20T06:33:22+00:00
henan,2025,phy,专科批,（110）,湄洲湾职业技术学院,湄洲湾职业技术学院,390,,10,https://hf-mirror.com/datasets/choucsan/Gaokao-Compass-11M/resolve/main/data/2025/henan/school-admission.csv,2026-09-20T06:33:22+00:00
henan,2025,phy,专科批,首选物理，再选不限,枣庄职业学院,枣庄职业学院,311,,45,https://hf-mirror.com/datasets/choucsan/Gaokao-Compass-11M/resolve/main/data/2025/henan/school-admission.csv,2026-09-20T06:33:22+00:00
henan,2025,phy,专科批,（105）,江西机电职业技术学院,江西机电职业技术学院,415,,17,https://hf-mirror.com/datasets/choucsan/Gaokao-Compass-11M/resolve/main/data/2025/henan/school-admission.csv,2026-09-20T06:33:22+00:00
henan,2025,phy,专科批,（102）,江西应用技术职业学院,江西应用技术职业学院,426,,14,https://hf-mirror.com/datasets/choucsan/Gaokao-Compass-11M/resolve/main/data/2025/henan/school-admission.csv,2026-09-20T06:33:22+00:00
henan,2025,phy,专科批,（102）,广东科贸职业学院,广东科贸职业学院,409,,27,https://hf-mirror.com/datasets/choucsan/Gaokao-Compass-11M/resolve/main/data/2025/henan/school-admission.csv,2026-09-20T06:33:22+00:00
henan,2025,phy,专科批,首选物理，再选不限,东莞职业技术学院,东莞职业技术学院,397,,0,https://hf-mirror.com/datasets/choucsan/Gaokao-Compass-11M/resolve/main/data/2025/henan/school-admission.csv,2026-09-20T06:33:22+00:00
henan,2025,phy,专科批,（102）,襄阳科技职业学院,襄阳科技职业学院,379,,87,https://hf-mirror.com/datasets/choucsan/Gaokao-Compass-11M/resolve/main/data/2025/henan/school-admission.csv,2026-09-20T06:33:22+00:00
henan,2025,phy,专科批,（101）,宜昌科技职业学院,宜昌科技职业学院,392,,24,https://hf-mirror.com/datasets/choucsan/Gaokao-Compass-11M/resolve/main/data/2025/henan/school-admission.csv,2026-09-20T06:33:22+00:00
henan,2025,phy,专科批,（102）,杭州科技职业技术学院,杭州科技职业技术学院,447,,15,https://hf-mirror.com/datasets/choucsan/Gaokao-Compass-11M/resolve/main/data/2025/henan/school-admission.csv,2026-09-20T06:33:22+00:00
henan,2025,phy,专科批,（101）,台州科技职业学院,台州科技职业学院,414,,0,https://hf-mirror.com/datasets/choucsan/Gaokao-Compass-11M/resolve/main/data/2025/henan/school-admission.csv,2026-09-20T06:33:22+00:00
henan,2025,phy,专科批,首选物理，再选不限,威海职业学院,威海职业学院,287,,39,https://hf-mirror.com/datasets/choucsan/Gaokao-Compass-11M/resolve/main/data/2025/henan/school-admission.csv,2026-09-20T06:33:22+00:00
henan,2025,phy,专科批,（101）,山东劳动职业技术学院,山东劳动职业技术学院,387,,0,https://hf-mirror.com/datasets/choucsan/Gaokao-Compass-11M/resolve/main/data/2025/henan/school-admission.csv,2026-09-20T06:33:22+00:00
henan,2025,phy,专科批,（105）,滨州职业学院,滨州职业学院,395,,0,https://hf-mirror.com/datasets/choucsan/Gaokao-Compass-11M/resolve/main/data/2025/henan/school-admission.csv,2026-09-20T06:33:22+00:00
henan,2025,phy,专科批,首选物理，再选不限,山东信息职业技术学院,山东信息职业技术学院,351,,0,https://hf-mirror.com/datasets/choucsan/Gaokao-Compass-11M/resolve/main/data/2025/henan/school-admission.csv,2026-09-20T06:33:22+00:00
henan,2025,phy,专科批,（103）,西藏职业技术学院,西藏职业技术学院,322,,5,https://hf-mirror.com/datasets/choucsan/Gaokao-Compass-11M/resolve/main/data/2025/henan/school-admission.csv,2026-09-20T06:33:22+00:00
henan,2025,phy,专科批,（104）,西藏职业技术学院,西藏职业技术学院,333,,13,https://hf-mirror.com/datasets/choucsan/Gaokao-Compass-11M/resolve/main/data/2025/henan/school-admission.csv,2026-09-20T06:33:22+00:00
henan,2025,phy,专科批,（101）,西藏职业技术学院,西藏职业技术学院,280,,14,https://hf-mirror.com/datasets/choucsan/Gaokao-Compass-11M/resolve/main/data/2025/henan/school-admission.csv,2026-09-20T06:33:22+00:00
henan,2025,phy,专科批,（102）,西藏职业技术学院,西藏职业技术学院,289,,5,https://hf-mirror.com/datasets/choucsan/Gaokao-Compass-11M/resolve/main/data/2025/henan/school-admission.csv,2026-09-20T06:33:22+00:00
henan,2025,phy,专科批,首选物理，再选不限,襄阳职业技术学院,襄阳职业技术学院,424,,79,https://hf-mirror.com/datasets/choucsan/Gaokao-Compass-11M/resolve/main/data/2025/henan/school-admission.csv,2026-09-20T06:33:22+00:00
henan,2025,phy,专科批,（101）,湖北职业技术学院,湖北职业技术学院,408,,72,https://hf-mirror.com/datasets/choucsan/Gaokao-Compass-11M/resolve/main/data/2025/henan/school-admission.csv,2026-09-20T06:33:22+00:00
henan,2025,phy,专科批,（101）,上海浦东职业技术学院,上海浦东职业技术学院,419,,11,https://hf-mirror.com/datasets/choucsan/Gaokao-Compass-11M/resolve/main/data/2025/henan/school-admission.csv,2026-09-20T06:33:22+00:00
henan,2025,phy,专科批,（102）,湖南汽车工程职业大学,湖南汽车工程职业大学,420,,0,https://hf-mirror.com/datasets/choucsan/Gaokao-Compass-11M/resolve/main/data/2025/henan/school-admission.csv,2026-09-20T06:33:22+00:00
henan,2025,phy,专科批,（101）,三亚护理职业学院,三亚护理职业学院,185,,0,https://hf-mirror.com/datasets/choucsan/Gaokao-Compass-11M/resolve/main/data/2025/henan/school-admission.csv,2026-09-20T06:33:22+00:00
henan,2025,phy,专科批,首选物理，再选不限,广东水利电力职业技术学院,广东水利电力职业技术学院,331,,0,https://hf-mirror.com/datasets/choucsan/Gaokao-Compass-11M/resolve/main/data/2025/henan/school-admission.csv,2026-09-20T06:33:22+00:00
henan,2025,phy,专科批,首选物理，再选不限,重庆工业职业技术大学,重庆工业职业技术大学,384,,26,https://hf-mirror.com/datasets/choucsan/Gaokao-Compass-11M/resolve/main/data/2025/henan/school-admission.csv,2026-09-20T06:33:22+00:00
henan,2025,phy,专科批,首选物理，再选不限,重庆工程职业技术学院,重庆工程职业技术学院,407,,19,https://hf-mirror.com/datasets/choucsan/Gaokao-Compass-11M/resolve/main/data/2025/henan/school-admission.csv,2026-09-20T06:33:22+00:00
henan,2025,phy,专科批,（101）,云南财经职业学院,云南财经职业学院,364,,10,https://hf-mirror.com/datasets/choucsan/Gaokao-Compass-11M/resolve/main/data/2025/henan/school-admission.csv,2026-09-20T06:33:22+00:00
henan,2025,phy,专科批,（102）,广东江门中医药职业学院,广东江门中医药职业学院,393,,0,https://hf-mirror.com/datasets/choucsan/Gaokao-Compass-11M/resolve/main/data/2025/henan/school-admission.csv,2026-09-20T06:33:22+00:00
henan,2025,phy,专科批,（101）,云南能源职业技术学院,云南能源职业技术学院,377,,2,https://hf-mirror.com/datasets/choucsan/Gaokao-Compass-11M/resolve/main/data/2025/henan/school-admission.csv,2026-09-20T06:33:22+00:00
henan,2025,phy,专科批,（102）,西安城市建设职业学院,西安城市建设职业学院,267,,0,https://hf-mirror.com/datasets/choucsan/Gaokao-Compass-11M/resolve/main/data/2025/henan/school-admission.csv,2026-09-20T06:33:22+00:00
henan,2025,phy,专科批,（102）,宁夏职业技术大学,宁夏职业技术大学,412,,0,https://hf-mirror.com/datasets/choucsan/Gaokao-Compass-11M/resolve/main/data/2025/henan/school-admission.csv,2026-09-20T06:33:22+00:00
henan,2025,phy,专科批,（102）,漳州职业技术学院,漳州职业技术学院,417,,0,https://hf-mirror.com/datasets/choucsan/Gaokao-Compass-11M/resolve/main/data/2025/henan/school-admission.csv,2026-09-20T06:33:22+00:00
henan,2025,phy,专科批,首选物理，再选不限,黎明职业大学,黎明职业大学,279,,106,https://hf-mirror.com/datasets/choucsan/Gaokao-Compass-11M/resolve/main/data/2025/henan/school-admission.csv,2026-09-20T06:33:22+00:00
henan,2025,phy,专科批,（101）,河北正定师范高等专科学校,河北正定师范高等专科学校,402,,0,https://hf-mirror.com/datasets/choucsan/Gaokao-Compass-11M/resolve/main/data/2025/henan/school-admission.csv,2026-09-20T06:33:22+00:00
henan,2025,phy,专科批,（104）,临汾职业技术学院,临汾职业技术学院,375,,6,https://hf-mirror.com/datasets/choucsan/Gaokao-Compass-11M/resolve/main/data/2025/henan/school-admission.csv,2026-09-20T06:33:22+00:00
henan,2025,phy,专科批,（101）,辽宁铁道职业技术学院,辽宁铁道职业技术学院,412,,0,https://hf-mirror.com/datasets/choucsan/Gaokao-Compass-11M/resolve/main/data/2025/henan/school-admission.csv,2026-09-20T06:33:22+00:00
henan,2025,phy,专科批,（101）,辽宁装备制造职业技术学院,辽宁装备制造职业技术学院,377,,125,https://hf-mirror.com/datasets/choucsan/Gaokao-Compass-11M/resolve/main/data/2025/henan/school-admission.csv,2026-09-20T06:33:22+00:00
henan,2025,phy,专科批,（101）,江苏经贸职业技术学院,江苏经贸职业技术学院,453,,5,https://hf-mirror.com/datasets/choucsan/Gaokao-Compass-11M/resolve/main/data/2025/henan/school-admission.csv,2026-09-20T06:33:22+00:00
henan,2025,phy,专科批,（102）,福建电力职业技术学院,福建电力职业技术学院,441,,0,https://hf-mirror.com/datasets/choucsan/Gaokao-Compass-11M/resolve/main/data/2025/henan/school-admission.csv,2026-09-20T06:33:22+00:00
henan,2025,phy,专科批,（101）,海南卫生健康职业学院,海南卫生健康职业学院,373,,0,https://hf-mirror.com/datasets/choucsan/Gaokao-Compass-11M/resolve/main/data/2025/henan/school-admission.csv,2026-09-20T06:33:22+00:00
henan,2025,phy,专科批,（101）,海南外国语职业学院,海南外国语职业学院,316,,0,https://hf-mirror.com/datasets/choucsan/Gaokao-Compass-11M/resolve/main/data/2025/henan/school-admission.csv,2026-09-20T06:33:22+00:00
henan,2025,phy,专科批,（101）,北京科技职业大学,北京科技职业大学,476,,0,https://hf-mirror.com/datasets/choucsan/Gaokao-Compass-11M/resolve/main/data/2025/henan/school-admission.csv,2026-09-20T06:33:22+00:00
henan,2025,phy,专科批,（102）,南京铁道职业技术学院,南京铁道职业技术学院,492,225208,7,https://hf-mirror.com/datasets/choucsan/Gaokao-Compass-11M/resolve/main/data/2025/henan/school-admission.csv,2026-09-20T06:33:22+00:00
henan,2025,phy,专科批,（102）,无锡工艺职业技术学院,无锡工艺职业技术学院,420,,4,https://hf-mirror.com/datasets/choucsan/Gaokao-Compass-11M/resolve/main/data/2025/henan/school-admission.csv,2026-09-20T06:33:22+00:00
henan,2025,phy,专科批,（102）,苏州健雄职业技术学院,苏州健雄职业技术学院,402,,0,https://hf-mirror.com/datasets/choucsan/Gaokao-Compass-11M/resolve/main/data/2025/henan/school-admission.csv,2026-09-20T06:33:22+00:00
henan,2025,phy,专科批,（101）,闽西职业技术学院,闽西职业技术学院,391,,25,https://hf-mirror.com/datasets/choucsan/Gaokao-Compass-11M/resolve/main/data/2025/henan/school-admission.csv,2026-09-20T06:33:22+00:00
henan,2025,phy,专科批,（102）,江西航空职业技术学院,江西航空职业技术学院,341,,76,https://hf-mirror.com/datasets/choucsan/Gaokao-Compass-11M/resolve/main/data/2025/henan/school-admission.csv,2026-09-20T06:33:22+00:00
henan,2025,phy,专科批,（102）,江汉艺术职业学院,江汉艺术职业学院,372,,7,https://hf-mirror.com/datasets/choucsan/Gaokao-Compass-11M/resolve/main/data/2025/henan/school-admission.csv,2026-09-20T06:33:22+00:00
henan,2025,phy,专科批,（101）,武汉民政职业学院,武汉民政职业学院,415,,20,https://hf-mirror.com/datasets/choucsan/Gaokao-Compass-11M/resolve/main/data/2025/henan/school-admission.csv,2026-09-20T06:33:22+00:00
henan,2025,phy,专科批,（201）,海南经贸职业技术学院,海南经贸职业技术学院,329,,0,https://hf-mirror.com/datasets/choucsan/Gaokao-Compass-11M/resolve/main/data/2025/henan/school-admission.csv,2026-09-20T06:33:22+00:00
henan,2025,phy,专科批,（103）,云南林业职业技术学院,云南林业职业技术学院,388,,0,https://hf-mirror.com/datasets/choucsan/Gaokao-Compass-11M/resolve/main/data/2025/henan/school-admission.csv,2026-09-20T06:33:22+00:00
henan,2025,phy,专科批,（101）,云南林业职业技术学院,云南林业职业技术学院,400,,0,https://hf-mirror.com/datasets/choucsan/Gaokao-Compass-11M/resolve/main/data/2025/henan/school-admission.csv,2026-09-20T06:33:22+00:00
henan,2025,phy,专科批,（101）,上海震旦职业学院,上海震旦职业学院,298,,0,https://hf-mirror.com/datasets/choucsan/Gaokao-Compass-11M/resolve/main/data/2025/henan/school-admission.csv,2026-09-20T06:33:22+00:00
henan,2025,phy,专科批,（102）,重庆幼儿师范高等专科学校,重庆幼儿师范高等专科学校,360,,0,https://hf-mirror.com/datasets/choucsan/Gaokao-Compass-11M/resolve/main/data/2025/henan/school-admission.csv,2026-09-20T06:33:22+00:00
henan,2025,phy,专科提前批,首选物理，再选不限,江西水利电力大学,江西水利电力大学,408,,35,https://hf-mirror.com/datasets/choucsan/Gaokao-Compass-11M/resolve/main/data/2025/henan/school-admission.csv,2026-09-20T06:33:22+00:00
henan,2025,phy,专科提前批,首选物理，再选不限,兰州资源环境职业技术大学,兰州资源环境职业技术大学,408,,0,https://hf-mirror.com/datasets/choucsan/Gaokao-Compass-11M/resolve/main/data/2025/henan/school-admission.csv,2026-09-20T06:33:22+00:00
henan,2025,phy,本科批,首选物理，再选不限,北京体育大学,北京体育大学,545,126477,0,https://hf-mirror.com/datasets/choucsan/Gaokao-Compass-11M/resolve/main/data/2025/henan/school-admission.csv,2026-09-20T06:33:22+00:00
henan,2025,phy,本科批,首选物理，再选化学,北京体育大学,北京体育大学,609,36486,0,https://hf-mirror.com/datasets/choucsan/Gaokao-Compass-11M/resolve/main/data/2025/henan/school-admission.csv,2026-09-20T06:33:22+00:00
henan,2025,phy,本科批,（101）,中国人民公安大学,中国人民公安大学,627,20939,0,https://hf-mirror.com/datasets/choucsan/Gaokao-Compass-11M/resolve/main/data/2025/henan/school-admission.csv,2026-09-20T06:33:22+00:00
henan,2025,phy,本科批,（103）,中央民族大学,中央民族大学,627,20939,0,https://hf-mirror.com/datasets/choucsan/Gaokao-Compass-11M/resolve/main/data/2025/henan/school-admission.csv,2026-09-20T06:33:22+00:00
henan,2025,phy,本科批,首选物理，再选化学,中央民族大学,中央民族大学,606,39518,0,https://hf-mirror.com/datasets/choucsan/Gaokao-Compass-11M/resolve/main/data/2025/henan/school-admission.csv,2026-09-20T06:33:22+00:00
henan,2025,phy,本科批,（104）,北京大学医学部,北京大学医学部,686,627.0,0,https://hf-mirror.com/datasets/choucsan/Gaokao-Compass-11M/resolve/main/data/2025/henan/school-admission.csv,2026-09-20T06:33:22+00:00
henan,2025,phy,本科批,首选物理，再选化学,北京大学医学部,北京大学医学部,674,1917,0,https://hf-mirror.com/datasets/choucsan/Gaokao-Compass-11M/resolve/main/data/2025/henan/school-admission.csv,2026-09-20T06:33:22+00:00
henan,2025,phy,本科批,首选物理，再选不限,吉林大学,吉林大学,628,20262,40,https://hf-mirror.com/datasets/choucsan/Gaokao-Compass-11M/resolve/main/data/2025/henan/school-admission.csv,2026-09-20T06:33:22+00:00
henan,2025,phy,本科批,首选物理，再选化学,吉林大学,吉林大学,614,31705,636,https://hf-mirror.com/datasets/choucsan/Gaokao-Compass-11M/resolve/main/data/2025/henan/school-admission.csv,2026-09-20T06:33:22+00:00
henan,2025,phy,本科批,首选物理，再选化学、生物(2科必选),吉林大学,吉林大学,621,25611,24,https://hf-mirror.com/datasets/choucsan/Gaokao-Compass-11M/resolve/main/data/2025/henan/school-admission.csv,2026-09-20T06:33:22+00:00
henan,2025,phy,本科批,（104）,吉林大学,吉林大学,636,15066.0,4,https://hf-mirror.com/datasets/choucsan/Gaokao-Compass-11M/resolve/main/data/2025/henan/school-admission.csv,2026-09-20T06:33:22+00:00
henan,2025,phy,本科批,首选物理，再选不限,江南大学,江南大学,598,48131,18,https://hf-mirror.com/datasets/choucsan/Gaokao-Compass-11M/resolve/main/data/2025/henan/school-admission.csv,2026-09-20T06:33:22+00:00
henan,2025,phy,本科批,首选物理，再选化学,江南大学,江南大学,604,41663,191,https://hf-mirror.com/datasets/choucsan/Gaokao-Compass-11M/resolve/main/data/2025/henan/school-admission.csv,2026-09-20T06:33:22+00:00
henan,2025,phy,本科批,（303）,江南大学,江南大学,594,51685.0,2,https://hf-mirror.com/datasets/choucsan/Gaokao-Compass-11M/resolve/main/data/2025/henan/school-admission.csv,2026-09-20T06:33:22+00:00
henan,2025,phy,本科批,首选物理，再选不限,兰州大学,兰州大学,594,52849,20,https://hf-mirror.com/datasets/choucsan/Gaokao-Compass-11M/resolve/main/data/2025/henan/school-admission.csv,2026-09-20T06:33:22+00:00
henan,2025,phy,本科批,首选物理，再选化学,兰州大学,兰州大学,608,37473,166,https://hf-mirror.com/datasets/choucsan/Gaokao-Compass-11M/resolve/main/data/2025/henan/school-admission.csv,2026-09-20T06:33:22+00:00
henan,2025,phy,本科批,首选物理，再选化学,山东大学,山东大学,628,20262,237,https://hf-mirror.com/datasets/choucsan/Gaokao-Compass-11M/resolve/main/data/2025/henan/school-admission.csv,2026-09-20T06:33:22+00:00
henan,2025,phy,本科批,（108）,山东大学,山东大学,655,6441,22,https://hf-mirror.com/datasets/choucsan/Gaokao-Compass-11M/resolve/main/data/2025/henan/school-admission.csv,2026-09-20T06:33:22+00:00
henan,2025,phy,本科批,（104）,山东大学,山东大学（威海）,635,15727.0,15,https://hf-mirror.com/datasets/choucsan/Gaokao-Compass-11M/resolve/main/data/2025/henan/school-admission.csv,2026-09-20T06:33:22+00:00
henan,2025,phy,本科批,（105）,山东大学,山东大学（威海）,641,12353,83,https://hf-mirror.com/datasets/choucsan/Gaokao-Compass-11M/resolve/main/data/2025/henan/school-admission.csv,2026-09-20T06:33:22+00:00
henan,2025,phy,本科批,（103）,山东大学,山东大学（威海）,634,16357.0,3,https://hf-mirror.com/datasets/choucsan/Gaokao-Compass-11M/resolve/main/data/2025/henan/school-admission.csv,2026-09-20T06:33:22+00:00
henan,2025,phy,本科批,（103）,西安交通大学,西安交通大学,659,5147.0,0,https://hf-mirror.com/datasets/choucsan/Gaokao-Compass-11M/resolve/main/data/2025/henan/school-admission.csv,2026-09-20T06:33:22+00:00
henan,2025,phy,本科批,首选物理，再选化学,西安交通大学,西安交通大学,629,19599,0,https://hf-mirror.com/datasets/choucsan/Gaokao-Compass-11M/resolve/main/data/2025/henan/school-admission.csv,2026-09-20T06:33:22+00:00
henan,2025,phy,本科批,（203）,西交利物浦大学,西交利物浦大学,574,79867.0,60,https://hf-mirror.com/datasets/choucsan/Gaokao-Compass-11M/resolve/main/data/2025/henan/school-admission.csv,2026-09-20T06:33:22+00:00
henan,2025,phy,本科批,（204）,西交利物浦大学,西交利物浦大学,569,87297.0,408,https://hf-mirror.com/datasets/choucsan/Gaokao-Compass-11M/resolve/main/data/2025/henan/school-admission.csv,2026-09-20T06:33:22+00:00
henan,2025,phy,本科批,（102）,中南大学,中南大学,645,10445,352,https://hf-mirror.com/datasets/choucsan/Gaokao-Compass-11M/resolve/main/data/2025/henan/school-admission.csv,2026-09-20T06:33:22+00:00
henan,2025,phy,本科批,首选物理，再选化学、生物(2科必选),中南大学,中南大学,656,6120,20,https://hf-mirror.com/datasets/choucsan/Gaokao-Compass-11M/resolve/main/data/2025/henan/school-admission.csv,2026-09-20T06:33:22+00:00
henan,2025,phy,本科批,首选物理，再选化学,北京化工大学,北京化工大学,603,42712,0,https://hf-mirror.com/datasets/choucsan/Gaokao-Compass-11M/resolve/main/data/2025/henan/school-admission.csv,2026-09-20T06:33:22+00:00
henan,2025,phy,本科批,（103）,北京科技大学,北京科技大学,643,11370.0,8,https://hf-mirror.com/datasets/choucsan/Gaokao-Compass-11M/resolve/main/data/2025/henan/school-admission.csv,2026-09-20T06:33:22+00:00
henan,2025,phy,本科批,首选物理，再选化学,北京科技大学,北京科技大学,644,10886,155,https://hf-mirror.com/datasets/choucsan/Gaokao-Compass-11M/resolve/main/data/2025/henan/school-admission.csv,2026-09-20T06:33:22+00:00
henan,2025,phy,本科批,（302）,北京邮电大学,北京邮电大学,627,20939,11,https://hf-mirror.com/datasets/choucsan/Gaokao-Compass-11M/resolve/main/data/2025/henan/school-admission.csv,2026-09-20T06:33:22+00:00
henan,2025,phy,本科批,首选物理，再选化学,北京邮电大学,北京邮电大学,628,20262,206,https://hf-mirror.com/datasets/choucsan/Gaokao-Compass-11M/resolve/main/data/2025/henan/school-admission.csv,2026-09-20T06:33:22+00:00
henan,2025,phy,本科批,首选物理，再选不限,华东理工大学,华东理工大学,597,49305,0,https://hf-mirror.com/datasets/choucsan/Gaokao-Compass-11M/resolve/main/data/2025/henan/school-admission.csv,2026-09-20T06:33:22+00:00
henan,2025,phy,本科批,首选物理，再选化学,华东理工大学,华东理工大学,635,15727,0,https://hf-mirror.com/datasets/choucsan/Gaokao-Compass-11M/resolve/main/data/2025/henan/school-admission.csv,2026-09-20T06:33:22+00:00
henan,2025,phy,本科批,首选物理，再选不限,大连海事大学,大连海事大学,586,63025,0,https://hf-mirror.com/datasets/choucsan/Gaokao-Compass-11M/resolve/main/data/2025/henan/school-admission.csv,2026-09-20T06:33:22+00:00
henan,2025,phy,本科批,首选物理，再选化学,大连海事大学,大连海事大学,573,81337,0,https://hf-mirror.com/datasets/choucsan/Gaokao-Compass-11M/resolve/main/data/2025/henan/school-admission.csv,2026-09-20T06:33:22+00:00
henan,2025,phy,本科批,（102）,中国石油大学(北京),中国石油大学（北京）,625,22450,0,https://hf-mirror.com/datasets/choucsan/Gaokao-Compass-11M/resolve/main/data/2025/henan/school-admission.csv,2026-09-20T06:33:22+00:00
henan,2025,phy,本科批,首选物理，再选化学,中国石油大学(北京),中国石油大学（北京）,608,37473,0,https://hf-mirror.com/datasets/choucsan/Gaokao-Compass-11M/resolve/main/data/2025/henan/school-admission.csv,2026-09-20T06:33:22+00:00
henan,2025,phy,本科批,首选物理，再选不限,中国石油大学(北京)克拉玛依校区,中国石油大学（北京）克拉玛依校区,590,57947,0,https://hf-mirror.com/datasets/choucsan/Gaokao-Compass-11M/resolve/main/data/2025/henan/school-admission.csv,2026-09-20T06:33:22+00:00
henan,2025,phy,本科批,首选物理，再选化学,中国石油大学(北京)克拉玛依校区,中国石油大学（北京）克拉玛依校区,605,40609,0,https://hf-mirror.com/datasets/choucsan/Gaokao-Compass-11M/resolve/main/data/2025/henan/school-admission.csv,2026-09-20T06:33:22+00:00
henan,2025,phy,本科批,首选物理，再选不限,中国石油大学(华东),中国石油大学（华东）,612,33569,0,https://hf-mirror.com/datasets/choucsan/Gaokao-Compass-11M/resolve/main/data/2025/henan/school-admission.csv,2026-09-20T06:33:22+00:00
henan,2025,phy,本科批,首选物理，再选化学,中国石油大学(华东),中国石油大学（华东）,612,33569,0,https://hf-mirror.com/datasets/choucsan/Gaokao-Compass-11M/resolve/main/data/2025/henan/school-admission.csv,2026-09-20T06:33:22+00:00
henan,2025,phy,本科批,（210）,武汉理工大学,武汉理工大学,621,25611.0,0,https://hf-mirror.com/datasets/choucsan/Gaokao-Compass-11M/resolve/main/data/2025/henan/school-admission.csv,2026-09-20T06:33:22+00:00
henan,2025,phy,本科批,首选物理，再选化学,武汉理工大学,武汉理工大学,611,34569,0,https://hf-mirror.com/datasets/choucsan/Gaokao-Compass-11M/resolve/main/data/2025/henan/school-admission.csv,2026-09-20T06:33:22+00:00
henan,2025,phy,本科批,首选物理，再选不限,中国海洋大学,中国海洋大学,598,48131,0,https://hf-mirror.com/datasets/choucsan/Gaokao-Compass-11M/resolve/main/data/2025/henan/school-admission.csv,2026-09-20T06:33:22+00:00
henan,2025,phy,本科批,首选物理，再选化学,中国海洋大学,中国海洋大学,620,26385,0,https://hf-mirror.com/datasets/choucsan/Gaokao-Compass-11M/resolve/main/data/2025/henan/school-admission.csv,2026-09-20T06:33:22+00:00
henan,2025,phy,本科批,（102）,中国地质大学(北京),中国地质大学（北京）,619,27239,0,https://hf-mirror.com/datasets/choucsan/Gaokao-Compass-11M/resolve/main/data/2025/henan/school-admission.csv,2026-09-20T06:33:22+00:00
henan,2025,phy,本科批,首选物理，再选化学,中国地质大学(北京),中国地质大学（北京）,605,40609,0,https://hf-mirror.com/datasets/choucsan/Gaokao-Compass-11M/resolve/main/data/2025/henan/school-admission.csv,2026-09-20T06:33:22+00:00
henan,2025,phy,本科批,（104）,中国地质大学(武汉),中国地质大学（武汉）,614,31705,0,https://hf-mirror.com/datasets/choucsan/Gaokao-Compass-11M/resolve/main/data/2025/henan/school-admission.csv,2026-09-20T06:33:22+00:00
henan,2025,phy,本科批,首选物理，再选化学,中国地质大学(武汉),中国地质大学（武汉）,601,44843,0,https://hf-mirror.com/datasets/choucsan/Gaokao-Compass-11M/resolve/main/data/2025/henan/school-admission.csv,2026-09-20T06:33:22+00:00
henan,2025,phy,本科批,首选物理，再选不限,北京林业大学,北京林业大学,612,33569,0,https://hf-mirror.com/datasets/choucsan/Gaokao-Compass-11M/resolve/main/data/2025/henan/school-admission.csv,2026-09-20T06:33:22+00:00
henan,2025,phy,本科批,首选物理，再选化学,北京林业大学,北京林业大学,589,59240,0,https://hf-mirror.com/datasets/choucsan/Gaokao-Compass-11M/resolve/main/data/2025/henan/school-admission.csv,2026-09-20T06:33:22+00:00
henan,2025,phy,本科批,（105）,北京林业大学,北京林业大学,611,34569.0,0,https://hf-mirror.com/datasets/choucsan/Gaokao-Compass-11M/resolve/main/data/2025/henan/school-admission.csv,2026-09-20T06:33:22+00:00
henan,2025,phy,本科批,（104）,北京林业大学,北京林业大学,614,31705.0,0,https://hf-mirror.com/datasets/choucsan/Gaokao-Compass-11M/resolve/main/data/2025/henan/school-admission.csv,2026-09-20T06:33:22+00:00
henan,2025,phy,本科批,（102）,东北林业大学,东北林业大学,582,68439,0,https://hf-mirror.com/datasets/choucsan/Gaokao-Compass-11M/resolve/main/data/2025/henan/school-admission.csv,2026-09-20T06:33:22+00:00
henan,2025,phy,本科批,首选物理，再选化学,东北林业大学,东北林业大学,434,,0,https://hf-mirror.com/datasets/choucsan/Gaokao-Compass-11M/resolve/main/data/2025/henan/school-admission.csv,2026-09-20T06:33:22+00:00
henan,2025,phy,本科批,（302）,北京中医药大学,北京中医药大学,586,,0,https://hf-mirror.com/datasets/choucsan/Gaokao-Compass-11M/resolve/main/data/2025/henan/school-admission.csv,2026-09-20T06:33:22+00:00
henan,2025,phy,本科批,（301）,北京中医药大学,北京中医药大学,600,,0,https://hf-mirror.com/datasets/choucsan/Gaokao-Compass-11M/resolve/main/data/2025/henan/school-admission.csv,2026-09-20T06:33:22+00:00
henan,2025,phy,本科批,首选物理，再选不限,东北师范大学,东北师范大学,553,112668,0,https://hf-mirror.com/datasets/choucsan/Gaokao-Compass-11M/resolve/main/data/2025/henan/school-admission.csv,2026-09-20T06:33:22+00:00
henan,2025,phy,本科批,首选物理，再选化学,东北师范大学,东北师范大学,609,36486,0,https://hf-mirror.com/datasets/choucsan/Gaokao-Compass-11M/resolve/main/data/2025/henan/school-admission.csv,2026-09-20T06:33:22+00:00
henan,2025,phy,本科批,（103）,华东师范大学,华东师范大学,657,5758.0,0,https://hf-mirror.com/datasets/choucsan/Gaokao-Compass-11M/resolve/main/data/2025/henan/school-admission.csv,2026-09-20T06:33:22+00:00
henan,2025,phy,本科批,首选物理，再选化学,华东师范大学,华东师范大学,623,23980,0,https://hf-mirror.com/datasets/choucsan/Gaokao-Compass-11M/resolve/main/data/2025/henan/school-admission.csv,2026-09-20T06:33:22+00:00
henan,2025,phy,本科批,首选物理，再选不限,华中师范大学,华中师范大学,570,85847,0,https://hf-mirror.com/datasets/choucsan/Gaokao-Compass-11M/resolve/main/data/2025/henan/school-admission.csv,2026-09-20T06:33:22+00:00
henan,2025,phy,本科批,首选物理，再选化学,华中师范大学,华中师范大学,627,20939,0,https://hf-mirror.com/datasets/choucsan/Gaokao-Compass-11M/resolve/main/data/2025/henan/school-admission.csv,2026-09-20T06:33:22+00:00
henan,2025,phy,本科批,首选物理，再选地理,华中师范大学,华中师范大学,605,40609,0,https://hf-mirror.com/datasets/choucsan/Gaokao-Compass-11M/resolve/main/data/2025/henan/school-admission.csv,2026-09-20T06:33:22+00:00
henan,2025,phy,本科批,（103）,北京外国语大学,北京外国语大学,627,20939,0,https://hf-mirror.com/datasets/choucsan/Gaokao-Compass-11M/resolve/main/data/2025/henan/school-admission.csv,2026-09-20T06:33:22+00:00
henan,2025,phy,本科批,（110）,北京外国语大学,北京外国语大学,646,9989.0,0,https://hf-mirror.com/datasets/choucsan/Gaokao-Compass-11M/resolve/main/data/2025/henan/school-admission.csv,2026-09-20T06:33:22+00:00
henan,2025,phy,本科批,首选物理，再选思想政治,北京外国语大学,北京外国语大学,616,29930,0,https://hf-mirror.com/datasets/choucsan/Gaokao-Compass-11M/resolve/main/data/2025/henan/school-admission.csv,2026-09-20T06:33:22+00:00
henan,2025,phy,本科批,首选物理，再选不限,上海财经大学,上海财经大学,615,30812,0,https://hf-mirror.com/datasets/choucsan/Gaokao-Compass-11M/resolve/main/data/2025/henan/school-admission.csv,2026-09-20T06:33:22+00:00
henan,2025,phy,本科批,首选物理，再选化学,上海财经大学,上海财经大学,640,12870,0,https://hf-mirror.com/datasets/choucsan/Gaokao-Compass-11M/resolve/main/data/2025/henan/school-admission.csv,2026-09-20T06:33:22+00:00
henan,2025,phy,本科批,首选物理，再选不限,对外经济贸易大学,对外经济贸易大学,611,34569,36,https://hf-mirror.com/datasets/choucsan/Gaokao-Compass-11M/resolve/main/data/2025/henan/school-admission.csv,2026-09-20T06:33:22+00:00
henan,2025,phy,本科批,首选物理，再选化学,对外经济贸易大学,对外经济贸易大学,616,29930,17,https://hf-mirror.com/datasets/choucsan/Gaokao-Compass-11M/resolve/main/data/2025/henan/school-admission.csv,2026-09-20T06:33:22+00:00
henan,2025,phy,本科批,首选物理，再选不限,中央财经大学,中央财经大学,590,57947,0,https://hf-mirror.com/datasets/choucsan/Gaokao-Compass-11M/resolve/main/data/2025/henan/school-admission.csv,2026-09-20T06:33:22+00:00
henan,2025,phy,本科批,（102）,中央财经大学,中央财经大学,644,10445.0,0,https://hf-mirror.com/datasets/choucsan/Gaokao-Compass-11M/resolve/main/data/2025/henan/school-admission.csv,2026-09-20T06:33:22+00:00
henan,2025,phy,本科批,首选物理，再选不限,中国传媒大学,中国传媒大学,624,23204,0,https://hf-mirror.com/datasets/choucsan/Gaokao-Compass-11M/resolve/main/data/2025/henan/school-admission.csv,2026-09-20T06:33:22+00:00
henan,2025,phy,本科批,首选物理，再选化学,中国传媒大学,中国传媒大学,603,42712,0,https://hf-mirror.com/datasets/choucsan/Gaokao-Compass-11M/resolve/main/data/2025/henan/school-admission.csv,2026-09-20T06:33:22+00:00
henan,2025,phy,本科批,（103）,上海体育大学,上海体育大学,592,55298.0,0,https://hf-mirror.com/datasets/choucsan/Gaokao-Compass-11M/resolve/main/data/2025/henan/school-admission.csv,2026-09-20T06:33:22+00:00
henan,2025,phy,本科批,首选物理，再选化学,上海体育大学,上海体育大学,577,75584,0,https://hf-mirror.com/datasets/choucsan/Gaokao-Compass-11M/resolve/main/data/2025/henan/school-admission.csv,2026-09-20T06:33:22+00:00
henan,2025,phy,本科批,（302）,南京理工大学,南京理工大学,616,29930,0,https://hf-mirror.com/datasets/choucsan/Gaokao-Compass-11M/resolve/main/data/2025/henan/school-admission.csv,2026-09-20T06:33:22+00:00
henan,2025,phy,本科批,首选物理，再选化学,南京理工大学,南京理工大学,624,23204,0,https://hf-mirror.com/datasets/choucsan/Gaokao-Compass-11M/resolve/main/data/2025/henan/school-admission.csv,2026-09-20T06:33:22+00:00
henan,2025,phy,本科批,首选物理，再选不限,北京工商大学,北京工商大学,563,96460,21,https://hf-mirror.com/datasets/choucsan/Gaokao-Compass-11M/resolve/main/data/2025/henan/school-admission.csv,2026-09-20T06:33:22+00:00
henan,2025,phy,本科批,首选物理，再选化学,北京工商大学,北京工商大学,596,50521,37,https://hf-mirror.com/datasets/choucsan/Gaokao-Compass-11M/resolve/main/data/2025/henan/school-admission.csv,2026-09-20T06:33:22+00:00
henan,2025,phy,本科批,首选物理，再选化学,北京工业大学,北京工业大学,626,21686,0,https://hf-mirror.com/datasets/choucsan/Gaokao-Compass-11M/resolve/main/data/2025/henan/school-admission.csv,2026-09-20T06:33:22+00:00
henan,2025,phy,本科批,（103）,燕山大学,燕山大学,596,48131.0,6,https://hf-mirror.com/datasets/choucsan/Gaokao-Compass-11M/resolve/main/data/2025/henan/school-admission.csv,2026-09-20T06:33:22+00:00
henan,2025,phy,本科批,（104）,燕山大学,燕山大学,606,39518,65,https://hf-mirror.com/datasets/choucsan/Gaokao-Compass-11M/resolve/main/data/2025/henan/school-admission.csv,2026-09-20T06:33:22+00:00
henan,2025,phy,本科批,首选物理，再选不限,石家庄铁道大学,石家庄铁道大学,576,76951,0,https://hf-mirror.com/datasets/choucsan/Gaokao-Compass-11M/resolve/main/data/2025/henan/school-admission.csv,2026-09-20T06:33:22+00:00
henan,2025,phy,本科批,首选物理，再选化学,石家庄铁道大学,石家庄铁道大学,594,52849,0,https://hf-mirror.com/datasets/choucsan/Gaokao-Compass-11M/resolve/main/data/2025/henan/school-admission.csv,2026-09-20T06:33:22+00:00
henan,2025,phy,本科批,首选物理，再选不限,内蒙古大学,内蒙古大学,598,48131,10,https://hf-mirror.com/datasets/choucsan/Gaokao-Compass-11M/resolve/main/data/2025/henan/school-admission.csv,2026-09-20T06:33:22+00:00
henan,2025,phy,本科批,首选物理，再选化学,内蒙古大学,内蒙古大学,601,44843,62,https://hf-mirror.com/datasets/choucsan/Gaokao-Compass-11M/resolve/main/data/2025/henan/school-admission.csv,2026-09-20T06:33:22+00:00
henan,2025,phy,本科批,（104）,沈阳农业大学,沈阳农业大学,451,,0,https://hf-mirror.com/datasets/choucsan/Gaokao-Compass-11M/resolve/main/data/2025/henan/school-admission.csv,2026-09-20T06:33:22+00:00
henan,2025,phy,本科批,首选物理，再选化学,沈阳农业大学,沈阳农业大学,433,,0,https://hf-mirror.com/datasets/choucsan/Gaokao-Compass-11M/resolve/main/data/2025/henan/school-admission.csv,2026-09-20T06:33:22+00:00
henan,2025,phy,本科批,首选物理，再选不限,延边大学,延边大学,593,54059,0,https://hf-mirror.com/datasets/choucsan/Gaokao-Compass-11M/resolve/main/data/2025/henan/school-admission.csv,2026-09-20T06:33:22+00:00
henan,2025,phy,本科批,（102）,延边大学,延边大学,610,35524,0,https://hf-mirror.com/datasets/choucsan/Gaokao-Compass-11M/resolve/main/data/2025/henan/school-admission.csv,2026-09-20T06:33:22+00:00
henan,2025,phy,本科批,（301）,延边大学,延边大学,580,71205.0,0,https://hf-mirror.com/datasets/choucsan/Gaokao-Compass-11M/resolve/main/data/2025/henan/school-admission.csv,2026-09-20T06:33:22+00:00
henan,2025,phy,本科批,（103）,延边大学,延边大学,578,74079.0,0,https://hf-mirror.com/datasets/choucsan/Gaokao-Compass-11M/resolve/main/data/2025/henan/school-admission.csv,2026-09-20T06:33:22+00:00
henan,2025,phy,本科批,首选物理，再选不限,长春理工大学,长春理工大学,471,,0,https://hf-mirror.com/datasets/choucsan/Gaokao-Compass-11M/resolve/main/data/2025/henan/school-admission.csv,2026-09-20T06:33:22+00:00
henan,2025,phy,本科批,首选物理，再选化学,长春理工大学,长春理工大学,548,121209,0,https://hf-mirror.com/datasets/choucsan/Gaokao-Compass-11M/resolve/main/data/2025/henan/school-admission.csv,2026-09-20T06:33:22+00:00
henan,2025,phy,本科批,（312）,长春理工大学,长春理工大学,573,81337.0,0,https://hf-mirror.com/datasets/choucsan/Gaokao-Compass-11M/resolve/main/data/2025/henan/school-admission.csv,2026-09-20T06:33:22+00:00
henan,2025,phy,本科批,（102）,哈尔滨医科大学,哈尔滨医科大学,599,47010.0,6,https://hf-mirror.com/datasets/choucsan/Gaokao-Compass-11M/resolve/main/data/2025/henan/school-admission.csv,2026-09-20T06:33:22+00:00
henan,2025,phy,本科批,首选物理，再选化学、生物(2科必选),哈尔滨医科大学,哈尔滨医科大学,590,57947,56,https://hf-mirror.com/datasets/choucsan/Gaokao-Compass-11M/resolve/main/data/2025/henan/school-admission.csv,2026-09-20T06:33:22+00:00
henan,2025,phy,本科批,（103）,上海理工大学,上海理工大学,610,35524.0,0,https://hf-mirror.com/datasets/choucsan/Gaokao-Compass-11M/resolve/main/data/2025/henan/school-admission.csv,2026-09-20T06:33:22+00:00
henan,2025,phy,本科批,首选物理，再选化学,上海理工大学,上海理工大学,610,35524,0,https://hf-mirror.com/datasets/choucsan/Gaokao-Compass-11M/resolve/main/data/2025/henan/school-admission.csv,2026-09-20T06:33:22+00:00
henan,2025,phy,本科批,首选物理，再选不限,上海对外经贸大学,上海对外经贸大学,585,64425,0,https://hf-mirror.com/datasets/choucsan/Gaokao-Compass-11M/resolve/main/data/2025/henan/school-admission.csv,2026-09-20T06:33:22+00:00
henan,2025,phy,本科批,（103）,上海对外经贸大学,上海对外经贸大学,611,34569,0,https://hf-mirror.com/datasets/choucsan/Gaokao-Compass-11M/resolve/main/data/2025/henan/school-admission.csv,2026-09-20T06:33:22+00:00
henan,2025,phy,本科批,（101）,扬州大学,扬州大学,575,78368,9,https://hf-mirror.com/datasets/choucsan/Gaokao-Compass-11M/resolve/main/data/2025/henan/school-admission.csv,2026-09-20T06:33:22+00:00
henan,2025,phy,本科批,首选物理，再选化学,扬州大学,扬州大学,574,79867,99,https://hf-mirror.com/datasets/choucsan/Gaokao-Compass-11M/resolve/main/data/2025/henan/school-admission.csv,2026-09-20T06:33:22+00:00
henan,2025,phy,本科批,（105）,扬州大学,扬州大学,583,67120.0,3,https://hf-mirror.com/datasets/choucsan/Gaokao-Compass-11M/resolve/main/data/2025/henan/school-admission.csv,2026-09-20T06:33:22+00:00
henan,2025,phy,本科批,（103）,江苏大学,江苏大学,616,28989.0,4,https://hf-mirror.com/datasets/choucsan/Gaokao-Compass-11M/resolve/main/data/2025/henan/school-admission.csv,2026-09-20T06:33:22+00:00
henan,2025,phy,本科批,首选物理，再选化学,江苏大学,江苏大学,575,78368,171,https://hf-mirror.com/datasets/choucsan/Gaokao-Compass-11M/resolve/main/data/2025/henan/school-admission.csv,2026-09-20T06:33:22+00:00
henan,2025,phy,本科批,（102）,南京工业大学,南京工业大学,602,42712.0,6,https://hf-mirror.com/datasets/choucsan/Gaokao-Compass-11M/resolve/main/data/2025/henan/school-admission.csv,2026-09-20T06:33:22+00:00
henan,2025,phy,本科批,首选物理，再选化学,南京工业大学,南京工业大学,586,63025,169,https://hf-mirror.com/datasets/choucsan/Gaokao-Compass-11M/resolve/main/data/2025/henan/school-admission.csv,2026-09-20T06:33:22+00:00
henan,2025,phy,本科批,首选物理，再选不限,南京师范大学,南京师范大学,576,76951,0,https://hf-mirror.com/datasets/choucsan/Gaokao-Compass-11M/resolve/main/data/2025/henan/school-admission.csv,2026-09-20T06:33:22+00:00
henan,2025,phy,本科批,首选物理，再选化学,南京师范大学,南京师范大学,613,32607,0,https://hf-mirror.com/datasets/choucsan/Gaokao-Compass-11M/resolve/main/data/2025/henan/school-admission.csv,2026-09-20T06:33:22+00:00
henan,2025,phy,本科批,（106）,南京师范大学,南京师范大学,621,25611.0,0,https://hf-mirror.com/datasets/choucsan/Gaokao-Compass-11M/resolve/main/data/2025/henan/school-admission.csv,2026-09-20T06:33:22+00:00
henan,2025,phy,本科批,（102）,南京信息工程大学,南京信息工程大学,615,30812,9,https://hf-mirror.com/datasets/choucsan/Gaokao-Compass-11M/resolve/main/data/2025/henan/school-admission.csv,2026-09-20T06:33:22+00:00
henan,2025,phy,本科批,首选物理，再选化学,南京信息工程大学,南京信息工程大学,586,63025,174,https://hf-mirror.com/datasets/choucsan/Gaokao-Compass-11M/resolve/main/data/2025/henan/school-admission.csv,2026-09-20T06:33:22+00:00
henan,2025,phy,本科批,首选物理，再选不限,宁波大学,宁波大学,567,90232,0,https://hf-mirror.com/datasets/choucsan/Gaokao-Compass-11M/resolve/main/data/2025/henan/school-admission.csv,2026-09-20T06:33:22+00:00
henan,2025,phy,本科批,首选物理，再选化学,宁波大学,宁波大学,571,84302,0,https://hf-mirror.com/datasets/choucsan/Gaokao-Compass-11M/resolve/main/data/2025/henan/school-admission.csv,2026-09-20T06:33:22+00:00
henan,2025,phy,本科批,（201）,宁波大学,宁波大学,571,84302.0,0,https://hf-mirror.com/datasets/choucsan/Gaokao-Compass-11M/resolve/main/data/2025/henan/school-admission.csv,2026-09-20T06:33:22+00:00
henan,2025,phy,本科批,（103）,湘潭大学,湘潭大学,589,59240,30,https://hf-mirror.com/datasets/choucsan/Gaokao-Compass-11M/resolve/main/data/2025/henan/school-admission.csv,2026-09-20T06:33:22+00:00
henan,2025,phy,本科批,首选物理，再选化学,湘潭大学,湘潭大学,603,42712,167,https://hf-mirror.com/datasets/choucsan/Gaokao-Compass-11M/resolve/main/data/2025/henan/school-admission.csv,2026-09-20T06:33:22+00:00
henan,2025,phy,本科批,首选物理，再选不限,深圳大学,深圳大学,614,31705,7,https://hf-mirror.com/datasets/choucsan/Gaokao-Compass-11M/resolve/main/data/2025/henan/school-admission.csv,2026-09-20T06:33:22+00:00
henan,2025,phy,本科批,（102）,深圳大学,深圳大学,641,12353,36,https://hf-mirror.com/datasets/choucsan/Gaokao-Compass-11M/resolve/main/data/2025/henan/school-admission.csv,2026-09-20T06:33:22+00:00
henan,2025,phy,本科批,首选物理，再选化学,深圳技术大学,深圳技术大学,616,29930,36,https://hf-mirror.com/datasets/choucsan/Gaokao-Compass-11M/resolve/main/data/2025/henan/school-admission.csv,2026-09-20T06:33:22+00:00
henan,2025,phy,本科批,（102）,华南农业大学,华南农业大学,599,47010,6,https://hf-mirror.com/datasets/choucsan/Gaokao-Compass-11M/resolve/main/data/2025/henan/school-admission.csv,2026-09-20T06:33:22+00:00
henan,2025,phy,本科批,（101）,华南农业大学,华南农业大学,594,52849,151,https://hf-mirror.com/datasets/choucsan/Gaokao-Compass-11M/resolve/main/data/2025/henan/school-admission.csv,2026-09-20T06:33:22+00:00
henan,2025,phy,本科批,（103）,华南农业大学,华南农业大学,593,54059.0,1,https://hf-mirror.com/datasets/choucsan/Gaokao-Compass-11M/resolve/main/data/2025/henan/school-admission.csv,2026-09-20T06:33:22+00:00
henan,2025,phy,本科批,（101）,广西大学,广西大学,611,34569,0,https://hf-mirror.com/datasets/choucsan/Gaokao-Compass-11M/resolve/main/data/2025/henan/school-admission.csv,2026-09-20T06:33:22+00:00
henan,2025,phy,本科批,（102）,广西大学,广西大学,608,37473,0,https://hf-mirror.com/datasets/choucsan/Gaokao-Compass-11M/resolve/main/data/2025/henan/school-admission.csv,2026-09-20T06:33:22+00:00
henan,2025,phy,本科批,首选物理，再选化学,重庆医科大学,重庆医科大学,516,178995,0,https://hf-mirror.com/datasets/choucsan/Gaokao-Compass-11M/resolve/main/data/2025/henan/school-admission.csv,2026-09-20T06:33:22+00:00
henan,2025,phy,本科批,（103）,西北政法大学,西北政法大学,610,35524,0,https://hf-mirror.com/datasets/choucsan/Gaokao-Compass-11M/resolve/main/data/2025/henan/school-admission.csv,2026-09-20T06:33:22+00:00
henan,2025,phy,本科批,首选物理，再选不限,新疆大学,新疆大学,582,68439,0,https://hf-mirror.com/datasets/choucsan/Gaokao-Compass-11M/resolve/main/data/2025/henan/school-admission.csv,2026-09-20T06:33:22+00:00
henan,2025,phy,本科批,（116）,新疆大学,新疆大学,593,54059,0,https://hf-mirror.com/datasets/choucsan/Gaokao-Compass-11M/resolve/main/data/2025/henan/school-admission.csv,2026-09-20T06:33:22+00:00
henan,2025,phy,本科批,（114）,新疆大学,新疆大学,589,59240,0,https://hf-mirror.com/datasets/choucsan/Gaokao-Compass-11M/resolve/main/data/2025/henan/school-admission.csv,2026-09-20T06:33:22+00:00
henan,2025,phy,本科批,（113）,新疆大学,新疆大学,590,57947,0,https://hf-mirror.com/datasets/choucsan/Gaokao-Compass-11M/resolve/main/data/2025/henan/school-admission.csv,2026-09-20T06:33:22+00:00
henan,2025,phy,本科批,首选物理，再选不限,青海大学,青海大学,596,50521,0,https://hf-mirror.com/datasets/choucsan/Gaokao-Compass-11M/resolve/main/data/2025/henan/school-admission.csv,2026-09-20T06:33:22+00:00
henan,2025,phy,本科批,（102）,青海大学,青海大学,597,49305,0,https://hf-mirror.com/datasets/choucsan/Gaokao-Compass-11M/resolve/main/data/2025/henan/school-admission.csv,2026-09-20T06:33:22+00:00
henan,2025,phy,本科批,（104）,青海大学,青海大学,594,52849,0,https://hf-mirror.com/datasets/choucsan/Gaokao-Compass-11M/resolve/main/data/2025/henan/school-admission.csv,2026-09-20T06:33:22+00:00
henan,2025,phy,本科批,首选物理，再选不限,石河子大学,石河子大学,580,71205,70,https://hf-mirror.com/datasets/choucsan/Gaokao-Compass-11M/resolve/main/data/2025/henan/school-admission.csv,2026-09-20T06:33:22+00:00
henan,2025,phy,本科批,首选物理，再选化学,石河子大学,石河子大学,584,65709,289,https://hf-mirror.com/datasets/choucsan/Gaokao-Compass-11M/resolve/main/data/2025/henan/school-admission.csv,2026-09-20T06:33:22+00:00
henan,2025,phy,本科批,首选物理，再选化学,首都医科大学,首都医科大学,579,72674,0,https://hf-mirror.com/datasets/choucsan/Gaokao-Compass-11M/resolve/main/data/2025/henan/school-admission.csv,2026-09-20T06:33:22+00:00
henan,2025,phy,本科批,（110）,青岛大学,青岛大学,589,59240,0,https://hf-mirror.com/datasets/choucsan/Gaokao-Compass-11M/resolve/main/data/2025/henan/school-admission.csv,2026-09-20T06:33:22+00:00
henan,2025,phy,本科批,首选物理，再选化学,青岛大学,青岛大学,592,55298,0,https://hf-mirror.com/datasets/choucsan/Gaokao-Compass-11M/resolve/main/data/2025/henan/school-admission.csv,2026-09-20T06:33:22+00:00
henan,2025,phy,本科批,（113）,青岛大学,青岛大学,567,90232.0,0,https://hf-mirror.com/datasets/choucsan/Gaokao-Compass-11M/resolve/main/data/2025/henan/school-admission.csv,2026-09-20T06:33:22+00:00
henan,2025,phy,本科批,（104）,湖北大学,湖北大学,584,65709,0,https://hf-mirror.com/datasets/choucsan/Gaokao-Compass-11M/resolve/main/data/2025/henan/school-admission.csv,2026-09-20T06:33:22+00:00
henan,2025,phy,本科批,首选物理，再选化学,湖北大学,湖北大学,597,49305,0,https://hf-mirror.com/datasets/choucsan/Gaokao-Compass-11M/resolve/main/data/2025/henan/school-admission.csv,2026-09-20T06:33:22+00:00
henan,2025,phy,本科批,（105）,湖北大学,湖北大学,597,49305.0,0,https://hf-mirror.com/datasets/choucsan/Gaokao-Compass-11M/resolve/main/data/2025/henan/school-admission.csv,2026-09-20T06:33:22+00:00
henan,2025,phy,本科批,（103）,中国民航大学,中国民航大学,602,41663.0,0,https://hf-mirror.com/datasets/choucsan/Gaokao-Compass-11M/resolve/main/data/2025/henan/school-admission.csv,2026-09-20T06:33:22+00:00
henan,2025,phy,本科批,首选物理，再选化学,中国民航大学,中国民航大学,609,36486,0,https://hf-mirror.com/datasets/choucsan/Gaokao-Compass-11M/resolve/main/data/2025/henan/school-admission.csv,2026-09-20T06:33:22+00:00
henan,2025,phy,本科批,（104）,武汉科技大学,武汉科技大学,596,50521,0,https://hf-mirror.com/datasets/choucsan/Gaokao-Compass-11M/resolve/main/data/2025/henan/school-admission.csv,2026-09-20T06:33:22+00:00
henan,2025,phy,本科批,首选物理，再选化学,武汉科技大学,武汉科技大学,553,112668,0,https://hf-mirror.com/datasets/choucsan/Gaokao-Compass-11M/resolve/main/data/2025/henan/school-admission.csv,2026-09-20T06:33:22+00:00
henan,2025,phy,本科批,（104）,东北电力大学,东北电力大学,587,61718,10,https://hf-mirror.com/datasets/choucsan/Gaokao-Compass-11M/resolve/main/data/2025/henan/school-admission.csv,2026-09-20T06:33:22+00:00
henan,2025,phy,本科批,首选物理，再选化学,东北电力大学,东北电力大学,533,147701,218,https://hf-mirror.com/datasets/choucsan/Gaokao-Compass-11M/resolve/main/data/2025/henan/school-admission.csv,2026-09-20T06:33:22+00:00
henan,2025,phy,本科批,首选物理，再选不限,浙江理工大学,浙江理工大学,554,110951,0,https://hf-mirror.com/datasets/choucsan/Gaokao-Compass-11M/resolve/main/data/2025/henan/school-admission.csv,2026-09-20T06:33:22+00:00
henan,2025,phy,本科批,（101）,浙江理工大学,浙江理工大学,608,37473,0,https://hf-mirror.com/datasets/choucsan/Gaokao-Compass-11M/resolve/main/data/2025/henan/school-admission.csv,2026-09-20T06:33:22+00:00
henan,2025,phy,本科批,（102）,江苏科技大学,江苏科技大学,597,49305,10,https://hf-mirror.com/datasets/choucsan/Gaokao-Compass-11M/resolve/main/data/2025/henan/school-admission.csv,2026-09-20T06:33:22+00:00
henan,2025,phy,本科批,首选物理，再选化学,江苏科技大学,江苏科技大学,527,158564,166,https://hf-mirror.com/datasets/choucsan/Gaokao-Compass-11M/resolve/main/data/2025/henan/school-admission.csv,2026-09-20T06:33:22+00:00
henan,2025,phy,本科批,首选物理，再选化学,青岛科技大学,青岛科技大学,494,221305,96,https://hf-mirror.com/datasets/choucsan/Gaokao-Compass-11M/resolve/main/data/2025/henan/school-admission.csv,2026-09-20T06:33:22+00:00
henan,2025,phy,本科批,首选物理，再选不限,北京建筑大学,北京建筑大学,582,68439,0,https://hf-mirror.com/datasets/choucsan/Gaokao-Compass-11M/resolve/main/data/2025/henan/school-admission.csv,2026-09-20T06:33:22+00:00
henan,2025,phy,本科批,（103）,北京建筑大学,北京建筑大学,592,55298,0,https://hf-mirror.com/datasets/choucsan/Gaokao-Compass-11M/resolve/main/data/2025/henan/school-admission.csv,2026-09-20T06:33:22+00:00
henan,2025,phy,本科批,首选物理，再选不限,沈阳建筑大学,沈阳建筑大学,462,,26,https://hf-mirror.com/datasets/choucsan/Gaokao-Compass-11M/resolve/main/data/2025/henan/school-admission.csv,2026-09-20T06:33:22+00:00
henan,2025,phy,本科批,首选物理，再选化学,沈阳建筑大学,沈阳建筑大学,525,162191,97,https://hf-mirror.com/datasets/choucsan/Gaokao-Compass-11M/resolve/main/data/2025/henan/school-admission.csv,2026-09-20T06:33:22+00:00
henan,2025,phy,本科批,（102）,中国计量大学,中国计量大学,602,43771,21,https://hf-mirror.com/datasets/choucsan/Gaokao-Compass-11M/resolve/main/data/2025/henan/school-admission.csv,2026-09-20T06:33:22+00:00
henan,2025,phy,本科批,首选物理，再选化学,中国计量大学,中国计量大学,607,38498,156,https://hf-mirror.com/datasets/choucsan/Gaokao-Compass-11M/resolve/main/data/2025/henan/school-admission.csv,2026-09-20T06:33:22+00:00
henan,2025,phy,本科批,（101）,南华大学,南华大学,569,87297,0,https://hf-mirror.com/datasets/choucsan/Gaokao-Compass-11M/resolve/main/data/2025/henan/school-admission.csv,2026-09-20T06:33:22+00:00
henan,2025,phy,本科批,（102）,南华大学,南华大学,573,81337,0,https://hf-mirror.com/datasets/choucsan/Gaokao-Compass-11M/resolve/main/data/2025/henan/school-admission.csv,2026-09-20T06:33:22+00:00
henan,2025,phy,本科批,（102）,长沙理工大学,长沙理工大学,574,79867,0,https://hf-mirror.com/datasets/choucsan/Gaokao-Compass-11M/resolve/main/data/2025/henan/school-admission.csv,2026-09-20T06:33:22+00:00
henan,2025,phy,本科批,（103）,长沙理工大学,长沙理工大学,597,49305,0,https://hf-mirror.com/datasets/choucsan/Gaokao-Compass-11M/resolve/main/data/2025/henan/school-admission.csv,2026-09-20T06:33:22+00:00
henan,2025,phy,本科批,首选物理，再选不限,贵州大学,贵州大学,553,112668,0,https://hf-mirror.com/datasets/choucsan/Gaokao-Compass-11M/resolve/main/data/2025/henan/school-admission.csv,2026-09-20T06:33:22+00:00
henan,2025,phy,本科批,首选物理，再选化学,贵州大学,贵州大学,568,88775,0,https://hf-mirror.com/datasets/choucsan/Gaokao-Compass-11M/resolve/main/data/2025/henan/school-admission.csv,2026-09-20T06:33:22+00:00
henan,2025,phy,本科批,（101）,南方医科大学,南方医科大学,579,72674,0,https://hf-mirror.com/datasets/choucsan/Gaokao-Compass-11M/resolve/main/data/2025/henan/school-admission.csv,2026-09-20T06:33:22+00:00
henan,2025,phy,本科批,（301）,南京邮电大学,南京邮电大学,602,43771,13,https://hf-mirror.com/datasets/choucsan/Gaokao-Compass-11M/resolve/main/data/2025/henan/school-admission.csv,2026-09-20T06:33:22+00:00
henan,2025,phy,本科批,首选物理，再选化学,南京邮电大学,南京邮电大学,600,45887,127,https://hf-mirror.com/datasets/choucsan/Gaokao-Compass-11M/resolve/main/data/2025/henan/school-admission.csv,2026-09-20T06:33:22+00:00
henan,2025,phy,本科批,首选物理，再选不限,华侨大学,华侨大学,549,119532,0,https://hf-mirror.com/datasets/choucsan/Gaokao-Compass-11M/resolve/main/data/2025/henan/school-admission.csv,2026-09-20T06:33:22+00:00
henan,2025,phy,本科批,首选物理，再选化学,华侨大学,华侨大学,581,69871,0,https://hf-mirror.com/datasets/choucsan/Gaokao-Compass-11M/resolve/main/data/2025/henan/school-admission.csv,2026-09-20T06:33:22+00:00
henan,2025,phy,本科批,（102）,东北石油大学,东北石油大学,550,117829,19,https://hf-mirror.com/datasets/choucsan/Gaokao-Compass-11M/resolve/main/data/2025/henan/school-admission.csv,2026-09-20T06:33:22+00:00
henan,2025,phy,本科批,首选物理，再选化学,东北石油大学,东北石油大学,542,131568,288,https://hf-mirror.com/datasets/choucsan/Gaokao-Compass-11M/resolve/main/data/2025/henan/school-admission.csv,2026-09-20T06:33:22+00:00
henan,2025,phy,本科批,（102）,安徽财经大学,安徽财经大学,552,114348,53,https://hf-mirror.com/datasets/choucsan/Gaokao-Compass-11M/resolve/main/data/2025/henan/school-admission.csv,2026-09-20T06:33:22+00:00
henan,2025,phy,本科批,（103）,安徽财经大学,安徽财经大学,587,61718,22,https://hf-mirror.com/datasets/choucsan/Gaokao-Compass-11M/resolve/main/data/2025/henan/school-admission.csv,2026-09-20T06:33:22+00:00
henan,2025,phy,本科批,（106）,上海师范大学,上海师范大学,580,71205,0,https://hf-mirror.com/datasets/choucsan/Gaokao-Compass-11M/resolve/main/data/2025/henan/school-admission.csv,2026-09-20T06:33:22+00:00
henan,2025,phy,本科批,首选物理，再选化学,上海师范大学,上海师范大学,552,114348,0,https://hf-mirror.com/datasets/choucsan/Gaokao-Compass-11M/resolve/main/data/2025/henan/school-admission.csv,2026-09-20T06:33:22+00:00
henan,2025,phy,本科批,（105）,上海师范大学,上海师范大学,577,75584,0,https://hf-mirror.com/datasets/choucsan/Gaokao-Compass-11M/resolve/main/data/2025/henan/school-admission.csv,2026-09-20T06:33:22+00:00
henan,2025,phy,本科批,首选物理，再选不限,北京物资学院,北京物资学院,565,93269,0,https://hf-mirror.com/datasets/choucsan/Gaokao-Compass-11M/resolve/main/data/2025/henan/school-admission.csv,2026-09-20T06:33:22+00:00
henan,2025,phy,本科批,首选物理，再选化学,北京物资学院,北京物资学院,585,64425,0,https://hf-mirror.com/datasets/choucsan/Gaokao-Compass-11M/resolve/main/data/2025/henan/school-admission.csv,2026-09-20T06:33:22+00:00
henan,2025,phy,本科批,首选物理，再选不限,天津师范大学,天津师范大学,553,112668,0,https://hf-mirror.com/datasets/choucsan/Gaokao-Compass-11M/resolve/main/data/2025/henan/school-admission.csv,2026-09-20T06:33:22+00:00
henan,2025,phy,本科批,首选物理，再选化学,天津师范大学,天津师范大学,582,68439,0,https://hf-mirror.com/datasets/choucsan/Gaokao-Compass-11M/resolve/main/data/2025/henan/school-admission.csv,2026-09-20T06:33:22+00:00
henan,2025,phy,本科批,（112）,天津师范大学,天津师范大学,583,67120,0,https://hf-mirror.com/datasets/choucsan/Gaokao-Compass-11M/resolve/main/data/2025/henan/school-admission.csv,2026-09-20T06:33:22+00:00
henan,2025,phy,本科批,首选物理，再选不限,青岛理工大学,青岛理工大学,468,,0,https://hf-mirror.com/datasets/choucsan/Gaokao-Compass-11M/resolve/main/data/2025/henan/school-admission.csv,2026-09-20T06:33:22+00:00
henan,2025,phy,本科批,首选物理，再选化学,青岛理工大学,青岛理工大学,510,190228,0,https://hf-mirror.com/datasets/choucsan/Gaokao-Compass-11M/resolve/main/data/2025/henan/school-admission.csv,2026-09-20T06:33:22+00:00
henan,2025,phy,本科批,首选物理，再选化学,浙江工业大学,浙江工业大学,612,33569,92,https://hf-mirror.com/datasets/choucsan/Gaokao-Compass-11M/resolve/main/data/2025/henan/school-admission.csv,2026-09-20T06:33:22+00:00
henan,2025,phy,本科批,（103）,南昌航空大学,南昌航空大学,585,64425,7,https://hf-mirror.com/datasets/choucsan/Gaokao-Compass-11M/resolve/main/data/2025/henan/school-admission.csv,2026-09-20T06:33:22+00:00
henan,2025,phy,本科批,首选物理，再选化学,南昌航空大学,南昌航空大学,587,61718,160,https://hf-mirror.com/datasets/choucsan/Gaokao-Compass-11M/resolve/main/data/2025/henan/school-admission.csv,2026-09-20T06:33:22+00:00
henan,2025,phy,本科批,（101）,江西理工大学,江西理工大学,560,101279,18,https://hf-mirror.com/datasets/choucsan/Gaokao-Compass-11M/resolve/main/data/2025/henan/school-admission.csv,2026-09-20T06:33:22+00:00
henan,2025,phy,本科批,首选物理，再选化学,江西理工大学,江西理工大学,566,91732,177,https://hf-mirror.com/datasets/choucsan/Gaokao-Compass-11M/resolve/main/data/2025/henan/school-admission.csv,2026-09-20T06:33:22+00:00
henan,2025,phy,本科批,（104）,江西理工大学,江西理工大学,578,74079.0,5,https://hf-mirror.com/datasets/choucsan/Gaokao-Compass-11M/resolve/main/data/2025/henan/school-admission.csv,2026-09-20T06:33:22+00:00
henan,2025,phy,本科批,首选物理，再选不限,首都经济贸易大学,首都经济贸易大学,597,49305,0,https://hf-mirror.com/datasets/choucsan/Gaokao-Compass-11M/resolve/main/data/2025/henan/school-admission.csv,2026-09-20T06:33:22+00:00
henan,2025,phy,本科批,首选物理，再选化学,首都经济贸易大学,首都经济贸易大学,575,78368,0,https://hf-mirror.com/datasets/choucsan/Gaokao-Compass-11M/resolve/main/data/2025/henan/school-admission.csv,2026-09-20T06:33:22+00:00
henan,2025,phy,本科批,（102）,西南石油大学,西南石油大学,593,54059,0,https://hf-mirror.com/datasets/choucsan/Gaokao-Compass-11M/resolve/main/data/2025/henan/school-admission.csv,2026-09-20T06:33:22+00:00
henan,2025,phy,本科批,首选物理，再选化学,西南石油大学,西南石油大学,602,43771,0,https://hf-mirror.com/datasets/choucsan/Gaokao-Compass-11M/resolve/main/data/2025/henan/school-admission.csv,2026-09-20T06:33:22+00:00
henan,2025,phy,本科批,（103）,西南石油大学,西南石油大学,609,36486.0,0,https://hf-mirror.com/datasets/choucsan/Gaokao-Compass-11M/resolve/main/data/2025/henan/school-admission.csv,2026-09-20T06:33:22+00:00
henan,2025,phy,本科批,（103）,天津工业大学,天津工业大学,583,67120,6,https://hf-mirror.com/datasets/choucsan/Gaokao-Compass-11M/resolve/main/data/2025/henan/school-admission.csv,2026-09-20T06:33:22+00:00
henan,2025,phy,本科批,首选物理，再选化学,天津工业大学,天津工业大学,608,37473,86,https://hf-mirror.com/datasets/choucsan/Gaokao-Compass-11M/resolve/main/data/2025/henan/school-admission.csv,2026-09-20T06:33:22+00:00
henan,2025,phy,本科批,（105）,中北大学,中北大学,517,177095,10,https://hf-mirror.com/datasets/choucsan/Gaokao-Compass-11M/resolve/main/data/2025/henan/school-admission.csv,2026-09-20T06:33:22+00:00
henan,2025,phy,本科批,首选物理，再选化学,中北大学,中北大学,602,43771,199,https://hf-mirror.com/datasets/choucsan/Gaokao-Compass-11M/resolve/main/data/2025/henan/school-admission.csv,2026-09-20T06:33:22+00:00
henan,2025,phy,本科批,（123）,河北科技大学,河北科技大学,572,82802.0,3,https://hf-mirror.com/datasets/choucsan/Gaokao-Compass-11M/resolve/main/data/2025/henan/school-admission.csv,2026-09-20T06:33:22+00:00
henan,2025,phy,本科批,首选物理，再选化学,河北科技大学,河北科技大学,489,231000,60,https://hf-mirror.com/datasets/choucsan/Gaokao-Compass-11M/resolve/main/data/2025/henan/school-admission.csv,2026-09-20T06:33:22+00:00
henan,2025,phy,本科批,首选物理，再选不限,河北工程大学,河北工程大学,529,154977,0,https://hf-mirror.com/datasets/choucsan/Gaokao-Compass-11M/resolve/main/data/2025/henan/school-admission.csv,2026-09-20T06:33:22+00:00
henan,2025,phy,本科批,首选物理，再选化学,河北工程大学,河北工程大学,443,,0,https://hf-mirror.com/datasets/choucsan/Gaokao-Compass-11M/resolve/main/data/2025/henan/school-admission.csv,2026-09-20T06:33:22+00:00
henan,2025,phy,本科批,（105）,河北工程大学,河北工程大学,536,142192.0,0,https://hf-mirror.com/datasets/choucsan/Gaokao-Compass-11M/resolve/main/data/2025/henan/school-admission.csv,2026-09-20T06:33:22+00:00
henan,2025,phy,本科批,首选物理，再选不限,北京联合大学,北京联合大学,513,184632,0,https://hf-mirror.com/datasets/choucsan/Gaokao-Compass-11M/resolve/main/data/2025/henan/school-admission.csv,2026-09-20T06:33:22+00:00
henan,2025,phy,本科批,首选物理，再选化学,北京联合大学,北京联合大学,525,162191,0,https://hf-mirror.com/datasets/choucsan/Gaokao-Compass-11M/resolve/main/data/2025/henan/school-admission.csv,2026-09-20T06:33:22+00:00
henan,2025,phy,本科批,首选物理，再选不限,温州医科大学,温州医科大学,468,,0,https://hf-mirror.com/datasets/choucsan/Gaokao-Compass-11M/resolve/main/data/2025/henan/school-admission.csv,2026-09-20T06:33:22+00:00
henan,2025,phy,本科批,首选物理，再选化学,温州医科大学,温州医科大学,539,136912,0,https://hf-mirror.com/datasets/choucsan/Gaokao-Compass-11M/resolve/main/data/2025/henan/school-admission.csv,2026-09-20T06:33:22+00:00
henan,2025,phy,本科批,首选物理，再选化学,上海中医药大学,上海中医药大学,571,84302,0,https://hf-mirror.com/datasets/choucsan/Gaokao-Compass-11M/resolve/main/data/2025/henan/school-admission.csv,2026-09-20T06:33:22+00:00
henan,2025,phy,本科批,（111）,浙江师范大学,浙江师范大学,589,59240,6,https://hf-mirror.com/datasets/choucsan/Gaokao-Compass-11M/resolve/main/data/2025/henan/school-admission.csv,2026-09-20T06:33:22+00:00
henan,2025,phy,本科批,首选物理，再选化学,浙江师范大学,浙江师范大学,587,61718,50,https://hf-mirror.com/datasets/choucsan/Gaokao-Compass-11M/resolve/main/data/2025/henan/school-admission.csv,2026-09-20T06:33:22+00:00
henan,2025,phy,本科批,（119）,浙江师范大学,浙江师范大学,554,110951.0,3,https://hf-mirror.com/datasets/choucsan/Gaokao-Compass-11M/resolve/main/data/2025/henan/school-admission.csv,2026-09-20T06:33:22+00:00
henan,2025,phy,本科批,首选物理，再选不限,黑龙江中医药大学,黑龙江中医药大学,504,201911,62,https://hf-mirror.com/datasets/choucsan/Gaokao-Compass-11M/resolve/main/data/2025/henan/school-admission.csv,2026-09-20T06:33:22+00:00
henan,2025,phy,本科批,（103）,黑龙江中医药大学,黑龙江中医药大学,513,184632,116,https://hf-mirror.com/datasets/choucsan/Gaokao-Compass-11M/resolve/main/data/2025/henan/school-admission.csv,2026-09-20T06:33:22+00:00
henan,2025,phy,本科批,首选物理，再选生物,黑龙江中医药大学,黑龙江中医药大学,508,194093,51,https://hf-mirror.com/datasets/choucsan/Gaokao-Compass-11M/resolve/main/data/2025/henan/school-admission.csv,2026-09-20T06:33:22+00:00
henan,2025,phy,本科批,首选物理，再选不限,成都中医药大学,成都中医药大学,459,,0,https://hf-mirror.com/datasets/choucsan/Gaokao-Compass-11M/resolve/main/data/2025/henan/school-admission.csv,2026-09-20T06:33:22+00:00
henan,2025,phy,本科批,首选物理，再选化学,成都中医药大学,成都中医药大学,518,175267,0,https://hf-mirror.com/datasets/choucsan/Gaokao-Compass-11M/resolve/main/data/2025/henan/school-admission.csv,2026-09-20T06:33:22+00:00
henan,2025,phy,本科批,首选物理，再选不限,山西医科大学,山西医科大学,476,,11,https://hf-mirror.com/datasets/choucsan/Gaokao-Compass-11M/resolve/main/data/2025/henan/school-admission.csv,2026-09-20T06:33:22+00:00
henan,2025,phy,本科批,（103）,山西医科大学,山西医科大学,569,87297,36,https://hf-mirror.com/datasets/choucsan/Gaokao-Compass-11M/resolve/main/data/2025/henan/school-admission.csv,2026-09-20T06:33:22+00:00
henan,2025,phy,本科批,首选物理，再选化学、生物(2科必选),山西医科大学,山西医科大学,586,63025,28,https://hf-mirror.com/datasets/choucsan/Gaokao-Compass-11M/resolve/main/data/2025/henan/school-admission.csv,2026-09-20T06:33:22+00:00
henan,2025,phy,本科批,（105）,山西医科大学,山西医科大学,525,162191,8,https://hf-mirror.com/datasets/choucsan/Gaokao-Compass-11M/resolve/main/data/2025/henan/school-admission.csv,2026-09-20T06:33:22+00:00
henan,2025,phy,本科批,首选物理，再选不限,大连医科大学,大连医科大学,485,,0,https://hf-mirror.com/datasets/choucsan/Gaokao-Compass-11M/resolve/main/data/2025/henan/school-admission.csv,2026-09-20T06:33:22+00:00
henan,2025,phy,本科批,首选物理，再选化学,大连医科大学,大连医科大学,563,96460,0,https://hf-mirror.com/datasets/choucsan/Gaokao-Compass-11M/resolve/main/data/2025/henan/school-admission.csv,2026-09-20T06:33:22+00:00
henan,2025,phy,本科批,首选物理，再选化学,广西医科大学,广西医科大学,486,236802,0,https://hf-mirror.com/datasets/choucsan/Gaokao-Compass-11M/resolve/main/data/2025/henan/school-admission.csv,2026-09-20T06:33:22+00:00
henan,2025,phy,本科批,首选物理，再选不限,海南大学,海南大学,464,,0,https://hf-mirror.com/datasets/choucsan/Gaokao-Compass-11M/resolve/main/data/2025/henan/school-admission.csv,2026-09-20T06:33:22+00:00
henan,2025,phy,本科批,首选物理，再选化学,海南大学,海南大学,602,43771,0,https://hf-mirror.com/datasets/choucsan/Gaokao-Compass-11M/resolve/main/data/2025/henan/school-admission.csv,2026-09-20T06:33:22+00:00
henan,2025,phy,本科批,（107）,海南大学,海南大学,591,56625.0,0,https://hf-mirror.com/datasets/choucsan/Gaokao-Compass-11M/resolve/main/data/2025/henan/school-admission.csv,2026-09-20T06:33:22+00:00
henan,2025,phy,本科批,（206）,海南大学,海南大学,553,112668.0,0,https://hf-mirror.com/datasets/choucsan/Gaokao-Compass-11M/resolve/main/data/2025/henan/school-admission.csv,2026-09-20T06:33:22+00:00
henan,2025,phy,本科批,（914）,宁夏大学,宁夏大学,614,31705.0,0,https://hf-mirror.com/datasets/choucsan/Gaokao-Compass-11M/resolve/main/data/2025/henan/school-admission.csv,2026-09-20T06:33:22+00:00
henan,2025,phy,本科批,首选物理，再选化学,宁夏大学,宁夏大学,596,50521,0,https://hf-mirror.com/datasets/choucsan/Gaokao-Compass-11M/resolve/main/data/2025/henan/school-admission.csv,2026-09-20T06:33:22+00:00
henan,2025,phy,本科批,（202）,山东科技大学,山东科技大学,541,133317.0,3,https://hf-mirror.com/datasets/choucsan/Gaokao-Compass-11M/resolve/main/data/2025/henan/school-admission.csv,2026-09-20T06:33:22+00:00
henan,2025,phy,本科批,首选物理，再选化学,山东科技大学,山东科技大学,557,106110,84,https://hf-mirror.com/datasets/choucsan/Gaokao-Compass-11M/resolve/main/data/2025/henan/school-admission.csv,2026-09-20T06:33:22+00:00
henan,2025,phy,本科批,（101）,辽宁石油化工大学,辽宁石油化工大学,439,,17,https://hf-mirror.com/datasets/choucsan/Gaokao-Compass-11M/resolve/main/data/2025/henan/school-admission.csv,2026-09-20T06:33:22+00:00
henan,2025,phy,本科批,首选物理，再选化学,辽宁石油化工大学,辽宁石油化工大学,563,96460,164,https://hf-mirror.com/datasets/choucsan/Gaokao-Compass-11M/resolve/main/data/2025/henan/school-admission.csv,2026-09-20T06:33:22+00:00
henan,2025,phy,本科批,（102）,中南林业科技大学,中南林业科技大学,551,116078,24,https://hf-mirror.com/datasets/choucsan/Gaokao-Compass-11M/resolve/main/data/2025/henan/school-admission.csv,2026-09-20T06:33:22+00:00
henan,2025,phy,本科批,（103）,中南林业科技大学,中南林业科技大学,557,106110,135,https://hf-mirror.com/datasets/choucsan/Gaokao-Compass-11M/resolve/main/data/2025/henan/school-admission.csv,2026-09-20T06:33:22+00:00
henan,2025,phy,本科批,（104）,中南林业科技大学,中南林业科技大学,565,93269.0,2,https://hf-mirror.com/datasets/choucsan/Gaokao-Compass-11M/resolve/main/data/2025/henan/school-admission.csv,2026-09-20T06:33:22+00:00
henan,2025,phy,本科批,首选物理，再选不限,安徽医科大学,安徽医科大学,442,,4,https://hf-mirror.com/datasets/choucsan/Gaokao-Compass-11M/resolve/main/data/2025/henan/school-admission.csv,2026-09-20T06:33:22+00:00
henan,2025,phy,本科批,（102）,安徽医科大学,安徽医科大学,575,78368,11,https://hf-mirror.com/datasets/choucsan/Gaokao-Compass-11M/resolve/main/data/2025/henan/school-admission.csv,2026-09-20T06:33:22+00:00
henan,2025,phy,本科批,（103）,广州医科大学,广州医科大学,600,45887.0,0,https://hf-mirror.com/datasets/choucsan/Gaokao-Compass-11M/resolve/main/data/2025/henan/school-admission.csv,2026-09-20T06:33:22+00:00
henan,2025,phy,本科批,首选物理，再选化学,广州医科大学,广州医科大学,590,57947,0,https://hf-mirror.com/datasets/choucsan/Gaokao-Compass-11M/resolve/main/data/2025/henan/school-admission.csv,2026-09-20T06:33:22+00:00
henan,2025,phy,本科批,（103）,上海海事大学,上海海事大学,600,45887,0,https://hf-mirror.com/datasets/choucsan/Gaokao-Compass-11M/resolve/main/data/2025/henan/school-admission.csv,2026-09-20T06:33:22+00:00
henan,2025,phy,本科批,首选物理，再选化学,上海海事大学,上海海事大学,577,75584,0,https://hf-mirror.com/datasets/choucsan/Gaokao-Compass-11M/resolve/main/data/2025/henan/school-admission.csv,2026-09-20T06:33:22+00:00
henan,2025,phy,本科批,首选物理，再选化学,上海海洋大学,上海海洋大学,587,61718,0,https://hf-mirror.com/datasets/choucsan/Gaokao-Compass-11M/resolve/main/data/2025/henan/school-admission.csv,2026-09-20T06:33:22+00:00
henan,2025,phy,本科批,（104）,常州大学,常州大学,584,65709,5,https://hf-mirror.com/datasets/choucsan/Gaokao-Compass-11M/resolve/main/data/2025/henan/school-admission.csv,2026-09-20T06:33:22+00:00
henan,2025,phy,本科批,首选物理，再选化学,常州大学,常州大学,566,91732,132,https://hf-mirror.com/datasets/choucsan/Gaokao-Compass-11M/resolve/main/data/2025/henan/school-admission.csv,2026-09-20T06:33:22+00:00
henan,2025,phy,本科批,首选物理，再选不限,重庆工商大学,重庆工商大学,529,154977,0,https://hf-mirror.com/datasets/choucsan/Gaokao-Compass-11M/resolve/main/data/2025/henan/school-admission.csv,2026-09-20T06:33:22+00:00
henan,2025,phy,本科批,（102）,重庆工商大学,重庆工商大学,577,75584,0,https://hf-mirror.com/datasets/choucsan/Gaokao-Compass-11M/resolve/main/data/2025/henan/school-admission.csv,2026-09-20T06:33:22+00:00
henan,2025,phy,本科批,首选物理，再选不限,四川外国语大学,四川外国语大学,538,138722,0,https://hf-mirror.com/datasets/choucsan/Gaokao-Compass-11M/resolve/main/data/2025/henan/school-admission.csv,2026-09-20T06:33:22+00:00
henan,2025,phy,本科批,首选物理，再选不限,上海立信会计金融学院,上海立信会计金融学院,563,96460,0,https://hf-mirror.com/datasets/choucsan/Gaokao-Compass-11M/resolve/main/data/2025/henan/school-admission.csv,2026-09-20T06:33:22+00:00
henan,2025,phy,本科批,（104）,上海立信会计金融学院,上海立信会计金融学院,576,76951,0,https://hf-mirror.com/datasets/choucsan/Gaokao-Compass-11M/resolve/main/data/2025/henan/school-admission.csv,2026-09-20T06:33:22+00:00
henan,2025,phy,本科批,（102）,广东工业大学,广东工业大学,615,30812,6,https://hf-mirror.com/datasets/choucsan/Gaokao-Compass-11M/resolve/main/data/2025/henan/school-admission.csv,2026-09-20T06:33:22+00:00
henan,2025,phy,本科批,（101）,广东工业大学,广东工业大学,619,27239,50,https://hf-mirror.com/datasets/choucsan/Gaokao-Compass-11M/resolve/main/data/2025/henan/school-admission.csv,2026-09-20T06:33:22+00:00
henan,2025,phy,本科批,（101）,北方民族大学,北方民族大学,512,186510,0,https://hf-mirror.com/datasets/choucsan/Gaokao-Compass-11M/resolve/main/data/2025/henan/school-admission.csv,2026-09-20T06:33:22+00:00
henan,2025,phy,本科批,首选物理，再选化学,北方民族大学,北方民族大学,525,162191,0,https://hf-mirror.com/datasets/choucsan/Gaokao-Compass-11M/resolve/main/data/2025/henan/school-admission.csv,2026-09-20T06:33:22+00:00
henan,2025,phy,本科批,（102）,北方民族大学,北方民族大学,536,142192.0,0,https://hf-mirror.com/datasets/choucsan/Gaokao-Compass-11M/resolve/main/data/2025/henan/school-admission.csv,2026-09-20T06:33:22+00:00
henan,2025,phy,本科批,（106）,西南民族大学,西南民族大学,551,116078,24,https://hf-mirror.com/datasets/choucsan/Gaokao-Compass-11M/resolve/main/data/2025/henan/school-admission.csv,2026-09-20T06:33:22+00:00
henan,2025,phy,本科批,首选物理，再选化学,西南民族大学,西南民族大学,562,98064,109,https://hf-mirror.com/datasets/choucsan/Gaokao-Compass-11M/resolve/main/data/2025/henan/school-admission.csv,2026-09-20T06:33:22+00:00
henan,2025,phy,本科批,首选物理，再选不限,中国劳动关系学院,中国劳动关系学院,525,162191,0,https://hf-mirror.com/datasets/choucsan/Gaokao-Compass-11M/resolve/main/data/2025/henan/school-admission.csv,2026-09-20T06:33:22+00:00
henan,2025,phy,本科批,首选物理，再选化学,中国劳动关系学院,中国劳动关系学院,550,117829,0,https://hf-mirror.com/datasets/choucsan/Gaokao-Compass-11M/resolve/main/data/2025/henan/school-admission.csv,2026-09-20T06:33:22+00:00
henan,2025,phy,本科批,（102）,中国民用航空飞行学院,中国民用航空飞行学院,568,88775,27,https://hf-mirror.com/datasets/choucsan/Gaokao-Compass-11M/resolve/main/data/2025/henan/school-admission.csv,2026-09-20T06:33:22+00:00
henan,2025,phy,本科批,首选物理，再选化学,中国民用航空飞行学院,中国民用航空飞行学院,587,61718,174,https://hf-mirror.com/datasets/choucsan/Gaokao-Compass-11M/resolve/main/data/2025/henan/school-admission.csv,2026-09-20T06:33:22+00:00
henan,2025,phy,本科批,（105）,中国民用航空飞行学院,中国民用航空飞行学院,579,72674.0,2,https://hf-mirror.com/datasets/choucsan/Gaokao-Compass-11M/resolve/main/data/2025/henan/school-admission.csv,2026-09-20T06:33:22+00:00
henan,2025,phy,本科批,（105）,中华女子学院,中华女子学院,546,124772,16,https://hf-mirror.com/datasets/choucsan/Gaokao-Compass-11M/resolve/main/data/2025/henan/school-admission.csv,2026-09-20T06:33:22+00:00
henan,2025,phy,本科批,（106）,中华女子学院,中华女子学院,555,107719.0,8,https://hf-mirror.com/datasets/choucsan/Gaokao-Compass-11M/resolve/main/data/2025/henan/school-admission.csv,2026-09-20T06:33:22+00:00
henan,2025,phy,本科批,（102）,北京服装学院,北京服装学院,543,129826.0,2,https://hf-mirror.com/datasets/choucsan/Gaokao-Compass-11M/resolve/main/data/2025/henan/school-admission.csv,2026-09-20T06:33:22+00:00
henan,2025,phy,本科批,（101）,北京服装学院,北京服装学院,540,135096,24,https://hf-mirror.com/datasets/choucsan/Gaokao-Compass-11M/resolve/main/data/2025/henan/school-admission.csv,2026-09-20T06:33:22+00:00
henan,2025,phy,本科批,（102）,北京石油化工学院,北京石油化工学院,563,96460,0,https://hf-mirror.com/datasets/choucsan/Gaokao-Compass-11M/resolve/main/data/2025/henan/school-admission.csv,2026-09-20T06:33:22+00:00
henan,2025,phy,本科批,首选物理，再选不限,天津农学院,天津农学院,501,207737,45,https://hf-mirror.com/datasets/choucsan/Gaokao-Compass-11M/resolve/main/data/2025/henan/school-admission.csv,2026-09-20T06:33:22+00:00
henan,2025,phy,本科批,首选物理，再选化学,天津农学院,天津农学院,514,182751,229,https://hf-mirror.com/datasets/choucsan/Gaokao-Compass-11M/resolve/main/data/2025/henan/school-admission.csv,2026-09-20T06:33:22+00:00
henan,2025,phy,本科批,（105）,天津农学院,天津农学院,508,194093.0,10,https://hf-mirror.com/datasets/choucsan/Gaokao-Compass-11M/resolve/main/data/2025/henan/school-admission.csv,2026-09-20T06:33:22+00:00
henan,2025,phy,本科批,（103）,天津职业技术师范大学,天津职业技术师范大学,537,140429,0,https://hf-mirror.com/datasets/choucsan/Gaokao-Compass-11M/resolve/main/data/2025/henan/school-admission.csv,2026-09-20T06:33:22+00:00
henan,2025,phy,本科批,（102）,天津职业技术师范大学,天津职业技术师范大学,546,124772,0,https://hf-mirror.com/datasets/choucsan/Gaokao-Compass-11M/resolve/main/data/2025/henan/school-admission.csv,2026-09-20T06:33:22+00:00
henan,2025,phy,本科批,（101）,河北中医药大学,河北中医药大学,573,81337,0,https://hf-mirror.com/datasets/choucsan/Gaokao-Compass-11M/resolve/main/data/2025/henan/school-admission.csv,2026-09-20T06:33:22+00:00
henan,2025,phy,本科批,首选物理，再选化学,河北中医药大学,河北中医药大学,564,94843,0,https://hf-mirror.com/datasets/choucsan/Gaokao-Compass-11M/resolve/main/data/2025/henan/school-admission.csv,2026-09-20T06:33:22+00:00
henan,2025,phy,本科批,（105）,河北中医药大学,河北中医药大学,556,107719.0,0,https://hf-mirror.com/datasets/choucsan/Gaokao-Compass-11M/resolve/main/data/2025/henan/school-admission.csv,2026-09-20T06:33:22+00:00
henan,2025,phy,本科批,（102）,河北医科大学,河北医科大学,564,94843,0,https://hf-mirror.com/datasets/choucsan/Gaokao-Compass-11M/resolve/main/data/2025/henan/school-admission.csv,2026-09-20T06:33:22+00:00
henan,2025,phy,本科批,（101）,河北医科大学,河北医科大学,567,90232,0,https://hf-mirror.com/datasets/choucsan/Gaokao-Compass-11M/resolve/main/data/2025/henan/school-admission.csv,2026-09-20T06:33:22+00:00
henan,2025,phy,本科批,首选物理，再选不限,河北师范大学,河北师范大学,457,,15,https://hf-mirror.com/datasets/choucsan/Gaokao-Compass-11M/resolve/main/data/2025/henan/school-admission.csv,2026-09-20T06:33:22+00:00
henan,2025,phy,本科批,首选物理，再选化学,河北师范大学,河北师范大学,574,79867,28,https://hf-mirror.com/datasets/choucsan/Gaokao-Compass-11M/resolve/main/data/2025/henan/school-admission.csv,2026-09-20T06:33:22+00:00
henan,2025,phy,本科批,（110）,河北师范大学,河北师范大学,564,94843.0,3,https://hf-mirror.com/datasets/choucsan/Gaokao-Compass-11M/resolve/main/data/2025/henan/school-admission.csv,2026-09-20T06:33:22+00:00
henan,2025,phy,本科批,首选物理，再选不限,河北建筑工程学院,河北建筑工程学院,492,225208,0,https://hf-mirror.com/datasets/choucsan/Gaokao-Compass-11M/resolve/main/data/2025/henan/school-admission.csv,2026-09-20T06:33:22+00:00
henan,2025,phy,本科批,（101）,河北建筑工程学院,河北建筑工程学院,520,171586,0,https://hf-mirror.com/datasets/choucsan/Gaokao-Compass-11M/resolve/main/data/2025/henan/school-admission.csv,2026-09-20T06:33:22+00:00
henan,2025,phy,本科批,首选物理，再选化学,北华航天工业学院,北华航天工业学院,541,133317,32,https://hf-mirror.com/datasets/choucsan/Gaokao-Compass-11M/resolve/main/data/2025/henan/school-admission.csv,2026-09-20T06:33:22+00:00
henan,2025,phy,本科批,首选物理，再选化学,河北北方学院,河北北方学院,555,109314,10,https://hf-mirror.com/datasets/choucsan/Gaokao-Compass-11M/resolve/main/data/2025/henan/school-admission.csv,2026-09-20T06:33:22+00:00
henan,2025,phy,本科批,（101）,承德医学院,承德医学院,591,56625.0,5,https://hf-mirror.com/datasets/choucsan/Gaokao-Compass-11M/resolve/main/data/2025/henan/school-admission.csv,2026-09-20T06:33:22+00:00
henan,2025,phy,本科批,（102）,承德医学院,承德医学院,538,138722.0,5,https://hf-mirror.com/datasets/choucsan/Gaokao-Compass-11M/resolve/main/data/2025/henan/school-admission.csv,2026-09-20T06:33:22+00:00
henan,2025,phy,本科批,（102）,廊坊师范学院,廊坊师范学院,492,225208,8,https://hf-mirror.com/datasets/choucsan/Gaokao-Compass-11M/resolve/main/data/2025/henan/school-admission.csv,2026-09-20T06:33:22+00:00
henan,2025,phy,本科批,（103）,廊坊师范学院,廊坊师范学院,516,178995.0,4,https://hf-mirror.com/datasets/choucsan/Gaokao-Compass-11M/resolve/main/data/2025/henan/school-admission.csv,2026-09-20T06:33:22+00:00
henan,2025,phy,本科批,（104）,山西农业大学,山西农业大学,514,182751,0,https://hf-mirror.com/datasets/choucsan/Gaokao-Compass-11M/resolve/main/data/2025/henan/school-admission.csv,2026-09-20T06:33:22+00:00
henan,2025,phy,本科批,（105）,山西农业大学,山西农业大学,536,142192,0,https://hf-mirror.com/datasets/choucsan/Gaokao-Compass-11M/resolve/main/data/2025/henan/school-admission.csv,2026-09-20T06:33:22+00:00
henan,2025,phy,本科批,首选物理，再选化学、生物(2科必选),山西农业大学,山西农业大学,524,164057,0,https://hf-mirror.com/datasets/choucsan/Gaokao-Compass-11M/resolve/main/data/2025/henan/school-admission.csv,2026-09-20T06:33:22+00:00
henan,2025,phy,本科批,（101）,山西师范大学,山西师范大学,532,149558,14,https://hf-mirror.com/datasets/choucsan/Gaokao-Compass-11M/resolve/main/data/2025/henan/school-admission.csv,2026-09-20T06:33:22+00:00
henan,2025,phy,本科批,（102）,山西师范大学,山西师范大学,545,126477,5,https://hf-mirror.com/datasets/choucsan/Gaokao-Compass-11M/resolve/main/data/2025/henan/school-admission.csv,2026-09-20T06:33:22+00:00
henan,2025,phy,本科批,（102）,运城学院,运城学院,501,207737,0,https://hf-mirror.com/datasets/choucsan/Gaokao-Compass-11M/resolve/main/data/2025/henan/school-admission.csv,2026-09-20T06:33:22+00:00
henan,2025,phy,本科批,首选物理，再选不限,长治医学院,长治医学院,548,121209,2,https://hf-mirror.com/datasets/choucsan/Gaokao-Compass-11M/resolve/main/data/2025/henan/school-admission.csv,2026-09-20T06:33:22+00:00
henan,2025,phy,本科批,首选物理，再选化学,长治医学院,长治医学院,529,154977,45,https://hf-mirror.com/datasets/choucsan/Gaokao-Compass-11M/resolve/main/data/2025/henan/school-admission.csv,2026-09-20T06:33:22+00:00
henan,2025,phy,本科批,（105）,长治医学院,长治医学院,497,215411,8,https://hf-mirror.com/datasets/choucsan/Gaokao-Compass-11M/resolve/main/data/2025/henan/school-admission.csv,2026-09-20T06:33:22+00:00
henan,2025,phy,本科批,首选物理，再选不限,忻州师范学院,忻州师范学院,498,213496,6,https://hf-mirror.com/datasets/choucsan/Gaokao-Compass-11M/resolve/main/data/2025/henan/school-admission.csv,2026-09-20T06:33:22+00:00
henan,2025,phy,本科批,（105）,忻州师范学院,忻州师范学院,504,201911,21,https://hf-mirror.com/datasets/choucsan/Gaokao-Compass-11M/resolve/main/data/2025/henan/school-admission.csv,2026-09-20T06:33:22+00:00
henan,2025,phy,本科批,（106）,忻州师范学院,忻州师范学院,497,213496.0,9,https://hf-mirror.com/datasets/choucsan/Gaokao-Compass-11M/resolve/main/data/2025/henan/school-admission.csv,2026-09-20T06:33:22+00:00
henan,2025,phy,本科批,（107）,忻州师范学院,忻州师范学院,495,219377.0,1,https://hf-mirror.com/datasets/choucsan/Gaokao-Compass-11M/resolve/main/data/2025/henan/school-admission.csv,2026-09-20T06:33:22+00:00
henan,2025,phy,本科批,首选物理，再选化学,太原师范学院,太原师范学院,518,175267,0,https://hf-mirror.com/datasets/choucsan/Gaokao-Compass-11M/resolve/main/data/2025/henan/school-admission.csv,2026-09-20T06:33:22+00:00
henan,2025,phy,本科批,（103）,太原师范学院,太原师范学院,525,162191.0,0,https://hf-mirror.com/datasets/choucsan/Gaokao-Compass-11M/resolve/main/data/2025/henan/school-admission.csv,2026-09-20T06:33:22+00:00
henan,2025,phy,本科批,（104）,太原工业学院,太原工业学院,527,153170.0,4,https://hf-mirror.com/datasets/choucsan/Gaokao-Compass-11M/resolve/main/data/2025/henan/school-admission.csv,2026-09-20T06:33:22+00:00
henan,2025,phy,本科批,首选物理，再选化学,太原工业学院,太原工业学院,530,153170,38,https://hf-mirror.com/datasets/choucsan/Gaokao-Compass-11M/resolve/main/data/2025/henan/school-admission.csv,2026-09-20T06:33:22+00:00
henan,2025,phy,本科批,（102）,长治学院,长治学院,497,215411,3,https://hf-mirror.com/datasets/choucsan/Gaokao-Compass-11M/resolve/main/data/2025/henan/school-admission.csv,2026-09-20T06:33:22+00:00
henan,2025,phy,本科批,（103）,长治学院,长治学院,507,196008,10,https://hf-mirror.com/datasets/choucsan/Gaokao-Compass-11M/resolve/main/data/2025/henan/school-admission.csv,2026-09-20T06:33:22+00:00
henan,2025,phy,本科批,首选物理，再选不限,内蒙古工业大学,内蒙古工业大学,444,,0,https://hf-mirror.com/datasets/choucsan/Gaokao-Compass-11M/resolve/main/data/2025/henan/school-admission.csv,2026-09-20T06:33:22+00:00
henan,2025,phy,本科批,首选物理，再选化学,内蒙古工业大学,内蒙古工业大学,489,231000,0,https://hf-mirror.com/datasets/choucsan/Gaokao-Compass-11M/resolve/main/data/2025/henan/school-admission.csv,2026-09-20T06:33:22+00:00
henan,2025,phy,本科批,首选物理，再选不限,内蒙古财经大学,内蒙古财经大学,494,221305,0,https://hf-mirror.com/datasets/choucsan/Gaokao-Compass-11M/resolve/main/data/2025/henan/school-admission.csv,2026-09-20T06:33:22+00:00
henan,2025,phy,本科批,首选物理，再选化学,内蒙古财经大学,内蒙古财经大学,525,162191,0,https://hf-mirror.com/datasets/choucsan/Gaokao-Compass-11M/resolve/main/data/2025/henan/school-admission.csv,2026-09-20T06:33:22+00:00
henan,2025,phy,本科批,首选物理，再选不限,沈阳大学,沈阳大学,515,180864,28,https://hf-mirror.com/datasets/choucsan/Gaokao-Compass-11M/resolve/main/data/2025/henan/school-admission.csv,2026-09-20T06:33:22+00:00
henan,2025,phy,本科批,首选物理，再选化学,沈阳大学,沈阳大学,515,180864,78,https://hf-mirror.com/datasets/choucsan/Gaokao-Compass-11M/resolve/main/data/2025/henan/school-admission.csv,2026-09-20T06:33:22+00:00
henan,2025,phy,本科批,（102）,辽宁科技学院,辽宁科技学院,502,201911.0,5,https://hf-mirror.com/datasets/choucsan/Gaokao-Compass-11M/resolve/main/data/2025/henan/school-admission.csv,2026-09-20T06:33:22+00:00
henan,2025,phy,本科批,（101）,辽宁科技学院,辽宁科技学院,514,182751,137,https://hf-mirror.com/datasets/choucsan/Gaokao-Compass-11M/resolve/main/data/2025/henan/school-admission.csv,2026-09-20T06:33:22+00:00
henan,2025,phy,本科批,首选物理，再选不限,辽宁师范大学,辽宁师范大学,451,,55,https://hf-mirror.com/datasets/choucsan/Gaokao-Compass-11M/resolve/main/data/2025/henan/school-admission.csv,2026-09-20T06:33:22+00:00
henan,2025,phy,本科批,（115）,辽宁师范大学,辽宁师范大学,545,126477,49,https://hf-mirror.com/datasets/choucsan/Gaokao-Compass-11M/resolve/main/data/2025/henan/school-admission.csv,2026-09-20T06:33:22+00:00
henan,2025,phy,本科批,（128）,辽宁师范大学,辽宁师范大学,539,136912,4,https://hf-mirror.com/datasets/choucsan/Gaokao-Compass-11M/resolve/main/data/2025/henan/school-admission.csv,2026-09-20T06:33:22+00:00
henan,2025,phy,本科批,（105）,沈阳师范大学,沈阳师范大学,506,197957.0,4,https://hf-mirror.com/datasets/choucsan/Gaokao-Compass-11M/resolve/main/data/2025/henan/school-admission.csv,2026-09-20T06:33:22+00:00
henan,2025,phy,本科批,首选物理，再选化学,沈阳师范大学,沈阳师范大学,519,173388,57,https://hf-mirror.com/datasets/choucsan/Gaokao-Compass-11M/resolve/main/data/2025/henan/school-admission.csv,2026-09-20T06:33:22+00:00
henan,2025,phy,本科批,首选物理，再选不限,大连工业大学,大连工业大学,530,153170,8,https://hf-mirror.com/datasets/choucsan/Gaokao-Compass-11M/resolve/main/data/2025/henan/school-admission.csv,2026-09-20T06:33:22+00:00
henan,2025,phy,本科批,首选物理，再选化学,大连工业大学,大连工业大学,563,96460,105,https://hf-mirror.com/datasets/choucsan/Gaokao-Compass-11M/resolve/main/data/2025/henan/school-admission.csv,2026-09-20T06:33:22+00:00
henan,2025,phy,本科批,（102）,辽宁工业大学,辽宁工业大学,524,164057,0,https://hf-mirror.com/datasets/choucsan/Gaokao-Compass-11M/resolve/main/data/2025/henan/school-admission.csv,2026-09-20T06:33:22+00:00
henan,2025,phy,本科批,首选物理，再选化学,辽宁工业大学,辽宁工业大学,481,,0,https://hf-mirror.com/datasets/choucsan/Gaokao-Compass-11M/resolve/main/data/2025/henan/school-admission.csv,2026-09-20T06:33:22+00:00
henan,2025,phy,本科批,（103）,沈阳理工大学,沈阳理工大学,553,112668,10,https://hf-mirror.com/datasets/choucsan/Gaokao-Compass-11M/resolve/main/data/2025/henan/school-admission.csv,2026-09-20T06:33:22+00:00
henan,2025,phy,本科批,首选物理，再选化学,沈阳理工大学,沈阳理工大学,501,207737,143,https://hf-mirror.com/datasets/choucsan/Gaokao-Compass-11M/resolve/main/data/2025/henan/school-admission.csv,2026-09-20T06:33:22+00:00
henan,2025,phy,本科批,（102）,沈阳航空航天大学,沈阳航空航天大学,542,131568,0,https://hf-mirror.com/datasets/choucsan/Gaokao-Compass-11M/resolve/main/data/2025/henan/school-admission.csv,2026-09-20T06:33:22+00:00
henan,2025,phy,本科批,首选物理，再选化学,沈阳航空航天大学,沈阳航空航天大学,573,81337,0,https://hf-mirror.com/datasets/choucsan/Gaokao-Compass-11M/resolve/main/data/2025/henan/school-admission.csv,2026-09-20T06:33:22+00:00
henan,2025,phy,本科批,（102）,沈阳化工大学,沈阳化工大学,525,162191,0,https://hf-mirror.com/datasets/choucsan/Gaokao-Compass-11M/resolve/main/data/2025/henan/school-admission.csv,2026-09-20T06:33:22+00:00
henan,2025,phy,本科批,首选物理，再选化学,沈阳化工大学,沈阳化工大学,516,178995,0,https://hf-mirror.com/datasets/choucsan/Gaokao-Compass-11M/resolve/main/data/2025/henan/school-admission.csv,2026-09-20T06:33:22+00:00
henan,2025,phy,本科批,首选物理，再选不限,辽宁中医药大学,辽宁中医药大学,508,194093,0,https://hf-mirror.com/datasets/choucsan/Gaokao-Compass-11M/resolve/main/data/2025/henan/school-admission.csv,2026-09-20T06:33:22+00:00
henan,2025,phy,本科批,首选物理，再选化学,辽宁中医药大学,辽宁中医药大学,476,,0,https://hf-mirror.com/datasets/choucsan/Gaokao-Compass-11M/resolve/main/data/2025/henan/school-admission.csv,2026-09-20T06:33:22+00:00
henan,2025,phy,本科批,首选物理，再选不限,鞍山师范学院,鞍山师范学院,489,231000,0,https://hf-mirror.com/datasets/choucsan/Gaokao-Compass-11M/resolve/main/data/2025/henan/school-admission.csv,2026-09-20T06:33:22+00:00
henan,2025,phy,本科批,首选物理，再选化学,鞍山师范学院,鞍山师范学院,497,215411,0,https://hf-mirror.com/datasets/choucsan/Gaokao-Compass-11M/resolve/main/data/2025/henan/school-admission.csv,2026-09-20T06:33:22+00:00
henan,2025,phy,本科批,（104）,鞍山师范学院,鞍山师范学院,495,219377.0,0,https://hf-mirror.com/datasets/choucsan/Gaokao-Compass-11M/resolve/main/data/2025/henan/school-admission.csv,2026-09-20T06:33:22+00:00
henan,2025,phy,本科批,（102）,鞍山师范学院,鞍山师范学院,516,178995.0,0,https://hf-mirror.com/datasets/choucsan/Gaokao-Compass-11M/resolve/main/data/2025/henan/school-admission.csv,2026-09-20T06:33:22+00:00
henan,2025,phy,本科批,首选物理，再选不限,大连外国语大学,大连外国语大学,554,110951,37,https://hf-mirror.com/datasets/choucsan/Gaokao-Compass-11M/resolve/main/data/2025/henan/school-admission.csv,2026-09-20T06:33:22+00:00
henan,2025,phy,本科批,（107）,大连外国语大学,大连外国语大学,563,96460.0,1,https://hf-mirror.com/datasets/choucsan/Gaokao-Compass-11M/resolve/main/data/2025/henan/school-admission.csv,2026-09-20T06:33:22+00:00
henan,2025,phy,本科批,首选物理，再选不限,辽东学院,辽东学院,488,232985,0,https://hf-mirror.com/datasets/choucsan/Gaokao-Compass-11M/resolve/main/data/2025/henan/school-admission.csv,2026-09-20T06:33:22+00:00
henan,2025,phy,本科批,（103）,辽东学院,辽东学院,499,211621,0,https://hf-mirror.com/datasets/choucsan/Gaokao-Compass-11M/resolve/main/data/2025/henan/school-admission.csv,2026-09-20T06:33:22+00:00
henan,2025,phy,本科批,（104）,辽东学院,辽东学院,498,213496.0,0,https://hf-mirror.com/datasets/choucsan/Gaokao-Compass-11M/resolve/main/data/2025/henan/school-admission.csv,2026-09-20T06:33:22+00:00
henan,2025,phy,本科批,首选物理，再选不限,北华大学,北华大学,508,194093,45,https://hf-mirror.com/datasets/choucsan/Gaokao-Compass-11M/resolve/main/data/2025/henan/school-admission.csv,2026-09-20T06:33:22+00:00
henan,2025,phy,本科批,首选物理，再选化学,北华大学,北华大学,430,,174,https://hf-mirror.com/datasets/choucsan/Gaokao-Compass-11M/resolve/main/data/2025/henan/school-admission.csv,2026-09-20T06:33:22+00:00
henan,2025,phy,本科批,（106）,北华大学,北华大学,567,87297.0,14,https://hf-mirror.com/datasets/choucsan/Gaokao-Compass-11M/resolve/main/data/2025/henan/school-admission.csv,2026-09-20T06:33:22+00:00
henan,2025,phy,本科批,（105）,北华大学,北华大学,523,165927.0,2,https://hf-mirror.com/datasets/choucsan/Gaokao-Compass-11M/resolve/main/data/2025/henan/school-admission.csv,2026-09-20T06:33:22+00:00
henan,2025,phy,本科批,首选物理，再选不限,长春大学,长春大学,464,,32,https://hf-mirror.com/datasets/choucsan/Gaokao-Compass-11M/resolve/main/data/2025/henan/school-admission.csv,2026-09-20T06:33:22+00:00
henan,2025,phy,本科批,首选物理，再选化学,长春大学,长春大学,482,,131,https://hf-mirror.com/datasets/choucsan/Gaokao-Compass-11M/resolve/main/data/2025/henan/school-admission.csv,2026-09-20T06:33:22+00:00
henan,2025,phy,本科批,（105）,长春大学,长春大学,506,197957.0,4,https://hf-mirror.com/datasets/choucsan/Gaokao-Compass-11M/resolve/main/data/2025/henan/school-admission.csv,2026-09-20T06:33:22+00:00
henan,2025,phy,本科批,首选物理，再选不限,长春工业大学,长春工业大学,504,201911,30,https://hf-mirror.com/datasets/choucsan/Gaokao-Compass-11M/resolve/main/data/2025/henan/school-admission.csv,2026-09-20T06:33:22+00:00
henan,2025,phy,本科批,首选物理，再选化学,长春工业大学,长春工业大学,549,119532,147,https://hf-mirror.com/datasets/choucsan/Gaokao-Compass-11M/resolve/main/data/2025/henan/school-admission.csv,2026-09-20T06:33:22+00:00
henan,2025,phy,本科批,（103）,吉林农业大学,吉林农业大学,512,186510,0,https://hf-mirror.com/datasets/choucsan/Gaokao-Compass-11M/resolve/main/data/2025/henan/school-admission.csv,2026-09-20T06:33:22+00:00
henan,2025,phy,本科批,首选物理，再选化学,吉林农业大学,吉林农业大学,530,153170,0,https://hf-mirror.com/datasets/choucsan/Gaokao-Compass-11M/resolve/main/data/2025/henan/school-admission.csv,2026-09-20T06:33:22+00:00
henan,2025,phy,本科批,首选物理，再选化学、生物(2科必选),吉林农业大学,吉林农业大学,429,,0,https://hf-mirror.com/datasets/choucsan/Gaokao-Compass-11M/resolve/main/data/2025/henan/school-admission.csv,2026-09-20T06:33:22+00:00
henan,2025,phy,本科批,（108）,吉林农业大学,吉林农业大学,512,186510.0,0,https://hf-mirror.com/datasets/choucsan/Gaokao-Compass-11M/resolve/main/data/2025/henan/school-admission.csv,2026-09-20T06:33:22+00:00
henan,2025,phy,本科批,首选物理，再选不限,长春工程学院,长春工程学院,502,205818,0,https://hf-mirror.com/datasets/choucsan/Gaokao-Compass-11M/resolve/main/data/2025/henan/school-admission.csv,2026-09-20T06:33:22+00:00
henan,2025,phy,本科批,首选物理，再选化学,长春工程学院,长春工程学院,463,,0,https://hf-mirror.com/datasets/choucsan/Gaokao-Compass-11M/resolve/main/data/2025/henan/school-admission.csv,2026-09-20T06:33:22+00:00
henan,2025,phy,本科批,（102）,吉林化工大学,吉林化工大学,497,215411,0,https://hf-mirror.com/datasets/choucsan/Gaokao-Compass-11M/resolve/main/data/2025/henan/school-admission.csv,2026-09-20T06:33:22+00:00
henan,2025,phy,本科批,首选物理，再选化学,吉林化工大学,吉林化工大学,488,232985,0,https://hf-mirror.com/datasets/choucsan/Gaokao-Compass-11M/resolve/main/data/2025/henan/school-admission.csv,2026-09-20T06:33:22+00:00
henan,2025,phy,本科批,首选物理，再选不限,吉林建筑大学,吉林建筑大学,468,,0,https://hf-mirror.com/datasets/choucsan/Gaokao-Compass-11M/resolve/main/data/2025/henan/school-admission.csv,2026-09-20T06:33:22+00:00
henan,2025,phy,本科批,首选物理，再选化学,吉林建筑大学,吉林建筑大学,489,231000,0,https://hf-mirror.com/datasets/choucsan/Gaokao-Compass-11M/resolve/main/data/2025/henan/school-admission.csv,2026-09-20T06:33:22+00:00
henan,2025,phy,本科批,首选物理，再选不限,长春中医药大学,长春中医药大学,510,190228,64,https://hf-mirror.com/datasets/choucsan/Gaokao-Compass-11M/resolve/main/data/2025/henan/school-admission.csv,2026-09-20T06:33:22+00:00
henan,2025,phy,本科批,首选物理，再选化学,长春中医药大学,长春中医药大学,509,192194,86,https://hf-mirror.com/datasets/choucsan/Gaokao-Compass-11M/resolve/main/data/2025/henan/school-admission.csv,2026-09-20T06:33:22+00:00
henan,2025,phy,本科批,（104）,长春师范大学,长春师范大学,505,190228.0,4,https://hf-mirror.com/datasets/choucsan/Gaokao-Compass-11M/resolve/main/data/2025/henan/school-admission.csv,2026-09-20T06:33:22+00:00
henan,2025,phy,本科批,首选物理，再选化学,长春师范大学,长春师范大学,516,178995,28,https://hf-mirror.com/datasets/choucsan/Gaokao-Compass-11M/resolve/main/data/2025/henan/school-admission.csv,2026-09-20T06:33:22+00:00
henan,2025,phy,本科批,（101）,长春师范大学,长春师范大学,532,149558.0,3,https://hf-mirror.com/datasets/choucsan/Gaokao-Compass-11M/resolve/main/data/2025/henan/school-admission.csv,2026-09-20T06:33:22+00:00
henan,2025,phy,本科批,首选物理，再选化学,吉林工程技术师范学院,吉林工程技术师范学院,483,,0,https://hf-mirror.com/datasets/choucsan/Gaokao-Compass-11M/resolve/main/data/2025/henan/school-admission.csv,2026-09-20T06:33:22+00:00
henan,2025,phy,本科批,首选物理，再选不限,黑龙江大学,黑龙江大学,492,225208,0,https://hf-mirror.com/datasets/choucsan/Gaokao-Compass-11M/resolve/main/data/2025/henan/school-admission.csv,2026-09-20T06:33:22+00:00
henan,2025,phy,本科批,首选物理，再选化学,黑龙江大学,黑龙江大学,564,94843,0,https://hf-mirror.com/datasets/choucsan/Gaokao-Compass-11M/resolve/main/data/2025/henan/school-admission.csv,2026-09-20T06:33:22+00:00
henan,2025,phy,本科批,（105）,佳木斯大学,佳木斯大学,499,211621.0,0,https://hf-mirror.com/datasets/choucsan/Gaokao-Compass-11M/resolve/main/data/2025/henan/school-admission.csv,2026-09-20T06:33:22+00:00
henan,2025,phy,本科批,首选物理，再选化学,佳木斯大学,佳木斯大学,508,194093,0,https://hf-mirror.com/datasets/choucsan/Gaokao-Compass-11M/resolve/main/data/2025/henan/school-admission.csv,2026-09-20T06:33:22+00:00
henan,2025,phy,本科批,（102）,佳木斯大学,佳木斯大学,516,178995.0,0,https://hf-mirror.com/datasets/choucsan/Gaokao-Compass-11M/resolve/main/data/2025/henan/school-admission.csv,2026-09-20T06:33:22+00:00
henan,2025,phy,本科批,首选物理，再选不限,哈尔滨理工大学,哈尔滨理工大学,526,160378,0,https://hf-mirror.com/datasets/choucsan/Gaokao-Compass-11M/resolve/main/data/2025/henan/school-admission.csv,2026-09-20T06:33:22+00:00
henan,2025,phy,本科批,首选物理，再选化学,哈尔滨理工大学,哈尔滨理工大学,586,63025,0,https://hf-mirror.com/datasets/choucsan/Gaokao-Compass-11M/resolve/main/data/2025/henan/school-admission.csv,2026-09-20T06:33:22+00:00
henan,2025,phy,本科批,（105）,齐齐哈尔大学,齐齐哈尔大学,518,175267,0,https://hf-mirror.com/datasets/choucsan/Gaokao-Compass-11M/resolve/main/data/2025/henan/school-admission.csv,2026-09-20T06:33:22+00:00
henan,2025,phy,本科批,（102）,齐齐哈尔大学,齐齐哈尔大学,518,175267.0,0,https://hf-mirror.com/datasets/choucsan/Gaokao-Compass-11M/resolve/main/data/2025/henan/school-admission.csv,2026-09-20T06:33:22+00:00
henan,2025,phy,本科批,（106）,齐齐哈尔大学,齐齐哈尔大学,489,231000.0,0,https://hf-mirror.com/datasets/choucsan/Gaokao-Compass-11M/resolve/main/data/2025/henan/school-admission.csv,2026-09-20T06:33:22+00:00
henan,2025,phy,本科批,首选物理，再选不限,哈尔滨师范大学,哈尔滨师范大学,507,196008,0,https://hf-mirror.com/datasets/choucsan/Gaokao-Compass-11M/resolve/main/data/2025/henan/school-admission.csv,2026-09-20T06:33:22+00:00
henan,2025,phy,本科批,首选物理，再选化学,哈尔滨师范大学,哈尔滨师范大学,530,153170,0,https://hf-mirror.com/datasets/choucsan/Gaokao-Compass-11M/resolve/main/data/2025/henan/school-admission.csv,2026-09-20T06:33:22+00:00
henan,2025,phy,本科批,（102）,哈尔滨师范大学,哈尔滨师范大学,538,136912.0,0,https://hf-mirror.com/datasets/choucsan/Gaokao-Compass-11M/resolve/main/data/2025/henan/school-admission.csv,2026-09-20T06:33:22+00:00
henan,2025,phy,本科批,首选物理，再选不限,哈尔滨商业大学,哈尔滨商业大学,433,,0,https://hf-mirror.com/datasets/choucsan/Gaokao-Compass-11M/resolve/main/data/2025/henan/school-admission.csv,2026-09-20T06:33:22+00:00
henan,2025,phy,本科批,首选物理，再选化学,哈尔滨商业大学,哈尔滨商业大学,473,,0,https://hf-mirror.com/datasets/choucsan/Gaokao-Compass-11M/resolve/main/data/2025/henan/school-admission.csv,2026-09-20T06:33:22+00:00
henan,2025,phy,本科批,（101）,哈尔滨学院,哈尔滨学院,493,223265,0,https://hf-mirror.com/datasets/choucsan/Gaokao-Compass-11M/resolve/main/data/2025/henan/school-admission.csv,2026-09-20T06:33:22+00:00
henan,2025,phy,本科批,（102）,哈尔滨学院,哈尔滨学院,507,196008,0,https://hf-mirror.com/datasets/choucsan/Gaokao-Compass-11M/resolve/main/data/2025/henan/school-admission.csv,2026-09-20T06:33:22+00:00
henan,2025,phy,本科批,（107）,哈尔滨学院,哈尔滨学院,517,177095.0,0,https://hf-mirror.com/datasets/choucsan/Gaokao-Compass-11M/resolve/main/data/2025/henan/school-admission.csv,2026-09-20T06:33:22+00:00
henan,2025,phy,本科批,首选物理，再选不限,黑河学院,黑河学院,482,,0,https://hf-mirror.com/datasets/choucsan/Gaokao-Compass-11M/resolve/main/data/2025/henan/school-admission.csv,2026-09-20T06:33:22+00:00
henan,2025,phy,本科批,（105）,黑河学院,黑河学院,501,207737,0,https://hf-mirror.com/datasets/choucsan/Gaokao-Compass-11M/resolve/main/data/2025/henan/school-admission.csv,2026-09-20T06:33:22+00:00
henan,2025,phy,本科批,首选物理，再选不限,黑龙江科技大学,黑龙江科技大学,512,186510,0,https://hf-mirror.com/datasets/choucsan/Gaokao-Compass-11M/resolve/main/data/2025/henan/school-admission.csv,2026-09-20T06:33:22+00:00
henan,2025,phy,本科批,（104）,黑龙江科技大学,黑龙江科技大学,543,129826,0,https://hf-mirror.com/datasets/choucsan/Gaokao-Compass-11M/resolve/main/data/2025/henan/school-admission.csv,2026-09-20T06:33:22+00:00
henan,2025,phy,本科批,（106）,牡丹江医科大学,牡丹江医科大学,501,205818.0,0,https://hf-mirror.com/datasets/choucsan/Gaokao-Compass-11M/resolve/main/data/2025/henan/school-admission.csv,2026-09-20T06:33:22+00:00
henan,2025,phy,本科批,首选物理，再选化学,牡丹江医科大学,牡丹江医科大学,508,194093,0,https://hf-mirror.com/datasets/choucsan/Gaokao-Compass-11M/resolve/main/data/2025/henan/school-admission.csv,2026-09-20T06:33:22+00:00
henan,2025,phy,本科批,首选物理，再选化学、生物(2科必选),牡丹江医科大学,牡丹江医科大学,508,194093,0,https://hf-mirror.com/datasets/choucsan/Gaokao-Compass-11M/resolve/main/data/2025/henan/school-admission.csv,2026-09-20T06:33:22+00:00
henan,2025,phy,本科批,（104）,牡丹江师范学院,牡丹江师范学院,485,,24,https://hf-mirror.com/datasets/choucsan/Gaokao-Compass-11M/resolve/main/data/2025/henan/school-admission.csv,2026-09-20T06:33:22+00:00
henan,2025,phy,本科批,（103）,牡丹江师范学院,牡丹江师范学院,495,219377,48,https://hf-mirror.com/datasets/choucsan/Gaokao-Compass-11M/resolve/main/data/2025/henan/school-admission.csv,2026-09-20T06:33:22+00:00
henan,2025,phy,本科批,首选物理，再选不限,绥化学院,绥化学院,489,231000,16,https://hf-mirror.com/datasets/choucsan/Gaokao-Compass-11M/resolve/main/data/2025/henan/school-admission.csv,2026-09-20T06:33:22+00:00
henan,2025,phy,本科批,首选物理，再选化学,绥化学院,绥化学院,496,217439,60,https://hf-mirror.com/datasets/choucsan/Gaokao-Compass-11M/resolve/main/data/2025/henan/school-admission.csv,2026-09-20T06:33:22+00:00
henan,2025,phy,本科批,（101）,常州工学院,常州工学院,567,90232,16,https://hf-mirror.com/datasets/choucsan/Gaokao-Compass-11M/resolve/main/data/2025/henan/school-admission.csv,2026-09-20T06:33:22+00:00
henan,2025,phy,本科批,（104）,江苏第二师范学院,江苏第二师范学院,529,154977,16,https://hf-mirror.com/datasets/choucsan/Gaokao-Compass-11M/resolve/main/data/2025/henan/school-admission.csv,2026-09-20T06:33:22+00:00
henan,2025,phy,本科批,（103）,江苏第二师范学院,江苏第二师范学院,540,131568.0,16,https://hf-mirror.com/datasets/choucsan/Gaokao-Compass-11M/resolve/main/data/2025/henan/school-admission.csv,2026-09-20T06:33:22+00:00
henan,2025,phy,本科批,（105）,江苏第二师范学院,江苏第二师范学院,536,135096.0,12,https://hf-mirror.com/datasets/choucsan/Gaokao-Compass-11M/resolve/main/data/2025/henan/school-admission.csv,2026-09-20T06:33:22+00:00
henan,2025,phy,本科批,（103）,南京工程学院,南京工程学院,583,67120,0,https://hf-mirror.com/datasets/choucsan/Gaokao-Compass-11M/resolve/main/data/2025/henan/school-admission.csv,2026-09-20T06:33:22+00:00
henan,2025,phy,本科批,首选物理，再选化学,南京工程学院,南京工程学院,576,76951,0,https://hf-mirror.com/datasets/choucsan/Gaokao-Compass-11M/resolve/main/data/2025/henan/school-admission.csv,2026-09-20T06:33:22+00:00
henan,2025,phy,本科批,首选物理，再选不限,苏州科技大学,苏州科技大学,536,142192,0,https://hf-mirror.com/datasets/choucsan/Gaokao-Compass-11M/resolve/main/data/2025/henan/school-admission.csv,2026-09-20T06:33:22+00:00
henan,2025,phy,本科批,首选物理，再选化学,苏州科技大学,苏州科技大学,566,91732,0,https://hf-mirror.com/datasets/choucsan/Gaokao-Compass-11M/resolve/main/data/2025/henan/school-admission.csv,2026-09-20T06:33:22+00:00
henan,2025,phy,本科批,（105）,苏州科技大学,苏州科技大学,590,57947,0,https://hf-mirror.com/datasets/choucsan/Gaokao-Compass-11M/resolve/main/data/2025/henan/school-admission.csv,2026-09-20T06:33:22+00:00
henan,2025,phy,本科批,（103）,淮阴师范学院,淮阴师范学院,520,171586.0,0,https://hf-mirror.com/datasets/choucsan/Gaokao-Compass-11M/resolve/main/data/2025/henan/school-admission.csv,2026-09-20T06:33:22+00:00
henan,2025,phy,本科批,（102）,淮阴师范学院,淮阴师范学院,527,158564,0,https://hf-mirror.com/datasets/choucsan/Gaokao-Compass-11M/resolve/main/data/2025/henan/school-admission.csv,2026-09-20T06:33:22+00:00
henan,2025,phy,本科批,（101）,江苏师范大学,江苏师范大学,556,107719,0,https://hf-mirror.com/datasets/choucsan/Gaokao-Compass-11M/resolve/main/data/2025/henan/school-admission.csv,2026-09-20T06:33:22+00:00
henan,2025,phy,本科批,（102）,江苏师范大学,江苏师范大学,576,76951,0,https://hf-mirror.com/datasets/choucsan/Gaokao-Compass-11M/resolve/main/data/2025/henan/school-admission.csv,2026-09-20T06:33:22+00:00
henan,2025,phy,本科批,（103）,江苏师范大学,江苏师范大学,564,91732.0,0,https://hf-mirror.com/datasets/choucsan/Gaokao-Compass-11M/resolve/main/data/2025/henan/school-admission.csv,2026-09-20T06:33:22+00:00
henan,2025,phy,本科批,首选物理，再选化学,苏州工学院,苏州工学院,546,124772,111,https://hf-mirror.com/datasets/choucsan/Gaokao-Compass-11M/resolve/main/data/2025/henan/school-admission.csv,2026-09-20T06:33:22+00:00
henan,2025,phy,本科批,首选物理，再选不限,浙江传媒学院,浙江传媒学院,549,119532,0,https://hf-mirror.com/datasets/choucsan/Gaokao-Compass-11M/resolve/main/data/2025/henan/school-admission.csv,2026-09-20T06:33:22+00:00
henan,2025,phy,本科批,首选物理，再选化学,浙江传媒学院,浙江传媒学院,498,213496,0,https://hf-mirror.com/datasets/choucsan/Gaokao-Compass-11M/resolve/main/data/2025/henan/school-admission.csv,2026-09-20T06:33:22+00:00
henan,2025,phy,本科批,首选物理，再选不限,宁波工程学院,宁波工程学院,521,169654,21,https://hf-mirror.com/datasets/choucsan/Gaokao-Compass-11M/resolve/main/data/2025/henan/school-admission.csv,2026-09-20T06:33:22+00:00
henan,2025,phy,本科批,首选物理，再选化学,宁波工程学院,宁波工程学院,523,165927,181,https://hf-mirror.com/datasets/choucsan/Gaokao-Compass-11M/resolve/main/data/2025/henan/school-admission.csv,2026-09-20T06:33:22+00:00
henan,2025,phy,本科批,首选物理，再选化学,绍兴文理学院,绍兴文理学院,540,135096,101,https://hf-mirror.com/datasets/choucsan/Gaokao-Compass-11M/resolve/main/data/2025/henan/school-admission.csv,2026-09-20T06:33:22+00:00
henan,2025,phy,本科批,（103）,台州学院,台州学院,544,128153,154,https://hf-mirror.com/datasets/choucsan/Gaokao-Compass-11M/resolve/main/data/2025/henan/school-admission.csv,2026-09-20T06:33:22+00:00
henan,2025,phy,本科批,（102）,嘉兴大学,嘉兴大学,552,114348,0,https://hf-mirror.com/datasets/choucsan/Gaokao-Compass-11M/resolve/main/data/2025/henan/school-admission.csv,2026-09-20T06:33:22+00:00
henan,2025,phy,本科批,首选物理，再选化学,嘉兴大学,嘉兴大学,555,109314,0,https://hf-mirror.com/datasets/choucsan/Gaokao-Compass-11M/resolve/main/data/2025/henan/school-admission.csv,2026-09-20T06:33:22+00:00
henan,2025,phy,本科批,（104）,嘉兴大学,嘉兴大学,543,129826.0,0,https://hf-mirror.com/datasets/choucsan/Gaokao-Compass-11M/resolve/main/data/2025/henan/school-admission.csv,2026-09-20T06:33:22+00:00
henan,2025,phy,本科批,（103）,浙江科技大学,浙江科技大学,580,71205,15,https://hf-mirror.com/datasets/choucsan/Gaokao-Compass-11M/resolve/main/data/2025/henan/school-admission.csv,2026-09-20T06:33:22+00:00
henan,2025,phy,本科批,首选物理，再选化学,浙江科技大学,浙江科技大学,443,,161,https://hf-mirror.com/datasets/choucsan/Gaokao-Compass-11M/resolve/main/data/2025/henan/school-admission.csv,2026-09-20T06:33:22+00:00
henan,2025,phy,本科批,（102）,浙江海洋大学,浙江海洋大学,550,117829.0,7,https://hf-mirror.com/datasets/choucsan/Gaokao-Compass-11M/resolve/main/data/2025/henan/school-admission.csv,2026-09-20T06:33:22+00:00
henan,2025,phy,本科批,首选物理，再选化学,浙江海洋大学,浙江海洋大学,546,124772,197,https://hf-mirror.com/datasets/choucsan/Gaokao-Compass-11M/resolve/main/data/2025/henan/school-admission.csv,2026-09-20T06:33:22+00:00
henan,2025,phy,本科批,（104）,浙江海洋大学,浙江海洋大学,536,142192.0,6,https://hf-mirror.com/datasets/choucsan/Gaokao-Compass-11M/resolve/main/data/2025/henan/school-admission.csv,2026-09-20T06:33:22+00:00
henan,2025,phy,本科批,首选物理，再选不限,浙江农林大学,浙江农林大学,560,101279,18,https://hf-mirror.com/datasets/choucsan/Gaokao-Compass-11M/resolve/main/data/2025/henan/school-admission.csv,2026-09-20T06:33:22+00:00
henan,2025,phy,本科批,首选物理，再选化学,浙江农林大学,浙江农林大学,552,114348,147,https://hf-mirror.com/datasets/choucsan/Gaokao-Compass-11M/resolve/main/data/2025/henan/school-admission.csv,2026-09-20T06:33:22+00:00
henan,2025,phy,本科批,（105）,浙江农林大学,浙江农林大学,588,60488.0,2,https://hf-mirror.com/datasets/choucsan/Gaokao-Compass-11M/resolve/main/data/2025/henan/school-admission.csv,2026-09-20T06:33:22+00:00
henan,2025,phy,本科批,（106）,浙江农林大学,浙江农林大学,563,96460.0,5,https://hf-mirror.com/datasets/choucsan/Gaokao-Compass-11M/resolve/main/data/2025/henan/school-admission.csv,2026-09-20T06:33:22+00:00
henan,2025,phy,本科批,首选物理，再选化学,浙江中医药大学,浙江中医药大学,564,94843,158,https://hf-mirror.com/datasets/choucsan/Gaokao-Compass-11M/resolve/main/data/2025/henan/school-admission.csv,2026-09-20T06:33:22+00:00
henan,2025,phy,本科批,（102）,衢州学院,衢州学院,500,203899.0,9,https://hf-mirror.com/datasets/choucsan/Gaokao-Compass-11M/resolve/main/data/2025/henan/school-admission.csv,2026-09-20T06:33:22+00:00
henan,2025,phy,本科批,（101）,衢州学院,衢州学院,541,133317,75,https://hf-mirror.com/datasets/choucsan/Gaokao-Compass-11M/resolve/main/data/2025/henan/school-admission.csv,2026-09-20T06:33:22+00:00
henan,2025,phy,本科批,（103）,湖州师范学院,湖州师范学院,520,165927.0,9,https://hf-mirror.com/datasets/choucsan/Gaokao-Compass-11M/resolve/main/data/2025/henan/school-admission.csv,2026-09-20T06:33:22+00:00
henan,2025,phy,本科批,（102）,湖州师范学院,湖州师范学院,542,131568,60,https://hf-mirror.com/datasets/choucsan/Gaokao-Compass-11M/resolve/main/data/2025/henan/school-admission.csv,2026-09-20T06:33:22+00:00
henan,2025,phy,本科批,（102）,温州大学,温州大学,573,81337,0,https://hf-mirror.com/datasets/choucsan/Gaokao-Compass-11M/resolve/main/data/2025/henan/school-admission.csv,2026-09-20T06:33:22+00:00
henan,2025,phy,本科批,首选物理，再选化学,温州大学,温州大学,580,71205,0,https://hf-mirror.com/datasets/choucsan/Gaokao-Compass-11M/resolve/main/data/2025/henan/school-admission.csv,2026-09-20T06:33:22+00:00
henan,2025,phy,本科批,（103）,杭州师范大学,杭州师范大学,570,85847,58,https://hf-mirror.com/datasets/choucsan/Gaokao-Compass-11M/resolve/main/data/2025/henan/school-admission.csv,2026-09-20T06:33:22+00:00
henan,2025,phy,本科批,首选物理，再选化学,杭州师范大学,杭州师范大学,577,75584,89,https://hf-mirror.com/datasets/choucsan/Gaokao-Compass-11M/resolve/main/data/2025/henan/school-admission.csv,2026-09-20T06:33:22+00:00
henan,2025,phy,本科批,首选物理，再选不限,浙江工商大学,浙江工商大学,554,110951,59,https://hf-mirror.com/datasets/choucsan/Gaokao-Compass-11M/resolve/main/data/2025/henan/school-admission.csv,2026-09-20T06:33:22+00:00
henan,2025,phy,本科批,首选物理，再选化学,浙江工商大学,浙江工商大学,587,61718,50,https://hf-mirror.com/datasets/choucsan/Gaokao-Compass-11M/resolve/main/data/2025/henan/school-admission.csv,2026-09-20T06:33:22+00:00
henan,2025,phy,本科批,（101）,安徽农业大学,安徽农业大学,563,96460,86,https://hf-mirror.com/datasets/choucsan/Gaokao-Compass-11M/resolve/main/data/2025/henan/school-admission.csv,2026-09-20T06:33:22+00:00
henan,2025,phy,本科批,（103）,安徽农业大学,安徽农业大学,560,101279.0,4,https://hf-mirror.com/datasets/choucsan/Gaokao-Compass-11M/resolve/main/data/2025/henan/school-admission.csv,2026-09-20T06:33:22+00:00
henan,2025,phy,本科批,首选物理，再选不限,安徽师范大学,安徽师范大学,551,116078,0,https://hf-mirror.com/datasets/choucsan/Gaokao-Compass-11M/resolve/main/data/2025/henan/school-admission.csv,2026-09-20T06:33:22+00:00
henan,2025,phy,本科批,（102）,安徽师范大学,安徽师范大学,567,90232,0,https://hf-mirror.com/datasets/choucsan/Gaokao-Compass-11M/resolve/main/data/2025/henan/school-admission.csv,2026-09-20T06:33:22+00:00
henan,2025,phy,本科批,（104）,安徽师范大学,安徽师范大学,574,79867.0,0,https://hf-mirror.com/datasets/choucsan/Gaokao-Compass-11M/resolve/main/data/2025/henan/school-admission.csv,2026-09-20T06:33:22+00:00
henan,2025,phy,本科批,（102）,合肥大学,合肥大学,549,119532,0,https://hf-mirror.com/datasets/choucsan/Gaokao-Compass-11M/resolve/main/data/2025/henan/school-admission.csv,2026-09-20T06:33:22+00:00
henan,2025,phy,本科批,（101）,合肥大学,合肥大学,560,101279,0,https://hf-mirror.com/datasets/choucsan/Gaokao-Compass-11M/resolve/main/data/2025/henan/school-admission.csv,2026-09-20T06:33:22+00:00
henan,2025,phy,本科批,（102）,皖西学院,皖西学院,521,169654.0,0,https://hf-mirror.com/datasets/choucsan/Gaokao-Compass-11M/resolve/main/data/2025/henan/school-admission.csv,2026-09-20T06:33:22+00:00
henan,2025,phy,本科批,（101）,皖西学院,皖西学院,538,138722.0,0,https://hf-mirror.com/datasets/choucsan/Gaokao-Compass-11M/resolve/main/data/2025/henan/school-admission.csv,2026-09-20T06:33:22+00:00
henan,2025,phy,本科批,首选物理，再选不限,安徽中医药大学,安徽中医药大学,533,147701,14,https://hf-mirror.com/datasets/choucsan/Gaokao-Compass-11M/resolve/main/data/2025/henan/school-admission.csv,2026-09-20T06:33:22+00:00
henan,2025,phy,本科批,（103）,安徽中医药大学,安徽中医药大学,549,119532,28,https://hf-mirror.com/datasets/choucsan/Gaokao-Compass-11M/resolve/main/data/2025/henan/school-admission.csv,2026-09-20T06:33:22+00:00
henan,2025,phy,本科批,（101）,皖南医学院,皖南医学院,596,49305.0,8,https://hf-mirror.com/datasets/choucsan/Gaokao-Compass-11M/resolve/main/data/2025/henan/school-admission.csv,2026-09-20T06:33:22+00:00
henan,2025,phy,本科批,（101）,安庆师范大学,安庆师范大学,487,234918,10,https://hf-mirror.com/datasets/choucsan/Gaokao-Compass-11M/resolve/main/data/2025/henan/school-admission.csv,2026-09-20T06:33:22+00:00
henan,2025,phy,本科批,（102）,安庆师范大学,安庆师范大学,535,143976,19,https://hf-mirror.com/datasets/choucsan/Gaokao-Compass-11M/resolve/main/data/2025/henan/school-admission.csv,2026-09-20T06:33:22+00:00
henan,2025,phy,本科批,（102）,淮南师范学院,淮南师范学院,505,199910,0,https://hf-mirror.com/datasets/choucsan/Gaokao-Compass-11M/resolve/main/data/2025/henan/school-admission.csv,2026-09-20T06:33:22+00:00
henan,2025,phy,本科批,（101）,淮南师范学院,淮南师范学院,517,177095,0,https://hf-mirror.com/datasets/choucsan/Gaokao-Compass-11M/resolve/main/data/2025/henan/school-admission.csv,2026-09-20T06:33:22+00:00
henan,2025,phy,本科批,（104）,淮南师范学院,淮南师范学院,510,190228.0,0,https://hf-mirror.com/datasets/choucsan/Gaokao-Compass-11M/resolve/main/data/2025/henan/school-admission.csv,2026-09-20T06:33:22+00:00
henan,2025,phy,本科批,（103）,淮南师范学院,淮南师范学院,521,169654.0,0,https://hf-mirror.com/datasets/choucsan/Gaokao-Compass-11M/resolve/main/data/2025/henan/school-admission.csv,2026-09-20T06:33:22+00:00
henan,2025,phy,本科批,（102）,铜陵学院,铜陵学院,509,188315.0,18,https://hf-mirror.com/datasets/choucsan/Gaokao-Compass-11M/resolve/main/data/2025/henan/school-admission.csv,2026-09-20T06:33:22+00:00
henan,2025,phy,本科批,（103）,铜陵学院,铜陵学院,522,167752,26,https://hf-mirror.com/datasets/choucsan/Gaokao-Compass-11M/resolve/main/data/2025/henan/school-admission.csv,2026-09-20T06:33:22+00:00
henan,2025,phy,本科批,（101）,宿州学院,宿州学院,527,158564,12,https://hf-mirror.com/datasets/choucsan/Gaokao-Compass-11M/resolve/main/data/2025/henan/school-admission.csv,2026-09-20T06:33:22+00:00
henan,2025,phy,本科批,首选物理，再选不限,江西农业大学,江西农业大学,522,167752,0,https://hf-mirror.com/datasets/choucsan/Gaokao-Compass-11M/resolve/main/data/2025/henan/school-admission.csv,2026-09-20T06:33:22+00:00
henan,2025,phy,本科批,首选物理，再选化学,江西农业大学,江西农业大学,525,162191,0,https://hf-mirror.com/datasets/choucsan/Gaokao-Compass-11M/resolve/main/data/2025/henan/school-admission.csv,2026-09-20T06:33:22+00:00
henan,2025,phy,本科批,（105）,江西农业大学,江西农业大学,533,147701.0,0,https://hf-mirror.com/datasets/choucsan/Gaokao-Compass-11M/resolve/main/data/2025/henan/school-admission.csv,2026-09-20T06:33:22+00:00
henan,2025,phy,本科批,（104）,九江学院,九江学院,488,223265.0,0,https://hf-mirror.com/datasets/choucsan/Gaokao-Compass-11M/resolve/main/data/2025/henan/school-admission.csv,2026-09-20T06:33:22+00:00
henan,2025,phy,本科批,（103）,九江学院,九江学院,533,147701,0,https://hf-mirror.com/datasets/choucsan/Gaokao-Compass-11M/resolve/main/data/2025/henan/school-admission.csv,2026-09-20T06:33:22+00:00
henan,2025,phy,本科批,首选物理，再选不限,宜春学院,宜春学院,493,223265,7,https://hf-mirror.com/datasets/choucsan/Gaokao-Compass-11M/resolve/main/data/2025/henan/school-admission.csv,2026-09-20T06:33:22+00:00
henan,2025,phy,本科批,首选物理，再选化学,宜春学院,宜春学院,534,145853,30,https://hf-mirror.com/datasets/choucsan/Gaokao-Compass-11M/resolve/main/data/2025/henan/school-admission.csv,2026-09-20T06:33:22+00:00
henan,2025,phy,本科批,（114）,宜春学院,宜春学院,553,112668,8,https://hf-mirror.com/datasets/choucsan/Gaokao-Compass-11M/resolve/main/data/2025/henan/school-admission.csv,2026-09-20T06:33:22+00:00
henan,2025,phy,本科批,（115）,宜春学院,宜春学院,496,217439.0,2,https://hf-mirror.com/datasets/choucsan/Gaokao-Compass-11M/resolve/main/data/2025/henan/school-admission.csv,2026-09-20T06:33:22+00:00
henan,2025,phy,本科批,（103）,东华理工大学,东华理工大学,535,143976,0,https://hf-mirror.com/datasets/choucsan/Gaokao-Compass-11M/resolve/main/data/2025/henan/school-admission.csv,2026-09-20T06:33:22+00:00
henan,2025,phy,本科批,（102）,东华理工大学,东华理工大学,571,84302,0,https://hf-mirror.com/datasets/choucsan/Gaokao-Compass-11M/resolve/main/data/2025/henan/school-admission.csv,2026-09-20T06:33:22+00:00
henan,2025,phy,本科批,首选物理，再选不限,赣南师范大学,赣南师范大学,510,190228,25,https://hf-mirror.com/datasets/choucsan/Gaokao-Compass-11M/resolve/main/data/2025/henan/school-admission.csv,2026-09-20T06:33:22+00:00
henan,2025,phy,本科批,首选物理，再选化学,赣南师范大学,赣南师范大学,514,182751,57,https://hf-mirror.com/datasets/choucsan/Gaokao-Compass-11M/resolve/main/data/2025/henan/school-admission.csv,2026-09-20T06:33:22+00:00
henan,2025,phy,本科批,（108）,赣南师范大学,赣南师范大学,525,160378.0,6,https://hf-mirror.com/datasets/choucsan/Gaokao-Compass-11M/resolve/main/data/2025/henan/school-admission.csv,2026-09-20T06:33:22+00:00
henan,2025,phy,本科批,（102）,江西水利电力大学,江西水利电力大学,515,180864,0,https://hf-mirror.com/datasets/choucsan/Gaokao-Compass-11M/resolve/main/data/2025/henan/school-admission.csv,2026-09-20T06:33:22+00:00
henan,2025,phy,本科批,首选物理，再选化学,江西水利电力大学,江西水利电力大学,536,142192,0,https://hf-mirror.com/datasets/choucsan/Gaokao-Compass-11M/resolve/main/data/2025/henan/school-admission.csv,2026-09-20T06:33:22+00:00
henan,2025,phy,本科批,（104）,江西水利电力大学,江西水利电力大学,505,197958.0,0,https://hf-mirror.com/datasets/choucsan/Gaokao-Compass-11M/resolve/main/data/2025/henan/school-admission.csv,2026-09-20T06:33:22+00:00
henan,2025,phy,本科批,首选物理，再选不限,济南大学,济南大学,580,71205,0,https://hf-mirror.com/datasets/choucsan/Gaokao-Compass-11M/resolve/main/data/2025/henan/school-admission.csv,2026-09-20T06:33:22+00:00
henan,2025,phy,本科批,首选物理，再选化学,济南大学,济南大学,577,75584,0,https://hf-mirror.com/datasets/choucsan/Gaokao-Compass-11M/resolve/main/data/2025/henan/school-admission.csv,2026-09-20T06:33:22+00:00
henan,2025,phy,本科批,（104）,济南大学,济南大学,585,64425.0,0,https://hf-mirror.com/datasets/choucsan/Gaokao-Compass-11M/resolve/main/data/2025/henan/school-admission.csv,2026-09-20T06:33:22+00:00
henan,2025,phy,本科批,（102）,聊城大学,聊城大学,546,124772,0,https://hf-mirror.com/datasets/choucsan/Gaokao-Compass-11M/resolve/main/data/2025/henan/school-admission.csv,2026-09-20T06:33:22+00:00
henan,2025,phy,本科批,（103）,聊城大学,聊城大学,513,184632.0,0,https://hf-mirror.com/datasets/choucsan/Gaokao-Compass-11M/resolve/main/data/2025/henan/school-admission.csv,2026-09-20T06:33:22+00:00
henan,2025,phy,本科批,（103）,山东理工大学,山东理工大学,585,64425.0,0,https://hf-mirror.com/datasets/choucsan/Gaokao-Compass-11M/resolve/main/data/2025/henan/school-admission.csv,2026-09-20T06:33:22+00:00
henan,2025,phy,本科批,首选物理，再选化学,山东理工大学,山东理工大学,550,117829,0,https://hf-mirror.com/datasets/choucsan/Gaokao-Compass-11M/resolve/main/data/2025/henan/school-admission.csv,2026-09-20T06:33:22+00:00
henan,2025,phy,本科批,（101）,山东政法学院,山东政法学院,560,101279,0,https://hf-mirror.com/datasets/choucsan/Gaokao-Compass-11M/resolve/main/data/2025/henan/school-admission.csv,2026-09-20T06:33:22+00:00
henan,2025,phy,本科批,（102）,山东政法学院,山东政法学院,548,116078.0,0,https://hf-mirror.com/datasets/choucsan/Gaokao-Compass-11M/resolve/main/data/2025/henan/school-admission.csv,2026-09-20T06:33:22+00:00
henan,2025,phy,本科批,（103）,山东农业大学,山东农业大学,539,135096.0,0,https://hf-mirror.com/datasets/choucsan/Gaokao-Compass-11M/resolve/main/data/2025/henan/school-admission.csv,2026-09-20T06:33:22+00:00
henan,2025,phy,本科批,（101）,山东农业大学,山东农业大学,545,126477,0,https://hf-mirror.com/datasets/choucsan/Gaokao-Compass-11M/resolve/main/data/2025/henan/school-admission.csv,2026-09-20T06:33:22+00:00
henan,2025,phy,本科批,（108）,山东农业大学,山东农业大学,543,129826.0,0,https://hf-mirror.com/datasets/choucsan/Gaokao-Compass-11M/resolve/main/data/2025/henan/school-admission.csv,2026-09-20T06:33:22+00:00
henan,2025,phy,本科批,（101）,山东师范大学,山东师范大学,552,114348,0,https://hf-mirror.com/datasets/choucsan/Gaokao-Compass-11M/resolve/main/data/2025/henan/school-admission.csv,2026-09-20T06:33:22+00:00
henan,2025,phy,本科批,（102）,山东师范大学,山东师范大学,588,60488,0,https://hf-mirror.com/datasets/choucsan/Gaokao-Compass-11M/resolve/main/data/2025/henan/school-admission.csv,2026-09-20T06:33:22+00:00
henan,2025,phy,本科批,（105）,山东师范大学,山东师范大学,591,56625.0,0,https://hf-mirror.com/datasets/choucsan/Gaokao-Compass-11M/resolve/main/data/2025/henan/school-admission.csv,2026-09-20T06:33:22+00:00
henan,2025,phy,本科批,（105）,曲阜师范大学,曲阜师范大学,545,126477,0,https://hf-mirror.com/datasets/choucsan/Gaokao-Compass-11M/resolve/main/data/2025/henan/school-admission.csv,2026-09-20T06:33:22+00:00
henan,2025,phy,本科批,（103）,曲阜师范大学,曲阜师范大学,566,91732,0,https://hf-mirror.com/datasets/choucsan/Gaokao-Compass-11M/resolve/main/data/2025/henan/school-admission.csv,2026-09-20T06:33:22+00:00
henan,2025,phy,本科批,（104）,曲阜师范大学,曲阜师范大学,563,96460.0,0,https://hf-mirror.com/datasets/choucsan/Gaokao-Compass-11M/resolve/main/data/2025/henan/school-admission.csv,2026-09-20T06:33:22+00:00
henan,2025,phy,本科批,首选物理，再选化学,德州学院,德州学院,529,154977,27,https://hf-mirror.com/datasets/choucsan/Gaokao-Compass-11M/resolve/main/data/2025/henan/school-admission.csv,2026-09-20T06:33:22+00:00
henan,2025,phy,本科批,（104）,德州学院,德州学院,523,165927.0,5,https://hf-mirror.com/datasets/choucsan/Gaokao-Compass-11M/resolve/main/data/2025/henan/school-admission.csv,2026-09-20T06:33:22+00:00
henan,2025,phy,本科批,首选物理，再选不限,山东女子学院,山东女子学院,491,227136,7,https://hf-mirror.com/datasets/choucsan/Gaokao-Compass-11M/resolve/main/data/2025/henan/school-admission.csv,2026-09-20T06:33:22+00:00
henan,2025,phy,本科批,首选物理，再选化学,山东女子学院,山东女子学院,516,178995,15,https://hf-mirror.com/datasets/choucsan/Gaokao-Compass-11M/resolve/main/data/2025/henan/school-admission.csv,2026-09-20T06:33:22+00:00
henan,2025,phy,本科批,（102）,山东交通学院,山东交通学院,531,145853.0,7,https://hf-mirror.com/datasets/choucsan/Gaokao-Compass-11M/resolve/main/data/2025/henan/school-admission.csv,2026-09-20T06:33:22+00:00
henan,2025,phy,本科批,首选物理，再选化学,山东交通学院,山东交通学院,454,,41,https://hf-mirror.com/datasets/choucsan/Gaokao-Compass-11M/resolve/main/data/2025/henan/school-admission.csv,2026-09-20T06:33:22+00:00
henan,2025,phy,本科批,（102）,青岛农业大学,青岛农业大学,524,164057,50,https://hf-mirror.com/datasets/choucsan/Gaokao-Compass-11M/resolve/main/data/2025/henan/school-admission.csv,2026-09-20T06:33:22+00:00
henan,2025,phy,本科批,（103）,山东航空学院,山东航空学院,525,158564.0,0,https://hf-mirror.com/datasets/choucsan/Gaokao-Compass-11M/resolve/main/data/2025/henan/school-admission.csv,2026-09-20T06:33:22+00:00
henan,2025,phy,本科批,（102）,山东航空学院,山东航空学院,552,114348,0,https://hf-mirror.com/datasets/choucsan/Gaokao-Compass-11M/resolve/main/data/2025/henan/school-admission.csv,2026-09-20T06:33:22+00:00
henan,2025,phy,本科批,（101）,山东第二医科大学,山东第二医科大学,564,90232.0,4,https://hf-mirror.com/datasets/choucsan/Gaokao-Compass-11M/resolve/main/data/2025/henan/school-admission.csv,2026-09-20T06:33:22+00:00
henan,2025,phy,本科批,首选物理，再选化学,滨州医学院,滨州医学院,532,149558,0,https://hf-mirror.com/datasets/choucsan/Gaokao-Compass-11M/resolve/main/data/2025/henan/school-admission.csv,2026-09-20T06:33:22+00:00
henan,2025,phy,本科批,首选物理，再选不限,山东第一医科大学,山东第一医科大学,520,171586,7,https://hf-mirror.com/datasets/choucsan/Gaokao-Compass-11M/resolve/main/data/2025/henan/school-admission.csv,2026-09-20T06:33:22+00:00
henan,2025,phy,本科批,首选物理，再选化学,山东第一医科大学,山东第一医科大学,544,128153,84,https://hf-mirror.com/datasets/choucsan/Gaokao-Compass-11M/resolve/main/data/2025/henan/school-admission.csv,2026-09-20T06:33:22+00:00
henan,2025,phy,本科批,首选物理，再选化学,泰山学院,泰山学院,496,217439,40,https://hf-mirror.com/datasets/choucsan/Gaokao-Compass-11M/resolve/main/data/2025/henan/school-admission.csv,2026-09-20T06:33:22+00:00
henan,2025,phy,本科批,（102）,临沂大学,临沂大学,562,98064,0,https://hf-mirror.com/datasets/choucsan/Gaokao-Compass-11M/resolve/main/data/2025/henan/school-admission.csv,2026-09-20T06:33:22+00:00
henan,2025,phy,本科批,首选物理，再选化学,鲁东大学,鲁东大学,506,197957,0,https://hf-mirror.com/datasets/choucsan/Gaokao-Compass-11M/resolve/main/data/2025/henan/school-admission.csv,2026-09-20T06:33:22+00:00
henan,2025,phy,本科批,首选物理，再选不限,山东财经大学,山东财经大学,572,82802,0,https://hf-mirror.com/datasets/choucsan/Gaokao-Compass-11M/resolve/main/data/2025/henan/school-admission.csv,2026-09-20T06:33:22+00:00
henan,2025,phy,本科批,（103）,山东财经大学,山东财经大学,596,50521,0,https://hf-mirror.com/datasets/choucsan/Gaokao-Compass-11M/resolve/main/data/2025/henan/school-admission.csv,2026-09-20T06:33:22+00:00
henan,2025,phy,本科批,首选物理，再选不限,山东工商学院,山东工商学院,514,182751,0,https://hf-mirror.com/datasets/choucsan/Gaokao-Compass-11M/resolve/main/data/2025/henan/school-admission.csv,2026-09-20T06:33:22+00:00
henan,2025,phy,本科批,（102）,山东工商学院,山东工商学院,536,142192,0,https://hf-mirror.com/datasets/choucsan/Gaokao-Compass-11M/resolve/main/data/2025/henan/school-admission.csv,2026-09-20T06:33:22+00:00
henan,2025,phy,本科批,（101）,枣庄学院,枣庄学院,502,205818,28,https://hf-mirror.com/datasets/choucsan/Gaokao-Compass-11M/resolve/main/data/2025/henan/school-admission.csv,2026-09-20T06:33:22+00:00
henan,2025,phy,本科批,（103）,湖北理工学院,湖北理工学院,528,151364.0,0,https://hf-mirror.com/datasets/choucsan/Gaokao-Compass-11M/resolve/main/data/2025/henan/school-admission.csv,2026-09-20T06:33:22+00:00
henan,2025,phy,本科批,首选物理，再选化学,湖北理工学院,湖北理工学院,530,153170,0,https://hf-mirror.com/datasets/choucsan/Gaokao-Compass-11M/resolve/main/data/2025/henan/school-admission.csv,2026-09-20T06:33:22+00:00
henan,2025,phy,本科批,首选物理，再选化学,康复大学,康复大学,595,51684,0,https://hf-mirror.com/datasets/choucsan/Gaokao-Compass-11M/resolve/main/data/2025/henan/school-admission.csv,2026-09-20T06:33:22+00:00
henan,2025,phy,本科批,（102）,湖北文理学院,湖北文理学院,505,199910.0,0,https://hf-mirror.com/datasets/choucsan/Gaokao-Compass-11M/resolve/main/data/2025/henan/school-admission.csv,2026-09-20T06:33:22+00:00
henan,2025,phy,本科批,（101）,湖北文理学院,湖北文理学院,540,135096,0,https://hf-mirror.com/datasets/choucsan/Gaokao-Compass-11M/resolve/main/data/2025/henan/school-admission.csv,2026-09-20T06:33:22+00:00
henan,2025,phy,本科批,（103）,湖北文理学院,湖北文理学院,528,156750.0,0,https://hf-mirror.com/datasets/choucsan/Gaokao-Compass-11M/resolve/main/data/2025/henan/school-admission.csv,2026-09-20T06:33:22+00:00
henan,2025,phy,本科批,（104）,湖北汽车工业学院,湖北汽车工业学院,538,133317.0,0,https://hf-mirror.com/datasets/choucsan/Gaokao-Compass-11M/resolve/main/data/2025/henan/school-admission.csv,2026-09-20T06:33:22+00:00
henan,2025,phy,本科批,（102）,湖北汽车工业学院,湖北汽车工业学院,559,102928,0,https://hf-mirror.com/datasets/choucsan/Gaokao-Compass-11M/resolve/main/data/2025/henan/school-admission.csv,2026-09-20T06:33:22+00:00
henan,2025,phy,本科批,（202）,武汉轻工大学,武汉轻工大学,508,194093.0,0,https://hf-mirror.com/datasets/choucsan/Gaokao-Compass-11M/resolve/main/data/2025/henan/school-admission.csv,2026-09-20T06:33:22+00:00
henan,2025,phy,本科批,首选物理，再选化学,武汉轻工大学,武汉轻工大学,507,196008,0,https://hf-mirror.com/datasets/choucsan/Gaokao-Compass-11M/resolve/main/data/2025/henan/school-admission.csv,2026-09-20T06:33:22+00:00
henan,2025,phy,本科批,（101）,湖北医药学院,湖北医药学院,543,129826,0,https://hf-mirror.com/datasets/choucsan/Gaokao-Compass-11M/resolve/main/data/2025/henan/school-admission.csv,2026-09-20T06:33:22+00:00
henan,2025,phy,本科批,（103）,湖北师范大学,湖北师范大学,539,133317.0,0,https://hf-mirror.com/datasets/choucsan/Gaokao-Compass-11M/resolve/main/data/2025/henan/school-admission.csv,2026-09-20T06:33:22+00:00
henan,2025,phy,本科批,（104）,湖北师范大学,湖北师范大学,547,122973,0,https://hf-mirror.com/datasets/choucsan/Gaokao-Compass-11M/resolve/main/data/2025/henan/school-admission.csv,2026-09-20T06:33:22+00:00
henan,2025,phy,本科批,（105）,湖北师范大学,湖北师范大学,549,117829.0,0,https://hf-mirror.com/datasets/choucsan/Gaokao-Compass-11M/resolve/main/data/2025/henan/school-admission.csv,2026-09-20T06:33:22+00:00
henan,2025,phy,本科批,（104）,湖北民族大学,湖北民族大学,535,143976.0,0,https://hf-mirror.com/datasets/choucsan/Gaokao-Compass-11M/resolve/main/data/2025/henan/school-admission.csv,2026-09-20T06:33:22+00:00
henan,2025,phy,本科批,首选物理，再选化学,湖北民族大学,湖北民族大学,482,,0,https://hf-mirror.com/datasets/choucsan/Gaokao-Compass-11M/resolve/main/data/2025/henan/school-admission.csv,2026-09-20T06:33:22+00:00
henan,2025,phy,本科批,（107）,湖北民族大学,湖北民族大学,531,151364.0,0,https://hf-mirror.com/datasets/choucsan/Gaokao-Compass-11M/resolve/main/data/2025/henan/school-admission.csv,2026-09-20T06:33:22+00:00
henan,2025,phy,本科批,（106）,湖南人文科技学院,湖南人文科技学院,529,153170.0,14,https://hf-mirror.com/datasets/choucsan/Gaokao-Compass-11M/resolve/main/data/2025/henan/school-admission.csv,2026-09-20T06:33:22+00:00
henan,2025,phy,本科批,（102）,湘南学院,湘南学院,536,136912.0,2,https://hf-mirror.com/datasets/choucsan/Gaokao-Compass-11M/resolve/main/data/2025/henan/school-admission.csv,2026-09-20T06:33:22+00:00
henan,2025,phy,本科批,首选物理，再选化学,湘南学院,湘南学院,540,135096,16,https://hf-mirror.com/datasets/choucsan/Gaokao-Compass-11M/resolve/main/data/2025/henan/school-admission.csv,2026-09-20T06:33:22+00:00
henan,2025,phy,本科批,首选物理，再选不限,湖南工业大学,湖南工业大学,541,133317,0,https://hf-mirror.com/datasets/choucsan/Gaokao-Compass-11M/resolve/main/data/2025/henan/school-admission.csv,2026-09-20T06:33:22+00:00
henan,2025,phy,本科批,首选物理，再选化学,湖南工业大学,湖南工业大学,561,99681,0,https://hf-mirror.com/datasets/choucsan/Gaokao-Compass-11M/resolve/main/data/2025/henan/school-admission.csv,2026-09-20T06:33:22+00:00
henan,2025,phy,本科批,（105）,怀化学院,怀化学院,540,135096,0,https://hf-mirror.com/datasets/choucsan/Gaokao-Compass-11M/resolve/main/data/2025/henan/school-admission.csv,2026-09-20T06:33:22+00:00
henan,2025,phy,本科批,（105）,五邑大学,五邑大学,558,101279.0,2,https://hf-mirror.com/datasets/choucsan/Gaokao-Compass-11M/resolve/main/data/2025/henan/school-admission.csv,2026-09-20T06:33:22+00:00
henan,2025,phy,本科批,首选物理，再选化学,五邑大学,五邑大学,549,119532,25,https://hf-mirror.com/datasets/choucsan/Gaokao-Compass-11M/resolve/main/data/2025/henan/school-admission.csv,2026-09-20T06:33:22+00:00
henan,2025,phy,本科批,首选物理，再选不限,长沙学院,长沙学院,533,147701,4,https://hf-mirror.com/datasets/choucsan/Gaokao-Compass-11M/resolve/main/data/2025/henan/school-admission.csv,2026-09-20T06:33:22+00:00
henan,2025,phy,本科批,首选物理，再选化学,长沙学院,长沙学院,546,124772,14,https://hf-mirror.com/datasets/choucsan/Gaokao-Compass-11M/resolve/main/data/2025/henan/school-admission.csv,2026-09-20T06:33:22+00:00
henan,2025,phy,本科批,（120）,长沙学院,长沙学院,548,121209,4,https://hf-mirror.com/datasets/choucsan/Gaokao-Compass-11M/resolve/main/data/2025/henan/school-admission.csv,2026-09-20T06:33:22+00:00
henan,2025,phy,本科批,（107）,广东石油化工学院,广东石油化工学院,540,135096.0,2,https://hf-mirror.com/datasets/choucsan/Gaokao-Compass-11M/resolve/main/data/2025/henan/school-admission.csv,2026-09-20T06:33:22+00:00
henan,2025,phy,本科批,首选物理，再选化学,广东石油化工学院,广东石油化工学院,546,124772,36,https://hf-mirror.com/datasets/choucsan/Gaokao-Compass-11M/resolve/main/data/2025/henan/school-admission.csv,2026-09-20T06:33:22+00:00
henan,2025,phy,本科批,首选物理，再选不限,佛山大学,佛山大学,525,162191,21,https://hf-mirror.com/datasets/choucsan/Gaokao-Compass-11M/resolve/main/data/2025/henan/school-admission.csv,2026-09-20T06:33:22+00:00
henan,2025,phy,本科批,首选物理，再选化学,佛山大学,佛山大学,534,145853,35,https://hf-mirror.com/datasets/choucsan/Gaokao-Compass-11M/resolve/main/data/2025/henan/school-admission.csv,2026-09-20T06:33:22+00:00
henan,2025,phy,本科批,（101）,广东药科大学,广东药科大学,578,74079.0,0,https://hf-mirror.com/datasets/choucsan/Gaokao-Compass-11M/resolve/main/data/2025/henan/school-admission.csv,2026-09-20T06:33:22+00:00
henan,2025,phy,本科批,首选物理，再选化学,广东药科大学,广东药科大学,549,119532,0,https://hf-mirror.com/datasets/choucsan/Gaokao-Compass-11M/resolve/main/data/2025/henan/school-admission.csv,2026-09-20T06:33:22+00:00
henan,2025,phy,本科批,首选物理，再选化学,韩山师范学院,韩山师范学院,529,147701.0,0,https://hf-mirror.com/datasets/choucsan/Gaokao-Compass-11M/resolve/main/data/2025/henan/school-admission.csv,2026-09-20T06:33:22+00:00
henan,2025,phy,本科批,首选物理，再选化学,肇庆学院,肇庆学院,523,165927,18,https://hf-mirror.com/datasets/choucsan/Gaokao-Compass-11M/resolve/main/data/2025/henan/school-admission.csv,2026-09-20T06:33:22+00:00
henan,2025,phy,本科批,（111）,广西师范大学,广西师范大学,542,131568,0,https://hf-mirror.com/datasets/choucsan/Gaokao-Compass-11M/resolve/main/data/2025/henan/school-admission.csv,2026-09-20T06:33:22+00:00
henan,2025,phy,本科批,（115）,广西师范大学,广西师范大学,535,143976,0,https://hf-mirror.com/datasets/choucsan/Gaokao-Compass-11M/resolve/main/data/2025/henan/school-admission.csv,2026-09-20T06:33:22+00:00
henan,2025,phy,本科批,（105）,广西科技大学,广西科技大学,545,126477.0,3,https://hf-mirror.com/datasets/choucsan/Gaokao-Compass-11M/resolve/main/data/2025/henan/school-admission.csv,2026-09-20T06:33:22+00:00
henan,2025,phy,本科批,首选物理，再选化学,广西科技大学,广西科技大学,490,229094,35,https://hf-mirror.com/datasets/choucsan/Gaokao-Compass-11M/resolve/main/data/2025/henan/school-admission.csv,2026-09-20T06:33:22+00:00
henan,2025,phy,本科批,（106）,广西科技大学,广西科技大学,526,160378.0,3,https://hf-mirror.com/datasets/choucsan/Gaokao-Compass-11M/resolve/main/data/2025/henan/school-admission.csv,2026-09-20T06:33:22+00:00
henan,2025,phy,本科批,首选物理，再选化学,桂林电子科技大学,桂林电子科技大学,562,98064,0,https://hf-mirror.com/datasets/choucsan/Gaokao-Compass-11M/resolve/main/data/2025/henan/school-admission.csv,2026-09-20T06:33:22+00:00
henan,2025,phy,本科批,（121）,桂林理工大学,桂林理工大学,545,126477,0,https://hf-mirror.com/datasets/choucsan/Gaokao-Compass-11M/resolve/main/data/2025/henan/school-admission.csv,2026-09-20T06:33:22+00:00
henan,2025,phy,本科批,首选物理，再选化学,桂林理工大学,桂林理工大学,512,186510,0,https://hf-mirror.com/datasets/choucsan/Gaokao-Compass-11M/resolve/main/data/2025/henan/school-admission.csv,2026-09-20T06:33:22+00:00
henan,2025,phy,本科批,（124）,桂林理工大学,桂林理工大学,575,78368.0,0,https://hf-mirror.com/datasets/choucsan/Gaokao-Compass-11M/resolve/main/data/2025/henan/school-admission.csv,2026-09-20T06:33:22+00:00
henan,2025,phy,本科批,首选物理，再选不限,右江民族医学院,右江民族医学院,490,229094,3,https://hf-mirror.com/datasets/choucsan/Gaokao-Compass-11M/resolve/main/data/2025/henan/school-admission.csv,2026-09-20T06:33:22+00:00
henan,2025,phy,本科批,首选物理，再选化学,右江民族医学院,右江民族医学院,534,145853,11,https://hf-mirror.com/datasets/choucsan/Gaokao-Compass-11M/resolve/main/data/2025/henan/school-admission.csv,2026-09-20T06:33:22+00:00
henan,2025,phy,本科批,（107）,右江民族医学院,右江民族医学院,545,126477.0,1,https://hf-mirror.com/datasets/choucsan/Gaokao-Compass-11M/resolve/main/data/2025/henan/school-admission.csv,2026-09-20T06:33:22+00:00
henan,2025,phy,本科批,首选物理，再选不限,桂林医科大学,桂林医科大学,456,,0,https://hf-mirror.com/datasets/choucsan/Gaokao-Compass-11M/resolve/main/data/2025/henan/school-admission.csv,2026-09-20T06:33:22+00:00
henan,2025,phy,本科批,首选物理，再选化学,桂林医科大学,桂林医科大学,440,,0,https://hf-mirror.com/datasets/choucsan/Gaokao-Compass-11M/resolve/main/data/2025/henan/school-admission.csv,2026-09-20T06:33:22+00:00
henan,2025,phy,本科批,首选物理，再选化学,玉林师范学院,玉林师范学院,503,203899,0,https://hf-mirror.com/datasets/choucsan/Gaokao-Compass-11M/resolve/main/data/2025/henan/school-admission.csv,2026-09-20T06:33:22+00:00
henan,2025,phy,本科批,（111）,玉林师范学院,玉林师范学院,501,207737.0,0,https://hf-mirror.com/datasets/choucsan/Gaokao-Compass-11M/resolve/main/data/2025/henan/school-admission.csv,2026-09-20T06:33:22+00:00
henan,2025,phy,本科批,首选物理，再选不限,成都师范学院,成都师范学院,536,142192,0,https://hf-mirror.com/datasets/choucsan/Gaokao-Compass-11M/resolve/main/data/2025/henan/school-admission.csv,2026-09-20T06:33:22+00:00
henan,2025,phy,本科批,首选物理，再选化学,成都师范学院,成都师范学院,536,142192,0,https://hf-mirror.com/datasets/choucsan/Gaokao-Compass-11M/resolve/main/data/2025/henan/school-admission.csv,2026-09-20T06:33:22+00:00
henan,2025,phy,本科批,首选物理，再选不限,首都体育学院,首都体育学院,535,143976,0,https://hf-mirror.com/datasets/choucsan/Gaokao-Compass-11M/resolve/main/data/2025/henan/school-admission.csv,2026-09-20T06:33:22+00:00
henan,2025,phy,本科批,首选物理，再选不限,海南热带海洋学院,海南热带海洋学院,430,,0,https://hf-mirror.com/datasets/choucsan/Gaokao-Compass-11M/resolve/main/data/2025/henan/school-admission.csv,2026-09-20T06:33:22+00:00
henan,2025,phy,本科批,（110）,海南热带海洋学院,海南热带海洋学院,505,199910,0,https://hf-mirror.com/datasets/choucsan/Gaokao-Compass-11M/resolve/main/data/2025/henan/school-admission.csv,2026-09-20T06:33:22+00:00
henan,2025,phy,本科批,（102）,海南医科大学,海南医科大学,569,85847.0,0,https://hf-mirror.com/datasets/choucsan/Gaokao-Compass-11M/resolve/main/data/2025/henan/school-admission.csv,2026-09-20T06:33:22+00:00
henan,2025,phy,本科批,首选物理，再选化学,海南医科大学,海南医科大学,444,,0,https://hf-mirror.com/datasets/choucsan/Gaokao-Compass-11M/resolve/main/data/2025/henan/school-admission.csv,2026-09-20T06:33:22+00:00
henan,2025,phy,本科批,（101）,海南师范大学,海南师范大学,512,186510,55,https://hf-mirror.com/datasets/choucsan/Gaokao-Compass-11M/resolve/main/data/2025/henan/school-admission.csv,2026-09-20T06:33:22+00:00
henan,2025,phy,本科批,首选物理，再选化学,海南师范大学,海南师范大学,536,142192,98,https://hf-mirror.com/datasets/choucsan/Gaokao-Compass-11M/resolve/main/data/2025/henan/school-admission.csv,2026-09-20T06:33:22+00:00
henan,2025,phy,本科批,（104）,海南师范大学,海南师范大学,521,169654,22,https://hf-mirror.com/datasets/choucsan/Gaokao-Compass-11M/resolve/main/data/2025/henan/school-admission.csv,2026-09-20T06:33:22+00:00
henan,2025,phy,本科批,（102）,海南师范大学,海南师范大学,532,149558.0,8,https://hf-mirror.com/datasets/choucsan/Gaokao-Compass-11M/resolve/main/data/2025/henan/school-admission.csv,2026-09-20T06:33:22+00:00
henan,2025,phy,本科批,（102）,重庆理工大学,重庆理工大学,569,87297,30,https://hf-mirror.com/datasets/choucsan/Gaokao-Compass-11M/resolve/main/data/2025/henan/school-admission.csv,2026-09-20T06:33:22+00:00
henan,2025,phy,本科批,首选物理，再选化学,重庆理工大学,重庆理工大学,576,76951,154,https://hf-mirror.com/datasets/choucsan/Gaokao-Compass-11M/resolve/main/data/2025/henan/school-admission.csv,2026-09-20T06:33:22+00:00
henan,2025,phy,本科批,首选物理，再选不限,重庆第二师范学院,重庆第二师范学院,519,173388,0,https://hf-mirror.com/datasets/choucsan/Gaokao-Compass-11M/resolve/main/data/2025/henan/school-admission.csv,2026-09-20T06:33:22+00:00
henan,2025,phy,本科批,首选物理，再选化学,重庆第二师范学院,重庆第二师范学院,533,147701,0,https://hf-mirror.com/datasets/choucsan/Gaokao-Compass-11M/resolve/main/data/2025/henan/school-admission.csv,2026-09-20T06:33:22+00:00
henan,2025,phy,本科批,（101）,重庆师范大学,重庆师范大学,557,106110.0,0,https://hf-mirror.com/datasets/choucsan/Gaokao-Compass-11M/resolve/main/data/2025/henan/school-admission.csv,2026-09-20T06:33:22+00:00
henan,2025,phy,本科批,首选物理，再选化学,重庆师范大学,重庆师范大学,579,72674.0,0,https://hf-mirror.com/datasets/choucsan/Gaokao-Compass-11M/resolve/main/data/2025/henan/school-admission.csv,2026-09-20T06:33:22+00:00
henan,2025,phy,本科批,（105）,重庆师范大学,重庆师范大学,564,94843.0,0,https://hf-mirror.com/datasets/choucsan/Gaokao-Compass-11M/resolve/main/data/2025/henan/school-admission.csv,2026-09-20T06:33:22+00:00
henan,2025,phy,本科批,（101）,重庆中医药学院,重庆中医药学院,571,84302,6,https://hf-mirror.com/datasets/choucsan/Gaokao-Compass-11M/resolve/main/data/2025/henan/school-admission.csv,2026-09-20T06:33:22+00:00
henan,2025,phy,本科批,首选物理，再选化学,重庆中医药学院,重庆中医药学院,534,145853,30,https://hf-mirror.com/datasets/choucsan/Gaokao-Compass-11M/resolve/main/data/2025/henan/school-admission.csv,2026-09-20T06:33:22+00:00
henan,2025,phy,本科批,首选物理，再选不限,四川师范大学,四川师范大学,563,96460,0,https://hf-mirror.com/datasets/choucsan/Gaokao-Compass-11M/resolve/main/data/2025/henan/school-admission.csv,2026-09-20T06:33:22+00:00
henan,2025,phy,本科批,首选物理，再选化学,四川师范大学,四川师范大学,582,68439,0,https://hf-mirror.com/datasets/choucsan/Gaokao-Compass-11M/resolve/main/data/2025/henan/school-admission.csv,2026-09-20T06:33:22+00:00
henan,2025,phy,本科批,（104）,四川师范大学,四川师范大学,579,72674.0,0,https://hf-mirror.com/datasets/choucsan/Gaokao-Compass-11M/resolve/main/data/2025/henan/school-admission.csv,2026-09-20T06:33:22+00:00
henan,2025,phy,本科批,（105）,四川师范大学,四川师范大学,585,64425.0,0,https://hf-mirror.com/datasets/choucsan/Gaokao-Compass-11M/resolve/main/data/2025/henan/school-admission.csv,2026-09-20T06:33:22+00:00
henan,2025,phy,本科批,（102）,攀枝花学院,攀枝花学院,515,175267.0,8,https://hf-mirror.com/datasets/choucsan/Gaokao-Compass-11M/resolve/main/data/2025/henan/school-admission.csv,2026-09-20T06:33:22+00:00
henan,2025,phy,本科批,首选物理，再选化学,川北医学院,川北医学院,597,49305,0,https://hf-mirror.com/datasets/choucsan/Gaokao-Compass-11M/resolve/main/data/2025/henan/school-admission.csv,2026-09-20T06:33:22+00:00
henan,2025,phy,本科批,首选物理，再选生物,川北医学院,川北医学院,510,190228,0,https://hf-mirror.com/datasets/choucsan/Gaokao-Compass-11M/resolve/main/data/2025/henan/school-admission.csv,2026-09-20T06:33:22+00:00
henan,2025,phy,本科批,首选物理，再选化学,西南医科大学,西南医科大学,455,,0,https://hf-mirror.com/datasets/choucsan/Gaokao-Compass-11M/resolve/main/data/2025/henan/school-admission.csv,2026-09-20T06:33:22+00:00
henan,2025,phy,本科批,（102）,绵阳师范学院,绵阳师范学院,509,192194.0,0,https://hf-mirror.com/datasets/choucsan/Gaokao-Compass-11M/resolve/main/data/2025/henan/school-admission.csv,2026-09-20T06:33:22+00:00
henan,2025,phy,本科批,（101）,绵阳师范学院,绵阳师范学院,518,175267,0,https://hf-mirror.com/datasets/choucsan/Gaokao-Compass-11M/resolve/main/data/2025/henan/school-admission.csv,2026-09-20T06:33:22+00:00
henan,2025,phy,本科批,（104）,西华师范大学,西华师范大学,547,122973,0,https://hf-mirror.com/datasets/choucsan/Gaokao-Compass-11M/resolve/main/data/2025/henan/school-admission.csv,2026-09-20T06:33:22+00:00
henan,2025,phy,本科批,（103）,西华师范大学,西华师范大学,544,128153,0,https://hf-mirror.com/datasets/choucsan/Gaokao-Compass-11M/resolve/main/data/2025/henan/school-admission.csv,2026-09-20T06:33:22+00:00
henan,2025,phy,本科批,（105）,西华师范大学,西华师范大学,550,117829.0,0,https://hf-mirror.com/datasets/choucsan/Gaokao-Compass-11M/resolve/main/data/2025/henan/school-admission.csv,2026-09-20T06:33:22+00:00
henan,2025,phy,本科批,（101）,宜宾学院,宜宾学院,530,153170,14,https://hf-mirror.com/datasets/choucsan/Gaokao-Compass-11M/resolve/main/data/2025/henan/school-admission.csv,2026-09-20T06:33:22+00:00
henan,2025,phy,本科批,（102）,宜宾学院,宜宾学院,538,138722,24,https://hf-mirror.com/datasets/choucsan/Gaokao-Compass-11M/resolve/main/data/2025/henan/school-admission.csv,2026-09-20T06:33:22+00:00
henan,2025,phy,本科批,首选物理，再选化学,遵义医科大学,遵义医科大学,565,93269,43,https://hf-mirror.com/datasets/choucsan/Gaokao-Compass-11M/resolve/main/data/2025/henan/school-admission.csv,2026-09-20T06:33:22+00:00
henan,2025,phy,本科批,首选物理，再选不限,贵州财经大学,贵州财经大学,450,,0,https://hf-mirror.com/datasets/choucsan/Gaokao-Compass-11M/resolve/main/data/2025/henan/school-admission.csv,2026-09-20T06:33:22+00:00
henan,2025,phy,本科批,（109）,贵州理工学院,贵州理工学院,507,196008.0,2,https://hf-mirror.com/datasets/choucsan/Gaokao-Compass-11M/resolve/main/data/2025/henan/school-admission.csv,2026-09-20T06:33:22+00:00
henan,2025,phy,本科批,首选物理，再选化学,贵州理工学院,贵州理工学院,517,177095,12,https://hf-mirror.com/datasets/choucsan/Gaokao-Compass-11M/resolve/main/data/2025/henan/school-admission.csv,2026-09-20T06:33:22+00:00
henan,2025,phy,本科批,首选物理，再选不限,昆明理工大学,昆明理工大学,527,158564,0,https://hf-mirror.com/datasets/choucsan/Gaokao-Compass-11M/resolve/main/data/2025/henan/school-admission.csv,2026-09-20T06:33:22+00:00
henan,2025,phy,本科批,（105）,昆明理工大学,昆明理工大学,583,67120,0,https://hf-mirror.com/datasets/choucsan/Gaokao-Compass-11M/resolve/main/data/2025/henan/school-admission.csv,2026-09-20T06:33:22+00:00
henan,2025,phy,本科批,（106）,昆明理工大学,昆明理工大学,599,44843.0,0,https://hf-mirror.com/datasets/choucsan/Gaokao-Compass-11M/resolve/main/data/2025/henan/school-admission.csv,2026-09-20T06:33:22+00:00
henan,2025,phy,本科批,（102）,昆明理工大学,昆明理工大学,572,82802,0,https://hf-mirror.com/datasets/choucsan/Gaokao-Compass-11M/resolve/main/data/2025/henan/school-admission.csv,2026-09-20T06:33:22+00:00
henan,2025,phy,本科批,首选物理，再选不限,云南农业大学,云南农业大学,487,234918,8,https://hf-mirror.com/datasets/choucsan/Gaokao-Compass-11M/resolve/main/data/2025/henan/school-admission.csv,2026-09-20T06:33:22+00:00
henan,2025,phy,本科批,首选物理，再选化学,云南农业大学,云南农业大学,476,,59,https://hf-mirror.com/datasets/choucsan/Gaokao-Compass-11M/resolve/main/data/2025/henan/school-admission.csv,2026-09-20T06:33:22+00:00
henan,2025,phy,本科批,（103）,云南农业大学,云南农业大学,529,154977.0,2,https://hf-mirror.com/datasets/choucsan/Gaokao-Compass-11M/resolve/main/data/2025/henan/school-admission.csv,2026-09-20T06:33:22+00:00
henan,2025,phy,本科批,首选物理，再选不限,大理大学,大理大学,516,178995,8,https://hf-mirror.com/datasets/choucsan/Gaokao-Compass-11M/resolve/main/data/2025/henan/school-admission.csv,2026-09-20T06:33:22+00:00
henan,2025,phy,本科批,首选物理，再选化学,大理大学,大理大学,526,160378,32,https://hf-mirror.com/datasets/choucsan/Gaokao-Compass-11M/resolve/main/data/2025/henan/school-admission.csv,2026-09-20T06:33:22+00:00
henan,2025,phy,本科批,（103）,大理大学,大理大学,535,142193.0,2,https://hf-mirror.com/datasets/choucsan/Gaokao-Compass-11M/resolve/main/data/2025/henan/school-admission.csv,2026-09-20T06:33:22+00:00
henan,2025,phy,本科批,（104）,西南林业大学,西南林业大学,517,177095,3,https://hf-mirror.com/datasets/choucsan/Gaokao-Compass-11M/resolve/main/data/2025/henan/school-admission.csv,2026-09-20T06:33:22+00:00
henan,2025,phy,本科批,首选物理，再选化学,西南林业大学,西南林业大学,529,154977,49,https://hf-mirror.com/datasets/choucsan/Gaokao-Compass-11M/resolve/main/data/2025/henan/school-admission.csv,2026-09-20T06:33:22+00:00
henan,2025,phy,本科批,（102）,西南林业大学,西南林业大学,527,158564.0,1,https://hf-mirror.com/datasets/choucsan/Gaokao-Compass-11M/resolve/main/data/2025/henan/school-admission.csv,2026-09-20T06:33:22+00:00
henan,2025,phy,本科批,首选物理，再选化学,昆明医科大学,昆明医科大学,506,197957,0,https://hf-mirror.com/datasets/choucsan/Gaokao-Compass-11M/resolve/main/data/2025/henan/school-admission.csv,2026-09-20T06:33:22+00:00
henan,2025,phy,本科批,首选物理，再选不限,云南中医药大学,云南中医药大学,566,91732,5,https://hf-mirror.com/datasets/choucsan/Gaokao-Compass-11M/resolve/main/data/2025/henan/school-admission.csv,2026-09-20T06:33:22+00:00
henan,2025,phy,本科批,首选物理，再选化学,云南中医药大学,云南中医药大学,534,145853,14,https://hf-mirror.com/datasets/choucsan/Gaokao-Compass-11M/resolve/main/data/2025/henan/school-admission.csv,2026-09-20T06:33:22+00:00
henan,2025,phy,本科批,（103）,玉溪师范学院,玉溪师范学院,500,199910.0,11,https://hf-mirror.com/datasets/choucsan/Gaokao-Compass-11M/resolve/main/data/2025/henan/school-admission.csv,2026-09-20T06:33:22+00:00
henan,2025,phy,本科批,（112）,延安大学,延安大学,555,109314.0,2,https://hf-mirror.com/datasets/choucsan/Gaokao-Compass-11M/resolve/main/data/2025/henan/school-admission.csv,2026-09-20T06:33:22+00:00
henan,2025,phy,本科批,（113）,延安大学,延安大学,553,112668,19,https://hf-mirror.com/datasets/choucsan/Gaokao-Compass-11M/resolve/main/data/2025/henan/school-admission.csv,2026-09-20T06:33:22+00:00
henan,2025,phy,本科批,（114）,延安大学,延安大学,567,90232,7,https://hf-mirror.com/datasets/choucsan/Gaokao-Compass-11M/resolve/main/data/2025/henan/school-admission.csv,2026-09-20T06:33:22+00:00
henan,2025,phy,本科批,（121）,陕西学前师范学院,陕西学前师范学院,494,221305,0,https://hf-mirror.com/datasets/choucsan/Gaokao-Compass-11M/resolve/main/data/2025/henan/school-admission.csv,2026-09-20T06:33:22+00:00
henan,2025,phy,本科批,（122）,陕西学前师范学院,陕西学前师范学院,505,199910,0,https://hf-mirror.com/datasets/choucsan/Gaokao-Compass-11M/resolve/main/data/2025/henan/school-admission.csv,2026-09-20T06:33:22+00:00
henan,2025,phy,本科批,（102）,宝鸡文理学院,宝鸡文理学院,507,186510.0,15,https://hf-mirror.com/datasets/choucsan/Gaokao-Compass-11M/resolve/main/data/2025/henan/school-admission.csv,2026-09-20T06:33:22+00:00
henan,2025,phy,本科批,（103）,宝鸡文理学院,宝鸡文理学院,516,178995,77,https://hf-mirror.com/datasets/choucsan/Gaokao-Compass-11M/resolve/main/data/2025/henan/school-admission.csv,2026-09-20T06:33:22+00:00
henan,2025,phy,本科批,（102）,陕西理工大学,陕西理工大学,503,203899,0,https://hf-mirror.com/datasets/choucsan/Gaokao-Compass-11M/resolve/main/data/2025/henan/school-admission.csv,2026-09-20T06:33:22+00:00
henan,2025,phy,本科批,（104）,陕西理工大学,陕西理工大学,559,102928,0,https://hf-mirror.com/datasets/choucsan/Gaokao-Compass-11M/resolve/main/data/2025/henan/school-admission.csv,2026-09-20T06:33:22+00:00
henan,2025,phy,本科批,（103）,陕西理工大学,陕西理工大学,551,116078.0,0,https://hf-mirror.com/datasets/choucsan/Gaokao-Compass-11M/resolve/main/data/2025/henan/school-admission.csv,2026-09-20T06:33:22+00:00
henan,2025,phy,本科批,首选物理，再选不限,渭南师范学院,渭南师范学院,501,207737,3,https://hf-mirror.com/datasets/choucsan/Gaokao-Compass-11M/resolve/main/data/2025/henan/school-admission.csv,2026-09-20T06:33:22+00:00
henan,2025,phy,本科批,首选物理，再选化学,渭南师范学院,渭南师范学院,507,196008,29,https://hf-mirror.com/datasets/choucsan/Gaokao-Compass-11M/resolve/main/data/2025/henan/school-admission.csv,2026-09-20T06:33:22+00:00
henan,2025,phy,本科批,（105）,渭南师范学院,渭南师范学院,518,175267.0,1,https://hf-mirror.com/datasets/choucsan/Gaokao-Compass-11M/resolve/main/data/2025/henan/school-admission.csv,2026-09-20T06:33:22+00:00
henan,2025,phy,本科批,首选物理，再选不限,咸阳师范学院,咸阳师范学院,444,,15,https://hf-mirror.com/datasets/choucsan/Gaokao-Compass-11M/resolve/main/data/2025/henan/school-admission.csv,2026-09-20T06:33:22+00:00
henan,2025,phy,本科批,（103）,咸阳师范学院,咸阳师范学院,508,188315.0,17,https://hf-mirror.com/datasets/choucsan/Gaokao-Compass-11M/resolve/main/data/2025/henan/school-admission.csv,2026-09-20T06:33:22+00:00
henan,2025,phy,本科批,（105）,西安文理学院,西安文理学院,531,151364.0,2,https://hf-mirror.com/datasets/choucsan/Gaokao-Compass-11M/resolve/main/data/2025/henan/school-admission.csv,2026-09-20T06:33:22+00:00
henan,2025,phy,本科批,（103）,西安文理学院,西安文理学院,540,135096,16,https://hf-mirror.com/datasets/choucsan/Gaokao-Compass-11M/resolve/main/data/2025/henan/school-admission.csv,2026-09-20T06:33:22+00:00
henan,2025,phy,本科批,（104）,西安文理学院,西安文理学院,532,149558.0,4,https://hf-mirror.com/datasets/choucsan/Gaokao-Compass-11M/resolve/main/data/2025/henan/school-admission.csv,2026-09-20T06:33:22+00:00
henan,2025,phy,本科批,首选物理，再选不限,西北师范大学,西北师范大学,502,205818,0,https://hf-mirror.com/datasets/choucsan/Gaokao-Compass-11M/resolve/main/data/2025/henan/school-admission.csv,2026-09-20T06:33:22+00:00
henan,2025,phy,本科批,首选物理，再选化学,西北师范大学,西北师范大学,492,225208,0,https://hf-mirror.com/datasets/choucsan/Gaokao-Compass-11M/resolve/main/data/2025/henan/school-admission.csv,2026-09-20T06:33:22+00:00
henan,2025,phy,本科批,（104）,西北师范大学,西北师范大学,562,98064.0,0,https://hf-mirror.com/datasets/choucsan/Gaokao-Compass-11M/resolve/main/data/2025/henan/school-admission.csv,2026-09-20T06:33:22+00:00
henan,2025,phy,本科批,（102）,天水师范大学,天水师范大学,499,207737.0,0,https://hf-mirror.com/datasets/choucsan/Gaokao-Compass-11M/resolve/main/data/2025/henan/school-admission.csv,2026-09-20T06:33:22+00:00
henan,2025,phy,本科批,首选物理，再选不限,兰州财经大学,兰州财经大学,502,205818,0,https://hf-mirror.com/datasets/choucsan/Gaokao-Compass-11M/resolve/main/data/2025/henan/school-admission.csv,2026-09-20T06:33:22+00:00
henan,2025,phy,本科批,（106）,兰州财经大学,兰州财经大学,539,136912,0,https://hf-mirror.com/datasets/choucsan/Gaokao-Compass-11M/resolve/main/data/2025/henan/school-admission.csv,2026-09-20T06:33:22+00:00
henan,2025,phy,本科批,（103）,兰州财经大学,兰州财经大学,520,171586.0,0,https://hf-mirror.com/datasets/choucsan/Gaokao-Compass-11M/resolve/main/data/2025/henan/school-admission.csv,2026-09-20T06:33:22+00:00
henan,2025,phy,本科批,（103）,甘肃政法大学,甘肃政法大学,540,135096,0,https://hf-mirror.com/datasets/choucsan/Gaokao-Compass-11M/resolve/main/data/2025/henan/school-admission.csv,2026-09-20T06:33:22+00:00
henan,2025,phy,本科批,（105）,甘肃政法大学,甘肃政法大学,544,128153,0,https://hf-mirror.com/datasets/choucsan/Gaokao-Compass-11M/resolve/main/data/2025/henan/school-admission.csv,2026-09-20T06:33:22+00:00
henan,2025,phy,本科批,（105）,宁夏医科大学,宁夏医科大学,480,,0,https://hf-mirror.com/datasets/choucsan/Gaokao-Compass-11M/resolve/main/data/2025/henan/school-admission.csv,2026-09-20T06:33:22+00:00
henan,2025,phy,本科批,首选物理，再选化学,宁夏医科大学,宁夏医科大学,524,164057,0,https://hf-mirror.com/datasets/choucsan/Gaokao-Compass-11M/resolve/main/data/2025/henan/school-admission.csv,2026-09-20T06:33:22+00:00
henan,2025,phy,本科批,首选物理，再选不限,防灾科技学院,防灾科技学院,517,177095,0,https://hf-mirror.com/datasets/choucsan/Gaokao-Compass-11M/resolve/main/data/2025/henan/school-admission.csv,2026-09-20T06:33:22+00:00
henan,2025,phy,本科批,首选物理，再选化学,防灾科技学院,防灾科技学院,524,164057,0,https://hf-mirror.com/datasets/choucsan/Gaokao-Compass-11M/resolve/main/data/2025/henan/school-admission.csv,2026-09-20T06:33:22+00:00
henan,2025,phy,本科批,（107）,防灾科技学院,防灾科技学院,531,151364.0,0,https://hf-mirror.com/datasets/choucsan/Gaokao-Compass-11M/resolve/main/data/2025/henan/school-admission.csv,2026-09-20T06:33:22+00:00
henan,2025,phy,本科批,（102）,喀什大学,喀什大学,479,,216,https://hf-mirror.com/datasets/choucsan/Gaokao-Compass-11M/resolve/main/data/2025/henan/school-admission.csv,2026-09-20T06:33:22+00:00
henan,2025,phy,本科批,（104）,喀什大学,喀什大学,487,234918,373,https://hf-mirror.com/datasets/choucsan/Gaokao-Compass-11M/resolve/main/data/2025/henan/school-admission.csv,2026-09-20T06:33:22+00:00
henan,2025,phy,本科批,（103）,喀什大学,喀什大学,497,215411.0,4,https://hf-mirror.com/datasets/choucsan/Gaokao-Compass-11M/resolve/main/data/2025/henan/school-admission.csv,2026-09-20T06:33:22+00:00
henan,2025,phy,本科批,（101）,喀什大学,喀什大学,490,229094.0,9,https://hf-mirror.com/datasets/choucsan/Gaokao-Compass-11M/resolve/main/data/2025/henan/school-admission.csv,2026-09-20T06:33:22+00:00
henan,2025,phy,本科批,（105）,喀什大学,喀什大学,499,211621.0,16,https://hf-mirror.com/datasets/choucsan/Gaokao-Compass-11M/resolve/main/data/2025/henan/school-admission.csv,2026-09-20T06:33:22+00:00
henan,2025,phy,本科批,（111）,贺州学院,贺州学院,492,217439.0,12,https://hf-mirror.com/datasets/choucsan/Gaokao-Compass-11M/resolve/main/data/2025/henan/school-admission.csv,2026-09-20T06:33:22+00:00
henan,2025,phy,本科批,（112）,贺州学院,贺州学院,510,190228,24,https://hf-mirror.com/datasets/choucsan/Gaokao-Compass-11M/resolve/main/data/2025/henan/school-admission.csv,2026-09-20T06:33:22+00:00
henan,2025,phy,本科批,（110）,四川文理学院,四川文理学院,519,171586.0,12,https://hf-mirror.com/datasets/choucsan/Gaokao-Compass-11M/resolve/main/data/2025/henan/school-admission.csv,2026-09-20T06:33:22+00:00
henan,2025,phy,本科批,（112）,四川文理学院,四川文理学院,523,165927,16,https://hf-mirror.com/datasets/choucsan/Gaokao-Compass-11M/resolve/main/data/2025/henan/school-admission.csv,2026-09-20T06:33:22+00:00
henan,2025,phy,本科批,（107）,安顺学院,安顺学院,500,209695.0,1,https://hf-mirror.com/datasets/choucsan/Gaokao-Compass-11M/resolve/main/data/2025/henan/school-admission.csv,2026-09-20T06:33:22+00:00
henan,2025,phy,本科批,首选物理，再选化学,安顺学院,安顺学院,495,219377,4,https://hf-mirror.com/datasets/choucsan/Gaokao-Compass-11M/resolve/main/data/2025/henan/school-admission.csv,2026-09-20T06:33:22+00:00
henan,2025,phy,本科批,（106）,昆明学院,昆明学院,521,169654.0,2,https://hf-mirror.com/datasets/choucsan/Gaokao-Compass-11M/resolve/main/data/2025/henan/school-admission.csv,2026-09-20T06:33:22+00:00
henan,2025,phy,本科批,（105）,昆明学院,昆明学院,528,156750,23,https://hf-mirror.com/datasets/choucsan/Gaokao-Compass-11M/resolve/main/data/2025/henan/school-admission.csv,2026-09-20T06:33:22+00:00
henan,2025,phy,本科批,（103）,昆明学院,昆明学院,554,110951,4,https://hf-mirror.com/datasets/choucsan/Gaokao-Compass-11M/resolve/main/data/2025/henan/school-admission.csv,2026-09-20T06:33:22+00:00
henan,2025,phy,本科批,（101）,昆明学院,昆明学院,515,180864.0,2,https://hf-mirror.com/datasets/choucsan/Gaokao-Compass-11M/resolve/main/data/2025/henan/school-admission.csv,2026-09-20T06:33:22+00:00
henan,2025,phy,本科批,首选物理，再选不限,三明学院,三明学院,488,232985,49,https://hf-mirror.com/datasets/choucsan/Gaokao-Compass-11M/resolve/main/data/2025/henan/school-admission.csv,2026-09-20T06:33:22+00:00
henan,2025,phy,本科批,首选物理，再选化学,三明学院,三明学院,453,,128,https://hf-mirror.com/datasets/choucsan/Gaokao-Compass-11M/resolve/main/data/2025/henan/school-admission.csv,2026-09-20T06:33:22+00:00
henan,2025,phy,本科批,（103）,龙岩学院,龙岩学院,492,225208,0,https://hf-mirror.com/datasets/choucsan/Gaokao-Compass-11M/resolve/main/data/2025/henan/school-admission.csv,2026-09-20T06:33:22+00:00
henan,2025,phy,本科批,（102）,龙岩学院,龙岩学院,497,215411,0,https://hf-mirror.com/datasets/choucsan/Gaokao-Compass-11M/resolve/main/data/2025/henan/school-admission.csv,2026-09-20T06:33:22+00:00
henan,2025,phy,本科批,（101）,上海商学院,上海商学院,551,116078,0,https://hf-mirror.com/datasets/choucsan/Gaokao-Compass-11M/resolve/main/data/2025/henan/school-admission.csv,2026-09-20T06:33:22+00:00
henan,2025,phy,本科批,（102）,上海商学院,上海商学院,569,87297.0,0,https://hf-mirror.com/datasets/choucsan/Gaokao-Compass-11M/resolve/main/data/2025/henan/school-admission.csv,2026-09-20T06:33:22+00:00
henan,2025,phy,本科批,首选物理，再选不限,上海政法学院,上海政法学院,588,60488,0,https://hf-mirror.com/datasets/choucsan/Gaokao-Compass-11M/resolve/main/data/2025/henan/school-admission.csv,2026-09-20T06:33:22+00:00
henan,2025,phy,本科批,首选物理，再选不限,安康学院,安康学院,502,205818,9,https://hf-mirror.com/datasets/choucsan/Gaokao-Compass-11M/resolve/main/data/2025/henan/school-admission.csv,2026-09-20T06:33:22+00:00
henan,2025,phy,本科批,（104）,安康学院,安康学院,502,205818,33,https://hf-mirror.com/datasets/choucsan/Gaokao-Compass-11M/resolve/main/data/2025/henan/school-admission.csv,2026-09-20T06:33:22+00:00
henan,2025,phy,本科批,（105）,安康学院,安康学院,491,227136.0,3,https://hf-mirror.com/datasets/choucsan/Gaokao-Compass-11M/resolve/main/data/2025/henan/school-admission.csv,2026-09-20T06:33:22+00:00
henan,2025,phy,本科批,（101）,金陵科技学院,金陵科技学院,548,121209,10,https://hf-mirror.com/datasets/choucsan/Gaokao-Compass-11M/resolve/main/data/2025/henan/school-admission.csv,2026-09-20T06:33:22+00:00
henan,2025,phy,本科批,（102）,金陵科技学院,金陵科技学院,561,99681,35,https://hf-mirror.com/datasets/choucsan/Gaokao-Compass-11M/resolve/main/data/2025/henan/school-admission.csv,2026-09-20T06:33:22+00:00
henan,2025,phy,本科批,（102）,徐州工程学院,徐州工程学院,548,121209.0,0,https://hf-mirror.com/datasets/choucsan/Gaokao-Compass-11M/resolve/main/data/2025/henan/school-admission.csv,2026-09-20T06:33:22+00:00
henan,2025,phy,本科批,首选物理，再选化学,徐州工程学院,徐州工程学院,534,145853,0,https://hf-mirror.com/datasets/choucsan/Gaokao-Compass-11M/resolve/main/data/2025/henan/school-admission.csv,2026-09-20T06:33:22+00:00
henan,2025,phy,本科批,（105）,湖南科技学院,湖南科技学院,513,184632.0,0,https://hf-mirror.com/datasets/choucsan/Gaokao-Compass-11M/resolve/main/data/2025/henan/school-admission.csv,2026-09-20T06:33:22+00:00
henan,2025,phy,本科批,首选物理，再选化学,湖南科技学院,湖南科技学院,522,167752,0,https://hf-mirror.com/datasets/choucsan/Gaokao-Compass-11M/resolve/main/data/2025/henan/school-admission.csv,2026-09-20T06:33:22+00:00
henan,2025,phy,本科批,首选物理，再选不限,重庆科技大学,重庆科技大学,518,175267,15,https://hf-mirror.com/datasets/choucsan/Gaokao-Compass-11M/resolve/main/data/2025/henan/school-admission.csv,2026-09-20T06:33:22+00:00
henan,2025,phy,本科批,首选物理，再选化学,重庆科技大学,重庆科技大学,560,101279,59,https://hf-mirror.com/datasets/choucsan/Gaokao-Compass-11M/resolve/main/data/2025/henan/school-admission.csv,2026-09-20T06:33:22+00:00
henan,2025,phy,本科批,（107）,榆林学院,榆林学院,511,188315.0,0,https://hf-mirror.com/datasets/choucsan/Gaokao-Compass-11M/resolve/main/data/2025/henan/school-admission.csv,2026-09-20T06:33:22+00:00
henan,2025,phy,本科批,首选物理，再选化学,榆林学院,榆林学院,484,,0,https://hf-mirror.com/datasets/choucsan/Gaokao-Compass-11M/resolve/main/data/2025/henan/school-admission.csv,2026-09-20T06:33:22+00:00
henan,2025,phy,本科批,（106）,榆林学院,榆林学院,497,215411.0,0,https://hf-mirror.com/datasets/choucsan/Gaokao-Compass-11M/resolve/main/data/2025/henan/school-admission.csv,2026-09-20T06:33:22+00:00
henan,2025,phy,本科批,首选物理，再选不限,宁夏师范大学,宁夏师范大学,516,178995,5,https://hf-mirror.com/datasets/choucsan/Gaokao-Compass-11M/resolve/main/data/2025/henan/school-admission.csv,2026-09-20T06:33:22+00:00
henan,2025,phy,本科批,首选物理，再选化学,宁夏师范大学,宁夏师范大学,521,169654,26,https://hf-mirror.com/datasets/choucsan/Gaokao-Compass-11M/resolve/main/data/2025/henan/school-admission.csv,2026-09-20T06:33:22+00:00
henan,2025,phy,本科批,（116）,宁夏师范大学,宁夏师范大学,514,182751.0,2,https://hf-mirror.com/datasets/choucsan/Gaokao-Compass-11M/resolve/main/data/2025/henan/school-admission.csv,2026-09-20T06:33:22+00:00
henan,2025,phy,本科批,（106）,百色学院,百色学院,495,219377.0,2,https://hf-mirror.com/datasets/choucsan/Gaokao-Compass-11M/resolve/main/data/2025/henan/school-admission.csv,2026-09-20T06:33:22+00:00
henan,2025,phy,本科批,（107）,百色学院,百色学院,500,209695,20,https://hf-mirror.com/datasets/choucsan/Gaokao-Compass-11M/resolve/main/data/2025/henan/school-admission.csv,2026-09-20T06:33:22+00:00
henan,2025,phy,本科批,（103）,北部湾大学,北部湾大学,530,153170.0,0,https://hf-mirror.com/datasets/choucsan/Gaokao-Compass-11M/resolve/main/data/2025/henan/school-admission.csv,2026-09-20T06:33:22+00:00
henan,2025,phy,本科批,首选物理，再选化学,北部湾大学,北部湾大学,496,217439,0,https://hf-mirror.com/datasets/choucsan/Gaokao-Compass-11M/resolve/main/data/2025/henan/school-admission.csv,2026-09-20T06:33:22+00:00
henan,2025,phy,本科批,（102）,四川警察学院,四川警察学院,566,91732.0,0,https://hf-mirror.com/datasets/choucsan/Gaokao-Compass-11M/resolve/main/data/2025/henan/school-admission.csv,2026-09-20T06:33:22+00:00
henan,2025,phy,本科批,首选物理，再选化学,铜仁学院,铜仁学院,498,,12,https://hf-mirror.com/datasets/choucsan/Gaokao-Compass-11M/resolve/main/data/2025/henan/school-admission.csv,2026-09-20T06:33:22+00:00
henan,2025,phy,本科批,（101）,凯里学院,凯里学院,509,182751.0,25,https://hf-mirror.com/datasets/choucsan/Gaokao-Compass-11M/resolve/main/data/2025/henan/school-admission.csv,2026-09-20T06:33:22+00:00
henan,2025,phy,本科批,首选物理，再选不限,河北金融学院,河北金融学院,507,196008,17,https://hf-mirror.com/datasets/choucsan/Gaokao-Compass-11M/resolve/main/data/2025/henan/school-admission.csv,2026-09-20T06:33:22+00:00
henan,2025,phy,本科批,（103）,河北金融学院,河北金融学院,536,142192.0,11,https://hf-mirror.com/datasets/choucsan/Gaokao-Compass-11M/resolve/main/data/2025/henan/school-admission.csv,2026-09-20T06:33:22+00:00
henan,2025,phy,本科批,（101）,山西医药学院,山西医药学院,525,162191,25,https://hf-mirror.com/datasets/choucsan/Gaokao-Compass-11M/resolve/main/data/2025/henan/school-admission.csv,2026-09-20T06:33:22+00:00
henan,2025,phy,本科批,（103）,吉林医药学院,吉林医药学院,526,160378.0,0,https://hf-mirror.com/datasets/choucsan/Gaokao-Compass-11M/resolve/main/data/2025/henan/school-admission.csv,2026-09-20T06:33:22+00:00
henan,2025,phy,本科批,（102）,吉林医药学院,吉林医药学院,519,173388,0,https://hf-mirror.com/datasets/choucsan/Gaokao-Compass-11M/resolve/main/data/2025/henan/school-admission.csv,2026-09-20T06:33:22+00:00
henan,2025,phy,本科批,首选物理，再选化学、生物(2科必选),吉林医药学院,吉林医药学院,482,,0,https://hf-mirror.com/datasets/choucsan/Gaokao-Compass-11M/resolve/main/data/2025/henan/school-admission.csv,2026-09-20T06:33:22+00:00
henan,2025,phy,本科批,（103）,山西工程技术学院,山西工程技术学院,508,194093.0,0,https://hf-mirror.com/datasets/choucsan/Gaokao-Compass-11M/resolve/main/data/2025/henan/school-admission.csv,2026-09-20T06:33:22+00:00
henan,2025,phy,本科批,（101）,山西工程技术学院,山西工程技术学院,514,182751,0,https://hf-mirror.com/datasets/choucsan/Gaokao-Compass-11M/resolve/main/data/2025/henan/school-admission.csv,2026-09-20T06:33:22+00:00
henan,2025,phy,本科批,首选物理，再选不限,营口理工学院,营口理工学院,495,219377,19,https://hf-mirror.com/datasets/choucsan/Gaokao-Compass-11M/resolve/main/data/2025/henan/school-admission.csv,2026-09-20T06:33:22+00:00
henan,2025,phy,本科批,（102）,营口理工学院,营口理工学院,509,192194,103,https://hf-mirror.com/datasets/choucsan/Gaokao-Compass-11M/resolve/main/data/2025/henan/school-admission.csv,2026-09-20T06:33:22+00:00
henan,2025,phy,本科批,首选物理，再选不限,浙江外国语学院,浙江外国语学院,534,145853,59,https://hf-mirror.com/datasets/choucsan/Gaokao-Compass-11M/resolve/main/data/2025/henan/school-admission.csv,2026-09-20T06:33:22+00:00
henan,2025,phy,本科批,（102）,浙江外国语学院,浙江外国语学院,558,99681.0,14,https://hf-mirror.com/datasets/choucsan/Gaokao-Compass-11M/resolve/main/data/2025/henan/school-admission.csv,2026-09-20T06:33:22+00:00
henan,2025,phy,本科批,（102）,山东农业工程学院,山东农业工程学院,512,186510,33,https://hf-mirror.com/datasets/choucsan/Gaokao-Compass-11M/resolve/main/data/2025/henan/school-admission.csv,2026-09-20T06:33:22+00:00
henan,2025,phy,本科批,（102）,天津体育学院,天津体育学院,525,162191,0,https://hf-mirror.com/datasets/choucsan/Gaokao-Compass-11M/resolve/main/data/2025/henan/school-admission.csv,2026-09-20T06:33:22+00:00
henan,2025,phy,本科批,（103）,天津体育学院,天津体育学院,538,138722.0,0,https://hf-mirror.com/datasets/choucsan/Gaokao-Compass-11M/resolve/main/data/2025/henan/school-admission.csv,2026-09-20T06:33:22+00:00
henan,2025,phy,本科批,首选物理，再选不限,郑州大学,郑州大学,553,112668,0,https://hf-mirror.com/datasets/choucsan/Gaokao-Compass-11M/resolve/main/data/2025/henan/school-admission.csv,2026-09-20T06:33:22+00:00
henan,2025,phy,本科批,首选物理，再选化学,郑州大学,郑州大学,577,75584,0,https://hf-mirror.com/datasets/choucsan/Gaokao-Compass-11M/resolve/main/data/2025/henan/school-admission.csv,2026-09-20T06:33:22+00:00
henan,2025,phy,本科批,首选物理，再选不限,许昌学院,许昌学院,481,,336,https://hf-mirror.com/datasets/choucsan/Gaokao-Compass-11M/resolve/main/data/2025/henan/school-admission.csv,2026-09-20T06:33:22+00:00
henan,2025,phy,本科批,首选物理，再选化学,许昌学院,许昌学院,470,,2732,https://hf-mirror.com/datasets/choucsan/Gaokao-Compass-11M/resolve/main/data/2025/henan/school-admission.csv,2026-09-20T06:33:22+00:00
henan,2025,phy,本科批,（104）,许昌学院,许昌学院,519,173388.0,33,https://hf-mirror.com/datasets/choucsan/Gaokao-Compass-11M/resolve/main/data/2025/henan/school-admission.csv,2026-09-20T06:33:22+00:00
henan,2025,phy,本科批,首选物理，再选不限,南阳理工学院,南阳理工学院,489,,114,https://hf-mirror.com/datasets/choucsan/Gaokao-Compass-11M/resolve/main/data/2025/henan/school-admission.csv,2026-09-20T06:33:22+00:00
henan,2025,phy,本科批,首选物理，再选化学,南阳理工学院,南阳理工学院,485,,1475,https://hf-mirror.com/datasets/choucsan/Gaokao-Compass-11M/resolve/main/data/2025/henan/school-admission.csv,2026-09-20T06:33:22+00:00
henan,2025,phy,本科批,首选物理，再选化学、生物(2科必选),南阳理工学院,南阳理工学院,482,,76,https://hf-mirror.com/datasets/choucsan/Gaokao-Compass-11M/resolve/main/data/2025/henan/school-admission.csv,2026-09-20T06:33:22+00:00
henan,2025,phy,本科批,首选物理，再选不限,河南财经政法大学,河南财经政法大学,521,169654,782,https://hf-mirror.com/datasets/choucsan/Gaokao-Compass-11M/resolve/main/data/2025/henan/school-admission.csv,2026-09-20T06:33:22+00:00
henan,2025,phy,本科批,首选物理，再选化学,河南财经政法大学,河南财经政法大学,528,156750,3561,https://hf-mirror.com/datasets/choucsan/Gaokao-Compass-11M/resolve/main/data/2025/henan/school-admission.csv,2026-09-20T06:33:22+00:00
henan,2025,phy,本科批,首选物理，再选不限,华北水利水电大学,华北水利水电大学,506,197957,340,https://hf-mirror.com/datasets/choucsan/Gaokao-Compass-11M/resolve/main/data/2025/henan/school-admission.csv,2026-09-20T06:33:22+00:00
henan,2025,phy,本科批,首选物理，再选化学,华北水利水电大学,华北水利水电大学,490,229094,3892,https://hf-mirror.com/datasets/choucsan/Gaokao-Compass-11M/resolve/main/data/2025/henan/school-admission.csv,2026-09-20T06:33:22+00:00
henan,2025,phy,本科批,首选物理，再选不限,河南理工大学,河南理工大学,513,184632,0,https://hf-mirror.com/datasets/choucsan/Gaokao-Compass-11M/resolve/main/data/2025/henan/school-admission.csv,2026-09-20T06:33:22+00:00
henan,2025,phy,本科批,首选物理，再选化学,河南理工大学,河南理工大学,534,145853,0,https://hf-mirror.com/datasets/choucsan/Gaokao-Compass-11M/resolve/main/data/2025/henan/school-admission.csv,2026-09-20T06:33:22+00:00
henan,2025,phy,本科批,首选物理，再选不限,中原工学院,中原工学院,490,229094,0,https://hf-mirror.com/datasets/choucsan/Gaokao-Compass-11M/resolve/main/data/2025/henan/school-admission.csv,2026-09-20T06:33:22+00:00
henan,2025,phy,本科批,首选物理，再选化学,中原工学院,中原工学院,515,180864,0,https://hf-mirror.com/datasets/choucsan/Gaokao-Compass-11M/resolve/main/data/2025/henan/school-admission.csv,2026-09-20T06:33:22+00:00
henan,2025,phy,本科批,（104）,中原工学院,中原工学院,543,129826.0,0,https://hf-mirror.com/datasets/choucsan/Gaokao-Compass-11M/resolve/main/data/2025/henan/school-admission.csv,2026-09-20T06:33:22+00:00
henan,2025,phy,本科批,首选物理，再选不限,平顶山学院,平顶山学院,483,,0,https://hf-mirror.com/datasets/choucsan/Gaokao-Compass-11M/resolve/main/data/2025/henan/school-admission.csv,2026-09-20T06:33:22+00:00
henan,2025,phy,本科批,首选物理，再选化学,平顶山学院,平顶山学院,485,,0,https://hf-mirror.com/datasets/choucsan/Gaokao-Compass-11M/resolve/main/data/2025/henan/school-admission.csv,2026-09-20T06:33:22+00:00
henan,2025,phy,本科批,（102）,平顶山学院,平顶山学院,508,194093.0,0,https://hf-mirror.com/datasets/choucsan/Gaokao-Compass-11M/resolve/main/data/2025/henan/school-admission.csv,2026-09-20T06:33:22+00:00
henan,2025,phy,本科批,（103）,平顶山学院,平顶山学院,525,162191.0,0,https://hf-mirror.com/datasets/choucsan/Gaokao-Compass-11M/resolve/main/data/2025/henan/school-admission.csv,2026-09-20T06:33:22+00:00
henan,2025,phy,本科批,（104）,平顶山学院,平顶山学院,511,188315.0,0,https://hf-mirror.com/datasets/choucsan/Gaokao-Compass-11M/resolve/main/data/2025/henan/school-admission.csv,2026-09-20T06:33:22+00:00
henan,2025,phy,本科批,首选物理，再选不限,安阳工学院,安阳工学院,477,,0,https://hf-mirror.com/datasets/choucsan/Gaokao-Compass-11M/resolve/main/data/2025/henan/school-admission.csv,2026-09-20T06:33:22+00:00
henan,2025,phy,本科批,首选物理，再选化学,安阳工学院,安阳工学院,447,,0,https://hf-mirror.com/datasets/choucsan/Gaokao-Compass-11M/resolve/main/data/2025/henan/school-admission.csv,2026-09-20T06:33:22+00:00
henan,2025,phy,本科批,（101）,信阳农林学院,信阳农林学院,485,,730,https://hf-mirror.com/datasets/choucsan/Gaokao-Compass-11M/resolve/main/data/2025/henan/school-admission.csv,2026-09-20T06:33:22+00:00
henan,2025,phy,本科批,（102）,信阳农林学院,信阳农林学院,485,,2548,https://hf-mirror.com/datasets/choucsan/Gaokao-Compass-11M/resolve/main/data/2025/henan/school-admission.csv,2026-09-20T06:33:22+00:00
henan,2025,phy,本科批,（104）,信阳农林学院,信阳农林学院,490,229094.0,69,https://hf-mirror.com/datasets/choucsan/Gaokao-Compass-11M/resolve/main/data/2025/henan/school-admission.csv,2026-09-20T06:33:22+00:00
henan,2025,phy,本科批,（103）,信阳农林学院,信阳农林学院,484,,76,https://hf-mirror.com/datasets/choucsan/Gaokao-Compass-11M/resolve/main/data/2025/henan/school-admission.csv,2026-09-20T06:33:22+00:00
henan,2025,phy,本科批,（103）,河南工程学院,河南工程学院,517,177095,0,https://hf-mirror.com/datasets/choucsan/Gaokao-Compass-11M/resolve/main/data/2025/henan/school-admission.csv,2026-09-20T06:33:22+00:00
henan,2025,phy,本科批,首选物理，再选化学,河南工程学院,河南工程学院,499,211621,0,https://hf-mirror.com/datasets/choucsan/Gaokao-Compass-11M/resolve/main/data/2025/henan/school-admission.csv,2026-09-20T06:33:22+00:00
henan,2025,phy,本科批,（107）,河南工程学院,河南工程学院,526,154977.0,0,https://hf-mirror.com/datasets/choucsan/Gaokao-Compass-11M/resolve/main/data/2025/henan/school-admission.csv,2026-09-20T06:33:22+00:00
henan,2025,phy,本科批,（104）,河南工程学院,河南工程学院,517,169654.0,0,https://hf-mirror.com/datasets/choucsan/Gaokao-Compass-11M/resolve/main/data/2025/henan/school-admission.csv,2026-09-20T06:33:22+00:00
henan,2025,phy,本科批,首选物理，再选不限,新乡学院,新乡学院,484,,0,https://hf-mirror.com/datasets/choucsan/Gaokao-Compass-11M/resolve/main/data/2025/henan/school-admission.csv,2026-09-20T06:33:22+00:00
henan,2025,phy,本科批,首选物理，再选化学,新乡学院,新乡学院,490,229094,0,https://hf-mirror.com/datasets/choucsan/Gaokao-Compass-11M/resolve/main/data/2025/henan/school-admission.csv,2026-09-20T06:33:22+00:00
henan,2025,phy,本科批,（102）,郑州升达经贸管理学院,郑州升达经贸管理学院,452,,0,https://hf-mirror.com/datasets/choucsan/Gaokao-Compass-11M/resolve/main/data/2025/henan/school-admission.csv,2026-09-20T06:33:22+00:00
henan,2025,phy,本科批,（103）,郑州升达经贸管理学院,郑州升达经贸管理学院,461,,0,https://hf-mirror.com/datasets/choucsan/Gaokao-Compass-11M/resolve/main/data/2025/henan/school-admission.csv,2026-09-20T06:33:22+00:00
henan,2025,phy,本科批,首选物理，再选不限,商丘工学院,商丘工学院,430,,701,https://hf-mirror.com/datasets/choucsan/Gaokao-Compass-11M/resolve/main/data/2025/henan/school-admission.csv,2026-09-20T06:33:22+00:00
henan,2025,phy,本科批,首选物理，再选化学,商丘工学院,商丘工学院,427,,2723,https://hf-mirror.com/datasets/choucsan/Gaokao-Compass-11M/resolve/main/data/2025/henan/school-admission.csv,2026-09-20T06:33:22+00:00
henan,2025,phy,本科批,（103）,河南工学院,河南工学院,514,175267.0,222,https://hf-mirror.com/datasets/choucsan/Gaokao-Compass-11M/resolve/main/data/2025/henan/school-admission.csv,2026-09-20T06:33:22+00:00
henan,2025,phy,本科批,首选物理，再选化学,河南工学院,河南工学院,525,162191,3270,https://hf-mirror.com/datasets/choucsan/Gaokao-Compass-11M/resolve/main/data/2025/henan/school-admission.csv,2026-09-20T06:33:22+00:00
henan,2025,phy,本科批,（103）,黄河交通学院,黄河交通学院,434,,0,https://hf-mirror.com/datasets/choucsan/Gaokao-Compass-11M/resolve/main/data/2025/henan/school-admission.csv,2026-09-20T06:33:22+00:00
henan,2025,phy,本科批,（101）,黄河交通学院,黄河交通学院,438,,0,https://hf-mirror.com/datasets/choucsan/Gaokao-Compass-11M/resolve/main/data/2025/henan/school-admission.csv,2026-09-20T06:33:22+00:00
henan,2025,phy,本科批,（102）,黄河交通学院,黄河交通学院,449,,0,https://hf-mirror.com/datasets/choucsan/Gaokao-Compass-11M/resolve/main/data/2025/henan/school-admission.csv,2026-09-20T06:33:22+00:00
henan,2025,phy,本科批,首选物理，再选不限,郑州工程技术学院,郑州工程技术学院,492,225208,0,https://hf-mirror.com/datasets/choucsan/Gaokao-Compass-11M/resolve/main/data/2025/henan/school-admission.csv,2026-09-20T06:33:22+00:00
henan,2025,phy,本科批,首选物理，再选化学,郑州工程技术学院,郑州工程技术学院,510,190228,0,https://hf-mirror.com/datasets/choucsan/Gaokao-Compass-11M/resolve/main/data/2025/henan/school-admission.csv,2026-09-20T06:33:22+00:00
henan,2025,phy,本科批,（205）,华北水利水电大学乌拉尔学院,华北水利水电大学乌拉尔学院,462,,17,https://hf-mirror.com/datasets/choucsan/Gaokao-Compass-11M/resolve/main/data/2025/henan/school-admission.csv,2026-09-20T06:33:22+00:00
henan,2025,phy,本科批,首选物理，再选化学,华北水利水电大学乌拉尔学院,华北水利水电大学乌拉尔学院,473,,63,https://hf-mirror.com/datasets/choucsan/Gaokao-Compass-11M/resolve/main/data/2025/henan/school-admission.csv,2026-09-20T06:33:22+00:00
henan,2025,phy,本科批,首选物理，再选不限,河南师范大学,河南师范大学,538,138722,0,https://hf-mirror.com/datasets/choucsan/Gaokao-Compass-11M/resolve/main/data/2025/henan/school-admission.csv,2026-09-20T06:33:22+00:00
henan,2025,phy,本科批,首选物理，再选化学,河南师范大学,河南师范大学,492,225208,0,https://hf-mirror.com/datasets/choucsan/Gaokao-Compass-11M/resolve/main/data/2025/henan/school-admission.csv,2026-09-20T06:33:22+00:00
henan,2025,phy,本科批,（109）,河南师范大学,河南师范大学,558,104553.0,0,https://hf-mirror.com/datasets/choucsan/Gaokao-Compass-11M/resolve/main/data/2025/henan/school-admission.csv,2026-09-20T06:33:22+00:00
henan,2025,phy,本科批,（102）,新乡工程学院,新乡工程学院,427,,0,https://hf-mirror.com/datasets/choucsan/Gaokao-Compass-11M/resolve/main/data/2025/henan/school-admission.csv,2026-09-20T06:33:22+00:00
henan,2025,phy,本科批,（103）,新乡工程学院,新乡工程学院,432,,0,https://hf-mirror.com/datasets/choucsan/Gaokao-Compass-11M/resolve/main/data/2025/henan/school-admission.csv,2026-09-20T06:33:22+00:00
henan,2025,phy,本科批,（104）,新乡工程学院,新乡工程学院,431,,0,https://hf-mirror.com/datasets/choucsan/Gaokao-Compass-11M/resolve/main/data/2025/henan/school-admission.csv,2026-09-20T06:33:22+00:00
henan,2025,phy,本科批,（102）,郑州经贸学院,郑州经贸学院,435,,0,https://hf-mirror.com/datasets/choucsan/Gaokao-Compass-11M/resolve/main/data/2025/henan/school-admission.csv,2026-09-20T06:33:22+00:00
henan,2025,phy,本科批,（103）,郑州经贸学院,郑州经贸学院,453,,0,https://hf-mirror.com/datasets/choucsan/Gaokao-Compass-11M/resolve/main/data/2025/henan/school-admission.csv,2026-09-20T06:33:22+00:00
henan,2025,phy,本科批,（104）,豫北医学院,豫北医学院,428,,0,https://hf-mirror.com/datasets/choucsan/Gaokao-Compass-11M/resolve/main/data/2025/henan/school-admission.csv,2026-09-20T06:33:22+00:00
henan,2025,phy,本科批,（102）,豫北医学院,豫北医学院,440,,0,https://hf-mirror.com/datasets/choucsan/Gaokao-Compass-11M/resolve/main/data/2025/henan/school-admission.csv,2026-09-20T06:33:22+00:00
henan,2025,phy,本科批,（101）,豫北医学院,豫北医学院,533,147701.0,0,https://hf-mirror.com/datasets/choucsan/Gaokao-Compass-11M/resolve/main/data/2025/henan/school-admission.csv,2026-09-20T06:33:22+00:00
henan,2025,phy,本科批,（103）,豫北医学院,豫北医学院,468,,0,https://hf-mirror.com/datasets/choucsan/Gaokao-Compass-11M/resolve/main/data/2025/henan/school-admission.csv,2026-09-20T06:33:22+00:00
henan,2025,phy,本科批,（101）,河南体育学院,河南体育学院,488,225208.0,120,https://hf-mirror.com/datasets/choucsan/Gaokao-Compass-11M/resolve/main/data/2025/henan/school-admission.csv,2026-09-20T06:33:22+00:00
henan,2025,phy,本科批,（105）,重庆人文科技学院,重庆人文科技学院,469,,0,https://hf-mirror.com/datasets/choucsan/Gaokao-Compass-11M/resolve/main/data/2025/henan/school-admission.csv,2026-09-20T06:33:22+00:00
