uni_code,uni_name,aliases,uni_prov,city,level,kind,nature,source,fetched_at
6292.0,安阳职业技术学院,,henan,,普通本科,,公办,https://hf-mirror.com/datasets/choucsan/Gaokao-Compass-11M/resolve/main/data/2025/anhui/school-admission.csv,2026-09-20T07:29:41+00:00
1016.0,包头轻工职业技术学院,,neimenggu,,普通本科,,公办,https://hf-mirror.com/datasets/choucsan/Gaokao-Compass-11M/resolve/main/data/2025/anhui/school-admission.csv,2026-09-20T07:29:41+00:00
9731.0,北京科技职业大学,,beijing,,普通本科,,公办,https://hf-mirror.com/datasets/choucsan/Gaokao-Compass-11M/resolve/main/data/2025/anhui/school-admission.csv,2026-09-20T07:29:41+00:00
1076.0,毕节职业技术学院,,guizhou,,普通本科,,公办,https://hf-mirror.com/datasets/choucsan/Gaokao-Compass-11M/resolve/main/data/2025/anhui/school-admission.csv,2026-09-20T07:29:41+00:00
8239.0,渤海船舶职业学院,,liaoning,,普通本科,,公办,https://hf-mirror.com/datasets/choucsan/Gaokao-Compass-11M/resolve/main/data/2025/anhui/school-admission.csv,2026-09-20T07:29:41+00:00
7096.0,长春金融高等专科学校,,jilin,,普通本科,,公办,https://hf-mirror.com/datasets/choucsan/Gaokao-Compass-11M/resolve/main/data/2025/anhui/school-admission.csv,2026-09-20T07:29:41+00:00
8519.0,常州机电职业技术学院,,jiangsu,,普通本科,,公办,https://hf-mirror.com/datasets/choucsan/Gaokao-Compass-11M/resolve/main/data/2025/anhui/school-admission.csv,2026-09-20T07:29:41+00:00
8326.0,重庆财经职业学院,,chongqing,,普通本科,,公办,https://hf-mirror.com/datasets/choucsan/Gaokao-Compass-11M/resolve/main/data/2025/anhui/school-admission.csv,2026-09-20T07:29:41+00:00
7432.0,重庆工信职业学院,,chongqing,,普通本科,,公办,https://hf-mirror.com/datasets/choucsan/Gaokao-Compass-11M/resolve/main/data/2025/anhui/school-admission.csv,2026-09-20T07:29:41+00:00
9093.0,重庆工业职业技术大学,,chongqing,,普通本科,,公办,https://hf-mirror.com/datasets/choucsan/Gaokao-Compass-11M/resolve/main/data/2025/anhui/school-admission.csv,2026-09-20T07:29:41+00:00
1180.0,重庆护理职业学院,,chongqing,,民办/独立学院,,民办,https://hf-mirror.com/datasets/choucsan/Gaokao-Compass-11M/resolve/main/data/2025/anhui/school-admission.csv,2026-09-20T07:29:41+00:00
9877.0,重庆幼儿师范高等专科学校,,chongqing,,普通本科,,公办,https://hf-mirror.com/datasets/choucsan/Gaokao-Compass-11M/resolve/main/data/2025/anhui/school-admission.csv,2026-09-20T07:29:41+00:00
7286.0,楚雄医药高等专科学校,,yunnan,,普通本科,,公办,https://hf-mirror.com/datasets/choucsan/Gaokao-Compass-11M/resolve/main/data/2025/anhui/school-admission.csv,2026-09-20T07:29:41+00:00
8233.0,大连职业技术学院,,liaoning,,普通本科,,公办,https://hf-mirror.com/datasets/choucsan/Gaokao-Compass-11M/resolve/main/data/2025/anhui/school-admission.csv,2026-09-20T07:29:41+00:00
8723.0,东莞职业技术学院,,guangdong,,普通本科,,公办,https://hf-mirror.com/datasets/choucsan/Gaokao-Compass-11M/resolve/main/data/2025/anhui/school-admission.csv,2026-09-20T07:29:41+00:00
9523.0,福建电力职业技术学院,,fujian,,普通本科,,公办,https://hf-mirror.com/datasets/choucsan/Gaokao-Compass-11M/resolve/main/data/2025/anhui/school-admission.csv,2026-09-20T07:29:41+00:00
1386.0,广西水利电力职业技术学院,,guangxi,,普通本科,,公办,https://hf-mirror.com/datasets/choucsan/Gaokao-Compass-11M/resolve/main/data/2025/anhui/school-admission.csv,2026-09-20T07:29:41+00:00
7232.0,广西体育高等专科学校,,guangxi,,普通本科,,公办,https://hf-mirror.com/datasets/choucsan/Gaokao-Compass-11M/resolve/main/data/2025/anhui/school-admission.csv,2026-09-20T07:29:41+00:00
7707.0,广州职业技术大学,,guangdong,,普通本科,,公办,https://hf-mirror.com/datasets/choucsan/Gaokao-Compass-11M/resolve/main/data/2025/anhui/school-admission.csv,2026-09-20T07:29:41+00:00
9809.0,海南经贸职业技术学院,,hainan,,普通本科,,公办,https://hf-mirror.com/datasets/choucsan/Gaokao-Compass-11M/resolve/main/data/2025/anhui/school-admission.csv,2026-09-20T07:29:41+00:00
9671.0,海南外国语职业学院,,hainan,,普通本科,,公办,https://hf-mirror.com/datasets/choucsan/Gaokao-Compass-11M/resolve/main/data/2025/anhui/school-admission.csv,2026-09-20T07:29:41+00:00
9667.0,海南卫生健康职业学院,,hainan,,普通本科,,公办,https://hf-mirror.com/datasets/choucsan/Gaokao-Compass-11M/resolve/main/data/2025/anhui/school-admission.csv,2026-09-20T07:29:41+00:00
7195.0,汉江师范学院,,hubei,,普通本科,,公办,https://hf-mirror.com/datasets/choucsan/Gaokao-Compass-11M/resolve/main/data/2025/anhui/school-admission.csv,2026-09-20T07:29:41+00:00
8745.0,杭州科技职业技术学院,,zhejiang,,普通本科,,公办,https://hf-mirror.com/datasets/choucsan/Gaokao-Compass-11M/resolve/main/data/2025/anhui/school-admission.csv,2026-09-20T07:29:41+00:00
8581.0,杭州职业技术大学,,zhejiang,,普通本科,,公办,https://hf-mirror.com/datasets/choucsan/Gaokao-Compass-11M/resolve/main/data/2025/anhui/school-admission.csv,2026-09-20T07:29:41+00:00
8113.0,河北轨道运输职业技术学院,,hebei,,普通本科,,公办,https://hf-mirror.com/datasets/choucsan/Gaokao-Compass-11M/resolve/main/data/2025/anhui/school-admission.csv,2026-09-20T07:29:41+00:00
7704.0,河北化工医药职业技术学院,,hebei,,普通本科,,公办,https://hf-mirror.com/datasets/choucsan/Gaokao-Compass-11M/resolve/main/data/2025/anhui/school-admission.csv,2026-09-20T07:29:41+00:00
8112.0,河北交通职业技术学院,,hebei,,普通本科,,公办,https://hf-mirror.com/datasets/choucsan/Gaokao-Compass-11M/resolve/main/data/2025/anhui/school-admission.csv,2026-09-20T07:29:41+00:00
7008.0,河北科技工程职业技术大学,,hebei,,普通本科,,公办,https://hf-mirror.com/datasets/choucsan/Gaokao-Compass-11M/resolve/main/data/2025/anhui/school-admission.csv,2026-09-20T07:29:41+00:00
9424.0,河北正定师范高等专科学校,,hebei,,普通本科,,公办,https://hf-mirror.com/datasets/choucsan/Gaokao-Compass-11M/resolve/main/data/2025/anhui/school-admission.csv,2026-09-20T07:29:41+00:00
6317.0,河南医学高等专科学校,,henan,,普通本科,,公办,https://hf-mirror.com/datasets/choucsan/Gaokao-Compass-11M/resolve/main/data/2025/anhui/school-admission.csv,2026-09-20T07:29:41+00:00
1598.0,鹤壁职业技术学院,,henan,,普通本科,,公办,https://hf-mirror.com/datasets/choucsan/Gaokao-Compass-11M/resolve/main/data/2025/anhui/school-admission.csv,2026-09-20T07:29:41+00:00
8381.0,黑龙江农垦职业学院,,heilongjiang,,普通本科,,公办,https://hf-mirror.com/datasets/choucsan/Gaokao-Compass-11M/resolve/main/data/2025/anhui/school-admission.csv,2026-09-20T07:29:41+00:00
8379.0,黑龙江农业工程职业学院,,heilongjiang,,普通本科,,公办,https://hf-mirror.com/datasets/choucsan/Gaokao-Compass-11M/resolve/main/data/2025/anhui/school-admission.csv,2026-09-20T07:29:41+00:00
8841.0,湖北职业技术学院,,hubei,,普通本科,,公办,https://hf-mirror.com/datasets/choucsan/Gaokao-Compass-11M/resolve/main/data/2025/anhui/school-admission.csv,2026-09-20T07:29:41+00:00
9783.0,江汉艺术职业学院,,hubei,,普通本科,,公办,https://hf-mirror.com/datasets/choucsan/Gaokao-Compass-11M/resolve/main/data/2025/anhui/school-admission.csv,2026-09-20T07:29:41+00:00
7123.0,江苏城市职业学院,,jiangsu,,普通本科,,公办,https://hf-mirror.com/datasets/choucsan/Gaokao-Compass-11M/resolve/main/data/2025/anhui/school-admission.csv,2026-09-20T07:29:41+00:00
8513.0,江苏电子信息职业学院,,jiangsu,,普通本科,,公办,https://hf-mirror.com/datasets/choucsan/Gaokao-Compass-11M/resolve/main/data/2025/anhui/school-admission.csv,2026-09-20T07:29:41+00:00
8509.0,江苏工程职业技术学院,,jiangsu,,普通本科,,公办,https://hf-mirror.com/datasets/choucsan/Gaokao-Compass-11M/resolve/main/data/2025/anhui/school-admission.csv,2026-09-20T07:29:41+00:00
9488.0,江苏经贸职业技术学院,,jiangsu,,普通本科,,公办,https://hf-mirror.com/datasets/choucsan/Gaokao-Compass-11M/resolve/main/data/2025/anhui/school-admission.csv,2026-09-20T07:29:41+00:00
9774.0,江西航空职业技术学院,,jiangxi,,民办/独立学院,,民办,https://hf-mirror.com/datasets/choucsan/Gaokao-Compass-11M/resolve/main/data/2025/anhui/school-admission.csv,2026-09-20T07:29:41+00:00
8706.0,江西机电职业技术学院,,jiangxi,,普通本科,,公办,https://hf-mirror.com/datasets/choucsan/Gaokao-Compass-11M/resolve/main/data/2025/anhui/school-admission.csv,2026-09-20T07:29:41+00:00
4325.0,江西医学高等专科学校,,jiangxi,,普通本科,,公办,https://hf-mirror.com/datasets/choucsan/Gaokao-Compass-11M/resolve/main/data/2025/anhui/school-admission.csv,2026-09-20T07:29:41+00:00
8710.0,江西应用技术职业学院,,jiangxi,,普通本科,,公办,https://hf-mirror.com/datasets/choucsan/Gaokao-Compass-11M/resolve/main/data/2025/anhui/school-admission.csv,2026-09-20T07:29:41+00:00
7342.0,抚州医药学院,,jiangxi,,普通本科,,公办,https://hf-mirror.com/datasets/choucsan/Gaokao-Compass-11M/resolve/main/data/2025/anhui/school-admission.csv,2026-09-20T07:29:41+00:00
9375.0,黎明职业大学,,fujian,,普通本科,,公办,https://hf-mirror.com/datasets/choucsan/Gaokao-Compass-11M/resolve/main/data/2025/anhui/school-admission.csv,2026-09-20T07:29:41+00:00
7125.0,连云港师范学院,,jiangsu,,普通本科,,公办,https://hf-mirror.com/datasets/choucsan/Gaokao-Compass-11M/resolve/main/data/2025/anhui/school-admission.csv,2026-09-20T07:29:41+00:00
8507.0,连云港职业技术学院,,jiangsu,,普通本科,,公办,https://hf-mirror.com/datasets/choucsan/Gaokao-Compass-11M/resolve/main/data/2025/anhui/school-admission.csv,2026-09-20T07:29:41+00:00
7077.0,辽宁民族师范高等专科学校,,liaoning,,普通本科,,公办,https://hf-mirror.com/datasets/choucsan/Gaokao-Compass-11M/resolve/main/data/2025/anhui/school-admission.csv,2026-09-20T07:29:41+00:00
1974.0,辽宁生态工程职业学院,,liaoning,,普通本科,,公办,https://hf-mirror.com/datasets/choucsan/Gaokao-Compass-11M/resolve/main/data/2025/anhui/school-admission.csv,2026-09-20T07:29:41+00:00
9441.0,临汾职业技术学院,,shanxi,,普通本科,,公办,https://hf-mirror.com/datasets/choucsan/Gaokao-Compass-11M/resolve/main/data/2025/anhui/school-admission.csv,2026-09-20T07:29:41+00:00
9766.0,闽西职业技术学院,,fujian,,普通本科,,公办,https://hf-mirror.com/datasets/choucsan/Gaokao-Compass-11M/resolve/main/data/2025/anhui/school-admission.csv,2026-09-20T07:29:41+00:00
2040.0,南昌健康职业技术学院,,jiangxi,,普通本科,,公办,https://hf-mirror.com/datasets/choucsan/Gaokao-Compass-11M/resolve/main/data/2025/anhui/school-admission.csv,2026-09-20T07:29:41+00:00
8510.0,南京机电职业技术学院,,jiangsu,,普通本科,,公办,https://hf-mirror.com/datasets/choucsan/Gaokao-Compass-11M/resolve/main/data/2025/anhui/school-admission.csv,2026-09-20T07:29:41+00:00
9750.0,南京铁道职业技术学院,,jiangsu,,普通本科,,公办,https://hf-mirror.com/datasets/choucsan/Gaokao-Compass-11M/resolve/main/data/2025/anhui/school-admission.csv,2026-09-20T07:29:41+00:00
8231.0,盘锦职业技术学院,,liaoning,,普通本科,,公办,https://hf-mirror.com/datasets/choucsan/Gaokao-Compass-11M/resolve/main/data/2025/anhui/school-admission.csv,2026-09-20T07:29:41+00:00
7629.0,齐鲁医药学院,,shandong,,民办/独立学院,,民办,https://hf-mirror.com/datasets/choucsan/Gaokao-Compass-11M/resolve/main/data/2025/anhui/school-admission.csv,2026-09-20T07:29:41+00:00
7282.0,曲靖健康医学院,,yunnan,,普通本科,,公办,https://hf-mirror.com/datasets/choucsan/Gaokao-Compass-11M/resolve/main/data/2025/anhui/school-admission.csv,2026-09-20T07:29:41+00:00
2200.0,三门峡职业技术学院,,henan,,普通本科,,公办,https://hf-mirror.com/datasets/choucsan/Gaokao-Compass-11M/resolve/main/data/2025/anhui/school-admission.csv,2026-09-20T07:29:41+00:00
8925.0,三亚护理职业学院,,hainan,,民办/独立学院,,民办,https://hf-mirror.com/datasets/choucsan/Gaokao-Compass-11M/resolve/main/data/2025/anhui/school-admission.csv,2026-09-20T07:29:41+00:00
8416.0,山东商务职业学院,,shandong,,普通本科,,公办,https://hf-mirror.com/datasets/choucsan/Gaokao-Compass-11M/resolve/main/data/2025/anhui/school-admission.csv,2026-09-20T07:29:41+00:00
6205.0,商丘工学院,,henan,,民办/独立学院,,民办,https://hf-mirror.com/datasets/choucsan/Gaokao-Compass-11M/resolve/main/data/2025/anhui/school-admission.csv,2026-09-20T07:29:41+00:00
2319.0,商丘职业技术学院,,henan,,普通本科,,公办,https://hf-mirror.com/datasets/choucsan/Gaokao-Compass-11M/resolve/main/data/2025/anhui/school-admission.csv,2026-09-20T07:29:41+00:00
8455.0,上海邦德职业技术学院,,shanghai,,民办/独立学院,,民办,https://hf-mirror.com/datasets/choucsan/Gaokao-Compass-11M/resolve/main/data/2025/anhui/school-admission.csv,2026-09-20T07:29:41+00:00
8457.0,上海东海职业技术学院,,shanghai,,民办/独立学院,,民办,https://hf-mirror.com/datasets/choucsan/Gaokao-Compass-11M/resolve/main/data/2025/anhui/school-admission.csv,2026-09-20T07:29:41+00:00
8458.0,上海工商外国语职业学院,,shanghai,,民办/独立学院,,民办,https://hf-mirror.com/datasets/choucsan/Gaokao-Compass-11M/resolve/main/data/2025/anhui/school-admission.csv,2026-09-20T07:29:41+00:00
8453.0,上海工商职业技术学院,,shanghai,,民办/独立学院,,民办,https://hf-mirror.com/datasets/choucsan/Gaokao-Compass-11M/resolve/main/data/2025/anhui/school-admission.csv,2026-09-20T07:29:41+00:00
8447.0,上海交通职业技术学院,,shanghai,,普通本科,,公办,https://hf-mirror.com/datasets/choucsan/Gaokao-Compass-11M/resolve/main/data/2025/anhui/school-admission.csv,2026-09-20T07:29:41+00:00
7117.0,上海旅游高等专科学校,,shanghai,,普通本科,,公办,https://hf-mirror.com/datasets/choucsan/Gaokao-Compass-11M/resolve/main/data/2025/anhui/school-admission.csv,2026-09-20T07:29:41+00:00
7431.0,上海南湖职业技术学院,,shanghai,,普通本科,,公办,https://hf-mirror.com/datasets/choucsan/Gaokao-Compass-11M/resolve/main/data/2025/anhui/school-admission.csv,2026-09-20T07:29:41+00:00
8450.0,上海农林职业技术学院,,shanghai,,普通本科,,公办,https://hf-mirror.com/datasets/choucsan/Gaokao-Compass-11M/resolve/main/data/2025/anhui/school-admission.csv,2026-09-20T07:29:41+00:00
8880.0,上海浦东职业技术学院,,shanghai,,普通本科,,公办,https://hf-mirror.com/datasets/choucsan/Gaokao-Compass-11M/resolve/main/data/2025/anhui/school-admission.csv,2026-09-20T07:29:41+00:00
7608.0,上海杉达学院,,shanghai,,民办/独立学院,,民办,https://hf-mirror.com/datasets/choucsan/Gaokao-Compass-11M/resolve/main/data/2025/anhui/school-admission.csv,2026-09-20T07:29:41+00:00
8464.0,上海现代化工职业学院,,shanghai,,普通本科,,公办,https://hf-mirror.com/datasets/choucsan/Gaokao-Compass-11M/resolve/main/data/2025/anhui/school-admission.csv,2026-09-20T07:29:41+00:00
8442.0,上海行健职业学院,,shanghai,,普通本科,,公办,https://hf-mirror.com/datasets/choucsan/Gaokao-Compass-11M/resolve/main/data/2025/anhui/school-admission.csv,2026-09-20T07:29:41+00:00
9832.0,上海震旦职业学院,,shanghai,,民办/独立学院,,民办,https://hf-mirror.com/datasets/choucsan/Gaokao-Compass-11M/resolve/main/data/2025/anhui/school-admission.csv,2026-09-20T07:29:41+00:00
7403.0,石家庄幼儿师范高等专科学校,,hebei,,普通本科,,公办,https://hf-mirror.com/datasets/choucsan/Gaokao-Compass-11M/resolve/main/data/2025/anhui/school-admission.csv,2026-09-20T07:29:41+00:00
9753.0,苏州健雄职业技术学院,,jiangsu,,普通本科,,公办,https://hf-mirror.com/datasets/choucsan/Gaokao-Compass-11M/resolve/main/data/2025/anhui/school-admission.csv,2026-09-20T07:29:41+00:00
8311.0,苏州卫生职业技术学院,,jiangsu,,普通本科,,公办,https://hf-mirror.com/datasets/choucsan/Gaokao-Compass-11M/resolve/main/data/2025/anhui/school-admission.csv,2026-09-20T07:29:41+00:00
8746.0,台州科技职业学院,,zhejiang,,普通本科,,公办,https://hf-mirror.com/datasets/choucsan/Gaokao-Compass-11M/resolve/main/data/2025/anhui/school-admission.csv,2026-09-20T07:29:41+00:00
2502.0,太原幼儿师范高等专科学校,,shanxi,,普通本科,,公办,https://hf-mirror.com/datasets/choucsan/Gaokao-Compass-11M/resolve/main/data/2025/anhui/school-admission.csv,2026-09-20T07:29:41+00:00
7727.0,唐山幼儿师范高等专科学校,,hebei,,普通本科,,公办,https://hf-mirror.com/datasets/choucsan/Gaokao-Compass-11M/resolve/main/data/2025/anhui/school-admission.csv,2026-09-20T07:29:41+00:00
8755.0,威海职业学院,,shandong,,普通本科,,公办,https://hf-mirror.com/datasets/choucsan/Gaokao-Compass-11M/resolve/main/data/2025/anhui/school-admission.csv,2026-09-20T07:29:41+00:00
6640.0,温州商学院,,zhejiang,,民办/独立学院,,民办,https://hf-mirror.com/datasets/choucsan/Gaokao-Compass-11M/resolve/main/data/2025/anhui/school-admission.csv,2026-09-20T07:29:41+00:00
9788.0,武汉民政职业学院,,hubei,,普通本科,,公办,https://hf-mirror.com/datasets/choucsan/Gaokao-Compass-11M/resolve/main/data/2025/anhui/school-admission.csv,2026-09-20T07:29:41+00:00
9251.0,西安城市建设职业学院,,shaanxi,,民办/独立学院,,民办,https://hf-mirror.com/datasets/choucsan/Gaokao-Compass-11M/resolve/main/data/2025/anhui/school-admission.csv,2026-09-20T07:29:41+00:00
8826.0,西藏职业技术学院,,xizang,,普通本科,,公办,https://hf-mirror.com/datasets/choucsan/Gaokao-Compass-11M/resolve/main/data/2025/anhui/school-admission.csv,2026-09-20T07:29:41+00:00
8412.0,厦门城市职业学院,,fujian,,普通本科,,公办,https://hf-mirror.com/datasets/choucsan/Gaokao-Compass-11M/resolve/main/data/2025/anhui/school-admission.csv,2026-09-20T07:29:41+00:00
8724.0,襄阳科技职业学院,,hubei,,普通本科,,公办,https://hf-mirror.com/datasets/choucsan/Gaokao-Compass-11M/resolve/main/data/2025/anhui/school-admission.csv,2026-09-20T07:29:41+00:00
8840.0,襄阳职业技术学院,,hubei,,普通本科,,公办,https://hf-mirror.com/datasets/choucsan/Gaokao-Compass-11M/resolve/main/data/2025/anhui/school-admission.csv,2026-09-20T07:29:41+00:00
2768.0,信阳航空职业学院,,henan,,民办/独立学院,,民办,https://hf-mirror.com/datasets/choucsan/Gaokao-Compass-11M/resolve/main/data/2025/anhui/school-admission.csv,2026-09-20T07:29:41+00:00
6288.0,信阳职业技术学院,,henan,,普通本科,,公办,https://hf-mirror.com/datasets/choucsan/Gaokao-Compass-11M/resolve/main/data/2025/anhui/school-admission.csv,2026-09-20T07:29:41+00:00
8371.0,伊春职业学院,,heilongjiang,,普通本科,,公办,https://hf-mirror.com/datasets/choucsan/Gaokao-Compass-11M/resolve/main/data/2025/anhui/school-admission.csv,2026-09-20T07:29:41+00:00
8725.0,宜昌科技职业学院,,hubei,,普通本科,,公办,https://hf-mirror.com/datasets/choucsan/Gaokao-Compass-11M/resolve/main/data/2025/anhui/school-admission.csv,2026-09-20T07:29:41+00:00
2816.0,宜春职业技术学院,,jiangxi,,普通本科,,公办,https://hf-mirror.com/datasets/choucsan/Gaokao-Compass-11M/resolve/main/data/2025/anhui/school-admission.csv,2026-09-20T07:29:41+00:00
8582.0,义乌工商职业技术学院,,zhejiang,,普通本科,,公办,https://hf-mirror.com/datasets/choucsan/Gaokao-Compass-11M/resolve/main/data/2025/anhui/school-admission.csv,2026-09-20T07:29:41+00:00
9163.0,云南财经职业学院,,yunnan,,普通本科,,公办,https://hf-mirror.com/datasets/choucsan/Gaokao-Compass-11M/resolve/main/data/2025/anhui/school-admission.csv,2026-09-20T07:29:41+00:00
9821.0,云南林业职业技术学院,,yunnan,,普通本科,,公办,https://hf-mirror.com/datasets/choucsan/Gaokao-Compass-11M/resolve/main/data/2025/anhui/school-admission.csv,2026-09-20T07:29:41+00:00
9223.0,云南能源职业技术学院,,yunnan,,普通本科,,公办,https://hf-mirror.com/datasets/choucsan/Gaokao-Compass-11M/resolve/main/data/2025/anhui/school-admission.csv,2026-09-20T07:29:41+00:00
8695.0,枣庄职业学院,,shandong,,普通本科,,公办,https://hf-mirror.com/datasets/choucsan/Gaokao-Compass-11M/resolve/main/data/2025/anhui/school-admission.csv,2026-09-20T07:29:41+00:00
3260.0,张家口学院,,hebei,,普通本科,,公办,https://hf-mirror.com/datasets/choucsan/Gaokao-Compass-11M/resolve/main/data/2025/anhui/school-admission.csv,2026-09-20T07:29:41+00:00
9371.0,漳州职业技术学院,,fujian,,普通本科,,公办,https://hf-mirror.com/datasets/choucsan/Gaokao-Compass-11M/resolve/main/data/2025/anhui/school-admission.csv,2026-09-20T07:29:41+00:00
8564.0,浙江安防职业技术学院,,zhejiang,,普通本科,,公办,https://hf-mirror.com/datasets/choucsan/Gaokao-Compass-11M/resolve/main/data/2025/anhui/school-admission.csv,2026-09-20T07:29:41+00:00
9491.0,浙江纺织服装职业技术学院,,zhejiang,,普通本科,,公办,https://hf-mirror.com/datasets/choucsan/Gaokao-Compass-11M/resolve/main/data/2025/anhui/school-admission.csv,2026-09-20T07:29:41+00:00
8592.0,浙江工业职业技术学院,,zhejiang,,普通本科,,公办,https://hf-mirror.com/datasets/choucsan/Gaokao-Compass-11M/resolve/main/data/2025/anhui/school-admission.csv,2026-09-20T07:29:41+00:00
8369.0,浙江国际海运职业技术学院,,zhejiang,,普通本科,,公办,https://hf-mirror.com/datasets/choucsan/Gaokao-Compass-11M/resolve/main/data/2025/anhui/school-admission.csv,2026-09-20T07:29:41+00:00
8591.0,浙江机电职业技术大学,,zhejiang,,普通本科,,公办,https://hf-mirror.com/datasets/choucsan/Gaokao-Compass-11M/resolve/main/data/2025/anhui/school-admission.csv,2026-09-20T07:29:41+00:00
8593.0,浙江建设职业技术学院,,zhejiang,,普通本科,,公办,https://hf-mirror.com/datasets/choucsan/Gaokao-Compass-11M/resolve/main/data/2025/anhui/school-admission.csv,2026-09-20T07:29:41+00:00
8602.0,浙江经贸职业技术学院,,zhejiang,,普通本科,,公办,https://hf-mirror.com/datasets/choucsan/Gaokao-Compass-11M/resolve/main/data/2025/anhui/school-admission.csv,2026-09-20T07:29:41+00:00
2900.0,浙江警官职业学院,,zhejiang,,普通本科,,公办,https://hf-mirror.com/datasets/choucsan/Gaokao-Compass-11M/resolve/main/data/2025/anhui/school-admission.csv,2026-09-20T07:29:41+00:00
8598.0,浙江商业职业技术学院,,zhejiang,,普通本科,,公办,https://hf-mirror.com/datasets/choucsan/Gaokao-Compass-11M/resolve/main/data/2025/anhui/school-admission.csv,2026-09-20T07:29:41+00:00
8561.0,浙江邮电职业技术学院,,zhejiang,,普通本科,,公办,https://hf-mirror.com/datasets/choucsan/Gaokao-Compass-11M/resolve/main/data/2025/anhui/school-admission.csv,2026-09-20T07:29:41+00:00
7122.0,镇江市高等专科学校,,jiangsu,,普通本科,,公办,https://hf-mirror.com/datasets/choucsan/Gaokao-Compass-11M/resolve/main/data/2025/anhui/school-admission.csv,2026-09-20T07:29:41+00:00
6538.0,郑州卫生健康职业学院,,henan,,普通本科,,公办,https://hf-mirror.com/datasets/choucsan/Gaokao-Compass-11M/resolve/main/data/2025/anhui/school-admission.csv,2026-09-20T07:29:41+00:00
6231.0,郑州幼儿师范高等专科学校,,henan,,普通本科,,公办,https://hf-mirror.com/datasets/choucsan/Gaokao-Compass-11M/resolve/main/data/2025/anhui/school-admission.csv,2026-09-20T07:29:41+00:00
3001.0,淄博师范高等专科学校,,shandong,,普通本科,,公办,https://hf-mirror.com/datasets/choucsan/Gaokao-Compass-11M/resolve/main/data/2025/anhui/school-admission.csv,2026-09-20T07:29:41+00:00
7142.0,安徽第二医学院,,anhui,,普通本科,,公办,https://hf-mirror.com/datasets/choucsan/Gaokao-Compass-11M/resolve/main/data/2025/anhui/school-admission.csv,2026-09-20T07:29:41+00:00
9301.0,安徽财贸职业学院,,anhui,,普通本科,,公办,https://hf-mirror.com/datasets/choucsan/Gaokao-Compass-11M/resolve/main/data/2025/anhui/school-admission.csv,2026-09-20T07:29:41+00:00
9335.0,安徽艺术职业学院,,anhui,,普通本科,,公办,https://hf-mirror.com/datasets/choucsan/Gaokao-Compass-11M/resolve/main/data/2025/anhui/school-admission.csv,2026-09-20T07:29:41+00:00
7143.0,安徽中医药高等专科学校,,anhui,,普通本科,,公办,https://hf-mirror.com/datasets/choucsan/Gaokao-Compass-11M/resolve/main/data/2025/anhui/school-admission.csv,2026-09-20T07:29:41+00:00
7140.0,合肥幼儿师范高等专科学校,,anhui,,普通本科,,公办,https://hf-mirror.com/datasets/choucsan/Gaokao-Compass-11M/resolve/main/data/2025/anhui/school-admission.csv,2026-09-20T07:29:41+00:00
9365.0,马鞍山师范高等专科学校,,anhui,,普通本科,,公办,https://hf-mirror.com/datasets/choucsan/Gaokao-Compass-11M/resolve/main/data/2025/anhui/school-admission.csv,2026-09-20T07:29:41+00:00
7145.0,桐城师范高等专科学校,,anhui,,普通本科,,公办,https://hf-mirror.com/datasets/choucsan/Gaokao-Compass-11M/resolve/main/data/2025/anhui/school-admission.csv,2026-09-20T07:29:41+00:00
9378.0,芜湖航空职业学院,,anhui,,民办/独立学院,,民办,https://hf-mirror.com/datasets/choucsan/Gaokao-Compass-11M/resolve/main/data/2025/anhui/school-admission.csv,2026-09-20T07:29:41+00:00
1380.0,北京林业大学,,beijing,,211,,公办,https://hf-mirror.com/datasets/choucsan/Gaokao-Compass-11M/resolve/main/data/2025/anhui/school-admission.csv,2026-09-20T07:29:41+00:00
1275.0,华东理工大学,,shanghai,,211,,公办,https://hf-mirror.com/datasets/choucsan/Gaokao-Compass-11M/resolve/main/data/2025/anhui/school-admission.csv,2026-09-20T07:29:41+00:00
1410.0,华东师范大学,,shanghai,,985,,公办,https://hf-mirror.com/datasets/choucsan/Gaokao-Compass-11M/resolve/main/data/2025/anhui/school-admission.csv,2026-09-20T07:29:41+00:00
1415.0,华中师范大学,,hubei,,211,,公办,https://hf-mirror.com/datasets/choucsan/Gaokao-Compass-11M/resolve/main/data/2025/anhui/school-admission.csv,2026-09-20T07:29:41+00:00
1855.0,南京师范大学,,jiangsu,,211,,公办,https://hf-mirror.com/datasets/choucsan/Gaokao-Compass-11M/resolve/main/data/2025/anhui/school-admission.csv,2026-09-20T07:29:41+00:00
4100.0,安徽师范大学,,anhui,,普通本科,,公办,https://hf-mirror.com/datasets/choucsan/Gaokao-Compass-11M/resolve/main/data/2025/anhui/school-admission.csv,2026-09-20T07:29:41+00:00
2815.0,安徽医科大学,,anhui,,普通本科,,公办,https://hf-mirror.com/datasets/choucsan/Gaokao-Compass-11M/resolve/main/data/2025/anhui/school-admission.csv,2026-09-20T07:29:41+00:00
4135.0,安徽中医药大学,,anhui,,普通本科,,公办,https://hf-mirror.com/datasets/choucsan/Gaokao-Compass-11M/resolve/main/data/2025/anhui/school-admission.csv,2026-09-20T07:29:41+00:00
4170.0,淮南师范学院,,anhui,,普通本科,,公办,https://hf-mirror.com/datasets/choucsan/Gaokao-Compass-11M/resolve/main/data/2025/anhui/school-admission.csv,2026-09-20T07:29:41+00:00
5625.0,安康学院,,shaanxi,,普通本科,,公办,https://hf-mirror.com/datasets/choucsan/Gaokao-Compass-11M/resolve/main/data/2025/anhui/school-admission.csv,2026-09-20T07:29:41+00:00
6137.0,安阳工学院,,henan,,普通本科,,公办,https://hf-mirror.com/datasets/choucsan/Gaokao-Compass-11M/resolve/main/data/2025/anhui/school-admission.csv,2026-09-20T07:29:41+00:00
3585.0,鞍山师范学院,,liaoning,,普通本科,,公办,https://hf-mirror.com/datasets/choucsan/Gaokao-Compass-11M/resolve/main/data/2025/anhui/school-admission.csv,2026-09-20T07:29:41+00:00
5340.0,宝鸡文理学院,,shaanxi,,普通本科,,公办,https://hf-mirror.com/datasets/choucsan/Gaokao-Compass-11M/resolve/main/data/2025/anhui/school-admission.csv,2026-09-20T07:29:41+00:00
5685.0,北部湾大学,,guangxi,,普通本科,,公办,https://hf-mirror.com/datasets/choucsan/Gaokao-Compass-11M/resolve/main/data/2025/anhui/school-admission.csv,2026-09-20T07:29:41+00:00
3015.0,北方民族大学,,ningxia,,普通本科,,公办,https://hf-mirror.com/datasets/choucsan/Gaokao-Compass-11M/resolve/main/data/2025/anhui/school-admission.csv,2026-09-20T07:29:41+00:00
3620.0,北华大学,,jilin,,普通本科,,公办,https://hf-mirror.com/datasets/choucsan/Gaokao-Compass-11M/resolve/main/data/2025/anhui/school-admission.csv,2026-09-20T07:29:41+00:00
3315.0,北华航天工业学院,,hebei,,普通本科,,公办,https://hf-mirror.com/datasets/choucsan/Gaokao-Compass-11M/resolve/main/data/2025/anhui/school-admission.csv,2026-09-20T07:29:41+00:00
1106.0,北京大学医学部,,beijing,,985,,公办,https://hf-mirror.com/datasets/choucsan/Gaokao-Compass-11M/resolve/main/data/2025/anhui/school-admission.csv,2026-09-20T07:29:41+00:00
3150.0,北京服装学院,,beijing,,普通本科,,公办,https://hf-mirror.com/datasets/choucsan/Gaokao-Compass-11M/resolve/main/data/2025/anhui/school-admission.csv,2026-09-20T07:29:41+00:00
1550.0,北京工商大学,,beijing,,普通本科,,公办,https://hf-mirror.com/datasets/choucsan/Gaokao-Compass-11M/resolve/main/data/2025/anhui/school-admission.csv,2026-09-20T07:29:41+00:00
1225.0,北京化工大学,,beijing,,211,,公办,https://hf-mirror.com/datasets/choucsan/Gaokao-Compass-11M/resolve/main/data/2025/anhui/school-admission.csv,2026-09-20T07:29:41+00:00
1230.0,北京科技大学,,beijing,,211,,公办,https://hf-mirror.com/datasets/choucsan/Gaokao-Compass-11M/resolve/main/data/2025/anhui/school-admission.csv,2026-09-20T07:29:41+00:00
2550.0,北京联合大学,,beijing,,普通本科,,公办,https://hf-mirror.com/datasets/choucsan/Gaokao-Compass-11M/resolve/main/data/2025/anhui/school-admission.csv,2026-09-20T07:29:41+00:00
3165.0,北京石油化工学院,,beijing,,普通本科,,公办,https://hf-mirror.com/datasets/choucsan/Gaokao-Compass-11M/resolve/main/data/2025/anhui/school-admission.csv,2026-09-20T07:29:41+00:00
1.0,北京体育大学,,beijing,,211,,公办,https://hf-mirror.com/datasets/choucsan/Gaokao-Compass-11M/resolve/main/data/2025/anhui/school-admission.csv,2026-09-20T07:29:41+00:00
1430.0,北京外国语大学,,beijing,,211,,公办,https://hf-mirror.com/datasets/choucsan/Gaokao-Compass-11M/resolve/main/data/2025/anhui/school-admission.csv,2026-09-20T07:29:41+00:00
2400.0,北京物资学院,,beijing,,普通本科,,公办,https://hf-mirror.com/datasets/choucsan/Gaokao-Compass-11M/resolve/main/data/2025/anhui/school-admission.csv,2026-09-20T07:29:41+00:00
1235.0,北京邮电大学,,beijing,,211,,公办,https://hf-mirror.com/datasets/choucsan/Gaokao-Compass-11M/resolve/main/data/2025/anhui/school-admission.csv,2026-09-20T07:29:41+00:00
1390.0,北京中医药大学,,beijing,,211,,公办,https://hf-mirror.com/datasets/choucsan/Gaokao-Compass-11M/resolve/main/data/2025/anhui/school-admission.csv,2026-09-20T07:29:41+00:00
4460.0,滨州医学院,,shandong,,普通本科,,公办,https://hf-mirror.com/datasets/choucsan/Gaokao-Compass-11M/resolve/main/data/2025/anhui/school-admission.csv,2026-09-20T07:29:41+00:00
3625.0,长春大学,,jilin,,普通本科,,公办,https://hf-mirror.com/datasets/choucsan/Gaokao-Compass-11M/resolve/main/data/2025/anhui/school-admission.csv,2026-09-20T07:29:41+00:00
3630.0,长春工业大学,,jilin,,普通本科,,公办,https://hf-mirror.com/datasets/choucsan/Gaokao-Compass-11M/resolve/main/data/2025/anhui/school-admission.csv,2026-09-20T07:29:41+00:00
6791.0,长春光华学院,,jilin,,民办/独立学院,,民办,https://hf-mirror.com/datasets/choucsan/Gaokao-Compass-11M/resolve/main/data/2025/anhui/school-admission.csv,2026-09-20T07:29:41+00:00
6799.0,长春科技学院,,jilin,,民办/独立学院,,民办,https://hf-mirror.com/datasets/choucsan/Gaokao-Compass-11M/resolve/main/data/2025/anhui/school-admission.csv,2026-09-20T07:29:41+00:00
1745.0,长春理工大学,,jilin,,普通本科,,公办,https://hf-mirror.com/datasets/choucsan/Gaokao-Compass-11M/resolve/main/data/2025/anhui/school-admission.csv,2026-09-20T07:29:41+00:00
6796.0,长春人文学院,,jilin,,民办/独立学院,,民办,https://hf-mirror.com/datasets/choucsan/Gaokao-Compass-11M/resolve/main/data/2025/anhui/school-admission.csv,2026-09-20T07:29:41+00:00
3675.0,长春师范大学,,jilin,,普通本科,,公办,https://hf-mirror.com/datasets/choucsan/Gaokao-Compass-11M/resolve/main/data/2025/anhui/school-admission.csv,2026-09-20T07:29:41+00:00
2300.0,长沙理工大学,,hunan,,普通本科,,公办,https://hf-mirror.com/datasets/choucsan/Gaokao-Compass-11M/resolve/main/data/2025/anhui/school-admission.csv,2026-09-20T07:29:41+00:00
4790.0,长沙学院,,hunan,,普通本科,,公办,https://hf-mirror.com/datasets/choucsan/Gaokao-Compass-11M/resolve/main/data/2025/anhui/school-admission.csv,2026-09-20T07:29:41+00:00
3435.0,长治学院,,shanxi,,普通本科,,公办,https://hf-mirror.com/datasets/choucsan/Gaokao-Compass-11M/resolve/main/data/2025/anhui/school-admission.csv,2026-09-20T07:29:41+00:00
2880.0,常州大学,,jiangsu,,普通本科,,公办,https://hf-mirror.com/datasets/choucsan/Gaokao-Compass-11M/resolve/main/data/2025/anhui/school-admission.csv,2026-09-20T07:29:41+00:00
9700.0,成都东软学院,,sichuan,,民办/独立学院,,民办,https://hf-mirror.com/datasets/choucsan/Gaokao-Compass-11M/resolve/main/data/2025/anhui/school-admission.csv,2026-09-20T07:29:41+00:00
6664.0,成都锦城学院,,sichuan,,民办/独立学院,,民办,https://hf-mirror.com/datasets/choucsan/Gaokao-Compass-11M/resolve/main/data/2025/anhui/school-admission.csv,2026-09-20T07:29:41+00:00
4995.0,成都师范学院,,sichuan,,普通本科,,公办,https://hf-mirror.com/datasets/choucsan/Gaokao-Compass-11M/resolve/main/data/2025/anhui/school-admission.csv,2026-09-20T07:29:41+00:00
6985.0,成都银杏酒店管理学院,,sichuan,,民办/独立学院,,民办,https://hf-mirror.com/datasets/choucsan/Gaokao-Compass-11M/resolve/main/data/2025/anhui/school-admission.csv,2026-09-20T07:29:41+00:00
6713.0,重庆财经学院,,chongqing,,民办/独立学院,,民办,https://hf-mirror.com/datasets/choucsan/Gaokao-Compass-11M/resolve/main/data/2025/anhui/school-admission.csv,2026-09-20T07:29:41+00:00
5040.0,重庆第二师范学院,,chongqing,,普通本科,,公办,https://hf-mirror.com/datasets/choucsan/Gaokao-Compass-11M/resolve/main/data/2025/anhui/school-admission.csv,2026-09-20T07:29:41+00:00
9679.0,重庆工程学院,,chongqing,,民办/独立学院,,民办,https://hf-mirror.com/datasets/choucsan/Gaokao-Compass-11M/resolve/main/data/2025/anhui/school-admission.csv,2026-09-20T07:29:41+00:00
2890.0,重庆工商大学,,chongqing,,普通本科,,公办,https://hf-mirror.com/datasets/choucsan/Gaokao-Compass-11M/resolve/main/data/2025/anhui/school-admission.csv,2026-09-20T07:29:41+00:00
5655.0,重庆科技大学,,chongqing,,普通本科,,公办,https://hf-mirror.com/datasets/choucsan/Gaokao-Compass-11M/resolve/main/data/2025/anhui/school-admission.csv,2026-09-20T07:29:41+00:00
5035.0,重庆理工大学,,chongqing,,普通本科,,公办,https://hf-mirror.com/datasets/choucsan/Gaokao-Compass-11M/resolve/main/data/2025/anhui/school-admission.csv,2026-09-20T07:29:41+00:00
6604.0,重庆人文科技学院,,chongqing,,民办/独立学院,,民办,https://hf-mirror.com/datasets/choucsan/Gaokao-Compass-11M/resolve/main/data/2025/anhui/school-admission.csv,2026-09-20T07:29:41+00:00
5055.0,重庆师范大学,,chongqing,,普通本科,,公办,https://hf-mirror.com/datasets/choucsan/Gaokao-Compass-11M/resolve/main/data/2025/anhui/school-admission.csv,2026-09-20T07:29:41+00:00
6889.0,重庆移通学院,,chongqing,,民办/独立学院,,民办,https://hf-mirror.com/datasets/choucsan/Gaokao-Compass-11M/resolve/main/data/2025/anhui/school-admission.csv,2026-09-20T07:29:41+00:00
5070.0,重庆中医药学院,,chongqing,,普通本科,,公办,https://hf-mirror.com/datasets/choucsan/Gaokao-Compass-11M/resolve/main/data/2025/anhui/school-admission.csv,2026-09-20T07:29:41+00:00
5245.0,大理大学,,yunnan,,普通本科,,公办,https://hf-mirror.com/datasets/choucsan/Gaokao-Compass-11M/resolve/main/data/2025/anhui/school-admission.csv,2026-09-20T07:29:41+00:00
6943.0,大连东软信息学院,,liaoning,,民办/独立学院,,民办,https://hf-mirror.com/datasets/choucsan/Gaokao-Compass-11M/resolve/main/data/2025/anhui/school-admission.csv,2026-09-20T07:29:41+00:00
1285.0,大连海事大学,,liaoning,,211,,公办,https://hf-mirror.com/datasets/choucsan/Gaokao-Compass-11M/resolve/main/data/2025/anhui/school-admission.csv,2026-09-20T07:29:41+00:00
3595.0,大连外国语大学,,liaoning,,普通本科,,公办,https://hf-mirror.com/datasets/choucsan/Gaokao-Compass-11M/resolve/main/data/2025/anhui/school-admission.csv,2026-09-20T07:29:41+00:00
2635.0,大连医科大学,,liaoning,,普通本科,,公办,https://hf-mirror.com/datasets/choucsan/Gaokao-Compass-11M/resolve/main/data/2025/anhui/school-admission.csv,2026-09-20T07:29:41+00:00
6782.0,大连艺术学院,,liaoning,,民办/独立学院,,民办,https://hf-mirror.com/datasets/choucsan/Gaokao-Compass-11M/resolve/main/data/2025/anhui/school-admission.csv,2026-09-20T07:29:41+00:00
4405.0,德州学院,,shandong,,普通本科,,公办,https://hf-mirror.com/datasets/choucsan/Gaokao-Compass-11M/resolve/main/data/2025/anhui/school-admission.csv,2026-09-20T07:29:41+00:00
6906.0,滇池学院,,yunnan,,民办/独立学院,,民办,https://hf-mirror.com/datasets/choucsan/Gaokao-Compass-11M/resolve/main/data/2025/anhui/school-admission.csv,2026-09-20T07:29:41+00:00
2235.0,东北电力大学,,jilin,,普通本科,,公办,https://hf-mirror.com/datasets/choucsan/Gaokao-Compass-11M/resolve/main/data/2025/anhui/school-admission.csv,2026-09-20T07:29:41+00:00
1385.0,东北林业大学,,heilongjiang,,211,,公办,https://hf-mirror.com/datasets/choucsan/Gaokao-Compass-11M/resolve/main/data/2025/anhui/school-admission.csv,2026-09-20T07:29:41+00:00
1405.0,东北师范大学,,jilin,,211,,公办,https://hf-mirror.com/datasets/choucsan/Gaokao-Compass-11M/resolve/main/data/2025/anhui/school-admission.csv,2026-09-20T07:29:41+00:00
2375.0,东北石油大学,,heilongjiang,,普通本科,,公办,https://hf-mirror.com/datasets/choucsan/Gaokao-Compass-11M/resolve/main/data/2025/anhui/school-admission.csv,2026-09-20T07:29:41+00:00
4275.0,东华理工大学,,jiangxi,,普通本科,,公办,https://hf-mirror.com/datasets/choucsan/Gaokao-Compass-11M/resolve/main/data/2025/anhui/school-admission.csv,2026-09-20T07:29:41+00:00
1450.0,对外经济贸易大学,,beijing,,211,,公办,https://hf-mirror.com/datasets/choucsan/Gaokao-Compass-11M/resolve/main/data/2025/anhui/school-admission.csv,2026-09-20T07:29:41+00:00
5490.0,防灾科技学院,,hebei,,普通本科,,公办,https://hf-mirror.com/datasets/choucsan/Gaokao-Compass-11M/resolve/main/data/2025/anhui/school-admission.csv,2026-09-20T07:29:41+00:00
4820.0,佛山大学,,guangdong,,普通本科,,公办,https://hf-mirror.com/datasets/choucsan/Gaokao-Compass-11M/resolve/main/data/2025/anhui/school-admission.csv,2026-09-20T07:29:41+00:00
7461.0,福建江夏学院,,fujian,,普通本科,,公办,https://hf-mirror.com/datasets/choucsan/Gaokao-Compass-11M/resolve/main/data/2025/anhui/school-admission.csv,2026-09-20T07:29:41+00:00
7156.0,福建警察学院,,fujian,,普通本科,,公办,https://hf-mirror.com/datasets/choucsan/Gaokao-Compass-11M/resolve/main/data/2025/anhui/school-admission.csv,2026-09-20T07:29:41+00:00
5455.0,甘肃政法大学,,gansu,,普通本科,,公办,https://hf-mirror.com/datasets/choucsan/Gaokao-Compass-11M/resolve/main/data/2025/anhui/school-admission.csv,2026-09-20T07:29:41+00:00
6695.0,赣南科技学院,,jiangxi,,普通本科,,公办,https://hf-mirror.com/datasets/choucsan/Gaokao-Compass-11M/resolve/main/data/2025/anhui/school-admission.csv,2026-09-20T07:29:41+00:00
4305.0,赣南师范大学,,jiangxi,,普通本科,,公办,https://hf-mirror.com/datasets/choucsan/Gaokao-Compass-11M/resolve/main/data/2025/anhui/school-admission.csv,2026-09-20T07:29:41+00:00
2930.0,广东工业大学,,guangdong,,普通本科,,公办,https://hf-mirror.com/datasets/choucsan/Gaokao-Compass-11M/resolve/main/data/2025/anhui/school-admission.csv,2026-09-20T07:29:41+00:00
4810.0,广东石油化工学院,,guangdong,,普通本科,,公办,https://hf-mirror.com/datasets/choucsan/Gaokao-Compass-11M/resolve/main/data/2025/anhui/school-admission.csv,2026-09-20T07:29:41+00:00
4920.0,广西科技大学,,guangxi,,普通本科,,公办,https://hf-mirror.com/datasets/choucsan/Gaokao-Compass-11M/resolve/main/data/2025/anhui/school-admission.csv,2026-09-20T07:29:41+00:00
4915.0,广西师范大学,,guangxi,,普通本科,,公办,https://hf-mirror.com/datasets/choucsan/Gaokao-Compass-11M/resolve/main/data/2025/anhui/school-admission.csv,2026-09-20T07:29:41+00:00
9938.0,广西艺术学院,,guangxi,,普通本科,,公办,https://hf-mirror.com/datasets/choucsan/Gaokao-Compass-11M/resolve/main/data/2025/anhui/school-admission.csv,2026-09-20T07:29:41+00:00
5205.0,贵州财经大学,,guizhou,,普通本科,,公办,https://hf-mirror.com/datasets/choucsan/Gaokao-Compass-11M/resolve/main/data/2025/anhui/school-admission.csv,2026-09-20T07:29:41+00:00
2305.0,贵州大学,,guizhou,,211,,公办,https://hf-mirror.com/datasets/choucsan/Gaokao-Compass-11M/resolve/main/data/2025/anhui/school-admission.csv,2026-09-20T07:29:41+00:00
6900.0,贵州黔南科技学院,,guizhou,,民办/独立学院,,民办,https://hf-mirror.com/datasets/choucsan/Gaokao-Compass-11M/resolve/main/data/2025/anhui/school-admission.csv,2026-09-20T07:29:41+00:00
4925.0,桂林电子科技大学,,guangxi,,普通本科,,公办,https://hf-mirror.com/datasets/choucsan/Gaokao-Compass-11M/resolve/main/data/2025/anhui/school-admission.csv,2026-09-20T07:29:41+00:00
7221.0,桂林航天工业学院,,guangxi,,普通本科,,公办,https://hf-mirror.com/datasets/choucsan/Gaokao-Compass-11M/resolve/main/data/2025/anhui/school-admission.csv,2026-09-20T07:29:41+00:00
4930.0,桂林理工大学,,guangxi,,普通本科,,公办,https://hf-mirror.com/datasets/choucsan/Gaokao-Compass-11M/resolve/main/data/2025/anhui/school-admission.csv,2026-09-20T07:29:41+00:00
6884.0,桂林学院,,guangxi,,民办/独立学院,,民办,https://hf-mirror.com/datasets/choucsan/Gaokao-Compass-11M/resolve/main/data/2025/anhui/school-admission.csv,2026-09-20T07:29:41+00:00
3725.0,哈尔滨商业大学,,heilongjiang,,普通本科,,公办,https://hf-mirror.com/datasets/choucsan/Gaokao-Compass-11M/resolve/main/data/2025/anhui/school-admission.csv,2026-09-20T07:29:41+00:00
3720.0,哈尔滨师范大学,,heilongjiang,,普通本科,,公办,https://hf-mirror.com/datasets/choucsan/Gaokao-Compass-11M/resolve/main/data/2025/anhui/school-admission.csv,2026-09-20T07:29:41+00:00
3730.0,哈尔滨学院,,heilongjiang,,普通本科,,公办,https://hf-mirror.com/datasets/choucsan/Gaokao-Compass-11M/resolve/main/data/2025/anhui/school-admission.csv,2026-09-20T07:29:41+00:00
1765.0,哈尔滨医科大学,,heilongjiang,,普通本科,,公办,https://hf-mirror.com/datasets/choucsan/Gaokao-Compass-11M/resolve/main/data/2025/anhui/school-admission.csv,2026-09-20T07:29:41+00:00
2750.0,海南大学,,hainan,,211,,公办,https://hf-mirror.com/datasets/choucsan/Gaokao-Compass-11M/resolve/main/data/2025/anhui/school-admission.csv,2026-09-20T07:29:41+00:00
5000.0,海南热带海洋学院,,hainan,,普通本科,,公办,https://hf-mirror.com/datasets/choucsan/Gaokao-Compass-11M/resolve/main/data/2025/anhui/school-admission.csv,2026-09-20T07:29:41+00:00
5010.0,海南师范大学,,hainan,,普通本科,,公办,https://hf-mirror.com/datasets/choucsan/Gaokao-Compass-11M/resolve/main/data/2025/anhui/school-admission.csv,2026-09-20T07:29:41+00:00
5005.0,海南医科大学,,hainan,,普通本科,,公办,https://hf-mirror.com/datasets/choucsan/Gaokao-Compass-11M/resolve/main/data/2025/anhui/school-admission.csv,2026-09-20T07:29:41+00:00
1524.0,河北大学,,hebei,,普通本科,,公办,https://hf-mirror.com/datasets/choucsan/Gaokao-Compass-11M/resolve/main/data/2025/anhui/school-admission.csv,2026-09-20T07:29:41+00:00
2545.0,河北工程大学,,hebei,,普通本科,,公办,https://hf-mirror.com/datasets/choucsan/Gaokao-Compass-11M/resolve/main/data/2025/anhui/school-admission.csv,2026-09-20T07:29:41+00:00
8139.0,河北环境工程学院,,hebei,,普通本科,,公办,https://hf-mirror.com/datasets/choucsan/Gaokao-Compass-11M/resolve/main/data/2025/anhui/school-admission.csv,2026-09-20T07:29:41+00:00
3300.0,河北建筑工程学院,,hebei,,普通本科,,公办,https://hf-mirror.com/datasets/choucsan/Gaokao-Compass-11M/resolve/main/data/2025/anhui/school-admission.csv,2026-09-20T07:29:41+00:00
5705.0,河北金融学院,,hebei,,普通本科,,公办,https://hf-mirror.com/datasets/choucsan/Gaokao-Compass-11M/resolve/main/data/2025/anhui/school-admission.csv,2026-09-20T07:29:41+00:00
3280.0,河北师范大学,,hebei,,普通本科,,公办,https://hf-mirror.com/datasets/choucsan/Gaokao-Compass-11M/resolve/main/data/2025/anhui/school-admission.csv,2026-09-20T07:29:41+00:00
6080.0,河南财经政法大学,,henan,,普通本科,,公办,https://hf-mirror.com/datasets/choucsan/Gaokao-Compass-11M/resolve/main/data/2025/anhui/school-admission.csv,2026-09-20T07:29:41+00:00
6410.0,河南大学,,henan,,普通本科,,公办,https://hf-mirror.com/datasets/choucsan/Gaokao-Compass-11M/resolve/main/data/2025/anhui/school-admission.csv,2026-09-20T07:29:41+00:00
6155.0,河南工程学院,,henan,,普通本科,,公办,https://hf-mirror.com/datasets/choucsan/Gaokao-Compass-11M/resolve/main/data/2025/anhui/school-admission.csv,2026-09-20T07:29:41+00:00
1578.0,河南科技学院,,henan,,普通本科,,公办,https://hf-mirror.com/datasets/choucsan/Gaokao-Compass-11M/resolve/main/data/2025/anhui/school-admission.csv,2026-09-20T07:29:41+00:00
6100.0,河南理工大学,,henan,,普通本科,,公办,https://hf-mirror.com/datasets/choucsan/Gaokao-Compass-11M/resolve/main/data/2025/anhui/school-admission.csv,2026-09-20T07:29:41+00:00
6411.0,河南师范大学,,henan,,普通本科,,公办,https://hf-mirror.com/datasets/choucsan/Gaokao-Compass-11M/resolve/main/data/2025/anhui/school-admission.csv,2026-09-20T07:29:41+00:00
3735.0,黑河学院,,heilongjiang,,普通本科,,公办,https://hf-mirror.com/datasets/choucsan/Gaokao-Compass-11M/resolve/main/data/2025/anhui/school-admission.csv,2026-09-20T07:29:41+00:00
1601.0,黑龙江八一农垦大学,,heilongjiang,,普通本科,,公办,https://hf-mirror.com/datasets/choucsan/Gaokao-Compass-11M/resolve/main/data/2025/anhui/school-admission.csv,2026-09-20T07:29:41+00:00
3695.0,黑龙江大学,,heilongjiang,,普通本科,,公办,https://hf-mirror.com/datasets/choucsan/Gaokao-Compass-11M/resolve/main/data/2025/anhui/school-admission.csv,2026-09-20T07:29:41+00:00
8386.0,黑龙江工业学院,,heilongjiang,,普通本科,,公办,https://hf-mirror.com/datasets/choucsan/Gaokao-Compass-11M/resolve/main/data/2025/anhui/school-admission.csv,2026-09-20T07:29:41+00:00
3745.0,黑龙江科技大学,,heilongjiang,,普通本科,,公办,https://hf-mirror.com/datasets/choucsan/Gaokao-Compass-11M/resolve/main/data/2025/anhui/school-admission.csv,2026-09-20T07:29:41+00:00
2610.0,黑龙江中医药大学,,heilongjiang,,普通本科,,公办,https://hf-mirror.com/datasets/choucsan/Gaokao-Compass-11M/resolve/main/data/2025/anhui/school-admission.csv,2026-09-20T07:29:41+00:00
2210.0,湖北大学,,hubei,,普通本科,,公办,https://hf-mirror.com/datasets/choucsan/Gaokao-Compass-11M/resolve/main/data/2025/anhui/school-admission.csv,2026-09-20T07:29:41+00:00
7563.0,湖北第二师范学院,,hubei,,普通本科,,公办,https://hf-mirror.com/datasets/choucsan/Gaokao-Compass-11M/resolve/main/data/2025/anhui/school-admission.csv,2026-09-20T07:29:41+00:00
4510.0,湖北理工学院,,hubei,,普通本科,,公办,https://hf-mirror.com/datasets/choucsan/Gaokao-Compass-11M/resolve/main/data/2025/anhui/school-admission.csv,2026-09-20T07:29:41+00:00
1650.0,湖北美术学院,,hubei,,普通本科,,公办,https://hf-mirror.com/datasets/choucsan/Gaokao-Compass-11M/resolve/main/data/2025/anhui/school-admission.csv,2026-09-20T07:29:41+00:00
4625.0,湖北民族大学,,hubei,,普通本科,,公办,https://hf-mirror.com/datasets/choucsan/Gaokao-Compass-11M/resolve/main/data/2025/anhui/school-admission.csv,2026-09-20T07:29:41+00:00
4555.0,湖北汽车工业学院,,hubei,,普通本科,,公办,https://hf-mirror.com/datasets/choucsan/Gaokao-Compass-11M/resolve/main/data/2025/anhui/school-admission.csv,2026-09-20T07:29:41+00:00
4595.0,湖北师范大学,,hubei,,普通本科,,公办,https://hf-mirror.com/datasets/choucsan/Gaokao-Compass-11M/resolve/main/data/2025/anhui/school-admission.csv,2026-09-20T07:29:41+00:00
4545.0,湖北文理学院,,hubei,,普通本科,,公办,https://hf-mirror.com/datasets/choucsan/Gaokao-Compass-11M/resolve/main/data/2025/anhui/school-admission.csv,2026-09-20T07:29:41+00:00
4590.0,湖北医药学院,,hubei,,普通本科,,公办,https://hf-mirror.com/datasets/choucsan/Gaokao-Compass-11M/resolve/main/data/2025/anhui/school-admission.csv,2026-09-20T07:29:41+00:00
4735.0,湖南工业大学,,hunan,,普通本科,,公办,https://hf-mirror.com/datasets/choucsan/Gaokao-Compass-11M/resolve/main/data/2025/anhui/school-admission.csv,2026-09-20T07:29:41+00:00
5650.0,湖南科技学院,,hunan,,普通本科,,公办,https://hf-mirror.com/datasets/choucsan/Gaokao-Compass-11M/resolve/main/data/2025/anhui/school-admission.csv,2026-09-20T07:29:41+00:00
1697.0,湖南女子学院,,hunan,,普通本科,,公办,https://hf-mirror.com/datasets/choucsan/Gaokao-Compass-11M/resolve/main/data/2025/anhui/school-admission.csv,2026-09-20T07:29:41+00:00
4685.0,湖南人文科技学院,,hunan,,普通本科,,公办,https://hf-mirror.com/datasets/choucsan/Gaokao-Compass-11M/resolve/main/data/2025/anhui/school-admission.csv,2026-09-20T07:29:41+00:00
4040.0,湖州师范学院,,zhejiang,,普通本科,,公办,https://hf-mirror.com/datasets/choucsan/Gaokao-Compass-11M/resolve/main/data/2025/anhui/school-admission.csv,2026-09-20T07:29:41+00:00
6963.0,湖州学院,,zhejiang,,普通本科,,公办,https://hf-mirror.com/datasets/choucsan/Gaokao-Compass-11M/resolve/main/data/2025/anhui/school-admission.csv,2026-09-20T07:29:41+00:00
2325.0,华侨大学,,fujian,,普通本科,,公办,https://hf-mirror.com/datasets/choucsan/Gaokao-Compass-11M/resolve/main/data/2025/anhui/school-admission.csv,2026-09-20T07:29:41+00:00
4760.0,怀化学院,,hunan,,普通本科,,公办,https://hf-mirror.com/datasets/choucsan/Gaokao-Compass-11M/resolve/main/data/2025/anhui/school-admission.csv,2026-09-20T07:29:41+00:00
3905.0,淮阴师范学院,,jiangsu,,普通本科,,公办,https://hf-mirror.com/datasets/choucsan/Gaokao-Compass-11M/resolve/main/data/2025/anhui/school-admission.csv,2026-09-20T07:29:41+00:00
1145.0,吉林大学,,jilin,,985,,公办,https://hf-mirror.com/datasets/choucsan/Gaokao-Compass-11M/resolve/main/data/2025/anhui/school-admission.csv,2026-09-20T07:29:41+00:00
3680.0,吉林工程技术师范学院,,jilin,,普通本科,,公办,https://hf-mirror.com/datasets/choucsan/Gaokao-Compass-11M/resolve/main/data/2025/anhui/school-admission.csv,2026-09-20T07:29:41+00:00
3660.0,吉林建筑大学,,jilin,,普通本科,,公办,https://hf-mirror.com/datasets/choucsan/Gaokao-Compass-11M/resolve/main/data/2025/anhui/school-admission.csv,2026-09-20T07:29:41+00:00
7098.0,吉林警察学院,,jilin,,普通本科,,公办,https://hf-mirror.com/datasets/choucsan/Gaokao-Compass-11M/resolve/main/data/2025/anhui/school-admission.csv,2026-09-20T07:29:41+00:00
3635.0,吉林农业大学,,jilin,,普通本科,,公办,https://hf-mirror.com/datasets/choucsan/Gaokao-Compass-11M/resolve/main/data/2025/anhui/school-admission.csv,2026-09-20T07:29:41+00:00
7603.0,吉林外国语大学,,jilin,,民办/独立学院,,民办,https://hf-mirror.com/datasets/choucsan/Gaokao-Compass-11M/resolve/main/data/2025/anhui/school-admission.csv,2026-09-20T07:29:41+00:00
5850.0,吉林医药学院,,jilin,,普通本科,,公办,https://hf-mirror.com/datasets/choucsan/Gaokao-Compass-11M/resolve/main/data/2025/anhui/school-admission.csv,2026-09-20T07:29:41+00:00
4350.0,济南大学,,shandong,,普通本科,,公办,https://hf-mirror.com/datasets/choucsan/Gaokao-Compass-11M/resolve/main/data/2025/anhui/school-admission.csv,2026-09-20T07:29:41+00:00
7176.0,济宁学院,,shandong,,普通本科,,公办,https://hf-mirror.com/datasets/choucsan/Gaokao-Compass-11M/resolve/main/data/2025/anhui/school-admission.csv,2026-09-20T07:29:41+00:00
3995.0,嘉兴大学,,zhejiang,,普通本科,,公办,https://hf-mirror.com/datasets/choucsan/Gaokao-Compass-11M/resolve/main/data/2025/anhui/school-admission.csv,2026-09-20T07:29:41+00:00
1150.0,江南大学,,jiangsu,,211,,公办,https://hf-mirror.com/datasets/choucsan/Gaokao-Compass-11M/resolve/main/data/2025/anhui/school-admission.csv,2026-09-20T07:29:41+00:00
1840.0,江苏大学,,jiangsu,,普通本科,,公办,https://hf-mirror.com/datasets/choucsan/Gaokao-Compass-11M/resolve/main/data/2025/anhui/school-admission.csv,2026-09-20T07:29:41+00:00
3865.0,江苏第二师范学院,,jiangsu,,普通本科,,公办,https://hf-mirror.com/datasets/choucsan/Gaokao-Compass-11M/resolve/main/data/2025/anhui/school-admission.csv,2026-09-20T07:29:41+00:00
2270.0,江苏科技大学,,jiangsu,,普通本科,,公办,https://hf-mirror.com/datasets/choucsan/Gaokao-Compass-11M/resolve/main/data/2025/anhui/school-admission.csv,2026-09-20T07:29:41+00:00
3930.0,江苏师范大学,,jiangsu,,普通本科,,公办,https://hf-mirror.com/datasets/choucsan/Gaokao-Compass-11M/resolve/main/data/2025/anhui/school-admission.csv,2026-09-20T07:29:41+00:00
8738.0,江西飞行学院,,jiangxi,,普通本科,,公办,https://hf-mirror.com/datasets/choucsan/Gaokao-Compass-11M/resolve/main/data/2025/anhui/school-admission.csv,2026-09-20T07:29:41+00:00
2435.0,江西理工大学,,jiangxi,,普通本科,,公办,https://hf-mirror.com/datasets/choucsan/Gaokao-Compass-11M/resolve/main/data/2025/anhui/school-admission.csv,2026-09-20T07:29:41+00:00
4255.0,江西农业大学,,jiangxi,,普通本科,,公办,https://hf-mirror.com/datasets/choucsan/Gaokao-Compass-11M/resolve/main/data/2025/anhui/school-admission.csv,2026-09-20T07:29:41+00:00
5635.0,金陵科技学院,,jiangsu,,普通本科,,公办,https://hf-mirror.com/datasets/choucsan/Gaokao-Compass-11M/resolve/main/data/2025/anhui/school-admission.csv,2026-09-20T07:29:41+00:00
4265.0,九江学院,,jiangxi,,普通本科,,公办,https://hf-mirror.com/datasets/choucsan/Gaokao-Compass-11M/resolve/main/data/2025/anhui/school-admission.csv,2026-09-20T07:29:41+00:00
5510.0,喀什大学,,xinjiang,,普通本科,,公办,https://hf-mirror.com/datasets/choucsan/Gaokao-Compass-11M/resolve/main/data/2025/anhui/school-admission.csv,2026-09-20T07:29:41+00:00
5560.0,昆明学院,,yunnan,,普通本科,,公办,https://hf-mirror.com/datasets/choucsan/Gaokao-Compass-11M/resolve/main/data/2025/anhui/school-admission.csv,2026-09-20T07:29:41+00:00
5450.0,兰州财经大学,,gansu,,普通本科,,公办,https://hf-mirror.com/datasets/choucsan/Gaokao-Compass-11M/resolve/main/data/2025/anhui/school-admission.csv,2026-09-20T07:29:41+00:00
1155.0,兰州大学,,gansu,,985,,公办,https://hf-mirror.com/datasets/choucsan/Gaokao-Compass-11M/resolve/main/data/2025/anhui/school-admission.csv,2026-09-20T07:29:41+00:00
3340.0,廊坊师范学院,,hebei,,普通本科,,公办,https://hf-mirror.com/datasets/choucsan/Gaokao-Compass-11M/resolve/main/data/2025/anhui/school-admission.csv,2026-09-20T07:29:41+00:00
3615.0,辽东学院,,liaoning,,普通本科,,公办,https://hf-mirror.com/datasets/choucsan/Gaokao-Compass-11M/resolve/main/data/2025/anhui/school-admission.csv,2026-09-20T07:29:41+00:00
3540.0,辽宁工业大学,,liaoning,,普通本科,,公办,https://hf-mirror.com/datasets/choucsan/Gaokao-Compass-11M/resolve/main/data/2025/anhui/school-admission.csv,2026-09-20T07:29:41+00:00
3520.0,辽宁师范大学,,liaoning,,普通本科,,公办,https://hf-mirror.com/datasets/choucsan/Gaokao-Compass-11M/resolve/main/data/2025/anhui/school-admission.csv,2026-09-20T07:29:41+00:00
3575.0,辽宁中医药大学,,liaoning,,普通本科,,公办,https://hf-mirror.com/datasets/choucsan/Gaokao-Compass-11M/resolve/main/data/2025/anhui/school-admission.csv,2026-09-20T07:29:41+00:00
4355.0,聊城大学,,shandong,,普通本科,,公办,https://hf-mirror.com/datasets/choucsan/Gaokao-Compass-11M/resolve/main/data/2025/anhui/school-admission.csv,2026-09-20T07:29:41+00:00
4475.0,临沂大学,,shandong,,普通本科,,公办,https://hf-mirror.com/datasets/choucsan/Gaokao-Compass-11M/resolve/main/data/2025/anhui/school-admission.csv,2026-09-20T07:29:41+00:00
7278.0,六盘水师范学院,,guizhou,,普通本科,,公办,https://hf-mirror.com/datasets/choucsan/Gaokao-Compass-11M/resolve/main/data/2025/anhui/school-admission.csv,2026-09-20T07:29:41+00:00
5580.0,龙岩学院,,fujian,,普通本科,,公办,https://hf-mirror.com/datasets/choucsan/Gaokao-Compass-11M/resolve/main/data/2025/anhui/school-admission.csv,2026-09-20T07:29:41+00:00
4480.0,鲁东大学,,shandong,,普通本科,,公办,https://hf-mirror.com/datasets/choucsan/Gaokao-Compass-11M/resolve/main/data/2025/anhui/school-admission.csv,2026-09-20T07:29:41+00:00
7051.0,吕梁学院,,shanxi,,普通本科,,公办,https://hf-mirror.com/datasets/choucsan/Gaokao-Compass-11M/resolve/main/data/2025/anhui/school-admission.csv,2026-09-20T07:29:41+00:00
5120.0,绵阳师范学院,,sichuan,,普通本科,,公办,https://hf-mirror.com/datasets/choucsan/Gaokao-Compass-11M/resolve/main/data/2025/anhui/school-admission.csv,2026-09-20T07:29:41+00:00
3760.0,牡丹江师范学院,,heilongjiang,,普通本科,,公办,https://hf-mirror.com/datasets/choucsan/Gaokao-Compass-11M/resolve/main/data/2025/anhui/school-admission.csv,2026-09-20T07:29:41+00:00
4345.0,江西水利电力大学,,jiangxi,,普通本科,,公办,https://hf-mirror.com/datasets/choucsan/Gaokao-Compass-11M/resolve/main/data/2025/anhui/school-admission.csv,2026-09-20T07:29:41+00:00
2430.0,南昌航空大学,,jiangxi,,普通本科,,公办,https://hf-mirror.com/datasets/choucsan/Gaokao-Compass-11M/resolve/main/data/2025/anhui/school-admission.csv,2026-09-20T07:29:41+00:00
6694.0,南昌交通学院,,jiangxi,,民办/独立学院,,民办,https://hf-mirror.com/datasets/choucsan/Gaokao-Compass-11M/resolve/main/data/2025/anhui/school-admission.csv,2026-09-20T07:29:41+00:00
6698.0,南昌医学院,,jiangxi,,普通本科,,公办,https://hf-mirror.com/datasets/choucsan/Gaokao-Compass-11M/resolve/main/data/2025/anhui/school-admission.csv,2026-09-20T07:29:41+00:00
2310.0,南方医科大学,,guangdong,,普通本科,,公办,https://hf-mirror.com/datasets/choucsan/Gaokao-Compass-11M/resolve/main/data/2025/anhui/school-admission.csv,2026-09-20T07:29:41+00:00
2295.0,南华大学,,hunan,,普通本科,,公办,https://hf-mirror.com/datasets/choucsan/Gaokao-Compass-11M/resolve/main/data/2025/anhui/school-admission.csv,2026-09-20T07:29:41+00:00
6950.0,南京传媒学院,,jiangsu,,民办/独立学院,,民办,https://hf-mirror.com/datasets/choucsan/Gaokao-Compass-11M/resolve/main/data/2025/anhui/school-admission.csv,2026-09-20T07:29:41+00:00
3880.0,南京工程学院,,jiangsu,,普通本科,,公办,https://hf-mirror.com/datasets/choucsan/Gaokao-Compass-11M/resolve/main/data/2025/anhui/school-admission.csv,2026-09-20T07:29:41+00:00
1845.0,南京工业大学,,jiangsu,,普通本科,,公办,https://hf-mirror.com/datasets/choucsan/Gaokao-Compass-11M/resolve/main/data/2025/anhui/school-admission.csv,2026-09-20T07:29:41+00:00
1510.0,南京理工大学,,jiangsu,,211,,公办,https://hf-mirror.com/datasets/choucsan/Gaokao-Compass-11M/resolve/main/data/2025/anhui/school-admission.csv,2026-09-20T07:29:41+00:00
7460.0,南京特殊教育师范学院,,jiangsu,,普通本科,,公办,https://hf-mirror.com/datasets/choucsan/Gaokao-Compass-11M/resolve/main/data/2025/anhui/school-admission.csv,2026-09-20T07:29:41+00:00
2075.0,南京体育学院,,jiangsu,,普通本科,,公办,https://hf-mirror.com/datasets/choucsan/Gaokao-Compass-11M/resolve/main/data/2025/anhui/school-admission.csv,2026-09-20T07:29:41+00:00
1860.0,南京信息工程大学,,jiangsu,,普通本科,,公办,https://hf-mirror.com/datasets/choucsan/Gaokao-Compass-11M/resolve/main/data/2025/anhui/school-admission.csv,2026-09-20T07:29:41+00:00
3480.0,内蒙古财经大学,,neimenggu,,普通本科,,公办,https://hf-mirror.com/datasets/choucsan/Gaokao-Compass-11M/resolve/main/data/2025/anhui/school-admission.csv,2026-09-20T07:29:41+00:00
1680.0,内蒙古大学,,neimenggu,,211,,公办,https://hf-mirror.com/datasets/choucsan/Gaokao-Compass-11M/resolve/main/data/2025/anhui/school-admission.csv,2026-09-20T07:29:41+00:00
3440.0,内蒙古工业大学,,neimenggu,,普通本科,,公办,https://hf-mirror.com/datasets/choucsan/Gaokao-Compass-11M/resolve/main/data/2025/anhui/school-admission.csv,2026-09-20T07:29:41+00:00
1880.0,宁波大学,,zhejiang,,普通本科,,公办,https://hf-mirror.com/datasets/choucsan/Gaokao-Compass-11M/resolve/main/data/2025/anhui/school-admission.csv,2026-09-20T07:29:41+00:00
3965.0,宁波工程学院,,zhejiang,,普通本科,,公办,https://hf-mirror.com/datasets/choucsan/Gaokao-Compass-11M/resolve/main/data/2025/anhui/school-admission.csv,2026-09-20T07:29:41+00:00
2755.0,宁夏大学,,ningxia,,211,,公办,https://hf-mirror.com/datasets/choucsan/Gaokao-Compass-11M/resolve/main/data/2025/anhui/school-admission.csv,2026-09-20T07:29:41+00:00
7625.0,宁夏理工学院,,ningxia,,民办/独立学院,,民办,https://hf-mirror.com/datasets/choucsan/Gaokao-Compass-11M/resolve/main/data/2025/anhui/school-admission.csv,2026-09-20T07:29:41+00:00
5675.0,宁夏师范大学,,ningxia,,普通本科,,公办,https://hf-mirror.com/datasets/choucsan/Gaokao-Compass-11M/resolve/main/data/2025/anhui/school-admission.csv,2026-09-20T07:29:41+00:00
5085.0,攀枝花学院,,sichuan,,普通本科,,公办,https://hf-mirror.com/datasets/choucsan/Gaokao-Compass-11M/resolve/main/data/2025/anhui/school-admission.csv,2026-09-20T07:29:41+00:00
6125.0,平顶山学院,,henan,,普通本科,,公办,https://hf-mirror.com/datasets/choucsan/Gaokao-Compass-11M/resolve/main/data/2025/anhui/school-admission.csv,2026-09-20T07:29:41+00:00
3710.0,齐齐哈尔大学,,heilongjiang,,普通本科,,公办,https://hf-mirror.com/datasets/choucsan/Gaokao-Compass-11M/resolve/main/data/2025/anhui/school-admission.csv,2026-09-20T07:29:41+00:00
8389.0,齐齐哈尔工程学院,,heilongjiang,,民办/独立学院,,民办,https://hf-mirror.com/datasets/choucsan/Gaokao-Compass-11M/resolve/main/data/2025/anhui/school-admission.csv,2026-09-20T07:29:41+00:00
2205.0,青岛大学,,shandong,,普通本科,,公办,https://hf-mirror.com/datasets/choucsan/Gaokao-Compass-11M/resolve/main/data/2025/anhui/school-admission.csv,2026-09-20T07:29:41+00:00
2410.0,青岛理工大学,,shandong,,普通本科,,公办,https://hf-mirror.com/datasets/choucsan/Gaokao-Compass-11M/resolve/main/data/2025/anhui/school-admission.csv,2026-09-20T07:29:41+00:00
2125.0,青海大学,,qinghai,,211,,公办,https://hf-mirror.com/datasets/choucsan/Gaokao-Compass-11M/resolve/main/data/2025/anhui/school-admission.csv,2026-09-20T07:29:41+00:00
7348.0,琼台师范学院,,hainan,,普通本科,,公办,https://hf-mirror.com/datasets/choucsan/Gaokao-Compass-11M/resolve/main/data/2025/anhui/school-admission.csv,2026-09-20T07:29:41+00:00
4400.0,曲阜师范大学,,shandong,,普通本科,,公办,https://hf-mirror.com/datasets/choucsan/Gaokao-Compass-11M/resolve/main/data/2025/anhui/school-admission.csv,2026-09-20T07:29:41+00:00
4035.0,衢州学院,,zhejiang,,普通本科,,公办,https://hf-mirror.com/datasets/choucsan/Gaokao-Compass-11M/resolve/main/data/2025/anhui/school-admission.csv,2026-09-20T07:29:41+00:00
5575.0,三明学院,,fujian,,普通本科,,公办,https://hf-mirror.com/datasets/choucsan/Gaokao-Compass-11M/resolve/main/data/2025/anhui/school-admission.csv,2026-09-20T07:29:41+00:00
4485.0,山东财经大学,,shandong,,普通本科,,公办,https://hf-mirror.com/datasets/choucsan/Gaokao-Compass-11M/resolve/main/data/2025/anhui/school-admission.csv,2026-09-20T07:29:41+00:00
1173.0,山东大学,,shandong,,985,,公办,https://hf-mirror.com/datasets/choucsan/Gaokao-Compass-11M/resolve/main/data/2025/anhui/school-admission.csv,2026-09-20T07:29:41+00:00
4465.0,山东第一医科大学,,shandong,,普通本科,,公办,https://hf-mirror.com/datasets/choucsan/Gaokao-Compass-11M/resolve/main/data/2025/anhui/school-admission.csv,2026-09-20T07:29:41+00:00
4495.0,山东工商学院,,shandong,,普通本科,,公办,https://hf-mirror.com/datasets/choucsan/Gaokao-Compass-11M/resolve/main/data/2025/anhui/school-admission.csv,2026-09-20T07:29:41+00:00
9928.0,山东工艺美术学院,,shandong,,普通本科,,公办,https://hf-mirror.com/datasets/choucsan/Gaokao-Compass-11M/resolve/main/data/2025/anhui/school-admission.csv,2026-09-20T07:29:41+00:00
4440.0,山东航空学院,,shandong,,普通本科,,公办,https://hf-mirror.com/datasets/choucsan/Gaokao-Compass-11M/resolve/main/data/2025/anhui/school-admission.csv,2026-09-20T07:29:41+00:00
4430.0,山东交通学院,,shandong,,普通本科,,公办,https://hf-mirror.com/datasets/choucsan/Gaokao-Compass-11M/resolve/main/data/2025/anhui/school-admission.csv,2026-09-20T07:29:41+00:00
2780.0,山东科技大学,,shandong,,普通本科,,公办,https://hf-mirror.com/datasets/choucsan/Gaokao-Compass-11M/resolve/main/data/2025/anhui/school-admission.csv,2026-09-20T07:29:41+00:00
4370.0,山东理工大学,,shandong,,普通本科,,公办,https://hf-mirror.com/datasets/choucsan/Gaokao-Compass-11M/resolve/main/data/2025/anhui/school-admission.csv,2026-09-20T07:29:41+00:00
5859.0,山东农业工程学院,,shandong,,普通本科,,公办,https://hf-mirror.com/datasets/choucsan/Gaokao-Compass-11M/resolve/main/data/2025/anhui/school-admission.csv,2026-09-20T07:29:41+00:00
4425.0,山东女子学院,,shandong,,普通本科,,公办,https://hf-mirror.com/datasets/choucsan/Gaokao-Compass-11M/resolve/main/data/2025/anhui/school-admission.csv,2026-09-20T07:29:41+00:00
4395.0,山东师范大学,,shandong,,普通本科,,公办,https://hf-mirror.com/datasets/choucsan/Gaokao-Compass-11M/resolve/main/data/2025/anhui/school-admission.csv,2026-09-20T07:29:41+00:00
4375.0,山东政法学院,,shandong,,普通本科,,公办,https://hf-mirror.com/datasets/choucsan/Gaokao-Compass-11M/resolve/main/data/2025/anhui/school-admission.csv,2026-09-20T07:29:41+00:00
7011.0,山西工程科技职业大学,,shanxi,,普通本科,,公办,https://hf-mirror.com/datasets/choucsan/Gaokao-Compass-11M/resolve/main/data/2025/anhui/school-admission.csv,2026-09-20T07:29:41+00:00
6938.0,山西科技学院,,shanxi,,普通本科,,公办,https://hf-mirror.com/datasets/choucsan/Gaokao-Compass-11M/resolve/main/data/2025/anhui/school-admission.csv,2026-09-20T07:29:41+00:00
3360.0,山西农业大学,,shanxi,,普通本科,,公办,https://hf-mirror.com/datasets/choucsan/Gaokao-Compass-11M/resolve/main/data/2025/anhui/school-admission.csv,2026-09-20T07:29:41+00:00
3370.0,山西师范大学,,shanxi,,普通本科,,公办,https://hf-mirror.com/datasets/choucsan/Gaokao-Compass-11M/resolve/main/data/2025/anhui/school-admission.csv,2026-09-20T07:29:41+00:00
2630.0,山西医科大学,,shanxi,,普通本科,,公办,https://hf-mirror.com/datasets/choucsan/Gaokao-Compass-11M/resolve/main/data/2025/anhui/school-admission.csv,2026-09-20T07:29:41+00:00
5345.0,陕西理工大学,,shaanxi,,普通本科,,公办,https://hf-mirror.com/datasets/choucsan/Gaokao-Compass-11M/resolve/main/data/2025/anhui/school-admission.csv,2026-09-20T07:29:41+00:00
5335.0,陕西学前师范学院,,shaanxi,,普通本科,,公办,https://hf-mirror.com/datasets/choucsan/Gaokao-Compass-11M/resolve/main/data/2025/anhui/school-admission.csv,2026-09-20T07:29:41+00:00
1445.0,上海财经大学,,shanghai,,211,,公办,https://hf-mirror.com/datasets/choucsan/Gaokao-Compass-11M/resolve/main/data/2025/anhui/school-admission.csv,2026-09-20T07:29:41+00:00
7501.0,上海第二工业大学,,shanghai,,普通本科,,公办,https://hf-mirror.com/datasets/choucsan/Gaokao-Compass-11M/resolve/main/data/2025/anhui/school-admission.csv,2026-09-20T07:29:41+00:00
1805.0,上海对外经贸大学,,shanghai,,普通本科,,公办,https://hf-mirror.com/datasets/choucsan/Gaokao-Compass-11M/resolve/main/data/2025/anhui/school-admission.csv,2026-09-20T07:29:41+00:00
2860.0,上海海事大学,,shanghai,,普通本科,,公办,https://hf-mirror.com/datasets/choucsan/Gaokao-Compass-11M/resolve/main/data/2025/anhui/school-admission.csv,2026-09-20T07:29:41+00:00
2875.0,上海海洋大学,,shanghai,,普通本科,,公办,https://hf-mirror.com/datasets/choucsan/Gaokao-Compass-11M/resolve/main/data/2025/anhui/school-admission.csv,2026-09-20T07:29:41+00:00
1795.0,上海理工大学,,shanghai,,普通本科,,公办,https://hf-mirror.com/datasets/choucsan/Gaokao-Compass-11M/resolve/main/data/2025/anhui/school-admission.csv,2026-09-20T07:29:41+00:00
2925.0,上海立信会计金融学院,,shanghai,,普通本科,,公办,https://hf-mirror.com/datasets/choucsan/Gaokao-Compass-11M/resolve/main/data/2025/anhui/school-admission.csv,2026-09-20T07:29:41+00:00
5605.0,上海商学院,,shanghai,,普通本科,,公办,https://hf-mirror.com/datasets/choucsan/Gaokao-Compass-11M/resolve/main/data/2025/anhui/school-admission.csv,2026-09-20T07:29:41+00:00
2390.0,上海师范大学,,shanghai,,普通本科,,公办,https://hf-mirror.com/datasets/choucsan/Gaokao-Compass-11M/resolve/main/data/2025/anhui/school-admission.csv,2026-09-20T07:29:41+00:00
15.0,上海体育大学,,shanghai,,普通本科,,公办,https://hf-mirror.com/datasets/choucsan/Gaokao-Compass-11M/resolve/main/data/2025/anhui/school-admission.csv,2026-09-20T07:29:41+00:00
9919.0,上海戏剧学院,,shanghai,,普通本科,,公办,https://hf-mirror.com/datasets/choucsan/Gaokao-Compass-11M/resolve/main/data/2025/anhui/school-admission.csv,2026-09-20T07:29:41+00:00
5610.0,上海政法学院,,shanghai,,普通本科,,公办,https://hf-mirror.com/datasets/choucsan/Gaokao-Compass-11M/resolve/main/data/2025/anhui/school-admission.csv,2026-09-20T07:29:41+00:00
2570.0,上海中医药大学,,shanghai,,普通本科,,公办,https://hf-mirror.com/datasets/choucsan/Gaokao-Compass-11M/resolve/main/data/2025/anhui/school-admission.csv,2026-09-20T07:29:41+00:00
3980.0,绍兴文理学院,,zhejiang,,普通本科,,公办,https://hf-mirror.com/datasets/choucsan/Gaokao-Compass-11M/resolve/main/data/2025/anhui/school-admission.csv,2026-09-20T07:29:41+00:00
1965.0,深圳大学,,guangdong,,普通本科,,公办,https://hf-mirror.com/datasets/choucsan/Gaokao-Compass-11M/resolve/main/data/2025/anhui/school-admission.csv,2026-09-20T07:29:41+00:00
1966.0,深圳技术大学,,guangdong,,普通本科,,公办,https://hf-mirror.com/datasets/choucsan/Gaokao-Compass-11M/resolve/main/data/2025/anhui/school-admission.csv,2026-09-20T07:29:41+00:00
3495.0,沈阳大学,,liaoning,,普通本科,,公办,https://hf-mirror.com/datasets/choucsan/Gaokao-Compass-11M/resolve/main/data/2025/anhui/school-admission.csv,2026-09-20T07:29:41+00:00
3555.0,沈阳化工大学,,liaoning,,普通本科,,公办,https://hf-mirror.com/datasets/choucsan/Gaokao-Compass-11M/resolve/main/data/2025/anhui/school-admission.csv,2026-09-20T07:29:41+00:00
3545.0,沈阳理工大学,,liaoning,,普通本科,,公办,https://hf-mirror.com/datasets/choucsan/Gaokao-Compass-11M/resolve/main/data/2025/anhui/school-admission.csv,2026-09-20T07:29:41+00:00
3525.0,沈阳师范大学,,liaoning,,普通本科,,公办,https://hf-mirror.com/datasets/choucsan/Gaokao-Compass-11M/resolve/main/data/2025/anhui/school-admission.csv,2026-09-20T07:29:41+00:00
2130.0,石河子大学,,xinjiang,,211,,公办,https://hf-mirror.com/datasets/choucsan/Gaokao-Compass-11M/resolve/main/data/2025/anhui/school-admission.csv,2026-09-20T07:29:41+00:00
1640.0,石家庄铁道大学,,hebei,,普通本科,,公办,https://hf-mirror.com/datasets/choucsan/Gaokao-Compass-11M/resolve/main/data/2025/anhui/school-admission.csv,2026-09-20T07:29:41+00:00
2500.0,首都经济贸易大学,,beijing,,普通本科,,公办,https://hf-mirror.com/datasets/choucsan/Gaokao-Compass-11M/resolve/main/data/2025/anhui/school-admission.csv,2026-09-20T07:29:41+00:00
7254.0,四川旅游学院,,sichuan,,普通本科,,公办,https://hf-mirror.com/datasets/choucsan/Gaokao-Compass-11M/resolve/main/data/2025/anhui/school-admission.csv,2026-09-20T07:29:41+00:00
5080.0,四川师范大学,,sichuan,,普通本科,,公办,https://hf-mirror.com/datasets/choucsan/Gaokao-Compass-11M/resolve/main/data/2025/anhui/school-admission.csv,2026-09-20T07:29:41+00:00
2910.0,四川外国语大学,,chongqing,,普通本科,,公办,https://hf-mirror.com/datasets/choucsan/Gaokao-Compass-11M/resolve/main/data/2025/anhui/school-admission.csv,2026-09-20T07:29:41+00:00
5540.0,四川文理学院,,sichuan,,普通本科,,公办,https://hf-mirror.com/datasets/choucsan/Gaokao-Compass-11M/resolve/main/data/2025/anhui/school-admission.csv,2026-09-20T07:29:41+00:00
6621.0,苏州城市学院,,jiangsu,,普通本科,,公办,https://hf-mirror.com/datasets/choucsan/Gaokao-Compass-11M/resolve/main/data/2025/anhui/school-admission.csv,2026-09-20T07:29:41+00:00
3950.0,苏州工学院,,jiangsu,,普通本科,,公办,https://hf-mirror.com/datasets/choucsan/Gaokao-Compass-11M/resolve/main/data/2025/anhui/school-admission.csv,2026-09-20T07:29:41+00:00
3890.0,苏州科技大学,,jiangsu,,普通本科,,公办,https://hf-mirror.com/datasets/choucsan/Gaokao-Compass-11M/resolve/main/data/2025/anhui/school-admission.csv,2026-09-20T07:29:41+00:00
8730.0,宿迁学院,,jiangsu,,普通本科,,公办,https://hf-mirror.com/datasets/choucsan/Gaokao-Compass-11M/resolve/main/data/2025/anhui/school-admission.csv,2026-09-20T07:29:41+00:00
3770.0,绥化学院,,heilongjiang,,普通本科,,公办,https://hf-mirror.com/datasets/choucsan/Gaokao-Compass-11M/resolve/main/data/2025/anhui/school-admission.csv,2026-09-20T07:29:41+00:00
3985.0,台州学院,,zhejiang,,普通本科,,公办,https://hf-mirror.com/datasets/choucsan/Gaokao-Compass-11M/resolve/main/data/2025/anhui/school-admission.csv,2026-09-20T07:29:41+00:00
3410.0,太原师范学院,,shanxi,,普通本科,,公办,https://hf-mirror.com/datasets/choucsan/Gaokao-Compass-11M/resolve/main/data/2025/anhui/school-admission.csv,2026-09-20T07:29:41+00:00
8176.0,太原学院,,shanxi,,普通本科,,公办,https://hf-mirror.com/datasets/choucsan/Gaokao-Compass-11M/resolve/main/data/2025/anhui/school-admission.csv,2026-09-20T07:29:41+00:00
4470.0,泰山学院,,shandong,,普通本科,,公办,https://hf-mirror.com/datasets/choucsan/Gaokao-Compass-11M/resolve/main/data/2025/anhui/school-admission.csv,2026-09-20T07:29:41+00:00
2525.0,天津工业大学,,tianjin,,普通本科,,公办,https://hf-mirror.com/datasets/choucsan/Gaokao-Compass-11M/resolve/main/data/2025/anhui/school-admission.csv,2026-09-20T07:29:41+00:00
3220.0,天津农学院,,tianjin,,普通本科,,公办,https://hf-mirror.com/datasets/choucsan/Gaokao-Compass-11M/resolve/main/data/2025/anhui/school-admission.csv,2026-09-20T07:29:41+00:00
2405.0,天津师范大学,,tianjin,,普通本科,,公办,https://hf-mirror.com/datasets/choucsan/Gaokao-Compass-11M/resolve/main/data/2025/anhui/school-admission.csv,2026-09-20T07:29:41+00:00
3225.0,天津职业技术师范大学,,tianjin,,普通本科,,公办,https://hf-mirror.com/datasets/choucsan/Gaokao-Compass-11M/resolve/main/data/2025/anhui/school-admission.csv,2026-09-20T07:29:41+00:00
5430.0,天水师范大学,,gansu,,普通本科,,公办,https://hf-mirror.com/datasets/choucsan/Gaokao-Compass-11M/resolve/main/data/2025/anhui/school-admission.csv,2026-09-20T07:29:41+00:00
4050.0,温州大学,,zhejiang,,普通本科,,公办,https://hf-mirror.com/datasets/choucsan/Gaokao-Compass-11M/resolve/main/data/2025/anhui/school-admission.csv,2026-09-20T07:29:41+00:00
7287.0,文山学院,,yunnan,,普通本科,,公办,https://hf-mirror.com/datasets/choucsan/Gaokao-Compass-11M/resolve/main/data/2025/anhui/school-admission.csv,2026-09-20T07:29:41+00:00
4785.0,五邑大学,,guangdong,,普通本科,,公办,https://hf-mirror.com/datasets/choucsan/Gaokao-Compass-11M/resolve/main/data/2025/anhui/school-admission.csv,2026-09-20T07:29:41+00:00
6863.0,武汉工商学院,,hubei,,民办/独立学院,,民办,https://hf-mirror.com/datasets/choucsan/Gaokao-Compass-11M/resolve/main/data/2025/anhui/school-admission.csv,2026-09-20T07:29:41+00:00
6856.0,武汉华夏理工学院,,hubei,,民办/独立学院,,民办,https://hf-mirror.com/datasets/choucsan/Gaokao-Compass-11M/resolve/main/data/2025/anhui/school-admission.csv,2026-09-20T07:29:41+00:00
2220.0,武汉科技大学,,hubei,,普通本科,,公办,https://hf-mirror.com/datasets/choucsan/Gaokao-Compass-11M/resolve/main/data/2025/anhui/school-admission.csv,2026-09-20T07:29:41+00:00
1315.0,武汉理工大学,,hubei,,211,,公办,https://hf-mirror.com/datasets/choucsan/Gaokao-Compass-11M/resolve/main/data/2025/anhui/school-admission.csv,2026-09-20T07:29:41+00:00
4565.0,武汉轻工大学,,hubei,,普通本科,,公办,https://hf-mirror.com/datasets/choucsan/Gaokao-Compass-11M/resolve/main/data/2025/anhui/school-admission.csv,2026-09-20T07:29:41+00:00
8857.0,武汉商学院,,hubei,,普通本科,,公办,https://hf-mirror.com/datasets/choucsan/Gaokao-Compass-11M/resolve/main/data/2025/anhui/school-admission.csv,2026-09-20T07:29:41+00:00
1185.0,西安交通大学,,shaanxi,,985,,公办,https://hf-mirror.com/datasets/choucsan/Gaokao-Compass-11M/resolve/main/data/2025/anhui/school-admission.csv,2026-09-20T07:29:41+00:00
9710.0,西安交通工程学院,,shaanxi,,民办/独立学院,,民办,https://hf-mirror.com/datasets/choucsan/Gaokao-Compass-11M/resolve/main/data/2025/anhui/school-admission.csv,2026-09-20T07:29:41+00:00
2666.0,西安美术学院,,shaanxi,,普通本科,,公办,https://hf-mirror.com/datasets/choucsan/Gaokao-Compass-11M/resolve/main/data/2025/anhui/school-admission.csv,2026-09-20T07:29:41+00:00
6665.0,西安明德理工学院,,shaanxi,,民办/独立学院,,民办,https://hf-mirror.com/datasets/choucsan/Gaokao-Compass-11M/resolve/main/data/2025/anhui/school-admission.csv,2026-09-20T07:29:41+00:00
5395.0,西安文理学院,,shaanxi,,普通本科,,公办,https://hf-mirror.com/datasets/choucsan/Gaokao-Compass-11M/resolve/main/data/2025/anhui/school-admission.csv,2026-09-20T07:29:41+00:00
5410.0,西北师范大学,,gansu,,普通本科,,公办,https://hf-mirror.com/datasets/choucsan/Gaokao-Compass-11M/resolve/main/data/2025/anhui/school-admission.csv,2026-09-20T07:29:41+00:00
2115.0,西北政法大学,,shaanxi,,普通本科,,公办,https://hf-mirror.com/datasets/choucsan/Gaokao-Compass-11M/resolve/main/data/2025/anhui/school-admission.csv,2026-09-20T07:29:41+00:00
1189.0,西交利物浦大学,,jiangsu,,普通本科,,中外合作办学,https://hf-mirror.com/datasets/choucsan/Gaokao-Compass-11M/resolve/main/data/2025/anhui/school-admission.csv,2026-09-20T07:29:41+00:00
7624.0,西京学院,,shaanxi,,民办/独立学院,,民办,https://hf-mirror.com/datasets/choucsan/Gaokao-Compass-11M/resolve/main/data/2025/anhui/school-admission.csv,2026-09-20T07:29:41+00:00
3020.0,西南民族大学,,sichuan,,普通本科,,公办,https://hf-mirror.com/datasets/choucsan/Gaokao-Compass-11M/resolve/main/data/2025/anhui/school-admission.csv,2026-09-20T07:29:41+00:00
2515.0,西南石油大学,,sichuan,,普通本科,,公办,https://hf-mirror.com/datasets/choucsan/Gaokao-Compass-11M/resolve/main/data/2025/anhui/school-admission.csv,2026-09-20T07:29:41+00:00
6825.0,厦门工学院,,fujian,,民办/独立学院,,民办,https://hf-mirror.com/datasets/choucsan/Gaokao-Compass-11M/resolve/main/data/2025/anhui/school-admission.csv,2026-09-20T07:29:41+00:00
5385.0,咸阳师范学院,,shaanxi,,普通本科,,公办,https://hf-mirror.com/datasets/choucsan/Gaokao-Compass-11M/resolve/main/data/2025/anhui/school-admission.csv,2026-09-20T07:29:41+00:00
4715.0,湘南学院,,hunan,,普通本科,,公办,https://hf-mirror.com/datasets/choucsan/Gaokao-Compass-11M/resolve/main/data/2025/anhui/school-admission.csv,2026-09-20T07:29:41+00:00
1930.0,湘潭大学,,hunan,,普通本科,,公办,https://hf-mirror.com/datasets/choucsan/Gaokao-Compass-11M/resolve/main/data/2025/anhui/school-admission.csv,2026-09-20T07:29:41+00:00
2120.0,新疆大学,,xinjiang,,211,,公办,https://hf-mirror.com/datasets/choucsan/Gaokao-Compass-11M/resolve/main/data/2025/anhui/school-admission.csv,2026-09-20T07:29:41+00:00
9951.0,新疆艺术学院,,xinjiang,,普通本科,,公办,https://hf-mirror.com/datasets/choucsan/Gaokao-Compass-11M/resolve/main/data/2025/anhui/school-admission.csv,2026-09-20T07:29:41+00:00
7164.0,新余学院,,jiangxi,,普通本科,,公办,https://hf-mirror.com/datasets/choucsan/Gaokao-Compass-11M/resolve/main/data/2025/anhui/school-admission.csv,2026-09-20T07:29:41+00:00
6145.0,信阳农林学院,,henan,,普通本科,,公办,https://hf-mirror.com/datasets/choucsan/Gaokao-Compass-11M/resolve/main/data/2025/anhui/school-admission.csv,2026-09-20T07:29:41+00:00
5640.0,徐州工程学院,,jiangsu,,普通本科,,公办,https://hf-mirror.com/datasets/choucsan/Gaokao-Compass-11M/resolve/main/data/2025/anhui/school-admission.csv,2026-09-20T07:29:41+00:00
6040.0,许昌学院,,henan,,普通本科,,公办,https://hf-mirror.com/datasets/choucsan/Gaokao-Compass-11M/resolve/main/data/2025/anhui/school-admission.csv,2026-09-20T07:29:41+00:00
5330.0,延安大学,,shaanxi,,普通本科,,公办,https://hf-mirror.com/datasets/choucsan/Gaokao-Compass-11M/resolve/main/data/2025/anhui/school-admission.csv,2026-09-20T07:29:41+00:00
1740.0,延边大学,,jilin,,211,,公办,https://hf-mirror.com/datasets/choucsan/Gaokao-Compass-11M/resolve/main/data/2025/anhui/school-admission.csv,2026-09-20T07:29:41+00:00
1635.0,燕山大学,,hebei,,普通本科,,公办,https://hf-mirror.com/datasets/choucsan/Gaokao-Compass-11M/resolve/main/data/2025/anhui/school-admission.csv,2026-09-20T07:29:41+00:00
1835.0,扬州大学,,jiangsu,,普通本科,,公办,https://hf-mirror.com/datasets/choucsan/Gaokao-Compass-11M/resolve/main/data/2025/anhui/school-admission.csv,2026-09-20T07:29:41+00:00
5140.0,宜宾学院,,sichuan,,普通本科,,公办,https://hf-mirror.com/datasets/choucsan/Gaokao-Compass-11M/resolve/main/data/2025/anhui/school-admission.csv,2026-09-20T07:29:41+00:00
4270.0,宜春学院,,jiangxi,,普通本科,,公办,https://hf-mirror.com/datasets/choucsan/Gaokao-Compass-11M/resolve/main/data/2025/anhui/school-admission.csv,2026-09-20T07:29:41+00:00
4940.0,右江民族医学院,,guangxi,,普通本科,,公办,https://hf-mirror.com/datasets/choucsan/Gaokao-Compass-11M/resolve/main/data/2025/anhui/school-admission.csv,2026-09-20T07:29:41+00:00
5665.0,榆林学院,,shaanxi,,普通本科,,公办,https://hf-mirror.com/datasets/choucsan/Gaokao-Compass-11M/resolve/main/data/2025/anhui/school-admission.csv,2026-09-20T07:29:41+00:00
4960.0,玉林师范学院,,guangxi,,普通本科,,公办,https://hf-mirror.com/datasets/choucsan/Gaokao-Compass-11M/resolve/main/data/2025/anhui/school-admission.csv,2026-09-20T07:29:41+00:00
5270.0,玉溪师范学院,,yunnan,,普通本科,,公办,https://hf-mirror.com/datasets/choucsan/Gaokao-Compass-11M/resolve/main/data/2025/anhui/school-admission.csv,2026-09-20T07:29:41+00:00
5285.0,云南民族大学,,yunnan,,普通本科,,公办,https://hf-mirror.com/datasets/choucsan/Gaokao-Compass-11M/resolve/main/data/2025/anhui/school-admission.csv,2026-09-20T07:29:41+00:00
5235.0,云南农业大学,,yunnan,,普通本科,,公办,https://hf-mirror.com/datasets/choucsan/Gaokao-Compass-11M/resolve/main/data/2025/anhui/school-admission.csv,2026-09-20T07:29:41+00:00
5260.0,云南中医药大学,,yunnan,,普通本科,,公办,https://hf-mirror.com/datasets/choucsan/Gaokao-Compass-11M/resolve/main/data/2025/anhui/school-admission.csv,2026-09-20T07:29:41+00:00
8438.0,运城职业技术大学,,shanxi,,民办/独立学院,,民办,https://hf-mirror.com/datasets/choucsan/Gaokao-Compass-11M/resolve/main/data/2025/anhui/school-admission.csv,2026-09-20T07:29:41+00:00
3960.0,浙江传媒学院,,zhejiang,,普通本科,,公办,https://hf-mirror.com/datasets/choucsan/Gaokao-Compass-11M/resolve/main/data/2025/anhui/school-admission.csv,2026-09-20T07:29:41+00:00
4060.0,浙江工商大学,,zhejiang,,普通本科,,公办,https://hf-mirror.com/datasets/choucsan/Gaokao-Compass-11M/resolve/main/data/2025/anhui/school-admission.csv,2026-09-20T07:29:41+00:00
2415.0,浙江工业大学,,zhejiang,,普通本科,,公办,https://hf-mirror.com/datasets/choucsan/Gaokao-Compass-11M/resolve/main/data/2025/anhui/school-admission.csv,2026-09-20T07:29:41+00:00
4020.0,浙江海洋大学,,zhejiang,,普通本科,,公办,https://hf-mirror.com/datasets/choucsan/Gaokao-Compass-11M/resolve/main/data/2025/anhui/school-admission.csv,2026-09-20T07:29:41+00:00
4010.0,浙江科技大学,,zhejiang,,普通本科,,公办,https://hf-mirror.com/datasets/choucsan/Gaokao-Compass-11M/resolve/main/data/2025/anhui/school-admission.csv,2026-09-20T07:29:41+00:00
2255.0,浙江理工大学,,zhejiang,,普通本科,,公办,https://hf-mirror.com/datasets/choucsan/Gaokao-Compass-11M/resolve/main/data/2025/anhui/school-admission.csv,2026-09-20T07:29:41+00:00
4025.0,浙江农林大学,,zhejiang,,普通本科,,公办,https://hf-mirror.com/datasets/choucsan/Gaokao-Compass-11M/resolve/main/data/2025/anhui/school-admission.csv,2026-09-20T07:29:41+00:00
2575.0,浙江师范大学,,zhejiang,,普通本科,,公办,https://hf-mirror.com/datasets/choucsan/Gaokao-Compass-11M/resolve/main/data/2025/anhui/school-admission.csv,2026-09-20T07:29:41+00:00
7611.0,浙江树人学院,,zhejiang,,民办/独立学院,,民办,https://hf-mirror.com/datasets/choucsan/Gaokao-Compass-11M/resolve/main/data/2025/anhui/school-admission.csv,2026-09-20T07:29:41+00:00
5858.0,浙江外国语学院,,zhejiang,,普通本科,,公办,https://hf-mirror.com/datasets/choucsan/Gaokao-Compass-11M/resolve/main/data/2025/anhui/school-admission.csv,2026-09-20T07:29:41+00:00
7600.0,浙江万里学院,,zhejiang,,普通本科,,公办,https://hf-mirror.com/datasets/choucsan/Gaokao-Compass-11M/resolve/main/data/2025/anhui/school-admission.csv,2026-09-20T07:29:41+00:00
4030.0,浙江中医药大学,,zhejiang,,普通本科,,公办,https://hf-mirror.com/datasets/choucsan/Gaokao-Compass-11M/resolve/main/data/2025/anhui/school-admission.csv,2026-09-20T07:29:41+00:00
6250.0,郑州工程技术学院,,henan,,普通本科,,公办,https://hf-mirror.com/datasets/choucsan/Gaokao-Compass-11M/resolve/main/data/2025/anhui/school-admission.csv,2026-09-20T07:29:41+00:00
2530.0,中北大学,,shanxi,,普通本科,,公办,https://hf-mirror.com/datasets/choucsan/Gaokao-Compass-11M/resolve/main/data/2025/anhui/school-admission.csv,2026-09-20T07:29:41+00:00
1470.0,中国传媒大学,,beijing,,211,,公办,https://hf-mirror.com/datasets/choucsan/Gaokao-Compass-11M/resolve/main/data/2025/anhui/school-admission.csv,2026-09-20T07:29:41+00:00
1335.0,中国地质大学(北京),,beijing,,211,,公办,https://hf-mirror.com/datasets/choucsan/Gaokao-Compass-11M/resolve/main/data/2025/anhui/school-admission.csv,2026-09-20T07:29:41+00:00
1340.0,中国地质大学(武汉),,hubei,,211,,公办,https://hf-mirror.com/datasets/choucsan/Gaokao-Compass-11M/resolve/main/data/2025/anhui/school-admission.csv,2026-09-20T07:29:41+00:00
1330.0,中国海洋大学,,shandong,,985,,公办,https://hf-mirror.com/datasets/choucsan/Gaokao-Compass-11M/resolve/main/data/2025/anhui/school-admission.csv,2026-09-20T07:29:41+00:00
2290.0,中国计量大学,,zhejiang,,普通本科,,公办,https://hf-mirror.com/datasets/choucsan/Gaokao-Compass-11M/resolve/main/data/2025/anhui/school-admission.csv,2026-09-20T07:29:41+00:00
3035.0,中国劳动关系学院,,beijing,,普通本科,,公办,https://hf-mirror.com/datasets/choucsan/Gaokao-Compass-11M/resolve/main/data/2025/anhui/school-admission.csv,2026-09-20T07:29:41+00:00
2215.0,中国民航大学,,tianjin,,普通本科,,公办,https://hf-mirror.com/datasets/choucsan/Gaokao-Compass-11M/resolve/main/data/2025/anhui/school-admission.csv,2026-09-20T07:29:41+00:00
3060.0,中国民用航空飞行学院,,sichuan,,普通本科,,公办,https://hf-mirror.com/datasets/choucsan/Gaokao-Compass-11M/resolve/main/data/2025/anhui/school-admission.csv,2026-09-20T07:29:41+00:00
1295.0,中国石油大学(北京),,beijing,,211,,公办,https://hf-mirror.com/datasets/choucsan/Gaokao-Compass-11M/resolve/main/data/2025/anhui/school-admission.csv,2026-09-20T07:29:41+00:00
1296.0,中国石油大学(北京)克拉玛依校区,,xinjiang,,211,,公办,https://hf-mirror.com/datasets/choucsan/Gaokao-Compass-11M/resolve/main/data/2025/anhui/school-admission.csv,2026-09-20T07:29:41+00:00
1300.0,中国石油大学(华东),,shandong,,211,,公办,https://hf-mirror.com/datasets/choucsan/Gaokao-Compass-11M/resolve/main/data/2025/anhui/school-admission.csv,2026-09-20T07:29:41+00:00
3100.0,中华女子学院,,beijing,,普通本科,,公办,https://hf-mirror.com/datasets/choucsan/Gaokao-Compass-11M/resolve/main/data/2025/anhui/school-admission.csv,2026-09-20T07:29:41+00:00
1210.0,中南大学,,hunan,,985,,公办,https://hf-mirror.com/datasets/choucsan/Gaokao-Compass-11M/resolve/main/data/2025/anhui/school-admission.csv,2026-09-20T07:29:41+00:00
2800.0,中南林业科技大学,,hunan,,普通本科,,公办,https://hf-mirror.com/datasets/choucsan/Gaokao-Compass-11M/resolve/main/data/2025/anhui/school-admission.csv,2026-09-20T07:29:41+00:00
1460.0,中央财经大学,,beijing,,211,,公办,https://hf-mirror.com/datasets/choucsan/Gaokao-Compass-11M/resolve/main/data/2025/anhui/school-admission.csv,2026-09-20T07:29:41+00:00
9902.0,中央美术学院,,beijing,,普通本科,,公办,https://hf-mirror.com/datasets/choucsan/Gaokao-Compass-11M/resolve/main/data/2025/anhui/school-admission.csv,2026-09-20T07:29:41+00:00
1100.0,中央民族大学,,beijing,,985,,公办,https://hf-mirror.com/datasets/choucsan/Gaokao-Compass-11M/resolve/main/data/2025/anhui/school-admission.csv,2026-09-20T07:29:41+00:00
9901.0,中央戏剧学院,,beijing,,普通本科,,公办,https://hf-mirror.com/datasets/choucsan/Gaokao-Compass-11M/resolve/main/data/2025/anhui/school-admission.csv,2026-09-20T07:29:41+00:00
6115.0,中原工学院,,henan,,普通本科,,公办,https://hf-mirror.com/datasets/choucsan/Gaokao-Compass-11M/resolve/main/data/2025/anhui/school-admission.csv,2026-09-20T07:29:41+00:00
6792.0,长春大学旅游学院,,jilin,,民办/独立学院,,民办,https://hf-mirror.com/datasets/choucsan/Gaokao-Compass-11M/resolve/main/data/2025/anhui/school-admission.csv,2026-09-20T07:29:41+00:00
6607.0,东南大学成贤学院,,jiangsu,,民办/独立学院,,民办,https://hf-mirror.com/datasets/choucsan/Gaokao-Compass-11M/resolve/main/data/2025/anhui/school-admission.csv,2026-09-20T07:29:41+00:00
6669.0,福州大学至诚学院,,fujian,,民办/独立学院,,民办,https://hf-mirror.com/datasets/choucsan/Gaokao-Compass-11M/resolve/main/data/2025/anhui/school-admission.csv,2026-09-20T07:29:41+00:00
6956.0,杭州电子科技大学信息工程学院,,zhejiang,,民办/独立学院,,民办,https://hf-mirror.com/datasets/choucsan/Gaokao-Compass-11M/resolve/main/data/2025/anhui/school-admission.csv,2026-09-20T07:29:41+00:00
6628.0,南京财经大学红山学院,,jiangsu,,民办/独立学院,,民办,https://hf-mirror.com/datasets/choucsan/Gaokao-Compass-11M/resolve/main/data/2025/anhui/school-admission.csv,2026-09-20T07:29:41+00:00
6952.0,南京师范大学泰州学院,,jiangsu,,民办/独立学院,,民办,https://hf-mirror.com/datasets/choucsan/Gaokao-Compass-11M/resolve/main/data/2025/anhui/school-admission.csv,2026-09-20T07:29:41+00:00
6955.0,宁波大学科学技术学院,,zhejiang,,民办/独立学院,,民办,https://hf-mirror.com/datasets/choucsan/Gaokao-Compass-11M/resolve/main/data/2025/anhui/school-admission.csv,2026-09-20T07:29:41+00:00
6765.0,石家庄铁道大学四方学院,,hebei,,民办/独立学院,,民办,https://hf-mirror.com/datasets/choucsan/Gaokao-Compass-11M/resolve/main/data/2025/anhui/school-admission.csv,2026-09-20T07:29:41+00:00
6622.0,苏州大学应用技术学院,,jiangsu,,民办/独立学院,,民办,https://hf-mirror.com/datasets/choucsan/Gaokao-Compass-11M/resolve/main/data/2025/anhui/school-admission.csv,2026-09-20T07:29:41+00:00
6752.0,天津商业大学宝德学院,,tianjin,,民办/独立学院,,民办,https://hf-mirror.com/datasets/choucsan/Gaokao-Compass-11M/resolve/main/data/2025/anhui/school-admission.csv,2026-09-20T07:29:41+00:00
6754.0,天津外国语大学滨海外事学院,,tianjin,,民办/独立学院,,民办,https://hf-mirror.com/datasets/choucsan/Gaokao-Compass-11M/resolve/main/data/2025/anhui/school-admission.csv,2026-09-20T07:29:41+00:00
6677.0,西南财经大学天府学院,,sichuan,,民办/独立学院,,民办,https://hf-mirror.com/datasets/choucsan/Gaokao-Compass-11M/resolve/main/data/2025/anhui/school-admission.csv,2026-09-20T07:29:41+00:00
6970.0,浙江财经大学东方学院,,zhejiang,,民办/独立学院,,民办,https://hf-mirror.com/datasets/choucsan/Gaokao-Compass-11M/resolve/main/data/2025/anhui/school-admission.csv,2026-09-20T07:29:41+00:00
6966.0,浙江工商大学杭州商学院,,zhejiang,,民办/独立学院,,民办,https://hf-mirror.com/datasets/choucsan/Gaokao-Compass-11M/resolve/main/data/2025/anhui/school-admission.csv,2026-09-20T07:29:41+00:00
6953.0,浙江工业大学之江学院,,zhejiang,,民办/独立学院,,民办,https://hf-mirror.com/datasets/choucsan/Gaokao-Compass-11M/resolve/main/data/2025/anhui/school-admission.csv,2026-09-20T07:29:41+00:00
6812.0,中国矿业大学徐海学院,,jiangsu,,民办/独立学院,,民办,https://hf-mirror.com/datasets/choucsan/Gaokao-Compass-11M/resolve/main/data/2025/anhui/school-admission.csv,2026-09-20T07:29:41+00:00
2385.0,安徽财经大学,,anhui,,普通本科,,公办,https://hf-mirror.com/datasets/choucsan/Gaokao-Compass-11M/resolve/main/data/2025/anhui/school-admission.csv,2026-09-20T07:29:41+00:00
4090.0,安徽农业大学,,anhui,,普通本科,,公办,https://hf-mirror.com/datasets/choucsan/Gaokao-Compass-11M/resolve/main/data/2025/anhui/school-admission.csv,2026-09-20T07:29:41+00:00
4150.0,安庆师范大学,,anhui,,普通本科,,公办,https://hf-mirror.com/datasets/choucsan/Gaokao-Compass-11M/resolve/main/data/2025/anhui/school-admission.csv,2026-09-20T07:29:41+00:00
4105.0,合肥大学,,anhui,,普通本科,,公办,https://hf-mirror.com/datasets/choucsan/Gaokao-Compass-11M/resolve/main/data/2025/anhui/school-admission.csv,2026-09-20T07:29:41+00:00
9102.0,蚌埠学院,,anhui,,普通本科,,公办,https://hf-mirror.com/datasets/choucsan/Gaokao-Compass-11M/resolve/main/data/2025/anhui/school-admission.csv,2026-09-20T07:29:41+00:00
7147.0,池州学院,,anhui,,普通本科,,公办,https://hf-mirror.com/datasets/choucsan/Gaokao-Compass-11M/resolve/main/data/2025/anhui/school-admission.csv,2026-09-20T07:29:41+00:00
4140.0,皖南医学院,,anhui,,普通本科,,公办,https://hf-mirror.com/datasets/choucsan/Gaokao-Compass-11M/resolve/main/data/2025/anhui/school-admission.csv,2026-09-20T07:29:41+00:00
4110.0,皖西学院,,anhui,,普通本科,,公办,https://hf-mirror.com/datasets/choucsan/Gaokao-Compass-11M/resolve/main/data/2025/anhui/school-admission.csv,2026-09-20T07:29:41+00:00
9958.0,安徽艺术学院,,anhui,,普通本科,,公办,https://hf-mirror.com/datasets/choucsan/Gaokao-Compass-11M/resolve/main/data/2025/anhui/school-admission.csv,2026-09-20T07:29:41+00:00
9121.0,安徽职业技术大学,,anhui,,普通本科,,公办,https://hf-mirror.com/datasets/choucsan/Gaokao-Compass-11M/resolve/main/data/2025/anhui/school-admission.csv,2026-09-20T07:29:41+00:00
6813.0,蚌埠工商学院,,anhui,,民办/独立学院,,民办,https://hf-mirror.com/datasets/choucsan/Gaokao-Compass-11M/resolve/main/data/2025/anhui/school-admission.csv,2026-09-20T07:29:41+00:00
6816.0,马鞍山学院,,anhui,,民办/独立学院,,民办,https://hf-mirror.com/datasets/choucsan/Gaokao-Compass-11M/resolve/main/data/2025/anhui/school-admission.csv,2026-09-20T07:29:41+00:00
6817.0,合肥城市学院,,anhui,,民办/独立学院,,民办,https://hf-mirror.com/datasets/choucsan/Gaokao-Compass-11M/resolve/main/data/2025/anhui/school-admission.csv,2026-09-20T07:29:41+00:00
9205.0,合肥经济学院,,anhui,,民办/独立学院,,民办,https://hf-mirror.com/datasets/choucsan/Gaokao-Compass-11M/resolve/main/data/2025/anhui/school-admission.csv,2026-09-20T07:29:41+00:00
2844.0,云南警官学院,,yunnan,,普通本科,,公办,https://hf-mirror.com/datasets/choucsan/Gaokao-Compass-11M/resolve/main/data/2025/anhui/school-admission.csv,2026-09-20T07:29:41+00:00
110.0,中国人民公安大学,,beijing,,普通本科,,公办,https://hf-mirror.com/datasets/choucsan/Gaokao-Compass-11M/resolve/main/data/2025/anhui/school-admission.csv,2026-09-20T07:29:41+00:00
3085.0,中国消防救援学院,,beijing,,普通本科,,公办,https://hf-mirror.com/datasets/choucsan/Gaokao-Compass-11M/resolve/main/data/2025/anhui/school-admission.csv,2026-09-20T07:29:41+00:00
115.0,中国刑事警察学院,,liaoning,,普通本科,,公办,https://hf-mirror.com/datasets/choucsan/Gaokao-Compass-11M/resolve/main/data/2025/anhui/school-admission.csv,2026-09-20T07:29:41+00:00
9109.0,合肥师范学院,,anhui,,普通本科,,公办,https://hf-mirror.com/datasets/choucsan/Gaokao-Compass-11M/resolve/main/data/2025/anhui/school-admission.csv,2026-09-20T07:29:41+00:00
7459.0,常州信息职业技术学院,,jiangsu,,普通本科,,公办,https://hf-mirror.com/datasets/choucsan/Gaokao-Compass-11M/resolve/main/data/2025/anhui/school-admission.csv,2026-09-20T07:29:41+00:00
9094.0,重庆工程职业技术学院,,chongqing,,普通本科,,公办,https://hf-mirror.com/datasets/choucsan/Gaokao-Compass-11M/resolve/main/data/2025/anhui/school-admission.csv,2026-09-20T07:29:41+00:00
8680.0,重庆化工职业学院,,chongqing,,普通本科,,公办,https://hf-mirror.com/datasets/choucsan/Gaokao-Compass-11M/resolve/main/data/2025/anhui/school-admission.csv,2026-09-20T07:29:41+00:00
7242.0,重庆三峡医药高等专科学校,,chongqing,,普通本科,,公办,https://hf-mirror.com/datasets/choucsan/Gaokao-Compass-11M/resolve/main/data/2025/anhui/school-admission.csv,2026-09-20T07:29:41+00:00
6939.0,大连科技学院,,liaoning,,民办/独立学院,,民办,https://hf-mirror.com/datasets/choucsan/Gaokao-Compass-11M/resolve/main/data/2025/anhui/school-admission.csv,2026-09-20T07:29:41+00:00
1319.0,赣南卫生健康职业学院,,jiangxi,,普通本科,,公办,https://hf-mirror.com/datasets/choucsan/Gaokao-Compass-11M/resolve/main/data/2025/anhui/school-admission.csv,2026-09-20T07:29:41+00:00
8978.0,广东水利电力职业技术学院,,guangdong,,普通本科,,公办,https://hf-mirror.com/datasets/choucsan/Gaokao-Compass-11M/resolve/main/data/2025/anhui/school-admission.csv,2026-09-20T07:29:41+00:00
8111.0,河北软件职业技术学院,,hebei,,普通本科,,公办,https://hf-mirror.com/datasets/choucsan/Gaokao-Compass-11M/resolve/main/data/2025/anhui/school-admission.csv,2026-09-20T07:29:41+00:00
7463.0,江苏建筑职业技术学院,,jiangsu,,普通本科,,公办,https://hf-mirror.com/datasets/choucsan/Gaokao-Compass-11M/resolve/main/data/2025/anhui/school-admission.csv,2026-09-20T07:29:41+00:00
1878.0,江西制造职业技术学院,,jiangxi,,普通本科,,公办,https://hf-mirror.com/datasets/choucsan/Gaokao-Compass-11M/resolve/main/data/2025/anhui/school-admission.csv,2026-09-20T07:29:41+00:00
8238.0,辽宁轨道交通职业学院,,liaoning,,普通本科,,公办,https://hf-mirror.com/datasets/choucsan/Gaokao-Compass-11M/resolve/main/data/2025/anhui/school-admission.csv,2026-09-20T07:29:41+00:00
9466.0,辽宁铁道职业技术学院,,liaoning,,普通本科,,公办,https://hf-mirror.com/datasets/choucsan/Gaokao-Compass-11M/resolve/main/data/2025/anhui/school-admission.csv,2026-09-20T07:29:41+00:00
9469.0,辽宁装备制造职业技术学院,,liaoning,,普通本科,,公办,https://hf-mirror.com/datasets/choucsan/Gaokao-Compass-11M/resolve/main/data/2025/anhui/school-admission.csv,2026-09-20T07:29:41+00:00
8689.0,湄洲湾职业技术学院,,fujian,,普通本科,,公办,https://hf-mirror.com/datasets/choucsan/Gaokao-Compass-11M/resolve/main/data/2025/anhui/school-admission.csv,2026-09-20T07:29:41+00:00
6272.0,濮阳职业技术学院,,henan,,普通本科,,公办,https://hf-mirror.com/datasets/choucsan/Gaokao-Compass-11M/resolve/main/data/2025/anhui/school-admission.csv,2026-09-20T07:29:41+00:00
8758.0,山东劳动职业技术学院,,shandong,,普通本科,,公办,https://hf-mirror.com/datasets/choucsan/Gaokao-Compass-11M/resolve/main/data/2025/anhui/school-admission.csv,2026-09-20T07:29:41+00:00
8465.0,上海建设管理职业技术学院,,shanghai,,普通本科,,公办,https://hf-mirror.com/datasets/choucsan/Gaokao-Compass-11M/resolve/main/data/2025/anhui/school-admission.csv,2026-09-20T07:29:41+00:00
8463.0,上海闵行职业技术学院,,shanghai,,普通本科,,公办,https://hf-mirror.com/datasets/choucsan/Gaokao-Compass-11M/resolve/main/data/2025/anhui/school-admission.csv,2026-09-20T07:29:41+00:00
2451.0,四川铁道职业学院,,sichuan,,普通本科,,公办,https://hf-mirror.com/datasets/choucsan/Gaokao-Compass-11M/resolve/main/data/2025/anhui/school-admission.csv,2026-09-20T07:29:41+00:00
2572.0,潍坊工程职业学院,,shandong,,普通本科,,公办,https://hf-mirror.com/datasets/choucsan/Gaokao-Compass-11M/resolve/main/data/2025/anhui/school-admission.csv,2026-09-20T07:29:41+00:00
2594.0,无锡科技职业学院,,jiangsu,,普通本科,,公办,https://hf-mirror.com/datasets/choucsan/Gaokao-Compass-11M/resolve/main/data/2025/anhui/school-admission.csv,2026-09-20T07:29:41+00:00
7146.0,徐州幼儿师范高等专科学校,,jiangsu,,普通本科,,公办,https://hf-mirror.com/datasets/choucsan/Gaokao-Compass-11M/resolve/main/data/2025/anhui/school-admission.csv,2026-09-20T07:29:41+00:00
2788.0,烟台工程职业技术学院,,shandong,,普通本科,,公办,https://hf-mirror.com/datasets/choucsan/Gaokao-Compass-11M/resolve/main/data/2025/anhui/school-admission.csv,2026-09-20T07:29:41+00:00
7347.0,肇庆医学院,,guangdong,,普通本科,,公办,https://hf-mirror.com/datasets/choucsan/Gaokao-Compass-11M/resolve/main/data/2025/anhui/school-admission.csv,2026-09-20T07:29:41+00:00
8590.0,浙江交通职业技术学院,,zhejiang,,普通本科,,公办,https://hf-mirror.com/datasets/choucsan/Gaokao-Compass-11M/resolve/main/data/2025/anhui/school-admission.csv,2026-09-20T07:29:41+00:00
2925.0,郑州电力高等专科学校,,henan,,普通本科,,公办,https://hf-mirror.com/datasets/choucsan/Gaokao-Compass-11M/resolve/main/data/2025/anhui/school-admission.csv,2026-09-20T07:29:41+00:00
6284.0,郑州旅游职业学院,,henan,,普通本科,,公办,https://hf-mirror.com/datasets/choucsan/Gaokao-Compass-11M/resolve/main/data/2025/anhui/school-admission.csv,2026-09-20T07:29:41+00:00
7010.0,兰州资源环境职业技术大学,,gansu,,普通本科,,公办,https://hf-mirror.com/datasets/choucsan/Gaokao-Compass-11M/resolve/main/data/2025/anhui/school-admission.csv,2026-09-20T07:29:41+00:00
1560.0,北京工业大学,,beijing,,211,,公办,https://hf-mirror.com/datasets/choucsan/Gaokao-Compass-11M/resolve/main/data/2025/anhui/school-admission.csv,2026-09-20T07:29:41+00:00
2855.0,广州医科大学,,guangdong,,普通本科,,公办,https://hf-mirror.com/datasets/choucsan/Gaokao-Compass-11M/resolve/main/data/2025/anhui/school-admission.csv,2026-09-20T07:29:41+00:00
1496.0,哈尔滨工业大学,,shandong,,985,,公办,https://hf-mirror.com/datasets/choucsan/Gaokao-Compass-11M/resolve/main/data/2025/anhui/school-admission.csv,2026-09-20T07:29:41+00:00
2315.0,南京邮电大学,,jiangsu,,普通本科,,公办,https://hf-mirror.com/datasets/choucsan/Gaokao-Compass-11M/resolve/main/data/2025/anhui/school-admission.csv,2026-09-20T07:29:41+00:00
9014.0,蚌埠医科大学,,anhui,,普通本科,,公办,https://hf-mirror.com/datasets/choucsan/Gaokao-Compass-11M/resolve/main/data/2025/anhui/school-admission.csv,2026-09-20T07:29:41+00:00
2280.0,北京建筑大学,,beijing,,普通本科,,公办,https://hf-mirror.com/datasets/choucsan/Gaokao-Compass-11M/resolve/main/data/2025/anhui/school-admission.csv,2026-09-20T07:29:41+00:00
3645.0,长春工程学院,,jilin,,普通本科,,公办,https://hf-mirror.com/datasets/choucsan/Gaokao-Compass-11M/resolve/main/data/2025/anhui/school-admission.csv,2026-09-20T07:29:41+00:00
6798.0,长春建筑学院,,jilin,,民办/独立学院,,民办,https://hf-mirror.com/datasets/choucsan/Gaokao-Compass-11M/resolve/main/data/2025/anhui/school-admission.csv,2026-09-20T07:29:41+00:00
7091.0,长春汽车职业技术大学,,jilin,,普通本科,,公办,https://hf-mirror.com/datasets/choucsan/Gaokao-Compass-11M/resolve/main/data/2025/anhui/school-admission.csv,2026-09-20T07:29:41+00:00
8302.0,长春职业技术大学,,jilin,,普通本科,,公办,https://hf-mirror.com/datasets/choucsan/Gaokao-Compass-11M/resolve/main/data/2025/anhui/school-admission.csv,2026-09-20T07:29:41+00:00
3665.0,长春中医药大学,,jilin,,普通本科,,公办,https://hf-mirror.com/datasets/choucsan/Gaokao-Compass-11M/resolve/main/data/2025/anhui/school-admission.csv,2026-09-20T07:29:41+00:00
3395.0,长治医学院,,shanxi,,普通本科,,公办,https://hf-mirror.com/datasets/choucsan/Gaokao-Compass-11M/resolve/main/data/2025/anhui/school-admission.csv,2026-09-20T07:29:41+00:00
3855.0,常州工学院,,jiangsu,,普通本科,,公办,https://hf-mirror.com/datasets/choucsan/Gaokao-Compass-11M/resolve/main/data/2025/anhui/school-admission.csv,2026-09-20T07:29:41+00:00
2620.0,成都中医药大学,,sichuan,,普通本科,,公办,https://hf-mirror.com/datasets/choucsan/Gaokao-Compass-11M/resolve/main/data/2025/anhui/school-admission.csv,2026-09-20T07:29:41+00:00
3325.0,承德医学院,,hebei,,普通本科,,公办,https://hf-mirror.com/datasets/choucsan/Gaokao-Compass-11M/resolve/main/data/2025/anhui/school-admission.csv,2026-09-20T07:29:41+00:00
2025.0,重庆医科大学,,chongqing,,普通本科,,公办,https://hf-mirror.com/datasets/choucsan/Gaokao-Compass-11M/resolve/main/data/2025/anhui/school-admission.csv,2026-09-20T07:29:41+00:00
5110.0,川北医学院,,sichuan,,普通本科,,公办,https://hf-mirror.com/datasets/choucsan/Gaokao-Compass-11M/resolve/main/data/2025/anhui/school-admission.csv,2026-09-20T07:29:41+00:00
3530.0,大连工业大学,,liaoning,,普通本科,,公办,https://hf-mirror.com/datasets/choucsan/Gaokao-Compass-11M/resolve/main/data/2025/anhui/school-admission.csv,2026-09-20T07:29:41+00:00
9592.0,广东东软学院,,guangdong,,民办/独立学院,,民办,https://hf-mirror.com/datasets/choucsan/Gaokao-Compass-11M/resolve/main/data/2025/anhui/school-admission.csv,2026-09-20T07:29:41+00:00
4835.0,广东药科大学,,guangdong,,普通本科,,公办,https://hf-mirror.com/datasets/choucsan/Gaokao-Compass-11M/resolve/main/data/2025/anhui/school-admission.csv,2026-09-20T07:29:41+00:00
2000.0,广西大学,,guangxi,,211,,公办,https://hf-mirror.com/datasets/choucsan/Gaokao-Compass-11M/resolve/main/data/2025/anhui/school-admission.csv,2026-09-20T07:29:41+00:00
2650.0,广西医科大学,,guangxi,,普通本科,,公办,https://hf-mirror.com/datasets/choucsan/Gaokao-Compass-11M/resolve/main/data/2025/anhui/school-admission.csv,2026-09-20T07:29:41+00:00
6980.0,广州软件学院,,guangdong,,民办/独立学院,,民办,https://hf-mirror.com/datasets/choucsan/Gaokao-Compass-11M/resolve/main/data/2025/anhui/school-admission.csv,2026-09-20T07:29:41+00:00
5220.0,贵州理工学院,,guizhou,,普通本科,,公办,https://hf-mirror.com/datasets/choucsan/Gaokao-Compass-11M/resolve/main/data/2025/anhui/school-admission.csv,2026-09-20T07:29:41+00:00
4945.0,桂林医科大学,,guangxi,,普通本科,,公办,https://hf-mirror.com/datasets/choucsan/Gaokao-Compass-11M/resolve/main/data/2025/anhui/school-admission.csv,2026-09-20T07:29:41+00:00
3705.0,哈尔滨理工大学,,heilongjiang,,普通本科,,公办,https://hf-mirror.com/datasets/choucsan/Gaokao-Compass-11M/resolve/main/data/2025/anhui/school-admission.csv,2026-09-20T07:29:41+00:00
4055.0,杭州师范大学,,zhejiang,,普通本科,,公办,https://hf-mirror.com/datasets/choucsan/Gaokao-Compass-11M/resolve/main/data/2025/anhui/school-admission.csv,2026-09-20T07:29:41+00:00
7338.0,杭州医学院,,zhejiang,,普通本科,,公办,https://hf-mirror.com/datasets/choucsan/Gaokao-Compass-11M/resolve/main/data/2025/anhui/school-admission.csv,2026-09-20T07:29:41+00:00
3320.0,河北北方学院,,hebei,,普通本科,,公办,https://hf-mirror.com/datasets/choucsan/Gaokao-Compass-11M/resolve/main/data/2025/anhui/school-admission.csv,2026-09-20T07:29:41+00:00
7604.0,河北传媒学院,,hebei,,民办/独立学院,,民办,https://hf-mirror.com/datasets/choucsan/Gaokao-Compass-11M/resolve/main/data/2025/anhui/school-admission.csv,2026-09-20T07:29:41+00:00
2540.0,河北科技大学,,hebei,,普通本科,,公办,https://hf-mirror.com/datasets/choucsan/Gaokao-Compass-11M/resolve/main/data/2025/anhui/school-admission.csv,2026-09-20T07:29:41+00:00
1545.0,河北科技师范学院,,hebei,,普通本科,,公办,https://hf-mirror.com/datasets/choucsan/Gaokao-Compass-11M/resolve/main/data/2025/anhui/school-admission.csv,2026-09-20T07:29:41+00:00
7031.0,河北水利电力学院,,hebei,,普通本科,,公办,https://hf-mirror.com/datasets/choucsan/Gaokao-Compass-11M/resolve/main/data/2025/anhui/school-admission.csv,2026-09-20T07:29:41+00:00
3275.0,河北医科大学,,hebei,,普通本科,,公办,https://hf-mirror.com/datasets/choucsan/Gaokao-Compass-11M/resolve/main/data/2025/anhui/school-admission.csv,2026-09-20T07:29:41+00:00
3265.0,河北中医药大学,,hebei,,普通本科,,公办,https://hf-mirror.com/datasets/choucsan/Gaokao-Compass-11M/resolve/main/data/2025/anhui/school-admission.csv,2026-09-20T07:29:41+00:00
6214.0,河南工学院,,henan,,普通本科,,公办,https://hf-mirror.com/datasets/choucsan/Gaokao-Compass-11M/resolve/main/data/2025/anhui/school-admission.csv,2026-09-20T07:29:41+00:00
5535.0,贺州学院,,guangxi,,普通本科,,公办,https://hf-mirror.com/datasets/choucsan/Gaokao-Compass-11M/resolve/main/data/2025/anhui/school-admission.csv,2026-09-20T07:29:41+00:00
6095.0,华北水利水电大学,,henan,,普通本科,,公办,https://hf-mirror.com/datasets/choucsan/Gaokao-Compass-11M/resolve/main/data/2025/anhui/school-admission.csv,2026-09-20T07:29:41+00:00
1970.0,华南农业大学,,guangdong,,普通本科,,公办,https://hf-mirror.com/datasets/choucsan/Gaokao-Compass-11M/resolve/main/data/2025/anhui/school-admission.csv,2026-09-20T07:29:41+00:00
6801.0,吉林动画学院,,jilin,,民办/独立学院,,民办,https://hf-mirror.com/datasets/choucsan/Gaokao-Compass-11M/resolve/main/data/2025/anhui/school-admission.csv,2026-09-20T07:29:41+00:00
3655.0,吉林化工大学,,jilin,,普通本科,,公办,https://hf-mirror.com/datasets/choucsan/Gaokao-Compass-11M/resolve/main/data/2025/anhui/school-admission.csv,2026-09-20T07:29:41+00:00
3700.0,佳木斯大学,,heilongjiang,,普通本科,,公办,https://hf-mirror.com/datasets/choucsan/Gaokao-Compass-11M/resolve/main/data/2025/anhui/school-admission.csv,2026-09-20T07:29:41+00:00
5230.0,昆明理工大学,,yunnan,,普通本科,,公办,https://hf-mirror.com/datasets/choucsan/Gaokao-Compass-11M/resolve/main/data/2025/anhui/school-admission.csv,2026-09-20T07:29:41+00:00
5255.0,昆明医科大学,,yunnan,,普通本科,,公办,https://hf-mirror.com/datasets/choucsan/Gaokao-Compass-11M/resolve/main/data/2025/anhui/school-admission.csv,2026-09-20T07:29:41+00:00
3515.0,辽宁科技学院,,liaoning,,普通本科,,公办,https://hf-mirror.com/datasets/choucsan/Gaokao-Compass-11M/resolve/main/data/2025/anhui/school-admission.csv,2026-09-20T07:29:41+00:00
2790.0,辽宁石油化工大学,,liaoning,,普通本科,,公办,https://hf-mirror.com/datasets/choucsan/Gaokao-Compass-11M/resolve/main/data/2025/anhui/school-admission.csv,2026-09-20T07:29:41+00:00
7503.0,茅台学院,,guizhou,,民办/独立学院,,民办,https://hf-mirror.com/datasets/choucsan/Gaokao-Compass-11M/resolve/main/data/2025/anhui/school-admission.csv,2026-09-20T07:29:41+00:00
3755.0,牡丹江医科大学,,heilongjiang,,普通本科,,公办,https://hf-mirror.com/datasets/choucsan/Gaokao-Compass-11M/resolve/main/data/2025/anhui/school-admission.csv,2026-09-20T07:29:41+00:00
5485.0,宁夏医科大学,,ningxia,,普通本科,,公办,https://hf-mirror.com/datasets/choucsan/Gaokao-Compass-11M/resolve/main/data/2025/anhui/school-admission.csv,2026-09-20T07:29:41+00:00
2275.0,青岛科技大学,,shandong,,普通本科,,公办,https://hf-mirror.com/datasets/choucsan/Gaokao-Compass-11M/resolve/main/data/2025/anhui/school-admission.csv,2026-09-20T07:29:41+00:00
4435.0,青岛农业大学,,shandong,,普通本科,,公办,https://hf-mirror.com/datasets/choucsan/Gaokao-Compass-11M/resolve/main/data/2025/anhui/school-admission.csv,2026-09-20T07:29:41+00:00
4450.0,山东第二医科大学,,shandong,,普通本科,,公办,https://hf-mirror.com/datasets/choucsan/Gaokao-Compass-11M/resolve/main/data/2025/anhui/school-admission.csv,2026-09-20T07:29:41+00:00
4385.0,山东农业大学,,shandong,,普通本科,,公办,https://hf-mirror.com/datasets/choucsan/Gaokao-Compass-11M/resolve/main/data/2025/anhui/school-admission.csv,2026-09-20T07:29:41+00:00
6608.0,山东石油化工学院,,shandong,,普通本科,,公办,https://hf-mirror.com/datasets/choucsan/Gaokao-Compass-11M/resolve/main/data/2025/anhui/school-admission.csv,2026-09-20T07:29:41+00:00
5856.0,山西工程技术学院,,shanxi,,普通本科,,公办,https://hf-mirror.com/datasets/choucsan/Gaokao-Compass-11M/resolve/main/data/2025/anhui/school-admission.csv,2026-09-20T07:29:41+00:00
7113.0,上海健康医学院,,shanghai,,普通本科,,公办,https://hf-mirror.com/datasets/choucsan/Gaokao-Compass-11M/resolve/main/data/2025/anhui/school-admission.csv,2026-09-20T07:29:41+00:00
3550.0,沈阳航空航天大学,,liaoning,,普通本科,,公办,https://hf-mirror.com/datasets/choucsan/Gaokao-Compass-11M/resolve/main/data/2025/anhui/school-admission.csv,2026-09-20T07:29:41+00:00
2285.0,沈阳建筑大学,,liaoning,,普通本科,,公办,https://hf-mirror.com/datasets/choucsan/Gaokao-Compass-11M/resolve/main/data/2025/anhui/school-admission.csv,2026-09-20T07:29:41+00:00
1710.0,沈阳农业大学,,liaoning,,普通本科,,公办,https://hf-mirror.com/datasets/choucsan/Gaokao-Compass-11M/resolve/main/data/2025/anhui/school-admission.csv,2026-09-20T07:29:41+00:00
2200.0,首都医科大学,,beijing,,普通本科,,公办,https://hf-mirror.com/datasets/choucsan/Gaokao-Compass-11M/resolve/main/data/2025/anhui/school-admission.csv,2026-09-20T07:29:41+00:00
3420.0,太原工业学院,,shanxi,,普通本科,,公办,https://hf-mirror.com/datasets/choucsan/Gaokao-Compass-11M/resolve/main/data/2025/anhui/school-admission.csv,2026-09-20T07:29:41+00:00
9910.0,天津美术学院,,tianjin,,普通本科,,公办,https://hf-mirror.com/datasets/choucsan/Gaokao-Compass-11M/resolve/main/data/2025/anhui/school-admission.csv,2026-09-20T07:29:41+00:00
5380.0,渭南师范学院,,shaanxi,,普通本科,,公办,https://hf-mirror.com/datasets/choucsan/Gaokao-Compass-11M/resolve/main/data/2025/anhui/school-admission.csv,2026-09-20T07:29:41+00:00
2560.0,温州医科大学,,zhejiang,,普通本科,,公办,https://hf-mirror.com/datasets/choucsan/Gaokao-Compass-11M/resolve/main/data/2025/anhui/school-admission.csv,2026-09-20T07:29:41+00:00
7292.0,西安航空学院,,shaanxi,,普通本科,,公办,https://hf-mirror.com/datasets/choucsan/Gaokao-Compass-11M/resolve/main/data/2025/anhui/school-admission.csv,2026-09-20T07:29:41+00:00
5135.0,西华师范大学,,sichuan,,普通本科,,公办,https://hf-mirror.com/datasets/choucsan/Gaokao-Compass-11M/resolve/main/data/2025/anhui/school-admission.csv,2026-09-20T07:29:41+00:00
5250.0,西南林业大学,,yunnan,,普通本科,,公办,https://hf-mirror.com/datasets/choucsan/Gaokao-Compass-11M/resolve/main/data/2025/anhui/school-admission.csv,2026-09-20T07:29:41+00:00
5115.0,西南医科大学,,sichuan,,普通本科,,公办,https://hf-mirror.com/datasets/choucsan/Gaokao-Compass-11M/resolve/main/data/2025/anhui/school-admission.csv,2026-09-20T07:29:41+00:00
3405.0,忻州师范学院,,shanxi,,普通本科,,公办,https://hf-mirror.com/datasets/choucsan/Gaokao-Compass-11M/resolve/main/data/2025/anhui/school-admission.csv,2026-09-20T07:29:41+00:00
5857.0,营口理工学院,,liaoning,,普通本科,,公办,https://hf-mirror.com/datasets/choucsan/Gaokao-Compass-11M/resolve/main/data/2025/anhui/school-admission.csv,2026-09-20T07:29:41+00:00
6505.0,豫北医学院,,henan,,民办/独立学院,,民办,https://hf-mirror.com/datasets/choucsan/Gaokao-Compass-11M/resolve/main/data/2025/anhui/school-admission.csv,2026-09-20T07:29:41+00:00
3380.0,运城学院,,shanxi,,普通本科,,公办,https://hf-mirror.com/datasets/choucsan/Gaokao-Compass-11M/resolve/main/data/2025/anhui/school-admission.csv,2026-09-20T07:29:41+00:00
4505.0,枣庄学院,,shandong,,普通本科,,公办,https://hf-mirror.com/datasets/choucsan/Gaokao-Compass-11M/resolve/main/data/2025/anhui/school-admission.csv,2026-09-20T07:29:41+00:00
4875.0,肇庆学院,,guangdong,,普通本科,,公办,https://hf-mirror.com/datasets/choucsan/Gaokao-Compass-11M/resolve/main/data/2025/anhui/school-admission.csv,2026-09-20T07:29:41+00:00
7132.0,浙江水利水电学院,,zhejiang,,普通本科,,公办,https://hf-mirror.com/datasets/choucsan/Gaokao-Compass-11M/resolve/main/data/2025/anhui/school-admission.csv,2026-09-20T07:29:41+00:00
7006.0,浙江药科职业大学,,zhejiang,,普通本科,,公办,https://hf-mirror.com/datasets/choucsan/Gaokao-Compass-11M/resolve/main/data/2025/anhui/school-admission.csv,2026-09-20T07:29:41+00:00
5190.0,遵义医科大学,,guizhou,,普通本科,,公办,https://hf-mirror.com/datasets/choucsan/Gaokao-Compass-11M/resolve/main/data/2025/anhui/school-admission.csv,2026-09-20T07:29:41+00:00
6886.0,广西中医药大学赛恩斯新医药学院,,guangxi,,民办/独立学院,,民办,https://hf-mirror.com/datasets/choucsan/Gaokao-Compass-11M/resolve/main/data/2025/anhui/school-admission.csv,2026-09-20T07:29:41+00:00
6905.0,昆明医科大学海源学院,,yunnan,,民办/独立学院,,民办,https://hf-mirror.com/datasets/choucsan/Gaokao-Compass-11M/resolve/main/data/2025/anhui/school-admission.csv,2026-09-20T07:29:41+00:00
6755.0,天津医科大学临床医学院,,tianjin,,民办/独立学院,,民办,https://hf-mirror.com/datasets/choucsan/Gaokao-Compass-11M/resolve/main/data/2025/anhui/school-admission.csv,2026-09-20T07:29:41+00:00
6960.0,温州医科大学仁济学院,,zhejiang,,民办/独立学院,,民办,https://hf-mirror.com/datasets/choucsan/Gaokao-Compass-11M/resolve/main/data/2025/anhui/school-admission.csv,2026-09-20T07:29:41+00:00
6978.0,武汉工程大学邮电与信息工程学院,,hubei,,民办/独立学院,,民办,https://hf-mirror.com/datasets/choucsan/Gaokao-Compass-11M/resolve/main/data/2025/anhui/school-admission.csv,2026-09-20T07:29:41+00:00
6990.0,西安建筑科技大学华清学院,,shaanxi,,民办/独立学院,,民办,https://hf-mirror.com/datasets/choucsan/Gaokao-Compass-11M/resolve/main/data/2025/anhui/school-admission.csv,2026-09-20T07:29:41+00:00
6957.0,浙江理工大学科技与艺术学院,,zhejiang,,民办/独立学院,,民办,https://hf-mirror.com/datasets/choucsan/Gaokao-Compass-11M/resolve/main/data/2025/anhui/school-admission.csv,2026-09-20T07:29:41+00:00
1592.0,河西学院,,gansu,,普通本科,,公办,https://hf-mirror.com/datasets/choucsan/Gaokao-Compass-11M/resolve/main/data/2025/anhui/school-admission.csv,2026-09-20T07:29:41+00:00
1084.0,北京城市学院,,beijing,,民办/独立学院,,民办,https://hf-mirror.com/datasets/choucsan/Gaokao-Compass-11M/resolve/main/data/2025/beijing/school-admission.csv,2026-09-20T07:29:42+00:00
1103.0,北京工业职业技术学院,,beijing,,普通本科,,公办,https://hf-mirror.com/datasets/choucsan/Gaokao-Compass-11M/resolve/main/data/2025/beijing/school-admission.csv,2026-09-20T07:29:42+00:00
1105.0,北京信息职业技术学院,,beijing,,普通本科,,公办,https://hf-mirror.com/datasets/choucsan/Gaokao-Compass-11M/resolve/main/data/2025/beijing/school-admission.csv,2026-09-20T07:29:42+00:00
1107.0,北京京北职业技术学院,,beijing,,普通本科,,公办,https://hf-mirror.com/datasets/choucsan/Gaokao-Compass-11M/resolve/main/data/2025/beijing/school-admission.csv,2026-09-20T07:29:42+00:00
1108.0,北京青年政治学院,,beijing,,普通本科,,公办,https://hf-mirror.com/datasets/choucsan/Gaokao-Compass-11M/resolve/main/data/2025/beijing/school-admission.csv,2026-09-20T07:29:42+00:00
1109.0,首钢工学院,,beijing,,普通本科,,公办,https://hf-mirror.com/datasets/choucsan/Gaokao-Compass-11M/resolve/main/data/2025/beijing/school-admission.csv,2026-09-20T07:29:42+00:00
1110.0,北京农业职业学院,,beijing,,普通本科,,公办,https://hf-mirror.com/datasets/choucsan/Gaokao-Compass-11M/resolve/main/data/2025/beijing/school-admission.csv,2026-09-20T07:29:42+00:00
1111.0,北京政法职业学院,,beijing,,普通本科,,公办,https://hf-mirror.com/datasets/choucsan/Gaokao-Compass-11M/resolve/main/data/2025/beijing/school-admission.csv,2026-09-20T07:29:42+00:00
1112.0,北京财贸职业学院,,beijing,,普通本科,,公办,https://hf-mirror.com/datasets/choucsan/Gaokao-Compass-11M/resolve/main/data/2025/beijing/school-admission.csv,2026-09-20T07:29:42+00:00
1113.0,北京北大方正软件职业技术学院,,beijing,,民办/独立学院,,民办,https://hf-mirror.com/datasets/choucsan/Gaokao-Compass-11M/resolve/main/data/2025/beijing/school-admission.csv,2026-09-20T07:29:42+00:00
1115.0,北京经贸职业学院,,beijing,,民办/独立学院,,民办,https://hf-mirror.com/datasets/choucsan/Gaokao-Compass-11M/resolve/main/data/2025/beijing/school-admission.csv,2026-09-20T07:29:42+00:00
1116.0,北京经济技术职业学院,,hebei,,民办/独立学院,,民办,https://hf-mirror.com/datasets/choucsan/Gaokao-Compass-11M/resolve/main/data/2025/beijing/school-admission.csv,2026-09-20T07:29:42+00:00
1118.0,北京汇佳职业学院,,beijing,,民办/独立学院,,民办,https://hf-mirror.com/datasets/choucsan/Gaokao-Compass-11M/resolve/main/data/2025/beijing/school-admission.csv,2026-09-20T07:29:42+00:00
1120.0,北京科技经营管理学院,,beijing,,民办/独立学院,,民办,https://hf-mirror.com/datasets/choucsan/Gaokao-Compass-11M/resolve/main/data/2025/beijing/school-admission.csv,2026-09-20T07:29:42+00:00
1122.0,北京科技职业学院,,beijing,,民办/独立学院,,民办,https://hf-mirror.com/datasets/choucsan/Gaokao-Compass-11M/resolve/main/data/2025/beijing/school-admission.csv,2026-09-20T07:29:42+00:00
1123.0,北京培黎职业学院,,beijing,,民办/独立学院,,民办,https://hf-mirror.com/datasets/choucsan/Gaokao-Compass-11M/resolve/main/data/2025/beijing/school-admission.csv,2026-09-20T07:29:42+00:00
1125.0,北京交通职业技术学院,,beijing,,普通本科,,公办,https://hf-mirror.com/datasets/choucsan/Gaokao-Compass-11M/resolve/main/data/2025/beijing/school-admission.csv,2026-09-20T07:29:42+00:00
1126.0,北京经济管理职业学院,,beijing,,普通本科,,公办,https://hf-mirror.com/datasets/choucsan/Gaokao-Compass-11M/resolve/main/data/2025/beijing/school-admission.csv,2026-09-20T07:29:42+00:00
1127.0,北京劳动保障职业学院,,beijing,,普通本科,,公办,https://hf-mirror.com/datasets/choucsan/Gaokao-Compass-11M/resolve/main/data/2025/beijing/school-admission.csv,2026-09-20T07:29:42+00:00
1128.0,民政职业大学,,beijing,,普通本科,,公办,https://hf-mirror.com/datasets/choucsan/Gaokao-Compass-11M/resolve/main/data/2025/beijing/school-admission.csv,2026-09-20T07:29:42+00:00
1129.0,北京艺术传媒职业学院,,beijing,,民办/独立学院,,民办,https://hf-mirror.com/datasets/choucsan/Gaokao-Compass-11M/resolve/main/data/2025/beijing/school-admission.csv,2026-09-20T07:29:42+00:00
1132.0,北京交通运输职业学院,,beijing,,普通本科,,公办,https://hf-mirror.com/datasets/choucsan/Gaokao-Compass-11M/resolve/main/data/2025/beijing/school-admission.csv,2026-09-20T07:29:42+00:00
1133.0,北京卫生职业学院,,beijing,,普通本科,,公办,https://hf-mirror.com/datasets/choucsan/Gaokao-Compass-11M/resolve/main/data/2025/beijing/school-admission.csv,2026-09-20T07:29:42+00:00
1135.0,北京网络职业学院,,beijing,,民办/独立学院,,民办,https://hf-mirror.com/datasets/choucsan/Gaokao-Compass-11M/resolve/main/data/2025/beijing/school-admission.csv,2026-09-20T07:29:42+00:00
1241.0,天津生物工程职业技术学院,,tianjin,,普通本科,,公办,https://hf-mirror.com/datasets/choucsan/Gaokao-Compass-11M/resolve/main/data/2025/beijing/school-admission.csv,2026-09-20T07:29:42+00:00
1243.0,天津市职业大学,,tianjin,,普通本科,,公办,https://hf-mirror.com/datasets/choucsan/Gaokao-Compass-11M/resolve/main/data/2025/beijing/school-admission.csv,2026-09-20T07:29:42+00:00
1244.0,天津医学高等专科学校,,tianjin,,普通本科,,公办,https://hf-mirror.com/datasets/choucsan/Gaokao-Compass-11M/resolve/main/data/2025/beijing/school-admission.csv,2026-09-20T07:29:42+00:00
1248.0,天津渤海职业技术学院,,tianjin,,普通本科,,公办,https://hf-mirror.com/datasets/choucsan/Gaokao-Compass-11M/resolve/main/data/2025/beijing/school-admission.csv,2026-09-20T07:29:42+00:00
1251.0,天津现代职业技术学院,,tianjin,,普通本科,,公办,https://hf-mirror.com/datasets/choucsan/Gaokao-Compass-11M/resolve/main/data/2025/beijing/school-admission.csv,2026-09-20T07:29:42+00:00
1253.0,天津轻工职业技术学院,,tianjin,,普通本科,,公办,https://hf-mirror.com/datasets/choucsan/Gaokao-Compass-11M/resolve/main/data/2025/beijing/school-admission.csv,2026-09-20T07:29:42+00:00
1261.0,天津铁道职业技术学院,,tianjin,,普通本科,,公办,https://hf-mirror.com/datasets/choucsan/Gaokao-Compass-11M/resolve/main/data/2025/beijing/school-admission.csv,2026-09-20T07:29:42+00:00
1262.0,天津城市建设管理职业技术学院,,tianjin,,普通本科,,公办,https://hf-mirror.com/datasets/choucsan/Gaokao-Compass-11M/resolve/main/data/2025/beijing/school-admission.csv,2026-09-20T07:29:42+00:00
1266.0,天津体育职业学院,,tianjin,,普通本科,,公办,https://hf-mirror.com/datasets/choucsan/Gaokao-Compass-11M/resolve/main/data/2025/beijing/school-admission.csv,2026-09-20T07:29:42+00:00
1354.0,承德护理职业学院,,hebei,,普通本科,,公办,https://hf-mirror.com/datasets/choucsan/Gaokao-Compass-11M/resolve/main/data/2025/beijing/school-admission.csv,2026-09-20T07:29:42+00:00
1372.0,石家庄铁路职业技术学院,,hebei,,普通本科,,公办,https://hf-mirror.com/datasets/choucsan/Gaokao-Compass-11M/resolve/main/data/2025/beijing/school-admission.csv,2026-09-20T07:29:42+00:00
1380.0,河北对外经贸职业学院,,hebei,,普通本科,,公办,https://hf-mirror.com/datasets/choucsan/Gaokao-Compass-11M/resolve/main/data/2025/beijing/school-admission.csv,2026-09-20T07:29:42+00:00
1382.0,保定电力职业技术学院,,hebei,,普通本科,,公办,https://hf-mirror.com/datasets/choucsan/Gaokao-Compass-11M/resolve/main/data/2025/beijing/school-admission.csv,2026-09-20T07:29:42+00:00
1384.0,石家庄邮电职业技术学院,,hebei,,普通本科,,公办,https://hf-mirror.com/datasets/choucsan/Gaokao-Compass-11M/resolve/main/data/2025/beijing/school-admission.csv,2026-09-20T07:29:42+00:00
1386.0,石家庄科技信息职业学院,,hebei,,民办/独立学院,,民办,https://hf-mirror.com/datasets/choucsan/Gaokao-Compass-11M/resolve/main/data/2025/beijing/school-admission.csv,2026-09-20T07:29:42+00:00
1387.0,石家庄医学高等专科学校,,hebei,,民办/独立学院,,民办,https://hf-mirror.com/datasets/choucsan/Gaokao-Compass-11M/resolve/main/data/2025/beijing/school-admission.csv,2026-09-20T07:29:42+00:00
1392.0,石家庄人民医学高等专科学校,,hebei,,民办/独立学院,,民办,https://hf-mirror.com/datasets/choucsan/Gaokao-Compass-11M/resolve/main/data/2025/beijing/school-admission.csv,2026-09-20T07:29:42+00:00
1394.0,廊坊卫生职业学院,,hebei,,普通本科,,公办,https://hf-mirror.com/datasets/choucsan/Gaokao-Compass-11M/resolve/main/data/2025/beijing/school-admission.csv,2026-09-20T07:29:42+00:00
1522.0,赤峰工业职业技术学院,,neimenggu,,普通本科,,公办,https://hf-mirror.com/datasets/choucsan/Gaokao-Compass-11M/resolve/main/data/2025/beijing/school-admission.csv,2026-09-20T07:29:42+00:00
2253.0,长春医学高等专科学校,,jilin,,普通本科,,公办,https://hf-mirror.com/datasets/choucsan/Gaokao-Compass-11M/resolve/main/data/2025/beijing/school-admission.csv,2026-09-20T07:29:42+00:00
2357.0,哈尔滨铁道职业技术学院,,heilongjiang,,普通本科,,公办,https://hf-mirror.com/datasets/choucsan/Gaokao-Compass-11M/resolve/main/data/2025/beijing/school-admission.csv,2026-09-20T07:29:42+00:00
2362.0,黑龙江交通职业技术学院,,heilongjiang,,普通本科,,公办,https://hf-mirror.com/datasets/choucsan/Gaokao-Compass-11M/resolve/main/data/2025/beijing/school-admission.csv,2026-09-20T07:29:42+00:00
3162.0,上海出版印刷高等专科学校,,shanghai,,普通本科,,公办,https://hf-mirror.com/datasets/choucsan/Gaokao-Compass-11M/resolve/main/data/2025/beijing/school-admission.csv,2026-09-20T07:29:42+00:00
3163.0,上海城建职业学院,,shanghai,,普通本科,,公办,https://hf-mirror.com/datasets/choucsan/Gaokao-Compass-11M/resolve/main/data/2025/beijing/school-admission.csv,2026-09-20T07:29:42+00:00
3173.0,上海民航职业技术学院,,shanghai,,普通本科,,公办,https://hf-mirror.com/datasets/choucsan/Gaokao-Compass-11M/resolve/main/data/2025/beijing/school-admission.csv,2026-09-20T07:29:42+00:00
3654.0,江西司法警官职业学院,,jiangxi,,普通本科,,公办,https://hf-mirror.com/datasets/choucsan/Gaokao-Compass-11M/resolve/main/data/2025/beijing/school-admission.csv,2026-09-20T07:29:42+00:00
3660.0,江西财经职业学院,,jiangxi,,普通本科,,公办,https://hf-mirror.com/datasets/choucsan/Gaokao-Compass-11M/resolve/main/data/2025/beijing/school-admission.csv,2026-09-20T07:29:42+00:00
3675.0,景德镇陶瓷职业技术学院,,jiangxi,,民办/独立学院,,民办,https://hf-mirror.com/datasets/choucsan/Gaokao-Compass-11M/resolve/main/data/2025/beijing/school-admission.csv,2026-09-20T07:29:42+00:00
3756.0,泰山科技学院,,shandong,,民办/独立学院,,民办,https://hf-mirror.com/datasets/choucsan/Gaokao-Compass-11M/resolve/main/data/2025/beijing/school-admission.csv,2026-09-20T07:29:42+00:00
3757.0,山东外贸职业学院,,shandong,,普通本科,,公办,https://hf-mirror.com/datasets/choucsan/Gaokao-Compass-11M/resolve/main/data/2025/beijing/school-admission.csv,2026-09-20T07:29:42+00:00
3775.0,山东医学高等专科学校,,shandong,,普通本科,,公办,https://hf-mirror.com/datasets/choucsan/Gaokao-Compass-11M/resolve/main/data/2025/beijing/school-admission.csv,2026-09-20T07:29:42+00:00
3783.0,山东电力高等专科学校,,shandong,,普通本科,,公办,https://hf-mirror.com/datasets/choucsan/Gaokao-Compass-11M/resolve/main/data/2025/beijing/school-admission.csv,2026-09-20T07:29:42+00:00
4148.0,黄河水利职业技术大学,,henan,,普通本科,,公办,https://hf-mirror.com/datasets/choucsan/Gaokao-Compass-11M/resolve/main/data/2025/beijing/school-admission.csv,2026-09-20T07:29:42+00:00
4271.0,湖北中医药高等专科学校,,hubei,,普通本科,,公办,https://hf-mirror.com/datasets/choucsan/Gaokao-Compass-11M/resolve/main/data/2025/beijing/school-admission.csv,2026-09-20T07:29:42+00:00
4282.0,武汉警官职业学院,,hubei,,普通本科,,公办,https://hf-mirror.com/datasets/choucsan/Gaokao-Compass-11M/resolve/main/data/2025/beijing/school-admission.csv,2026-09-20T07:29:42+00:00
4284.0,武汉交通职业学院,,hubei,,普通本科,,公办,https://hf-mirror.com/datasets/choucsan/Gaokao-Compass-11M/resolve/main/data/2025/beijing/school-admission.csv,2026-09-20T07:29:42+00:00
4374.0,湖南高速铁路职业技术学院,,hunan,,普通本科,,公办,https://hf-mirror.com/datasets/choucsan/Gaokao-Compass-11M/resolve/main/data/2025/beijing/school-admission.csv,2026-09-20T07:29:42+00:00
4445.0,广东轻工职业技术大学,,guangdong,,普通本科,,公办,https://hf-mirror.com/datasets/choucsan/Gaokao-Compass-11M/resolve/main/data/2025/beijing/school-admission.csv,2026-09-20T07:29:42+00:00
4450.0,广州民航职业技术学院,,guangdong,,普通本科,,公办,https://hf-mirror.com/datasets/choucsan/Gaokao-Compass-11M/resolve/main/data/2025/beijing/school-admission.csv,2026-09-20T07:29:42+00:00
4456.0,广州华立科技职业学院,,guangdong,,民办/独立学院,,民办,https://hf-mirror.com/datasets/choucsan/Gaokao-Compass-11M/resolve/main/data/2025/beijing/school-admission.csv,2026-09-20T07:29:42+00:00
4632.0,三亚城市职业学院,,hainan,,民办/独立学院,,民办,https://hf-mirror.com/datasets/choucsan/Gaokao-Compass-11M/resolve/main/data/2025/beijing/school-admission.csv,2026-09-20T07:29:42+00:00
4637.0,三亚理工职业学院,,hainan,,民办/独立学院,,民办,https://hf-mirror.com/datasets/choucsan/Gaokao-Compass-11M/resolve/main/data/2025/beijing/school-admission.csv,2026-09-20T07:29:42+00:00
5031.0,重庆电子科技职业大学,,chongqing,,普通本科,,公办,https://hf-mirror.com/datasets/choucsan/Gaokao-Compass-11M/resolve/main/data/2025/beijing/school-admission.csv,2026-09-20T07:29:42+00:00
5050.0,重庆电力高等专科学校,,chongqing,,普通本科,,公办,https://hf-mirror.com/datasets/choucsan/Gaokao-Compass-11M/resolve/main/data/2025/beijing/school-admission.csv,2026-09-20T07:29:42+00:00
5054.0,重庆城市管理职业学院,,chongqing,,普通本科,,公办,https://hf-mirror.com/datasets/choucsan/Gaokao-Compass-11M/resolve/main/data/2025/beijing/school-admission.csv,2026-09-20T07:29:42+00:00
5148.0,西南交通大学希望学院,,sichuan,,民办/独立学院,,民办,https://hf-mirror.com/datasets/choucsan/Gaokao-Compass-11M/resolve/main/data/2025/beijing/school-admission.csv,2026-09-20T07:29:42+00:00
5151.0,成都航空职业技术大学,,sichuan,,普通本科,,公办,https://hf-mirror.com/datasets/choucsan/Gaokao-Compass-11M/resolve/main/data/2025/beijing/school-admission.csv,2026-09-20T07:29:42+00:00
5157.0,四川工程职业技术大学,,sichuan,,普通本科,,公办,https://hf-mirror.com/datasets/choucsan/Gaokao-Compass-11M/resolve/main/data/2025/beijing/school-admission.csv,2026-09-20T07:29:42+00:00
5158.0,四川建筑职业技术学院,,sichuan,,普通本科,,公办,https://hf-mirror.com/datasets/choucsan/Gaokao-Compass-11M/resolve/main/data/2025/beijing/school-admission.csv,2026-09-20T07:29:42+00:00
5167.0,四川文化传媒职业学院,,sichuan,,民办/独立学院,,民办,https://hf-mirror.com/datasets/choucsan/Gaokao-Compass-11M/resolve/main/data/2025/beijing/school-admission.csv,2026-09-20T07:29:42+00:00
5336.0,云南医药健康职业学院,,yunnan,,民办/独立学院,,民办,https://hf-mirror.com/datasets/choucsan/Gaokao-Compass-11M/resolve/main/data/2025/beijing/school-admission.csv,2026-09-20T07:29:42+00:00
,首都经济贸易大学密云分校,,beijing,,普通本科,,公办,https://hf-mirror.com/datasets/choucsan/Gaokao-Compass-11M/resolve/main/data/2025/beijing/school-admission.csv,2026-09-20T07:29:42+00:00
5.0,首都体育学院,,beijing,,普通本科,,公办,https://hf-mirror.com/datasets/choucsan/Gaokao-Compass-11M/resolve/main/data/2025/beijing/school-admission.csv,2026-09-20T07:29:42+00:00
1053.0,北京第二外国语学院,,beijing,,普通本科,,公办,https://hf-mirror.com/datasets/choucsan/Gaokao-Compass-11M/resolve/main/data/2025/beijing/school-admission.csv,2026-09-20T07:29:42+00:00
9956.0,内蒙古艺术学院,,neimenggu,,普通本科,,公办,https://hf-mirror.com/datasets/choucsan/Gaokao-Compass-11M/resolve/main/data/2025/beijing/school-admission.csv,2026-09-20T07:29:42+00:00
2221.0,吉林师范大学,,jilin,,普通本科,,公办,https://hf-mirror.com/datasets/choucsan/Gaokao-Compass-11M/resolve/main/data/2025/beijing/school-admission.csv,2026-09-20T07:29:42+00:00
5042.0,重庆外语外事学院,,chongqing,,民办/独立学院,,民办,https://hf-mirror.com/datasets/choucsan/Gaokao-Compass-11M/resolve/main/data/2025/beijing/school-admission.csv,2026-09-20T07:29:42+00:00
4631.0,海口经济学院,,hainan,,民办/独立学院,,民办,https://hf-mirror.com/datasets/choucsan/Gaokao-Compass-11M/resolve/main/data/2025/beijing/school-admission.csv,2026-09-20T07:29:42+00:00
1052.0,首都师范大学,,beijing,,普通本科,,公办,https://hf-mirror.com/datasets/choucsan/Gaokao-Compass-11M/resolve/main/data/2025/beijing/school-admission.csv,2026-09-20T07:29:42+00:00
1062.0,北方工业大学,,beijing,,普通本科,,公办,https://hf-mirror.com/datasets/choucsan/Gaokao-Compass-11M/resolve/main/data/2025/beijing/school-admission.csv,2026-09-20T07:29:42+00:00
1064.0,北京信息科技大学,,beijing,,普通本科,,公办,https://hf-mirror.com/datasets/choucsan/Gaokao-Compass-11M/resolve/main/data/2025/beijing/school-admission.csv,2026-09-20T07:29:42+00:00
1066.0,北京印刷学院,,beijing,,普通本科,,公办,https://hf-mirror.com/datasets/choucsan/Gaokao-Compass-11M/resolve/main/data/2025/beijing/school-admission.csv,2026-09-20T07:29:42+00:00
1069.0,北京农学院,,beijing,,普通本科,,公办,https://hf-mirror.com/datasets/choucsan/Gaokao-Compass-11M/resolve/main/data/2025/beijing/school-admission.csv,2026-09-20T07:29:42+00:00
1018.0,北京警察学院,,beijing,,普通本科,,公办,https://hf-mirror.com/datasets/choucsan/Gaokao-Compass-11M/resolve/main/data/2025/beijing/school-admission.csv,2026-09-20T07:29:42+00:00
1234.0,天津交通职业学院,,tianjin,,普通本科,,公办,https://hf-mirror.com/datasets/choucsan/Gaokao-Compass-11M/resolve/main/data/2025/chongqing/school-admission.csv,2026-09-20T07:29:44+00:00
1237.0,天津石油职业技术学院,,tianjin,,普通本科,,公办,https://hf-mirror.com/datasets/choucsan/Gaokao-Compass-11M/resolve/main/data/2025/chongqing/school-admission.csv,2026-09-20T07:29:44+00:00
1238.0,天津国土资源和房屋职业学院,,tianjin,,普通本科,,公办,https://hf-mirror.com/datasets/choucsan/Gaokao-Compass-11M/resolve/main/data/2025/chongqing/school-admission.csv,2026-09-20T07:29:44+00:00
1249.0,天津海运职业学院,,tianjin,,普通本科,,公办,https://hf-mirror.com/datasets/choucsan/Gaokao-Compass-11M/resolve/main/data/2025/chongqing/school-admission.csv,2026-09-20T07:29:44+00:00
1253.0,天津城市职业学院,,tianjin,,普通本科,,公办,https://hf-mirror.com/datasets/choucsan/Gaokao-Compass-11M/resolve/main/data/2025/chongqing/school-admission.csv,2026-09-20T07:29:44+00:00
1323.0,邯郸职业技术学院,,hebei,,普通本科,,公办,https://hf-mirror.com/datasets/choucsan/Gaokao-Compass-11M/resolve/main/data/2025/chongqing/school-admission.csv,2026-09-20T07:29:44+00:00
1326.0,河北建材职业技术学院,,hebei,,普通本科,,公办,https://hf-mirror.com/datasets/choucsan/Gaokao-Compass-11M/resolve/main/data/2025/chongqing/school-admission.csv,2026-09-20T07:29:44+00:00
1329.0,秦皇岛职业技术学院,,hebei,,普通本科,,公办,https://hf-mirror.com/datasets/choucsan/Gaokao-Compass-11M/resolve/main/data/2025/chongqing/school-admission.csv,2026-09-20T07:29:44+00:00
1330.0,唐山职业技术学院,,hebei,,普通本科,,公办,https://hf-mirror.com/datasets/choucsan/Gaokao-Compass-11M/resolve/main/data/2025/chongqing/school-admission.csv,2026-09-20T07:29:44+00:00
1332.0,河北旅游职业学院,,hebei,,普通本科,,公办,https://hf-mirror.com/datasets/choucsan/Gaokao-Compass-11M/resolve/main/data/2025/chongqing/school-admission.csv,2026-09-20T07:29:44+00:00
1341.0,河北能源职业技术学院,,hebei,,普通本科,,公办,https://hf-mirror.com/datasets/choucsan/Gaokao-Compass-11M/resolve/main/data/2025/chongqing/school-admission.csv,2026-09-20T07:29:44+00:00
1349.0,石家庄工商职业学院,,hebei,,民办/独立学院,,民办,https://hf-mirror.com/datasets/choucsan/Gaokao-Compass-11M/resolve/main/data/2025/chongqing/school-admission.csv,2026-09-20T07:29:44+00:00
1352.0,邢台医学院,,hebei,,普通本科,,公办,https://hf-mirror.com/datasets/choucsan/Gaokao-Compass-11M/resolve/main/data/2025/chongqing/school-admission.csv,2026-09-20T07:29:44+00:00
1384.0,河北司法警官职业学院,,hebei,,普通本科,,公办,https://hf-mirror.com/datasets/choucsan/Gaokao-Compass-11M/resolve/main/data/2025/chongqing/school-admission.csv,2026-09-20T07:29:44+00:00
1454.0,运城护理职业学院,,shanxi,,普通本科,,公办,https://hf-mirror.com/datasets/choucsan/Gaokao-Compass-11M/resolve/main/data/2025/chongqing/school-admission.csv,2026-09-20T07:29:44+00:00
1455.0,运城幼儿师范高等专科学校,,shanxi,,普通本科,,公办,https://hf-mirror.com/datasets/choucsan/Gaokao-Compass-11M/resolve/main/data/2025/chongqing/school-admission.csv,2026-09-20T07:29:44+00:00
1476.0,阳泉师范高等专科学校,,shanxi,,普通本科,,公办,https://hf-mirror.com/datasets/choucsan/Gaokao-Compass-11M/resolve/main/data/2025/chongqing/school-admission.csv,2026-09-20T07:29:44+00:00
1485.0,山西卫生健康职业学院,,shanxi,,普通本科,,公办,https://hf-mirror.com/datasets/choucsan/Gaokao-Compass-11M/resolve/main/data/2025/chongqing/school-admission.csv,2026-09-20T07:29:44+00:00
1545.0,满洲里俄语职业学院,,neimenggu,,普通本科,,公办,https://hf-mirror.com/datasets/choucsan/Gaokao-Compass-11M/resolve/main/data/2025/chongqing/school-admission.csv,2026-09-20T07:29:44+00:00
2132.0,大连财经学院,,liaoning,,民办/独立学院,,民办,https://hf-mirror.com/datasets/choucsan/Gaokao-Compass-11M/resolve/main/data/2025/chongqing/school-admission.csv,2026-09-20T07:29:44+00:00
2134.0,铁岭师范高等专科学校,,liaoning,,普通本科,,公办,https://hf-mirror.com/datasets/choucsan/Gaokao-Compass-11M/resolve/main/data/2025/chongqing/school-admission.csv,2026-09-20T07:29:44+00:00
2135.0,辽宁省交通高等专科学校,,liaoning,,普通本科,,公办,https://hf-mirror.com/datasets/choucsan/Gaokao-Compass-11M/resolve/main/data/2025/chongqing/school-admission.csv,2026-09-20T07:29:44+00:00
2140.0,辽宁机电职业技术学院,,liaoning,,普通本科,,公办,https://hf-mirror.com/datasets/choucsan/Gaokao-Compass-11M/resolve/main/data/2025/chongqing/school-admission.csv,2026-09-20T07:29:44+00:00
2142.0,辽宁广告职业学院,,liaoning,,民办/独立学院,,民办,https://hf-mirror.com/datasets/choucsan/Gaokao-Compass-11M/resolve/main/data/2025/chongqing/school-admission.csv,2026-09-20T07:29:44+00:00
2145.0,锦州师范高等专科学校,,liaoning,,普通本科,,公办,https://hf-mirror.com/datasets/choucsan/Gaokao-Compass-11M/resolve/main/data/2025/chongqing/school-admission.csv,2026-09-20T07:29:44+00:00
2146.0,辽宁农业职业技术学院,,liaoning,,普通本科,,公办,https://hf-mirror.com/datasets/choucsan/Gaokao-Compass-11M/resolve/main/data/2025/chongqing/school-admission.csv,2026-09-20T07:29:44+00:00
2149.0,抚顺职业技术学院,,liaoning,,普通本科,,公办,https://hf-mirror.com/datasets/choucsan/Gaokao-Compass-11M/resolve/main/data/2025/chongqing/school-admission.csv,2026-09-20T07:29:44+00:00
2156.0,辽宁职业学院,,liaoning,,普通本科,,公办,https://hf-mirror.com/datasets/choucsan/Gaokao-Compass-11M/resolve/main/data/2025/chongqing/school-admission.csv,2026-09-20T07:29:44+00:00
2171.0,沈阳职业技术学院,,liaoning,,普通本科,,公办,https://hf-mirror.com/datasets/choucsan/Gaokao-Compass-11M/resolve/main/data/2025/chongqing/school-admission.csv,2026-09-20T07:29:44+00:00
2179.0,朝阳师范学院,,liaoning,,普通本科,,公办,https://hf-mirror.com/datasets/choucsan/Gaokao-Compass-11M/resolve/main/data/2025/chongqing/school-admission.csv,2026-09-20T07:29:44+00:00
2188.0,沈阳北软信息职业技术学院,,liaoning,,民办/独立学院,,民办,https://hf-mirror.com/datasets/choucsan/Gaokao-Compass-11M/resolve/main/data/2025/chongqing/school-admission.csv,2026-09-20T07:29:44+00:00
2191.0,抚顺师范高等专科学校,,liaoning,,普通本科,,公办,https://hf-mirror.com/datasets/choucsan/Gaokao-Compass-11M/resolve/main/data/2025/chongqing/school-admission.csv,2026-09-20T07:29:44+00:00
2192.0,营口职业技术学院,,liaoning,,普通本科,,公办,https://hf-mirror.com/datasets/choucsan/Gaokao-Compass-11M/resolve/main/data/2025/chongqing/school-admission.csv,2026-09-20T07:29:44+00:00
2196.0,辽宁何氏医学院,,liaoning,,民办/独立学院,,民办,https://hf-mirror.com/datasets/choucsan/Gaokao-Compass-11M/resolve/main/data/2025/chongqing/school-admission.csv,2026-09-20T07:29:44+00:00
2199.0,大连汽车职业技术学院,,liaoning,,民办/独立学院,,民办,https://hf-mirror.com/datasets/choucsan/Gaokao-Compass-11M/resolve/main/data/2025/chongqing/school-admission.csv,2026-09-20T07:29:44+00:00
2228.0,吉林交通职业技术学院,,jilin,,普通本科,,公办,https://hf-mirror.com/datasets/choucsan/Gaokao-Compass-11M/resolve/main/data/2025/chongqing/school-admission.csv,2026-09-20T07:29:44+00:00
2240.0,吉林电子信息职业技术学院,,jilin,,普通本科,,公办,https://hf-mirror.com/datasets/choucsan/Gaokao-Compass-11M/resolve/main/data/2025/chongqing/school-admission.csv,2026-09-20T07:29:44+00:00
2245.0,吉林司法警官职业学院,,jilin,,普通本科,,公办,https://hf-mirror.com/datasets/choucsan/Gaokao-Compass-11M/resolve/main/data/2025/chongqing/school-admission.csv,2026-09-20T07:29:44+00:00
2267.0,白城职业技术学院,,jilin,,普通本科,,公办,https://hf-mirror.com/datasets/choucsan/Gaokao-Compass-11M/resolve/main/data/2025/chongqing/school-admission.csv,2026-09-20T07:29:44+00:00
2268.0,长春健康职业学院,,jilin,,民办/独立学院,,民办,https://hf-mirror.com/datasets/choucsan/Gaokao-Compass-11M/resolve/main/data/2025/chongqing/school-admission.csv,2026-09-20T07:29:44+00:00
2321.0,牡丹江大学,,heilongjiang,,普通本科,,公办,https://hf-mirror.com/datasets/choucsan/Gaokao-Compass-11M/resolve/main/data/2025/chongqing/school-admission.csv,2026-09-20T07:29:44+00:00
2336.0,黑龙江生态工程职业学院,,heilongjiang,,普通本科,,公办,https://hf-mirror.com/datasets/choucsan/Gaokao-Compass-11M/resolve/main/data/2025/chongqing/school-admission.csv,2026-09-20T07:29:44+00:00
2341.0,黑龙江农业经济职业学院,,heilongjiang,,普通本科,,公办,https://hf-mirror.com/datasets/choucsan/Gaokao-Compass-11M/resolve/main/data/2025/chongqing/school-admission.csv,2026-09-20T07:29:44+00:00
2342.0,黑龙江林业职业技术学院,,heilongjiang,,普通本科,,公办,https://hf-mirror.com/datasets/choucsan/Gaokao-Compass-11M/resolve/main/data/2025/chongqing/school-admission.csv,2026-09-20T07:29:44+00:00
2347.0,黑龙江能源职业学院,,heilongjiang,,普通本科,,公办,https://hf-mirror.com/datasets/choucsan/Gaokao-Compass-11M/resolve/main/data/2025/chongqing/school-admission.csv,2026-09-20T07:29:44+00:00
2351.0,齐齐哈尔高等师范专科学校,,heilongjiang,,普通本科,,公办,https://hf-mirror.com/datasets/choucsan/Gaokao-Compass-11M/resolve/main/data/2025/chongqing/school-admission.csv,2026-09-20T07:29:44+00:00
2367.0,大庆职业学院,,heilongjiang,,普通本科,,公办,https://hf-mirror.com/datasets/choucsan/Gaokao-Compass-11M/resolve/main/data/2025/chongqing/school-admission.csv,2026-09-20T07:29:44+00:00
2368.0,大兴安岭职业学院,,heilongjiang,,普通本科,,公办,https://hf-mirror.com/datasets/choucsan/Gaokao-Compass-11M/resolve/main/data/2025/chongqing/school-admission.csv,2026-09-20T07:29:44+00:00
2371.0,大庆医学高等专科学校,,heilongjiang,,普通本科,,公办,https://hf-mirror.com/datasets/choucsan/Gaokao-Compass-11M/resolve/main/data/2025/chongqing/school-admission.csv,2026-09-20T07:29:44+00:00
2373.0,黑龙江幼儿师范高等专科学校,,heilongjiang,,普通本科,,公办,https://hf-mirror.com/datasets/choucsan/Gaokao-Compass-11M/resolve/main/data/2025/chongqing/school-admission.csv,2026-09-20T07:29:44+00:00
2374.0,哈尔滨科学技术职业学院,,heilongjiang,,普通本科,,公办,https://hf-mirror.com/datasets/choucsan/Gaokao-Compass-11M/resolve/main/data/2025/chongqing/school-admission.csv,2026-09-20T07:29:44+00:00
2375.0,佳木斯职业学院,,heilongjiang,,普通本科,,公办,https://hf-mirror.com/datasets/choucsan/Gaokao-Compass-11M/resolve/main/data/2025/chongqing/school-admission.csv,2026-09-20T07:29:44+00:00
2376.0,黑龙江护理高等专科学校,,heilongjiang,,普通本科,,公办,https://hf-mirror.com/datasets/choucsan/Gaokao-Compass-11M/resolve/main/data/2025/chongqing/school-admission.csv,2026-09-20T07:29:44+00:00
7092.0,哈尔滨幼儿师范高等专科学校,,heilongjiang,,普通本科,,公办,https://hf-mirror.com/datasets/choucsan/Gaokao-Compass-11M/resolve/main/data/2025/chongqing/school-admission.csv,2026-09-20T07:29:44+00:00
2388.0,哈尔滨北方航空职业技术学院,,heilongjiang,,民办/独立学院,,民办,https://hf-mirror.com/datasets/choucsan/Gaokao-Compass-11M/resolve/main/data/2025/chongqing/school-admission.csv,2026-09-20T07:29:44+00:00
3123.0,上海济光职业技术学院,,shanghai,,民办/独立学院,,民办,https://hf-mirror.com/datasets/choucsan/Gaokao-Compass-11M/resolve/main/data/2025/chongqing/school-admission.csv,2026-09-20T07:29:44+00:00
3128.0,上海工艺美术职业学院,,shanghai,,普通本科,,公办,https://hf-mirror.com/datasets/choucsan/Gaokao-Compass-11M/resolve/main/data/2025/chongqing/school-admission.csv,2026-09-20T07:29:44+00:00
3177.0,上海科学技术职业学院,,shanghai,,普通本科,,公办,https://hf-mirror.com/datasets/choucsan/Gaokao-Compass-11M/resolve/main/data/2025/chongqing/school-admission.csv,2026-09-20T07:29:44+00:00
3243.0,江苏海事职业技术学院,,jiangsu,,普通本科,,公办,https://hf-mirror.com/datasets/choucsan/Gaokao-Compass-11M/resolve/main/data/2025/chongqing/school-admission.csv,2026-09-20T07:29:44+00:00
3253.0,江苏农牧科技职业学院,,jiangsu,,普通本科,,公办,https://hf-mirror.com/datasets/choucsan/Gaokao-Compass-11M/resolve/main/data/2025/chongqing/school-admission.csv,2026-09-20T07:29:44+00:00
3256.0,苏州百年职业学院,,jiangsu,,普通本科,,中外合作办学,https://hf-mirror.com/datasets/choucsan/Gaokao-Compass-11M/resolve/main/data/2025/chongqing/school-admission.csv,2026-09-20T07:29:44+00:00
3272.0,太湖创意职业技术学院,,jiangsu,,民办/独立学院,,民办,https://hf-mirror.com/datasets/choucsan/Gaokao-Compass-11M/resolve/main/data/2025/chongqing/school-admission.csv,2026-09-20T07:29:44+00:00
3279.0,苏州高博职业学院,,jiangsu,,民办/独立学院,,民办,https://hf-mirror.com/datasets/choucsan/Gaokao-Compass-11M/resolve/main/data/2025/chongqing/school-admission.csv,2026-09-20T07:29:44+00:00
3296.0,苏州职业技术大学,,jiangsu,,普通本科,,公办,https://hf-mirror.com/datasets/choucsan/Gaokao-Compass-11M/resolve/main/data/2025/chongqing/school-admission.csv,2026-09-20T07:29:44+00:00
3315.0,浙江工贸职业技术学院,,zhejiang,,普通本科,,公办,https://hf-mirror.com/datasets/choucsan/Gaokao-Compass-11M/resolve/main/data/2025/chongqing/school-admission.csv,2026-09-20T07:29:44+00:00
3355.0,浙江经济职业技术学院,,zhejiang,,普通本科,,公办,https://hf-mirror.com/datasets/choucsan/Gaokao-Compass-11M/resolve/main/data/2025/chongqing/school-admission.csv,2026-09-20T07:29:44+00:00
3379.0,浙江工商职业技术学院,,zhejiang,,普通本科,,公办,https://hf-mirror.com/datasets/choucsan/Gaokao-Compass-11M/resolve/main/data/2025/chongqing/school-admission.csv,2026-09-20T07:29:44+00:00
3438.0,安徽新闻出版职业技术学院,,anhui,,普通本科,,公办,https://hf-mirror.com/datasets/choucsan/Gaokao-Compass-11M/resolve/main/data/2025/chongqing/school-admission.csv,2026-09-20T07:29:44+00:00
3462.0,安徽审计职业学院,,anhui,,普通本科,,公办,https://hf-mirror.com/datasets/choucsan/Gaokao-Compass-11M/resolve/main/data/2025/chongqing/school-admission.csv,2026-09-20T07:29:44+00:00
3472.0,合肥通用职业技术学院,,anhui,,普通本科,,公办,https://hf-mirror.com/datasets/choucsan/Gaokao-Compass-11M/resolve/main/data/2025/chongqing/school-admission.csv,2026-09-20T07:29:44+00:00
3479.0,宣城职业技术学院,,anhui,,普通本科,,公办,https://hf-mirror.com/datasets/choucsan/Gaokao-Compass-11M/resolve/main/data/2025/chongqing/school-admission.csv,2026-09-20T07:29:44+00:00
3523.0,泉州纺织服装职业学院,,fujian,,民办/独立学院,,民办,https://hf-mirror.com/datasets/choucsan/Gaokao-Compass-11M/resolve/main/data/2025/chongqing/school-admission.csv,2026-09-20T07:29:44+00:00
3531.0,厦门华天涉外职业技术学院,,fujian,,民办/独立学院,,民办,https://hf-mirror.com/datasets/choucsan/Gaokao-Compass-11M/resolve/main/data/2025/chongqing/school-admission.csv,2026-09-20T07:29:44+00:00
3541.0,泉州经贸职业技术学院,,fujian,,普通本科,,公办,https://hf-mirror.com/datasets/choucsan/Gaokao-Compass-11M/resolve/main/data/2025/chongqing/school-admission.csv,2026-09-20T07:29:44+00:00
3563.0,三明医学科技职业学院,,fujian,,普通本科,,公办,https://hf-mirror.com/datasets/choucsan/Gaokao-Compass-11M/resolve/main/data/2025/chongqing/school-admission.csv,2026-09-20T07:29:44+00:00
3564.0,泉州轻工职业学院,,fujian,,民办/独立学院,,民办,https://hf-mirror.com/datasets/choucsan/Gaokao-Compass-11M/resolve/main/data/2025/chongqing/school-admission.csv,2026-09-20T07:29:44+00:00
3573.0,泉州海洋职业学院,,fujian,,民办/独立学院,,民办,https://hf-mirror.com/datasets/choucsan/Gaokao-Compass-11M/resolve/main/data/2025/chongqing/school-admission.csv,2026-09-20T07:29:44+00:00
3593.0,福州墨尔本理工职业学院,,fujian,,普通本科,,中外合作办学,https://hf-mirror.com/datasets/choucsan/Gaokao-Compass-11M/resolve/main/data/2025/chongqing/school-admission.csv,2026-09-20T07:29:44+00:00
3598.0,福州软件职业技术学院,,fujian,,民办/独立学院,,民办,https://hf-mirror.com/datasets/choucsan/Gaokao-Compass-11M/resolve/main/data/2025/chongqing/school-admission.csv,2026-09-20T07:29:44+00:00
3631.0,九江职业大学,,jiangxi,,普通本科,,公办,https://hf-mirror.com/datasets/choucsan/Gaokao-Compass-11M/resolve/main/data/2025/chongqing/school-admission.csv,2026-09-20T07:29:44+00:00
3633.0,江西职业技术大学,,jiangxi,,普通本科,,公办,https://hf-mirror.com/datasets/choucsan/Gaokao-Compass-11M/resolve/main/data/2025/chongqing/school-admission.csv,2026-09-20T07:29:44+00:00
3636.0,南昌理工学院,,jiangxi,,民办/独立学院,,民办,https://hf-mirror.com/datasets/choucsan/Gaokao-Compass-11M/resolve/main/data/2025/chongqing/school-admission.csv,2026-09-20T07:29:44+00:00
3639.0,江西电力职业技术学院,,jiangxi,,普通本科,,公办,https://hf-mirror.com/datasets/choucsan/Gaokao-Compass-11M/resolve/main/data/2025/chongqing/school-admission.csv,2026-09-20T07:29:44+00:00
3644.0,江西交通职业技术学院,,jiangxi,,普通本科,,公办,https://hf-mirror.com/datasets/choucsan/Gaokao-Compass-11M/resolve/main/data/2025/chongqing/school-admission.csv,2026-09-20T07:29:44+00:00
3648.0,江西现代职业技术学院,,jiangxi,,普通本科,,公办,https://hf-mirror.com/datasets/choucsan/Gaokao-Compass-11M/resolve/main/data/2025/chongqing/school-admission.csv,2026-09-20T07:29:44+00:00
3649.0,南昌工学院,,jiangxi,,民办/独立学院,,民办,https://hf-mirror.com/datasets/choucsan/Gaokao-Compass-11M/resolve/main/data/2025/chongqing/school-admission.csv,2026-09-20T07:29:44+00:00
3650.0,南昌职业大学,,jiangxi,,民办/独立学院,,民办,https://hf-mirror.com/datasets/choucsan/Gaokao-Compass-11M/resolve/main/data/2025/chongqing/school-admission.csv,2026-09-20T07:29:44+00:00
3652.0,江西科技职业学院,,jiangxi,,民办/独立学院,,民办,https://hf-mirror.com/datasets/choucsan/Gaokao-Compass-11M/resolve/main/data/2025/chongqing/school-admission.csv,2026-09-20T07:29:44+00:00
3658.0,江西环境工程职业学院,,jiangxi,,普通本科,,公办,https://hf-mirror.com/datasets/choucsan/Gaokao-Compass-11M/resolve/main/data/2025/chongqing/school-admission.csv,2026-09-20T07:29:44+00:00
3661.0,江西建设职业技术学院,,jiangxi,,普通本科,,公办,https://hf-mirror.com/datasets/choucsan/Gaokao-Compass-11M/resolve/main/data/2025/chongqing/school-admission.csv,2026-09-20T07:29:44+00:00
3664.0,江西软件职业技术大学,,jiangxi,,民办/独立学院,,民办,https://hf-mirror.com/datasets/choucsan/Gaokao-Compass-11M/resolve/main/data/2025/chongqing/school-admission.csv,2026-09-20T07:29:44+00:00
3673.0,江西信息应用职业技术学院,,jiangxi,,普通本科,,公办,https://hf-mirror.com/datasets/choucsan/Gaokao-Compass-11M/resolve/main/data/2025/chongqing/school-admission.csv,2026-09-20T07:29:44+00:00
3675.0,江西工程职业学院,,jiangxi,,普通本科,,公办,https://hf-mirror.com/datasets/choucsan/Gaokao-Compass-11M/resolve/main/data/2025/chongqing/school-admission.csv,2026-09-20T07:29:44+00:00
3682.0,江西新能源科技职业学院,,jiangxi,,民办/独立学院,,民办,https://hf-mirror.com/datasets/choucsan/Gaokao-Compass-11M/resolve/main/data/2025/chongqing/school-admission.csv,2026-09-20T07:29:44+00:00
3683.0,江西水利职业学院,,jiangxi,,普通本科,,公办,https://hf-mirror.com/datasets/choucsan/Gaokao-Compass-11M/resolve/main/data/2025/chongqing/school-admission.csv,2026-09-20T07:29:44+00:00
3685.0,江西工商职业技术学院,,jiangxi,,民办/独立学院,,民办,https://hf-mirror.com/datasets/choucsan/Gaokao-Compass-11M/resolve/main/data/2025/chongqing/school-admission.csv,2026-09-20T07:29:44+00:00
3686.0,江西洪州职业学院,,jiangxi,,民办/独立学院,,民办,https://hf-mirror.com/datasets/choucsan/Gaokao-Compass-11M/resolve/main/data/2025/chongqing/school-admission.csv,2026-09-20T07:29:44+00:00
3691.0,江西枫林涉外经贸职业学院,,jiangxi,,民办/独立学院,,民办,https://hf-mirror.com/datasets/choucsan/Gaokao-Compass-11M/resolve/main/data/2025/chongqing/school-admission.csv,2026-09-20T07:29:44+00:00
3695.0,抚州职业技术学院,,jiangxi,,普通本科,,公办,https://hf-mirror.com/datasets/choucsan/Gaokao-Compass-11M/resolve/main/data/2025/chongqing/school-admission.csv,2026-09-20T07:29:44+00:00
3696.0,宜春幼儿师范高等专科学校,,jiangxi,,普通本科,,公办,https://hf-mirror.com/datasets/choucsan/Gaokao-Compass-11M/resolve/main/data/2025/chongqing/school-admission.csv,2026-09-20T07:29:44+00:00
3697.0,吉安职业技术学院,,jiangxi,,普通本科,,公办,https://hf-mirror.com/datasets/choucsan/Gaokao-Compass-11M/resolve/main/data/2025/chongqing/school-admission.csv,2026-09-20T07:29:44+00:00
3721.0,山东水利职业学院,,shandong,,普通本科,,公办,https://hf-mirror.com/datasets/choucsan/Gaokao-Compass-11M/resolve/main/data/2025/chongqing/school-admission.csv,2026-09-20T07:29:44+00:00
3723.0,山东力明科技职业学院,,shandong,,民办/独立学院,,民办,https://hf-mirror.com/datasets/choucsan/Gaokao-Compass-11M/resolve/main/data/2025/chongqing/school-admission.csv,2026-09-20T07:29:44+00:00
3724.0,青岛酒店管理职业技术学院,,shandong,,普通本科,,公办,https://hf-mirror.com/datasets/choucsan/Gaokao-Compass-11M/resolve/main/data/2025/chongqing/school-admission.csv,2026-09-20T07:29:44+00:00
3729.0,青岛求实职业技术学院,,shandong,,民办/独立学院,,民办,https://hf-mirror.com/datasets/choucsan/Gaokao-Compass-11M/resolve/main/data/2025/chongqing/school-admission.csv,2026-09-20T07:29:44+00:00
3731.0,青岛黄海学院,,shandong,,民办/独立学院,,民办,https://hf-mirror.com/datasets/choucsan/Gaokao-Compass-11M/resolve/main/data/2025/chongqing/school-admission.csv,2026-09-20T07:29:44+00:00
3733.0,山东畜牧兽医职业学院,,shandong,,普通本科,,公办,https://hf-mirror.com/datasets/choucsan/Gaokao-Compass-11M/resolve/main/data/2025/chongqing/school-admission.csv,2026-09-20T07:29:44+00:00
3736.0,曲阜远东职业技术学院,,shandong,,民办/独立学院,,民办,https://hf-mirror.com/datasets/choucsan/Gaokao-Compass-11M/resolve/main/data/2025/chongqing/school-admission.csv,2026-09-20T07:29:44+00:00
3737.0,青岛港湾职业技术学院,,shandong,,普通本科,,公办,https://hf-mirror.com/datasets/choucsan/Gaokao-Compass-11M/resolve/main/data/2025/chongqing/school-admission.csv,2026-09-20T07:29:44+00:00
3747.0,日照职业技术学院,,shandong,,普通本科,,公办,https://hf-mirror.com/datasets/choucsan/Gaokao-Compass-11M/resolve/main/data/2025/chongqing/school-admission.csv,2026-09-20T07:29:44+00:00
3766.0,齐鲁理工学院,,shandong,,民办/独立学院,,民办,https://hf-mirror.com/datasets/choucsan/Gaokao-Compass-11M/resolve/main/data/2025/chongqing/school-admission.csv,2026-09-20T07:29:44+00:00
3774.0,山东外国语职业技术大学,,shandong,,民办/独立学院,,民办,https://hf-mirror.com/datasets/choucsan/Gaokao-Compass-11M/resolve/main/data/2025/chongqing/school-admission.csv,2026-09-20T07:29:44+00:00
3784.0,山东海事职业学院,,shandong,,民办/独立学院,,民办,https://hf-mirror.com/datasets/choucsan/Gaokao-Compass-11M/resolve/main/data/2025/chongqing/school-admission.csv,2026-09-20T07:29:44+00:00
3798.0,菏泽家政职业学院,,shandong,,普通本科,,公办,https://hf-mirror.com/datasets/choucsan/Gaokao-Compass-11M/resolve/main/data/2025/chongqing/school-admission.csv,2026-09-20T07:29:44+00:00
4126.0,开封大学,,henan,,普通本科,,公办,https://hf-mirror.com/datasets/choucsan/Gaokao-Compass-11M/resolve/main/data/2025/chongqing/school-admission.csv,2026-09-20T07:29:44+00:00
4133.0,焦作大学,,henan,,普通本科,,公办,https://hf-mirror.com/datasets/choucsan/Gaokao-Compass-11M/resolve/main/data/2025/chongqing/school-admission.csv,2026-09-20T07:29:44+00:00
4135.0,焦作师范高等专科学校,,henan,,普通本科,,公办,https://hf-mirror.com/datasets/choucsan/Gaokao-Compass-11M/resolve/main/data/2025/chongqing/school-admission.csv,2026-09-20T07:29:44+00:00
4150.0,漯河职业技术学院,,henan,,普通本科,,公办,https://hf-mirror.com/datasets/choucsan/Gaokao-Compass-11M/resolve/main/data/2025/chongqing/school-admission.csv,2026-09-20T07:29:44+00:00
4170.0,周口职业技术学院,,henan,,普通本科,,公办,https://hf-mirror.com/datasets/choucsan/Gaokao-Compass-11M/resolve/main/data/2025/chongqing/school-admission.csv,2026-09-20T07:29:44+00:00
4182.0,开封文化艺术职业学院,,henan,,普通本科,,公办,https://hf-mirror.com/datasets/choucsan/Gaokao-Compass-11M/resolve/main/data/2025/chongqing/school-admission.csv,2026-09-20T07:29:44+00:00
4186.0,郑州健康学院,,henan,,民办/独立学院,,民办,https://hf-mirror.com/datasets/choucsan/Gaokao-Compass-11M/resolve/main/data/2025/chongqing/school-admission.csv,2026-09-20T07:29:44+00:00
4188.0,安阳幼儿师范高等专科学校,,henan,,普通本科,,公办,https://hf-mirror.com/datasets/choucsan/Gaokao-Compass-11M/resolve/main/data/2025/chongqing/school-admission.csv,2026-09-20T07:29:44+00:00
4191.0,平顶山工业职业技术学院,,henan,,普通本科,,公办,https://hf-mirror.com/datasets/choucsan/Gaokao-Compass-11M/resolve/main/data/2025/chongqing/school-admission.csv,2026-09-20T07:29:44+00:00
4193.0,济源职业技术学院,,henan,,普通本科,,公办,https://hf-mirror.com/datasets/choucsan/Gaokao-Compass-11M/resolve/main/data/2025/chongqing/school-admission.csv,2026-09-20T07:29:44+00:00
4197.0,河南护理职业学院,,henan,,普通本科,,公办,https://hf-mirror.com/datasets/choucsan/Gaokao-Compass-11M/resolve/main/data/2025/chongqing/school-admission.csv,2026-09-20T07:29:44+00:00
4239.0,鄂州职业大学,,hubei,,普通本科,,公办,https://hf-mirror.com/datasets/choucsan/Gaokao-Compass-11M/resolve/main/data/2025/chongqing/school-admission.csv,2026-09-20T07:29:44+00:00
4240.0,武汉职业技术大学,,hubei,,普通本科,,公办,https://hf-mirror.com/datasets/choucsan/Gaokao-Compass-11M/resolve/main/data/2025/chongqing/school-admission.csv,2026-09-20T07:29:44+00:00
4241.0,武汉船舶职业技术学院,,hubei,,普通本科,,公办,https://hf-mirror.com/datasets/choucsan/Gaokao-Compass-11M/resolve/main/data/2025/chongqing/school-admission.csv,2026-09-20T07:29:44+00:00
4243.0,黄冈职业技术学院,,hubei,,普通本科,,公办,https://hf-mirror.com/datasets/choucsan/Gaokao-Compass-11M/resolve/main/data/2025/chongqing/school-admission.csv,2026-09-20T07:29:44+00:00
4248.0,恩施职业技术学院,,hubei,,普通本科,,公办,https://hf-mirror.com/datasets/choucsan/Gaokao-Compass-11M/resolve/main/data/2025/chongqing/school-admission.csv,2026-09-20T07:29:44+00:00
4250.0,武汉生物工程学院,,hubei,,民办/独立学院,,民办,https://hf-mirror.com/datasets/choucsan/Gaokao-Compass-11M/resolve/main/data/2025/chongqing/school-admission.csv,2026-09-20T07:29:44+00:00
4251.0,湖北交通职业技术学院,,hubei,,普通本科,,公办,https://hf-mirror.com/datasets/choucsan/Gaokao-Compass-11M/resolve/main/data/2025/chongqing/school-admission.csv,2026-09-20T07:29:44+00:00
4252.0,仙桃职业学院,,hubei,,普通本科,,公办,https://hf-mirror.com/datasets/choucsan/Gaokao-Compass-11M/resolve/main/data/2025/chongqing/school-admission.csv,2026-09-20T07:29:44+00:00
4253.0,荆州职业技术学院,,hubei,,普通本科,,公办,https://hf-mirror.com/datasets/choucsan/Gaokao-Compass-11M/resolve/main/data/2025/chongqing/school-admission.csv,2026-09-20T07:29:44+00:00
4255.0,武汉软件工程职业学院,,hubei,,普通本科,,公办,https://hf-mirror.com/datasets/choucsan/Gaokao-Compass-11M/resolve/main/data/2025/chongqing/school-admission.csv,2026-09-20T07:29:44+00:00
4256.0,武汉电力职业技术学院,,hubei,,普通本科,,公办,https://hf-mirror.com/datasets/choucsan/Gaokao-Compass-11M/resolve/main/data/2025/chongqing/school-admission.csv,2026-09-20T07:29:44+00:00
4257.0,湖北水利水电职业技术学院,,hubei,,普通本科,,公办,https://hf-mirror.com/datasets/choucsan/Gaokao-Compass-11M/resolve/main/data/2025/chongqing/school-admission.csv,2026-09-20T07:29:44+00:00
4258.0,武汉商贸职业学院,,hubei,,民办/独立学院,,民办,https://hf-mirror.com/datasets/choucsan/Gaokao-Compass-11M/resolve/main/data/2025/chongqing/school-admission.csv,2026-09-20T07:29:44+00:00
4259.0,武汉科技职业学院,,hubei,,民办/独立学院,,民办,https://hf-mirror.com/datasets/choucsan/Gaokao-Compass-11M/resolve/main/data/2025/chongqing/school-admission.csv,2026-09-20T07:29:44+00:00
4262.0,随州职业技术学院,,hubei,,普通本科,,公办,https://hf-mirror.com/datasets/choucsan/Gaokao-Compass-11M/resolve/main/data/2025/chongqing/school-admission.csv,2026-09-20T07:29:44+00:00
4264.0,咸宁职业技术学院,,hubei,,普通本科,,公办,https://hf-mirror.com/datasets/choucsan/Gaokao-Compass-11M/resolve/main/data/2025/chongqing/school-admission.csv,2026-09-20T07:29:44+00:00
4265.0,长江工程职业技术学院,,hubei,,普通本科,,公办,https://hf-mirror.com/datasets/choucsan/Gaokao-Compass-11M/resolve/main/data/2025/chongqing/school-admission.csv,2026-09-20T07:29:44+00:00
4267.0,湖北生态工程职业技术学院,,hubei,,普通本科,,公办,https://hf-mirror.com/datasets/choucsan/Gaokao-Compass-11M/resolve/main/data/2025/chongqing/school-admission.csv,2026-09-20T07:29:44+00:00
4268.0,湖北生物科技职业学院,,hubei,,普通本科,,公办,https://hf-mirror.com/datasets/choucsan/Gaokao-Compass-11M/resolve/main/data/2025/chongqing/school-admission.csv,2026-09-20T07:29:44+00:00
4274.0,湖北开放职业学院,,hubei,,民办/独立学院,,民办,https://hf-mirror.com/datasets/choucsan/Gaokao-Compass-11M/resolve/main/data/2025/chongqing/school-admission.csv,2026-09-20T07:29:44+00:00
4276.0,湖北三峡职业技术学院,,hubei,,普通本科,,公办,https://hf-mirror.com/datasets/choucsan/Gaokao-Compass-11M/resolve/main/data/2025/chongqing/school-admission.csv,2026-09-20T07:29:44+00:00
4278.0,湖北恩施学院,,hubei,,民办/独立学院,,民办,https://hf-mirror.com/datasets/choucsan/Gaokao-Compass-11M/resolve/main/data/2025/chongqing/school-admission.csv,2026-09-20T07:29:44+00:00
4280.0,武汉铁路职业技术学院,,hubei,,普通本科,,公办,https://hf-mirror.com/datasets/choucsan/Gaokao-Compass-11M/resolve/main/data/2025/chongqing/school-admission.csv,2026-09-20T07:29:44+00:00
4285.0,武汉城市职业学院,,hubei,,普通本科,,公办,https://hf-mirror.com/datasets/choucsan/Gaokao-Compass-11M/resolve/main/data/2025/chongqing/school-admission.csv,2026-09-20T07:29:44+00:00
4286.0,三峡大学科技学院,,hubei,,民办/独立学院,,民办,https://hf-mirror.com/datasets/choucsan/Gaokao-Compass-11M/resolve/main/data/2025/chongqing/school-admission.csv,2026-09-20T07:29:44+00:00
4289.0,湖北国土资源职业学院,,hubei,,普通本科,,公办,https://hf-mirror.com/datasets/choucsan/Gaokao-Compass-11M/resolve/main/data/2025/chongqing/school-admission.csv,2026-09-20T07:29:44+00:00
4296.0,湖北城市建设职业技术学院,,hubei,,普通本科,,公办,https://hf-mirror.com/datasets/choucsan/Gaokao-Compass-11M/resolve/main/data/2025/chongqing/school-admission.csv,2026-09-20T07:29:44+00:00
4299.0,荆州理工职业学院,,hubei,,普通本科,,公办,https://hf-mirror.com/datasets/choucsan/Gaokao-Compass-11M/resolve/main/data/2025/chongqing/school-admission.csv,2026-09-20T07:29:44+00:00
4329.0,长沙航空职业技术学院,,hunan,,普通本科,,公办,https://hf-mirror.com/datasets/choucsan/Gaokao-Compass-11M/resolve/main/data/2025/chongqing/school-admission.csv,2026-09-20T07:29:44+00:00
4330.0,长沙民政职业技术学院,,hunan,,普通本科,,公办,https://hf-mirror.com/datasets/choucsan/Gaokao-Compass-11M/resolve/main/data/2025/chongqing/school-admission.csv,2026-09-20T07:29:44+00:00
4331.0,湖南工业职业技术学院,,hunan,,普通本科,,公办,https://hf-mirror.com/datasets/choucsan/Gaokao-Compass-11M/resolve/main/data/2025/chongqing/school-admission.csv,2026-09-20T07:29:44+00:00
4335.0,湖南铁道职业技术学院,,hunan,,普通本科,,公办,https://hf-mirror.com/datasets/choucsan/Gaokao-Compass-11M/resolve/main/data/2025/chongqing/school-admission.csv,2026-09-20T07:29:44+00:00
4336.0,永州职业技术学院,,hunan,,普通本科,,公办,https://hf-mirror.com/datasets/choucsan/Gaokao-Compass-11M/resolve/main/data/2025/chongqing/school-admission.csv,2026-09-20T07:29:44+00:00
4337.0,湘潭医卫职业技术学院,,hunan,,普通本科,,公办,https://hf-mirror.com/datasets/choucsan/Gaokao-Compass-11M/resolve/main/data/2025/chongqing/school-admission.csv,2026-09-20T07:29:44+00:00
4338.0,湖南商务职业技术学院,,hunan,,普通本科,,公办,https://hf-mirror.com/datasets/choucsan/Gaokao-Compass-11M/resolve/main/data/2025/chongqing/school-admission.csv,2026-09-20T07:29:44+00:00
4339.0,郴州职业技术学院,,hunan,,普通本科,,公办,https://hf-mirror.com/datasets/choucsan/Gaokao-Compass-11M/resolve/main/data/2025/chongqing/school-admission.csv,2026-09-20T07:29:44+00:00
4341.0,张家界航空工业职业技术学院,,hunan,,普通本科,,公办,https://hf-mirror.com/datasets/choucsan/Gaokao-Compass-11M/resolve/main/data/2025/chongqing/school-admission.csv,2026-09-20T07:29:44+00:00
4342.0,湖南工程职业技术学院,,hunan,,普通本科,,公办,https://hf-mirror.com/datasets/choucsan/Gaokao-Compass-11M/resolve/main/data/2025/chongqing/school-admission.csv,2026-09-20T07:29:44+00:00
4343.0,长沙环境保护职业技术学院,,hunan,,普通本科,,公办,https://hf-mirror.com/datasets/choucsan/Gaokao-Compass-11M/resolve/main/data/2025/chongqing/school-admission.csv,2026-09-20T07:29:44+00:00
4344.0,湖南机电职业技术学院,,hunan,,普通本科,,公办,https://hf-mirror.com/datasets/choucsan/Gaokao-Compass-11M/resolve/main/data/2025/chongqing/school-admission.csv,2026-09-20T07:29:44+00:00
4348.0,怀化职业技术学院,,hunan,,普通本科,,公办,https://hf-mirror.com/datasets/choucsan/Gaokao-Compass-11M/resolve/main/data/2025/chongqing/school-admission.csv,2026-09-20T07:29:44+00:00
4351.0,湖南民族职业学院,,hunan,,普通本科,,公办,https://hf-mirror.com/datasets/choucsan/Gaokao-Compass-11M/resolve/main/data/2025/chongqing/school-admission.csv,2026-09-20T07:29:44+00:00
4355.0,常德职业技术学院,,hunan,,普通本科,,公办,https://hf-mirror.com/datasets/choucsan/Gaokao-Compass-11M/resolve/main/data/2025/chongqing/school-admission.csv,2026-09-20T07:29:44+00:00
4356.0,湖南应用技术学院,,hunan,,民办/独立学院,,民办,https://hf-mirror.com/datasets/choucsan/Gaokao-Compass-11M/resolve/main/data/2025/chongqing/school-admission.csv,2026-09-20T07:29:44+00:00
4360.0,湖南石油化工职业技术学院,,hunan,,普通本科,,公办,https://hf-mirror.com/datasets/choucsan/Gaokao-Compass-11M/resolve/main/data/2025/chongqing/school-admission.csv,2026-09-20T07:29:44+00:00
4363.0,湖南科技职业学院,,hunan,,普通本科,,公办,https://hf-mirror.com/datasets/choucsan/Gaokao-Compass-11M/resolve/main/data/2025/chongqing/school-admission.csv,2026-09-20T07:29:44+00:00
4364.0,岳阳职业技术学院,,hunan,,普通本科,,公办,https://hf-mirror.com/datasets/choucsan/Gaokao-Compass-11M/resolve/main/data/2025/chongqing/school-admission.csv,2026-09-20T07:29:44+00:00
4372.0,湖南大众传媒职业技术学院,,hunan,,普通本科,,公办,https://hf-mirror.com/datasets/choucsan/Gaokao-Compass-11M/resolve/main/data/2025/chongqing/school-admission.csv,2026-09-20T07:29:44+00:00
4373.0,湖南交通职业技术学院,,hunan,,普通本科,,公办,https://hf-mirror.com/datasets/choucsan/Gaokao-Compass-11M/resolve/main/data/2025/chongqing/school-admission.csv,2026-09-20T07:29:44+00:00
4377.0,湖南环境生物职业技术学院,,hunan,,普通本科,,公办,https://hf-mirror.com/datasets/choucsan/Gaokao-Compass-11M/resolve/main/data/2025/chongqing/school-admission.csv,2026-09-20T07:29:44+00:00
4378.0,湖南城建职业技术学院,,hunan,,普通本科,,公办,https://hf-mirror.com/datasets/choucsan/Gaokao-Compass-11M/resolve/main/data/2025/chongqing/school-admission.csv,2026-09-20T07:29:44+00:00
4380.0,湘西民族职业技术学院,,hunan,,普通本科,,公办,https://hf-mirror.com/datasets/choucsan/Gaokao-Compass-11M/resolve/main/data/2025/chongqing/school-admission.csv,2026-09-20T07:29:44+00:00
4389.0,湖南司法警官职业学院,,hunan,,普通本科,,公办,https://hf-mirror.com/datasets/choucsan/Gaokao-Compass-11M/resolve/main/data/2025/chongqing/school-admission.csv,2026-09-20T07:29:44+00:00
4393.0,湖南外国语职业学院,,hunan,,民办/独立学院,,民办,https://hf-mirror.com/datasets/choucsan/Gaokao-Compass-11M/resolve/main/data/2025/chongqing/school-admission.csv,2026-09-20T07:29:44+00:00
8897.0,湖南汽车工程职业大学,,hunan,,普通本科,,公办,https://hf-mirror.com/datasets/choucsan/Gaokao-Compass-11M/resolve/main/data/2025/chongqing/school-admission.csv,2026-09-20T07:29:44+00:00
4397.0,湖南安全技术职业学院,,hunan,,普通本科,,公办,https://hf-mirror.com/datasets/choucsan/Gaokao-Compass-11M/resolve/main/data/2025/chongqing/school-admission.csv,2026-09-20T07:29:44+00:00
4419.0,广东南华工商职业学院,,guangdong,,普通本科,,公办,https://hf-mirror.com/datasets/choucsan/Gaokao-Compass-11M/resolve/main/data/2025/chongqing/school-admission.csv,2026-09-20T07:29:44+00:00
4428.0,广东亚视演艺职业学院,,guangdong,,民办/独立学院,,民办,https://hf-mirror.com/datasets/choucsan/Gaokao-Compass-11M/resolve/main/data/2025/chongqing/school-admission.csv,2026-09-20T07:29:44+00:00
4430.0,珠海艺术职业学院,,guangdong,,民办/独立学院,,民办,https://hf-mirror.com/datasets/choucsan/Gaokao-Compass-11M/resolve/main/data/2025/chongqing/school-admission.csv,2026-09-20T07:29:44+00:00
4437.0,广东工贸职业技术学院,,guangdong,,普通本科,,公办,https://hf-mirror.com/datasets/choucsan/Gaokao-Compass-11M/resolve/main/data/2025/chongqing/school-admission.csv,2026-09-20T07:29:44+00:00
4453.0,茂名职业技术学院,,guangdong,,普通本科,,公办,https://hf-mirror.com/datasets/choucsan/Gaokao-Compass-11M/resolve/main/data/2025/chongqing/school-admission.csv,2026-09-20T07:29:44+00:00
4481.0,广东文理职业学院,,guangdong,,民办/独立学院,,民办,https://hf-mirror.com/datasets/choucsan/Gaokao-Compass-11M/resolve/main/data/2025/chongqing/school-admission.csv,2026-09-20T07:29:44+00:00
4483.0,广东科学技术职业学院,,guangdong,,普通本科,,公办,https://hf-mirror.com/datasets/choucsan/Gaokao-Compass-11M/resolve/main/data/2025/chongqing/school-admission.csv,2026-09-20T07:29:44+00:00
4498.0,广州卫生职业技术学院,,guangdong,,普通本科,,公办,https://hf-mirror.com/datasets/choucsan/Gaokao-Compass-11M/resolve/main/data/2025/chongqing/school-admission.csv,2026-09-20T07:29:44+00:00
4499.0,湛江幼儿师范专科学校,,guangdong,,普通本科,,公办,https://hf-mirror.com/datasets/choucsan/Gaokao-Compass-11M/resolve/main/data/2025/chongqing/school-admission.csv,2026-09-20T07:29:44+00:00
4513.0,桂林旅游学院,,guangxi,,普通本科,,公办,https://hf-mirror.com/datasets/choucsan/Gaokao-Compass-11M/resolve/main/data/2025/chongqing/school-admission.csv,2026-09-20T07:29:44+00:00
4517.0,南宁职业技术大学,,guangxi,,普通本科,,公办,https://hf-mirror.com/datasets/choucsan/Gaokao-Compass-11M/resolve/main/data/2025/chongqing/school-admission.csv,2026-09-20T07:29:44+00:00
4523.0,广西工业职业技术学院,,guangxi,,普通本科,,公办,https://hf-mirror.com/datasets/choucsan/Gaokao-Compass-11M/resolve/main/data/2025/chongqing/school-admission.csv,2026-09-20T07:29:44+00:00
4540.0,广西国际商务职业技术学院,,guangxi,,普通本科,,公办,https://hf-mirror.com/datasets/choucsan/Gaokao-Compass-11M/resolve/main/data/2025/chongqing/school-admission.csv,2026-09-20T07:29:44+00:00
4551.0,柳州城市职业学院,,guangxi,,普通本科,,公办,https://hf-mirror.com/datasets/choucsan/Gaokao-Compass-11M/resolve/main/data/2025/chongqing/school-admission.csv,2026-09-20T07:29:44+00:00
4553.0,广西电力职业技术学院,,guangxi,,普通本科,,公办,https://hf-mirror.com/datasets/choucsan/Gaokao-Compass-11M/resolve/main/data/2025/chongqing/school-admission.csv,2026-09-20T07:29:44+00:00
4557.0,梧州职业学院,,guangxi,,普通本科,,公办,https://hf-mirror.com/datasets/choucsan/Gaokao-Compass-11M/resolve/main/data/2025/chongqing/school-admission.csv,2026-09-20T07:29:44+00:00
4558.0,广西机电职业技术学院,,guangxi,,普通本科,,公办,https://hf-mirror.com/datasets/choucsan/Gaokao-Compass-11M/resolve/main/data/2025/chongqing/school-admission.csv,2026-09-20T07:29:44+00:00
4560.0,广西卫生职业技术学院,,guangxi,,普通本科,,公办,https://hf-mirror.com/datasets/choucsan/Gaokao-Compass-11M/resolve/main/data/2025/chongqing/school-admission.csv,2026-09-20T07:29:44+00:00
4564.0,广西幼儿师范高等专科学校,,guangxi,,普通本科,,公办,https://hf-mirror.com/datasets/choucsan/Gaokao-Compass-11M/resolve/main/data/2025/chongqing/school-admission.csv,2026-09-20T07:29:44+00:00
4567.0,广西经济职业学院,,guangxi,,民办/独立学院,,民办,https://hf-mirror.com/datasets/choucsan/Gaokao-Compass-11M/resolve/main/data/2025/chongqing/school-admission.csv,2026-09-20T07:29:44+00:00
4571.0,广西理工职业技术学院,,guangxi,,民办/独立学院,,民办,https://hf-mirror.com/datasets/choucsan/Gaokao-Compass-11M/resolve/main/data/2025/chongqing/school-admission.csv,2026-09-20T07:29:44+00:00
4575.0,广西自然资源职业技术学院,,guangxi,,普通本科,,公办,https://hf-mirror.com/datasets/choucsan/Gaokao-Compass-11M/resolve/main/data/2025/chongqing/school-admission.csv,2026-09-20T07:29:44+00:00
4576.0,钦州幼儿师范高等专科学校,,guangxi,,普通本科,,公办,https://hf-mirror.com/datasets/choucsan/Gaokao-Compass-11M/resolve/main/data/2025/chongqing/school-admission.csv,2026-09-20T07:29:44+00:00
4579.0,梧州医学高等专科学校,,guangxi,,民办/独立学院,,民办,https://hf-mirror.com/datasets/choucsan/Gaokao-Compass-11M/resolve/main/data/2025/chongqing/school-admission.csv,2026-09-20T07:29:44+00:00
4580.0,桂林生命与健康职业技术学院,,guangxi,,民办/独立学院,,民办,https://hf-mirror.com/datasets/choucsan/Gaokao-Compass-11M/resolve/main/data/2025/chongqing/school-admission.csv,2026-09-20T07:29:44+00:00
4588.0,北海康养职业学院,,guangxi,,民办/独立学院,,民办,https://hf-mirror.com/datasets/choucsan/Gaokao-Compass-11M/resolve/main/data/2025/chongqing/school-admission.csv,2026-09-20T07:29:44+00:00
4605.0,海南职业技术学院,,hainan,,普通本科,,公办,https://hf-mirror.com/datasets/choucsan/Gaokao-Compass-11M/resolve/main/data/2025/chongqing/school-admission.csv,2026-09-20T07:29:44+00:00
4608.0,海南软件职业技术学院,,hainan,,普通本科,,公办,https://hf-mirror.com/datasets/choucsan/Gaokao-Compass-11M/resolve/main/data/2025/chongqing/school-admission.csv,2026-09-20T07:29:44+00:00
4616.0,三亚航空旅游职业学院,,hainan,,民办/独立学院,,民办,https://hf-mirror.com/datasets/choucsan/Gaokao-Compass-11M/resolve/main/data/2025/chongqing/school-admission.csv,2026-09-20T07:29:44+00:00
4620.0,海南科技职业大学,,hainan,,民办/独立学院,,民办,https://hf-mirror.com/datasets/choucsan/Gaokao-Compass-11M/resolve/main/data/2025/chongqing/school-admission.csv,2026-09-20T07:29:44+00:00
4626.0,三亚中瑞酒店管理职业学院,,hainan,,民办/独立学院,,民办,https://hf-mirror.com/datasets/choucsan/Gaokao-Compass-11M/resolve/main/data/2025/chongqing/school-admission.csv,2026-09-20T07:29:44+00:00
4627.0,海南健康管理职业技术学院,,hainan,,民办/独立学院,,民办,https://hf-mirror.com/datasets/choucsan/Gaokao-Compass-11M/resolve/main/data/2025/chongqing/school-admission.csv,2026-09-20T07:29:44+00:00
4629.0,海南东方新丝路职业学院,,hainan,,民办/独立学院,,民办,https://hf-mirror.com/datasets/choucsan/Gaokao-Compass-11M/resolve/main/data/2025/chongqing/school-admission.csv,2026-09-20T07:29:44+00:00
5031.0,重庆航天职业技术学院,,chongqing,,普通本科,,公办,https://hf-mirror.com/datasets/choucsan/Gaokao-Compass-11M/resolve/main/data/2025/chongqing/school-admission.csv,2026-09-20T07:29:44+00:00
5037.0,重庆信息技术职业学院,,chongqing,,民办/独立学院,,民办,https://hf-mirror.com/datasets/choucsan/Gaokao-Compass-11M/resolve/main/data/2025/chongqing/school-admission.csv,2026-09-20T07:29:44+00:00
5038.0,重庆海联职业技术学院,,chongqing,,民办/独立学院,,民办,https://hf-mirror.com/datasets/choucsan/Gaokao-Compass-11M/resolve/main/data/2025/chongqing/school-admission.csv,2026-09-20T07:29:44+00:00
5039.0,重庆传媒职业学院,,chongqing,,民办/独立学院,,民办,https://hf-mirror.com/datasets/choucsan/Gaokao-Compass-11M/resolve/main/data/2025/chongqing/school-admission.csv,2026-09-20T07:29:44+00:00
5040.0,重庆工商职业学院,,chongqing,,普通本科,,公办,https://hf-mirror.com/datasets/choucsan/Gaokao-Compass-11M/resolve/main/data/2025/chongqing/school-admission.csv,2026-09-20T07:29:44+00:00
5041.0,重庆建筑科技职业学院,,chongqing,,民办/独立学院,,民办,https://hf-mirror.com/datasets/choucsan/Gaokao-Compass-11M/resolve/main/data/2025/chongqing/school-admission.csv,2026-09-20T07:29:44+00:00
5042.0,重庆三峡职业学院,,chongqing,,普通本科,,公办,https://hf-mirror.com/datasets/choucsan/Gaokao-Compass-11M/resolve/main/data/2025/chongqing/school-admission.csv,2026-09-20T07:29:44+00:00
5043.0,重庆工贸职业技术学院,,chongqing,,普通本科,,公办,https://hf-mirror.com/datasets/choucsan/Gaokao-Compass-11M/resolve/main/data/2025/chongqing/school-admission.csv,2026-09-20T07:29:44+00:00
5047.0,重庆水利电力职业技术学院,,chongqing,,普通本科,,公办,https://hf-mirror.com/datasets/choucsan/Gaokao-Compass-11M/resolve/main/data/2025/chongqing/school-admission.csv,2026-09-20T07:29:44+00:00
5050.0,重庆机电职业技术大学,,chongqing,,民办/独立学院,,民办,https://hf-mirror.com/datasets/choucsan/Gaokao-Compass-11M/resolve/main/data/2025/chongqing/school-admission.csv,2026-09-20T07:29:44+00:00
5054.0,重庆城市职业学院,,chongqing,,普通本科,,公办,https://hf-mirror.com/datasets/choucsan/Gaokao-Compass-11M/resolve/main/data/2025/chongqing/school-admission.csv,2026-09-20T07:29:44+00:00
5056.0,重庆应用技术职业学院,,chongqing,,民办/独立学院,,民办,https://hf-mirror.com/datasets/choucsan/Gaokao-Compass-11M/resolve/main/data/2025/chongqing/school-admission.csv,2026-09-20T07:29:44+00:00
5058.0,重庆电讯职业学院,,chongqing,,民办/独立学院,,民办,https://hf-mirror.com/datasets/choucsan/Gaokao-Compass-11M/resolve/main/data/2025/chongqing/school-admission.csv,2026-09-20T07:29:44+00:00
5060.0,重庆医药高等专科学校,,chongqing,,普通本科,,公办,https://hf-mirror.com/datasets/choucsan/Gaokao-Compass-11M/resolve/main/data/2025/chongqing/school-admission.csv,2026-09-20T07:29:44+00:00
5062.0,重庆青年职业技术学院,,chongqing,,普通本科,,公办,https://hf-mirror.com/datasets/choucsan/Gaokao-Compass-11M/resolve/main/data/2025/chongqing/school-admission.csv,2026-09-20T07:29:44+00:00
5064.0,重庆科创职业学院,,chongqing,,民办/独立学院,,民办,https://hf-mirror.com/datasets/choucsan/Gaokao-Compass-11M/resolve/main/data/2025/chongqing/school-admission.csv,2026-09-20T07:29:44+00:00
5065.0,重庆建筑工程职业学院,,chongqing,,普通本科,,公办,https://hf-mirror.com/datasets/choucsan/Gaokao-Compass-11M/resolve/main/data/2025/chongqing/school-admission.csv,2026-09-20T07:29:44+00:00
5066.0,重庆能源职业学院,,chongqing,,民办/独立学院,,民办,https://hf-mirror.com/datasets/choucsan/Gaokao-Compass-11M/resolve/main/data/2025/chongqing/school-admission.csv,2026-09-20T07:29:44+00:00
5067.0,重庆商务职业学院,,chongqing,,普通本科,,公办,https://hf-mirror.com/datasets/choucsan/Gaokao-Compass-11M/resolve/main/data/2025/chongqing/school-admission.csv,2026-09-20T07:29:44+00:00
5069.0,重庆交通职业学院,,chongqing,,民办/独立学院,,民办,https://hf-mirror.com/datasets/choucsan/Gaokao-Compass-11M/resolve/main/data/2025/chongqing/school-admission.csv,2026-09-20T07:29:44+00:00
5071.0,重庆旅游职业学院,,chongqing,,普通本科,,公办,https://hf-mirror.com/datasets/choucsan/Gaokao-Compass-11M/resolve/main/data/2025/chongqing/school-admission.csv,2026-09-20T07:29:44+00:00
5072.0,重庆现代制造职业学院,,chongqing,,民办/独立学院,,民办,https://hf-mirror.com/datasets/choucsan/Gaokao-Compass-11M/resolve/main/data/2025/chongqing/school-admission.csv,2026-09-20T07:29:44+00:00
5073.0,重庆安防职业学院,,chongqing,,民办/独立学院,,民办,https://hf-mirror.com/datasets/choucsan/Gaokao-Compass-11M/resolve/main/data/2025/chongqing/school-admission.csv,2026-09-20T07:29:44+00:00
5077.0,重庆五一职业技术学院,,chongqing,,普通本科,,公办,https://hf-mirror.com/datasets/choucsan/Gaokao-Compass-11M/resolve/main/data/2025/chongqing/school-admission.csv,2026-09-20T07:29:44+00:00
5078.0,重庆电信职业学院,,chongqing,,民办/独立学院,,民办,https://hf-mirror.com/datasets/choucsan/Gaokao-Compass-11M/resolve/main/data/2025/chongqing/school-admission.csv,2026-09-20T07:29:44+00:00
5079.0,重庆公共运输职业学院,,chongqing,,民办/独立学院,,民办,https://hf-mirror.com/datasets/choucsan/Gaokao-Compass-11M/resolve/main/data/2025/chongqing/school-admission.csv,2026-09-20T07:29:44+00:00
5080.0,重庆艺术工程职业学院,,chongqing,,民办/独立学院,,民办,https://hf-mirror.com/datasets/choucsan/Gaokao-Compass-11M/resolve/main/data/2025/chongqing/school-admission.csv,2026-09-20T07:29:44+00:00
5081.0,重庆轻工职业学院,,chongqing,,民办/独立学院,,民办,https://hf-mirror.com/datasets/choucsan/Gaokao-Compass-11M/resolve/main/data/2025/chongqing/school-admission.csv,2026-09-20T07:29:44+00:00
5082.0,重庆安全技术职业学院,,chongqing,,普通本科,,公办,https://hf-mirror.com/datasets/choucsan/Gaokao-Compass-11M/resolve/main/data/2025/chongqing/school-admission.csv,2026-09-20T07:29:44+00:00
5083.0,重庆经贸职业学院,,chongqing,,民办/独立学院,,民办,https://hf-mirror.com/datasets/choucsan/Gaokao-Compass-11M/resolve/main/data/2025/chongqing/school-admission.csv,2026-09-20T07:29:44+00:00
5084.0,重庆文化艺术职业学院,,chongqing,,普通本科,,公办,https://hf-mirror.com/datasets/choucsan/Gaokao-Compass-11M/resolve/main/data/2025/chongqing/school-admission.csv,2026-09-20T07:29:44+00:00
5085.0,重庆科技职业学院,,chongqing,,民办/独立学院,,民办,https://hf-mirror.com/datasets/choucsan/Gaokao-Compass-11M/resolve/main/data/2025/chongqing/school-admission.csv,2026-09-20T07:29:44+00:00
5086.0,重庆理工职业学院,,chongqing,,民办/独立学院,,民办,https://hf-mirror.com/datasets/choucsan/Gaokao-Compass-11M/resolve/main/data/2025/chongqing/school-admission.csv,2026-09-20T07:29:44+00:00
5088.0,重庆智能工程职业学院,,chongqing,,民办/独立学院,,民办,https://hf-mirror.com/datasets/choucsan/Gaokao-Compass-11M/resolve/main/data/2025/chongqing/school-admission.csv,2026-09-20T07:29:44+00:00
5089.0,重庆健康职业学院,,chongqing,,民办/独立学院,,民办,https://hf-mirror.com/datasets/choucsan/Gaokao-Compass-11M/resolve/main/data/2025/chongqing/school-admission.csv,2026-09-20T07:29:44+00:00
5091.0,重庆数字产业职业技术学院,,chongqing,,民办/独立学院,,民办,https://hf-mirror.com/datasets/choucsan/Gaokao-Compass-11M/resolve/main/data/2025/chongqing/school-admission.csv,2026-09-20T07:29:44+00:00
5099.0,重庆资源与环境保护职业学院,,chongqing,,民办/独立学院,,民办,https://hf-mirror.com/datasets/choucsan/Gaokao-Compass-11M/resolve/main/data/2025/chongqing/school-admission.csv,2026-09-20T07:29:44+00:00
5131.0,四川传媒学院,,sichuan,,民办/独立学院,,民办,https://hf-mirror.com/datasets/choucsan/Gaokao-Compass-11M/resolve/main/data/2025/chongqing/school-admission.csv,2026-09-20T07:29:44+00:00
5134.0,四川工商学院,,sichuan,,民办/独立学院,,民办,https://hf-mirror.com/datasets/choucsan/Gaokao-Compass-11M/resolve/main/data/2025/chongqing/school-admission.csv,2026-09-20T07:29:44+00:00
5135.0,成都外国语学院,,sichuan,,民办/独立学院,,民办,https://hf-mirror.com/datasets/choucsan/Gaokao-Compass-11M/resolve/main/data/2025/chongqing/school-admission.csv,2026-09-20T07:29:44+00:00
5140.0,成都纺织高等专科学校,,sichuan,,普通本科,,公办,https://hf-mirror.com/datasets/choucsan/Gaokao-Compass-11M/resolve/main/data/2025/chongqing/school-admission.csv,2026-09-20T07:29:44+00:00
5141.0,民办四川天一学院,,sichuan,,民办/独立学院,,民办,https://hf-mirror.com/datasets/choucsan/Gaokao-Compass-11M/resolve/main/data/2025/chongqing/school-admission.csv,2026-09-20T07:29:44+00:00
5143.0,四川交通职业技术学院,,sichuan,,普通本科,,公办,https://hf-mirror.com/datasets/choucsan/Gaokao-Compass-11M/resolve/main/data/2025/chongqing/school-admission.csv,2026-09-20T07:29:44+00:00
5144.0,达州职业技术学院,,sichuan,,普通本科,,公办,https://hf-mirror.com/datasets/choucsan/Gaokao-Compass-11M/resolve/main/data/2025/chongqing/school-admission.csv,2026-09-20T07:29:44+00:00
5145.0,四川机电职业技术学院,,sichuan,,普通本科,,公办,https://hf-mirror.com/datasets/choucsan/Gaokao-Compass-11M/resolve/main/data/2025/chongqing/school-admission.csv,2026-09-20T07:29:44+00:00
5148.0,绵阳职业技术学院,,sichuan,,普通本科,,公办,https://hf-mirror.com/datasets/choucsan/Gaokao-Compass-11M/resolve/main/data/2025/chongqing/school-admission.csv,2026-09-20T07:29:44+00:00
5149.0,四川工商职业技术学院,,sichuan,,普通本科,,公办,https://hf-mirror.com/datasets/choucsan/Gaokao-Compass-11M/resolve/main/data/2025/chongqing/school-admission.csv,2026-09-20T07:29:44+00:00
5152.0,四川国际标榜职业学院,,sichuan,,民办/独立学院,,民办,https://hf-mirror.com/datasets/choucsan/Gaokao-Compass-11M/resolve/main/data/2025/chongqing/school-admission.csv,2026-09-20T07:29:44+00:00
5153.0,成都农业科技职业学院,,sichuan,,普通本科,,公办,https://hf-mirror.com/datasets/choucsan/Gaokao-Compass-11M/resolve/main/data/2025/chongqing/school-admission.csv,2026-09-20T07:29:44+00:00
5154.0,宜宾职业技术学院,,sichuan,,普通本科,,公办,https://hf-mirror.com/datasets/choucsan/Gaokao-Compass-11M/resolve/main/data/2025/chongqing/school-admission.csv,2026-09-20T07:29:44+00:00
5156.0,四川托普信息技术职业学院,,sichuan,,民办/独立学院,,民办,https://hf-mirror.com/datasets/choucsan/Gaokao-Compass-11M/resolve/main/data/2025/chongqing/school-admission.csv,2026-09-20T07:29:44+00:00
5157.0,四川职业技术学院,,sichuan,,普通本科,,公办,https://hf-mirror.com/datasets/choucsan/Gaokao-Compass-11M/resolve/main/data/2025/chongqing/school-admission.csv,2026-09-20T07:29:44+00:00
5159.0,泸州职业技术学院,,sichuan,,普通本科,,公办,https://hf-mirror.com/datasets/choucsan/Gaokao-Compass-11M/resolve/main/data/2025/chongqing/school-admission.csv,2026-09-20T07:29:44+00:00
5160.0,乐山职业技术学院,,sichuan,,普通本科,,公办,https://hf-mirror.com/datasets/choucsan/Gaokao-Compass-11M/resolve/main/data/2025/chongqing/school-admission.csv,2026-09-20T07:29:44+00:00
5161.0,成都职业技术学院,,sichuan,,普通本科,,公办,https://hf-mirror.com/datasets/choucsan/Gaokao-Compass-11M/resolve/main/data/2025/chongqing/school-admission.csv,2026-09-20T07:29:44+00:00
5162.0,南充职业技术学院,,sichuan,,普通本科,,公办,https://hf-mirror.com/datasets/choucsan/Gaokao-Compass-11M/resolve/main/data/2025/chongqing/school-admission.csv,2026-09-20T07:29:44+00:00
5163.0,四川水利职业技术学院,,sichuan,,普通本科,,公办,https://hf-mirror.com/datasets/choucsan/Gaokao-Compass-11M/resolve/main/data/2025/chongqing/school-admission.csv,2026-09-20T07:29:44+00:00
5164.0,四川化工职业技术学院,,sichuan,,普通本科,,公办,https://hf-mirror.com/datasets/choucsan/Gaokao-Compass-11M/resolve/main/data/2025/chongqing/school-admission.csv,2026-09-20T07:29:44+00:00
5165.0,四川航天职业技术学院,,sichuan,,普通本科,,公办,https://hf-mirror.com/datasets/choucsan/Gaokao-Compass-11M/resolve/main/data/2025/chongqing/school-admission.csv,2026-09-20T07:29:44+00:00
5168.0,四川司法警官职业学院,,sichuan,,普通本科,,公办,https://hf-mirror.com/datasets/choucsan/Gaokao-Compass-11M/resolve/main/data/2025/chongqing/school-admission.csv,2026-09-20T07:29:44+00:00
5175.0,四川商务职业学院,,sichuan,,普通本科,,公办,https://hf-mirror.com/datasets/choucsan/Gaokao-Compass-11M/resolve/main/data/2025/chongqing/school-admission.csv,2026-09-20T07:29:44+00:00
5177.0,内江职业技术学院,,sichuan,,普通本科,,公办,https://hf-mirror.com/datasets/choucsan/Gaokao-Compass-11M/resolve/main/data/2025/chongqing/school-admission.csv,2026-09-20T07:29:44+00:00
5178.0,四川现代职业学院,,sichuan,,民办/独立学院,,民办,https://hf-mirror.com/datasets/choucsan/Gaokao-Compass-11M/resolve/main/data/2025/chongqing/school-admission.csv,2026-09-20T07:29:44+00:00
5181.0,四川工业科技学院,,sichuan,,民办/独立学院,,民办,https://hf-mirror.com/datasets/choucsan/Gaokao-Compass-11M/resolve/main/data/2025/chongqing/school-admission.csv,2026-09-20T07:29:44+00:00
5183.0,广安职业技术学院,,sichuan,,普通本科,,公办,https://hf-mirror.com/datasets/choucsan/Gaokao-Compass-11M/resolve/main/data/2025/chongqing/school-admission.csv,2026-09-20T07:29:44+00:00
5188.0,四川华新现代职业学院,,sichuan,,民办/独立学院,,民办,https://hf-mirror.com/datasets/choucsan/Gaokao-Compass-11M/resolve/main/data/2025/chongqing/school-admission.csv,2026-09-20T07:29:44+00:00
5191.0,四川大学锦江学院,,sichuan,,民办/独立学院,,民办,https://hf-mirror.com/datasets/choucsan/Gaokao-Compass-11M/resolve/main/data/2025/chongqing/school-admission.csv,2026-09-20T07:29:44+00:00
5193.0,四川科技职业学院,,sichuan,,民办/独立学院,,民办,https://hf-mirror.com/datasets/choucsan/Gaokao-Compass-11M/resolve/main/data/2025/chongqing/school-admission.csv,2026-09-20T07:29:44+00:00
5194.0,四川文化产业职业学院,,sichuan,,普通本科,,公办,https://hf-mirror.com/datasets/choucsan/Gaokao-Compass-11M/resolve/main/data/2025/chongqing/school-admission.csv,2026-09-20T07:29:44+00:00
5196.0,四川财经职业学院,,sichuan,,普通本科,,公办,https://hf-mirror.com/datasets/choucsan/Gaokao-Compass-11M/resolve/main/data/2025/chongqing/school-admission.csv,2026-09-20T07:29:44+00:00
5197.0,四川长江职业学院,,sichuan,,民办/独立学院,,民办,https://hf-mirror.com/datasets/choucsan/Gaokao-Compass-11M/resolve/main/data/2025/chongqing/school-admission.csv,2026-09-20T07:29:44+00:00
5198.0,四川城市职业学院,,sichuan,,民办/独立学院,,民办,https://hf-mirror.com/datasets/choucsan/Gaokao-Compass-11M/resolve/main/data/2025/chongqing/school-admission.csv,2026-09-20T07:29:44+00:00
5221.0,安顺职业技术学院,,guizhou,,普通本科,,公办,https://hf-mirror.com/datasets/choucsan/Gaokao-Compass-11M/resolve/main/data/2025/chongqing/school-admission.csv,2026-09-20T07:29:44+00:00
5222.0,黔东南民族职业技术学院,,guizhou,,普通本科,,公办,https://hf-mirror.com/datasets/choucsan/Gaokao-Compass-11M/resolve/main/data/2025/chongqing/school-admission.csv,2026-09-20T07:29:44+00:00
5223.0,遵义职业技术学院,,guizhou,,普通本科,,公办,https://hf-mirror.com/datasets/choucsan/Gaokao-Compass-11M/resolve/main/data/2025/chongqing/school-admission.csv,2026-09-20T07:29:44+00:00
5225.0,铜仁职业技术大学,,guizhou,,普通本科,,公办,https://hf-mirror.com/datasets/choucsan/Gaokao-Compass-11M/resolve/main/data/2025/chongqing/school-admission.csv,2026-09-20T07:29:44+00:00
5226.0,黔南民族职业技术学院,,guizhou,,普通本科,,公办,https://hf-mirror.com/datasets/choucsan/Gaokao-Compass-11M/resolve/main/data/2025/chongqing/school-admission.csv,2026-09-20T07:29:44+00:00
5233.0,六盘水职业技术学院,,guizhou,,普通本科,,公办,https://hf-mirror.com/datasets/choucsan/Gaokao-Compass-11M/resolve/main/data/2025/chongqing/school-admission.csv,2026-09-20T07:29:44+00:00
5235.0,贵州轻工职业大学,,guizhou,,普通本科,,公办,https://hf-mirror.com/datasets/choucsan/Gaokao-Compass-11M/resolve/main/data/2025/chongqing/school-admission.csv,2026-09-20T07:29:44+00:00
5242.0,贵阳职业技术学院,,guizhou,,普通本科,,公办,https://hf-mirror.com/datasets/choucsan/Gaokao-Compass-11M/resolve/main/data/2025/chongqing/school-admission.csv,2026-09-20T07:29:44+00:00
5243.0,贵州城市职业学院,,guizhou,,民办/独立学院,,民办,https://hf-mirror.com/datasets/choucsan/Gaokao-Compass-11M/resolve/main/data/2025/chongqing/school-admission.csv,2026-09-20T07:29:44+00:00
5245.0,遵义医药高等专科学校,,guizhou,,普通本科,,公办,https://hf-mirror.com/datasets/choucsan/Gaokao-Compass-11M/resolve/main/data/2025/chongqing/school-admission.csv,2026-09-20T07:29:44+00:00
5247.0,贵州经贸职业技术学院,,guizhou,,普通本科,,公办,https://hf-mirror.com/datasets/choucsan/Gaokao-Compass-11M/resolve/main/data/2025/chongqing/school-admission.csv,2026-09-20T07:29:44+00:00
5248.0,贵州工商职业学院,,guizhou,,民办/独立学院,,民办,https://hf-mirror.com/datasets/choucsan/Gaokao-Compass-11M/resolve/main/data/2025/chongqing/school-admission.csv,2026-09-20T07:29:44+00:00
5250.0,毕节工业职业技术学院,,guizhou,,普通本科,,公办,https://hf-mirror.com/datasets/choucsan/Gaokao-Compass-11M/resolve/main/data/2025/chongqing/school-admission.csv,2026-09-20T07:29:44+00:00
5251.0,贵州机电职业技术学院,,guizhou,,普通本科,,公办,https://hf-mirror.com/datasets/choucsan/Gaokao-Compass-11M/resolve/main/data/2025/chongqing/school-admission.csv,2026-09-20T07:29:44+00:00
5252.0,贵州航空职业技术学院,,guizhou,,普通本科,,公办,https://hf-mirror.com/datasets/choucsan/Gaokao-Compass-11M/resolve/main/data/2025/chongqing/school-admission.csv,2026-09-20T07:29:44+00:00
5256.0,贵阳幼儿师范高等专科学校,,guizhou,,普通本科,,公办,https://hf-mirror.com/datasets/choucsan/Gaokao-Compass-11M/resolve/main/data/2025/chongqing/school-admission.csv,2026-09-20T07:29:44+00:00
5258.0,铜仁幼儿师范高等专科学校,,guizhou,,普通本科,,公办,https://hf-mirror.com/datasets/choucsan/Gaokao-Compass-11M/resolve/main/data/2025/chongqing/school-admission.csv,2026-09-20T07:29:44+00:00
5259.0,毕节医学高等专科学校,,guizhou,,普通本科,,公办,https://hf-mirror.com/datasets/choucsan/Gaokao-Compass-11M/resolve/main/data/2025/chongqing/school-admission.csv,2026-09-20T07:29:44+00:00
5261.0,贵州农业职业学院,,guizhou,,普通本科,,公办,https://hf-mirror.com/datasets/choucsan/Gaokao-Compass-11M/resolve/main/data/2025/chongqing/school-admission.csv,2026-09-20T07:29:44+00:00
5262.0,贵州工程职业学院,,guizhou,,民办/独立学院,,民办,https://hf-mirror.com/datasets/choucsan/Gaokao-Compass-11M/resolve/main/data/2025/chongqing/school-admission.csv,2026-09-20T07:29:44+00:00
5265.0,黔西南民族职业技术学院,,guizhou,,普通本科,,公办,https://hf-mirror.com/datasets/choucsan/Gaokao-Compass-11M/resolve/main/data/2025/chongqing/school-admission.csv,2026-09-20T07:29:44+00:00
5266.0,黔南民族幼儿师范高等专科学校,,guizhou,,普通本科,,公办,https://hf-mirror.com/datasets/choucsan/Gaokao-Compass-11M/resolve/main/data/2025/chongqing/school-admission.csv,2026-09-20T07:29:44+00:00
5267.0,贵州工贸职业学院,,guizhou,,民办/独立学院,,民办,https://hf-mirror.com/datasets/choucsan/Gaokao-Compass-11M/resolve/main/data/2025/chongqing/school-admission.csv,2026-09-20T07:29:44+00:00
5269.0,贵州健康职业学院,,guizhou,,普通本科,,公办,https://hf-mirror.com/datasets/choucsan/Gaokao-Compass-11M/resolve/main/data/2025/chongqing/school-admission.csv,2026-09-20T07:29:44+00:00
5272.0,贵州职业技术学院,,guizhou,,普通本科,,公办,https://hf-mirror.com/datasets/choucsan/Gaokao-Compass-11M/resolve/main/data/2025/chongqing/school-admission.csv,2026-09-20T07:29:44+00:00
5273.0,贵州盛华职业学院,,guizhou,,民办/独立学院,,民办,https://hf-mirror.com/datasets/choucsan/Gaokao-Compass-11M/resolve/main/data/2025/chongqing/school-admission.csv,2026-09-20T07:29:44+00:00
5274.0,毕节幼儿师范高等专科学校,,guizhou,,普通本科,,公办,https://hf-mirror.com/datasets/choucsan/Gaokao-Compass-11M/resolve/main/data/2025/chongqing/school-admission.csv,2026-09-20T07:29:44+00:00
5276.0,六盘水幼儿师范高等专科学校,,guizhou,,普通本科,,公办,https://hf-mirror.com/datasets/choucsan/Gaokao-Compass-11M/resolve/main/data/2025/chongqing/school-admission.csv,2026-09-20T07:29:44+00:00
5279.0,贵州护理职业技术学院,,guizhou,,普通本科,,公办,https://hf-mirror.com/datasets/choucsan/Gaokao-Compass-11M/resolve/main/data/2025/chongqing/school-admission.csv,2026-09-20T07:29:44+00:00
5280.0,贵州财经职业学院,,guizhou,,普通本科,,公办,https://hf-mirror.com/datasets/choucsan/Gaokao-Compass-11M/resolve/main/data/2025/chongqing/school-admission.csv,2026-09-20T07:29:44+00:00
5281.0,贵州民用航空职业学院,,guizhou,,民办/独立学院,,民办,https://hf-mirror.com/datasets/choucsan/Gaokao-Compass-11M/resolve/main/data/2025/chongqing/school-admission.csv,2026-09-20T07:29:44+00:00
5282.0,贵州铜仁数据职业学院,,guizhou,,民办/独立学院,,民办,https://hf-mirror.com/datasets/choucsan/Gaokao-Compass-11M/resolve/main/data/2025/chongqing/school-admission.csv,2026-09-20T07:29:44+00:00
5286.0,贵州生态能源职业学院,,guizhou,,普通本科,,公办,https://hf-mirror.com/datasets/choucsan/Gaokao-Compass-11M/resolve/main/data/2025/chongqing/school-admission.csv,2026-09-20T07:29:44+00:00
5314.0,丽江文化旅游学院,,yunnan,,民办/独立学院,,民办,https://hf-mirror.com/datasets/choucsan/Gaokao-Compass-11M/resolve/main/data/2025/chongqing/school-admission.csv,2026-09-20T07:29:44+00:00
5317.0,德宏师范学院,,yunnan,,普通本科,,公办,https://hf-mirror.com/datasets/choucsan/Gaokao-Compass-11M/resolve/main/data/2025/chongqing/school-admission.csv,2026-09-20T07:29:44+00:00
5320.0,昆明冶金高等专科学校,,yunnan,,普通本科,,公办,https://hf-mirror.com/datasets/choucsan/Gaokao-Compass-11M/resolve/main/data/2025/chongqing/school-admission.csv,2026-09-20T07:29:44+00:00
5324.0,云南农业职业技术学院,,yunnan,,普通本科,,公办,https://hf-mirror.com/datasets/choucsan/Gaokao-Compass-11M/resolve/main/data/2025/chongqing/school-admission.csv,2026-09-20T07:29:44+00:00
5325.0,云南司法警官职业学院,,yunnan,,普通本科,,公办,https://hf-mirror.com/datasets/choucsan/Gaokao-Compass-11M/resolve/main/data/2025/chongqing/school-admission.csv,2026-09-20T07:29:44+00:00
5326.0,云南经济管理学院,,yunnan,,民办/独立学院,,民办,https://hf-mirror.com/datasets/choucsan/Gaokao-Compass-11M/resolve/main/data/2025/chongqing/school-admission.csv,2026-09-20T07:29:44+00:00
5329.0,云南新兴职业学院,,yunnan,,民办/独立学院,,民办,https://hf-mirror.com/datasets/choucsan/Gaokao-Compass-11M/resolve/main/data/2025/chongqing/school-admission.csv,2026-09-20T07:29:44+00:00
5338.0,西双版纳职业技术学院,,yunnan,,普通本科,,公办,https://hf-mirror.com/datasets/choucsan/Gaokao-Compass-11M/resolve/main/data/2025/chongqing/school-admission.csv,2026-09-20T07:29:44+00:00
5342.0,云南工商学院,,yunnan,,民办/独立学院,,民办,https://hf-mirror.com/datasets/choucsan/Gaokao-Compass-11M/resolve/main/data/2025/chongqing/school-admission.csv,2026-09-20T07:29:44+00:00
5348.0,丽江师范学院,,yunnan,,普通本科,,公办,https://hf-mirror.com/datasets/choucsan/Gaokao-Compass-11M/resolve/main/data/2025/chongqing/school-admission.csv,2026-09-20T07:29:44+00:00
5353.0,云南城市建设职业学院,,yunnan,,民办/独立学院,,民办,https://hf-mirror.com/datasets/choucsan/Gaokao-Compass-11M/resolve/main/data/2025/chongqing/school-admission.csv,2026-09-20T07:29:44+00:00
5361.0,昭通卫生职业学院,,yunnan,,普通本科,,公办,https://hf-mirror.com/datasets/choucsan/Gaokao-Compass-11M/resolve/main/data/2025/chongqing/school-admission.csv,2026-09-20T07:29:44+00:00
5362.0,大理护理职业学院,,yunnan,,普通本科,,公办,https://hf-mirror.com/datasets/choucsan/Gaokao-Compass-11M/resolve/main/data/2025/chongqing/school-admission.csv,2026-09-20T07:29:44+00:00
5373.0,保山中医药高等专科学校,,yunnan,,普通本科,,公办,https://hf-mirror.com/datasets/choucsan/Gaokao-Compass-11M/resolve/main/data/2025/chongqing/school-admission.csv,2026-09-20T07:29:44+00:00
5375.0,德宏职业学院,,yunnan,,普通本科,,公办,https://hf-mirror.com/datasets/choucsan/Gaokao-Compass-11M/resolve/main/data/2025/chongqing/school-admission.csv,2026-09-20T07:29:44+00:00
5381.0,昆明卫生职业学院,,yunnan,,民办/独立学院,,民办,https://hf-mirror.com/datasets/choucsan/Gaokao-Compass-11M/resolve/main/data/2025/chongqing/school-admission.csv,2026-09-20T07:29:44+00:00
5392.0,云南商务职业学院,,yunnan,,民办/独立学院,,民办,https://hf-mirror.com/datasets/choucsan/Gaokao-Compass-11M/resolve/main/data/2025/chongqing/school-admission.csv,2026-09-20T07:29:44+00:00
5394.0,云南理工职业学院,,yunnan,,民办/独立学院,,民办,https://hf-mirror.com/datasets/choucsan/Gaokao-Compass-11M/resolve/main/data/2025/chongqing/school-admission.csv,2026-09-20T07:29:44+00:00
5412.0,日喀则职业技术学院,,xizang,,普通本科,,公办,https://hf-mirror.com/datasets/choucsan/Gaokao-Compass-11M/resolve/main/data/2025/chongqing/school-admission.csv,2026-09-20T07:29:44+00:00
6138.0,陕西交通职业技术学院,,shaanxi,,普通本科,,公办,https://hf-mirror.com/datasets/choucsan/Gaokao-Compass-11M/resolve/main/data/2025/chongqing/school-admission.csv,2026-09-20T07:29:44+00:00
6140.0,西安航空职业技术学院,,shaanxi,,普通本科,,公办,https://hf-mirror.com/datasets/choucsan/Gaokao-Compass-11M/resolve/main/data/2025/chongqing/school-admission.csv,2026-09-20T07:29:44+00:00
6142.0,西安思源学院,,shaanxi,,民办/独立学院,,民办,https://hf-mirror.com/datasets/choucsan/Gaokao-Compass-11M/resolve/main/data/2025/chongqing/school-admission.csv,2026-09-20T07:29:44+00:00
6143.0,陕西服装工程学院,,shaanxi,,民办/独立学院,,民办,https://hf-mirror.com/datasets/choucsan/Gaokao-Compass-11M/resolve/main/data/2025/chongqing/school-admission.csv,2026-09-20T07:29:44+00:00
6145.0,陕西航空职业技术学院,,shaanxi,,普通本科,,公办,https://hf-mirror.com/datasets/choucsan/Gaokao-Compass-11M/resolve/main/data/2025/chongqing/school-admission.csv,2026-09-20T07:29:44+00:00
6147.0,陕西铁路工程职业技术学院,,shaanxi,,普通本科,,公办,https://hf-mirror.com/datasets/choucsan/Gaokao-Compass-11M/resolve/main/data/2025/chongqing/school-admission.csv,2026-09-20T07:29:44+00:00
6150.0,西安海棠职业学院,,shaanxi,,民办/独立学院,,民办,https://hf-mirror.com/datasets/choucsan/Gaokao-Compass-11M/resolve/main/data/2025/chongqing/school-admission.csv,2026-09-20T07:29:44+00:00
6151.0,西安汽车职业大学,,shaanxi,,民办/独立学院,,民办,https://hf-mirror.com/datasets/choucsan/Gaokao-Compass-11M/resolve/main/data/2025/chongqing/school-admission.csv,2026-09-20T07:29:44+00:00
6158.0,西安工商学院,,shaanxi,,民办/独立学院,,民办,https://hf-mirror.com/datasets/choucsan/Gaokao-Compass-11M/resolve/main/data/2025/chongqing/school-admission.csv,2026-09-20T07:29:44+00:00
6167.0,西安铁路职业技术学院,,shaanxi,,普通本科,,公办,https://hf-mirror.com/datasets/choucsan/Gaokao-Compass-11M/resolve/main/data/2025/chongqing/school-admission.csv,2026-09-20T07:29:44+00:00
6168.0,商洛职业技术学院,,shaanxi,,普通本科,,公办,https://hf-mirror.com/datasets/choucsan/Gaokao-Compass-11M/resolve/main/data/2025/chongqing/school-admission.csv,2026-09-20T07:29:44+00:00
6169.0,渭南职业技术学院,,shaanxi,,普通本科,,公办,https://hf-mirror.com/datasets/choucsan/Gaokao-Compass-11M/resolve/main/data/2025/chongqing/school-admission.csv,2026-09-20T07:29:44+00:00
6170.0,安康职业技术学院,,shaanxi,,普通本科,,公办,https://hf-mirror.com/datasets/choucsan/Gaokao-Compass-11M/resolve/main/data/2025/chongqing/school-admission.csv,2026-09-20T07:29:44+00:00
6171.0,西安职业技术学院,,shaanxi,,普通本科,,公办,https://hf-mirror.com/datasets/choucsan/Gaokao-Compass-11M/resolve/main/data/2025/chongqing/school-admission.csv,2026-09-20T07:29:44+00:00
6178.0,陕西工商职业学院,,shaanxi,,普通本科,,公办,https://hf-mirror.com/datasets/choucsan/Gaokao-Compass-11M/resolve/main/data/2025/chongqing/school-admission.csv,2026-09-20T07:29:44+00:00
6179.0,陕西能源职业技术学院,,shaanxi,,普通本科,,公办,https://hf-mirror.com/datasets/choucsan/Gaokao-Compass-11M/resolve/main/data/2025/chongqing/school-admission.csv,2026-09-20T07:29:44+00:00
6181.0,陕西财经职业技术学院,,shaanxi,,普通本科,,公办,https://hf-mirror.com/datasets/choucsan/Gaokao-Compass-11M/resolve/main/data/2025/chongqing/school-admission.csv,2026-09-20T07:29:44+00:00
6182.0,西安信息职业大学,,shaanxi,,民办/独立学院,,民办,https://hf-mirror.com/datasets/choucsan/Gaokao-Compass-11M/resolve/main/data/2025/chongqing/school-admission.csv,2026-09-20T07:29:44+00:00
6183.0,西安医学高等专科学校,,shaanxi,,民办/独立学院,,民办,https://hf-mirror.com/datasets/choucsan/Gaokao-Compass-11M/resolve/main/data/2025/chongqing/school-admission.csv,2026-09-20T07:29:44+00:00
6186.0,宝鸡职业技术学院,,shaanxi,,普通本科,,公办,https://hf-mirror.com/datasets/choucsan/Gaokao-Compass-11M/resolve/main/data/2025/chongqing/school-admission.csv,2026-09-20T07:29:44+00:00
6187.0,延安职业技术学院,,shaanxi,,普通本科,,公办,https://hf-mirror.com/datasets/choucsan/Gaokao-Compass-11M/resolve/main/data/2025/chongqing/school-admission.csv,2026-09-20T07:29:44+00:00
6188.0,陕西邮电职业技术学院,,shaanxi,,普通本科,,公办,https://hf-mirror.com/datasets/choucsan/Gaokao-Compass-11M/resolve/main/data/2025/chongqing/school-admission.csv,2026-09-20T07:29:44+00:00
6189.0,咸阳职业技术学院,,shaanxi,,普通本科,,公办,https://hf-mirror.com/datasets/choucsan/Gaokao-Compass-11M/resolve/main/data/2025/chongqing/school-admission.csv,2026-09-20T07:29:44+00:00
6190.0,铜川职业技术学院,,shaanxi,,普通本科,,公办,https://hf-mirror.com/datasets/choucsan/Gaokao-Compass-11M/resolve/main/data/2025/chongqing/school-admission.csv,2026-09-20T07:29:44+00:00
6191.0,陕西旅游烹饪职业学院,,shaanxi,,民办/独立学院,,民办,https://hf-mirror.com/datasets/choucsan/Gaokao-Compass-11M/resolve/main/data/2025/chongqing/school-admission.csv,2026-09-20T07:29:44+00:00
6199.0,榆林能源科技职业学院,,shaanxi,,民办/独立学院,,民办,https://hf-mirror.com/datasets/choucsan/Gaokao-Compass-11M/resolve/main/data/2025/chongqing/school-admission.csv,2026-09-20T07:29:44+00:00
6225.0,酒泉职业技术大学,,gansu,,普通本科,,公办,https://hf-mirror.com/datasets/choucsan/Gaokao-Compass-11M/resolve/main/data/2025/chongqing/school-admission.csv,2026-09-20T07:29:44+00:00
6228.0,甘肃建筑职业技术学院,,gansu,,普通本科,,公办,https://hf-mirror.com/datasets/choucsan/Gaokao-Compass-11M/resolve/main/data/2025/chongqing/school-admission.csv,2026-09-20T07:29:44+00:00
6230.0,兰州外语职业学院,,gansu,,民办/独立学院,,民办,https://hf-mirror.com/datasets/choucsan/Gaokao-Compass-11M/resolve/main/data/2025/chongqing/school-admission.csv,2026-09-20T07:29:44+00:00
6231.0,甘肃交通职业技术学院,,gansu,,普通本科,,公办,https://hf-mirror.com/datasets/choucsan/Gaokao-Compass-11M/resolve/main/data/2025/chongqing/school-admission.csv,2026-09-20T07:29:44+00:00
6238.0,甘肃畜牧工程职业技术学院,,gansu,,普通本科,,公办,https://hf-mirror.com/datasets/choucsan/Gaokao-Compass-11M/resolve/main/data/2025/chongqing/school-admission.csv,2026-09-20T07:29:44+00:00
6240.0,甘肃有色冶金职业技术学院,,gansu,,普通本科,,公办,https://hf-mirror.com/datasets/choucsan/Gaokao-Compass-11M/resolve/main/data/2025/chongqing/school-admission.csv,2026-09-20T07:29:44+00:00
6253.0,兰州石化职业技术大学,,gansu,,普通本科,,公办,https://hf-mirror.com/datasets/choucsan/Gaokao-Compass-11M/resolve/main/data/2025/chongqing/school-admission.csv,2026-09-20T07:29:44+00:00
6307.0,青海农牧科技职业学院,,qinghai,,普通本科,,公办,https://hf-mirror.com/datasets/choucsan/Gaokao-Compass-11M/resolve/main/data/2025/chongqing/school-admission.csv,2026-09-20T07:29:44+00:00
6513.0,乌鲁木齐职业大学,,xinjiang,,普通本科,,公办,https://hf-mirror.com/datasets/choucsan/Gaokao-Compass-11M/resolve/main/data/2025/chongqing/school-admission.csv,2026-09-20T07:29:44+00:00
6514.0,新疆农业职业技术大学,,xinjiang,,普通本科,,公办,https://hf-mirror.com/datasets/choucsan/Gaokao-Compass-11M/resolve/main/data/2025/chongqing/school-admission.csv,2026-09-20T07:29:44+00:00
6530.0,新疆石河子职业技术学院,,xinjiang,,普通本科,,公办,https://hf-mirror.com/datasets/choucsan/Gaokao-Compass-11M/resolve/main/data/2025/chongqing/school-admission.csv,2026-09-20T07:29:44+00:00
6532.0,新疆职业大学,,xinjiang,,普通本科,,公办,https://hf-mirror.com/datasets/choucsan/Gaokao-Compass-11M/resolve/main/data/2025/chongqing/school-admission.csv,2026-09-20T07:29:44+00:00
6533.0,巴音郭楞职业技术学院,,xinjiang,,普通本科,,公办,https://hf-mirror.com/datasets/choucsan/Gaokao-Compass-11M/resolve/main/data/2025/chongqing/school-admission.csv,2026-09-20T07:29:44+00:00
6534.0,新疆应用职业技术学院,,xinjiang,,普通本科,,公办,https://hf-mirror.com/datasets/choucsan/Gaokao-Compass-11M/resolve/main/data/2025/chongqing/school-admission.csv,2026-09-20T07:29:44+00:00
6536.0,新疆警察学院,,xinjiang,,普通本科,,公办,https://hf-mirror.com/datasets/choucsan/Gaokao-Compass-11M/resolve/main/data/2025/chongqing/school-admission.csv,2026-09-20T07:29:44+00:00
6538.0,新疆师范高等专科学校,,xinjiang,,普通本科,,公办,https://hf-mirror.com/datasets/choucsan/Gaokao-Compass-11M/resolve/main/data/2025/chongqing/school-admission.csv,2026-09-20T07:29:44+00:00
6540.0,新疆生产建设兵团兴新职业技术学院,,xinjiang,,普通本科,,公办,https://hf-mirror.com/datasets/choucsan/Gaokao-Compass-11M/resolve/main/data/2025/chongqing/school-admission.csv,2026-09-20T07:29:44+00:00
6543.0,新疆和田学院,,xinjiang,,普通本科,,公办,https://hf-mirror.com/datasets/choucsan/Gaokao-Compass-11M/resolve/main/data/2025/chongqing/school-admission.csv,2026-09-20T07:29:44+00:00
6546.0,吐鲁番职业技术学院,,xinjiang,,普通本科,,公办,https://hf-mirror.com/datasets/choucsan/Gaokao-Compass-11M/resolve/main/data/2025/chongqing/school-admission.csv,2026-09-20T07:29:44+00:00
6548.0,博尔塔拉职业技术学院,,xinjiang,,普通本科,,公办,https://hf-mirror.com/datasets/choucsan/Gaokao-Compass-11M/resolve/main/data/2025/chongqing/school-admission.csv,2026-09-20T07:29:44+00:00
6550.0,铁门关职业技术学院,,xinjiang,,普通本科,,公办,https://hf-mirror.com/datasets/choucsan/Gaokao-Compass-11M/resolve/main/data/2025/chongqing/school-admission.csv,2026-09-20T07:29:44+00:00
6551.0,石河子工程职业技术学院,,xinjiang,,普通本科,,公办,https://hf-mirror.com/datasets/choucsan/Gaokao-Compass-11M/resolve/main/data/2025/chongqing/school-admission.csv,2026-09-20T07:29:44+00:00
6552.0,喀什职业技术学院,,xinjiang,,普通本科,,公办,https://hf-mirror.com/datasets/choucsan/Gaokao-Compass-11M/resolve/main/data/2025/chongqing/school-admission.csv,2026-09-20T07:29:44+00:00
6555.0,阿勒泰职业技术学院,,xinjiang,,普通本科,,公办,https://hf-mirror.com/datasets/choucsan/Gaokao-Compass-11M/resolve/main/data/2025/chongqing/school-admission.csv,2026-09-20T07:29:44+00:00
6556.0,塔城职业技术学院,,xinjiang,,普通本科,,公办,https://hf-mirror.com/datasets/choucsan/Gaokao-Compass-11M/resolve/main/data/2025/chongqing/school-admission.csv,2026-09-20T07:29:44+00:00
6557.0,塔里木职业技术学院,,xinjiang,,普通本科,,公办,https://hf-mirror.com/datasets/choucsan/Gaokao-Compass-11M/resolve/main/data/2025/chongqing/school-admission.csv,2026-09-20T07:29:44+00:00
6558.0,阿克苏工业职业技术学院,,xinjiang,,普通本科,,公办,https://hf-mirror.com/datasets/choucsan/Gaokao-Compass-11M/resolve/main/data/2025/chongqing/school-admission.csv,2026-09-20T07:29:44+00:00
6559.0,新星职业技术学院,,xinjiang,,普通本科,,公办,https://hf-mirror.com/datasets/choucsan/Gaokao-Compass-11M/resolve/main/data/2025/chongqing/school-admission.csv,2026-09-20T07:29:44+00:00
6561.0,昆玉职业技术学院,,xinjiang,,普通本科,,公办,https://hf-mirror.com/datasets/choucsan/Gaokao-Compass-11M/resolve/main/data/2025/chongqing/school-admission.csv,2026-09-20T07:29:44+00:00
6563.0,喀什理工职业技术学院,,xinjiang,,普通本科,,公办,https://hf-mirror.com/datasets/choucsan/Gaokao-Compass-11M/resolve/main/data/2025/chongqing/school-admission.csv,2026-09-20T07:29:44+00:00
6564.0,可克达拉职业技术学院,,xinjiang,,普通本科,,公办,https://hf-mirror.com/datasets/choucsan/Gaokao-Compass-11M/resolve/main/data/2025/chongqing/school-admission.csv,2026-09-20T07:29:44+00:00
1846.0,三峡旅游职业技术学院,,hubei,,普通本科,,公办,https://hf-mirror.com/datasets/choucsan/Gaokao-Compass-11M/resolve/main/data/2025/chongqing/school-admission.csv,2026-09-20T07:29:44+00:00
8348.0,三峡电力职业学院,,hubei,,普通本科,,公办,https://hf-mirror.com/datasets/choucsan/Gaokao-Compass-11M/resolve/main/data/2025/chongqing/school-admission.csv,2026-09-20T07:29:44+00:00
8397.0,上饶卫生健康职业学院,,jiangxi,,普通本科,,公办,https://hf-mirror.com/datasets/choucsan/Gaokao-Compass-11M/resolve/main/data/2025/chongqing/school-admission.csv,2026-09-20T07:29:44+00:00
8398.0,上饶幼儿师范高等专科学校,,jiangxi,,普通本科,,公办,https://hf-mirror.com/datasets/choucsan/Gaokao-Compass-11M/resolve/main/data/2025/chongqing/school-admission.csv,2026-09-20T07:29:44+00:00
2305.0,北京中医药大学东方学院,,hebei,,民办/独立学院,,民办,https://hf-mirror.com/datasets/choucsan/Gaokao-Compass-11M/resolve/main/data/2025/chongqing/school-admission.csv,2026-09-20T07:29:44+00:00
1616.0,南充文化旅游职业学院,,sichuan,,普通本科,,公办,https://hf-mirror.com/datasets/choucsan/Gaokao-Compass-11M/resolve/main/data/2025/chongqing/school-admission.csv,2026-09-20T07:29:44+00:00
2370.0,南充电影工业职业学院,,sichuan,,民办/独立学院,,民办,https://hf-mirror.com/datasets/choucsan/Gaokao-Compass-11M/resolve/main/data/2025/chongqing/school-admission.csv,2026-09-20T07:29:44+00:00
1615.0,南充科技职业学院,,sichuan,,民办/独立学院,,民办,https://hf-mirror.com/datasets/choucsan/Gaokao-Compass-11M/resolve/main/data/2025/chongqing/school-admission.csv,2026-09-20T07:29:44+00:00
8331.0,南通师范高等专科学校,,jiangsu,,普通本科,,公办,https://hf-mirror.com/datasets/choucsan/Gaokao-Compass-11M/resolve/main/data/2025/chongqing/school-admission.csv,2026-09-20T07:29:44+00:00
6380.0,南阳农业职业学院,,henan,,普通本科,,公办,https://hf-mirror.com/datasets/choucsan/Gaokao-Compass-11M/resolve/main/data/2025/chongqing/school-admission.csv,2026-09-20T07:29:44+00:00
1677.0,南阳科技职业学院,,henan,,普通本科,,公办,https://hf-mirror.com/datasets/choucsan/Gaokao-Compass-11M/resolve/main/data/2025/chongqing/school-admission.csv,2026-09-20T07:29:44+00:00
2177.0,四川三河职业学院,,sichuan,,民办/独立学院,,民办,https://hf-mirror.com/datasets/choucsan/Gaokao-Compass-11M/resolve/main/data/2025/chongqing/school-admission.csv,2026-09-20T07:29:44+00:00
8420.0,四川卫生康复职业学院,,sichuan,,普通本科,,公办,https://hf-mirror.com/datasets/choucsan/Gaokao-Compass-11M/resolve/main/data/2025/chongqing/school-admission.csv,2026-09-20T07:29:44+00:00
8425.0,四川希望汽车职业学院,,sichuan,,民办/独立学院,,民办,https://hf-mirror.com/datasets/choucsan/Gaokao-Compass-11M/resolve/main/data/2025/chongqing/school-admission.csv,2026-09-20T07:29:44+00:00
8427.0,四川应用技术职业学院,,sichuan,,民办/独立学院,,民办,https://hf-mirror.com/datasets/choucsan/Gaokao-Compass-11M/resolve/main/data/2025/chongqing/school-admission.csv,2026-09-20T07:29:44+00:00
2163.0,四川护理职业学院,,sichuan,,普通本科,,公办,https://hf-mirror.com/datasets/choucsan/Gaokao-Compass-11M/resolve/main/data/2025/chongqing/school-admission.csv,2026-09-20T07:29:44+00:00
8423.0,四川文轩职业学院,,sichuan,,民办/独立学院,,民办,https://hf-mirror.com/datasets/choucsan/Gaokao-Compass-11M/resolve/main/data/2025/chongqing/school-admission.csv,2026-09-20T07:29:44+00:00
8416.0,四川汽车职业技术学院,,sichuan,,民办/独立学院,,民办,https://hf-mirror.com/datasets/choucsan/Gaokao-Compass-11M/resolve/main/data/2025/chongqing/school-admission.csv,2026-09-20T07:29:44+00:00
8410.0,四川电子机械职业技术学院,,sichuan,,民办/独立学院,,民办,https://hf-mirror.com/datasets/choucsan/Gaokao-Compass-11M/resolve/main/data/2025/chongqing/school-admission.csv,2026-09-20T07:29:44+00:00
2476.0,四川电影电视学院,,sichuan,,民办/独立学院,,民办,https://hf-mirror.com/datasets/choucsan/Gaokao-Compass-11M/resolve/main/data/2025/chongqing/school-admission.csv,2026-09-20T07:29:44+00:00
8424.0,四川西南航空职业学院,,sichuan,,民办/独立学院,,民办,https://hf-mirror.com/datasets/choucsan/Gaokao-Compass-11M/resolve/main/data/2025/chongqing/school-admission.csv,2026-09-20T07:29:44+00:00
8445.0,天府新区信息职业学院,,sichuan,,民办/独立学院,,民办,https://hf-mirror.com/datasets/choucsan/Gaokao-Compass-11M/resolve/main/data/2025/chongqing/school-admission.csv,2026-09-20T07:29:44+00:00
8444.0,天府新区航空旅游职业学院,,sichuan,,民办/独立学院,,民办,https://hf-mirror.com/datasets/choucsan/Gaokao-Compass-11M/resolve/main/data/2025/chongqing/school-admission.csv,2026-09-20T07:29:44+00:00
2502.0,天府新区通用航空职业学院,,sichuan,,民办/独立学院,,民办,https://hf-mirror.com/datasets/choucsan/Gaokao-Compass-11M/resolve/main/data/2025/chongqing/school-admission.csv,2026-09-20T07:29:44+00:00
8074.0,宝鸡中北职业学院,,shaanxi,,民办/独立学院,,民办,https://hf-mirror.com/datasets/choucsan/Gaokao-Compass-11M/resolve/main/data/2025/chongqing/school-admission.csv,2026-09-20T07:29:44+00:00
8431.0,宿迁职业技术学院,,jiangsu,,民办/独立学院,,民办,https://hf-mirror.com/datasets/choucsan/Gaokao-Compass-11M/resolve/main/data/2025/chongqing/school-admission.csv,2026-09-20T07:29:44+00:00
2421.0,山东圣翰财贸职业学院,,shandong,,民办/独立学院,,民办,https://hf-mirror.com/datasets/choucsan/Gaokao-Compass-11M/resolve/main/data/2025/chongqing/school-admission.csv,2026-09-20T07:29:44+00:00
1907.0,山东文化产业职业学院,,shandong,,民办/独立学院,,民办,https://hf-mirror.com/datasets/choucsan/Gaokao-Compass-11M/resolve/main/data/2025/chongqing/school-admission.csv,2026-09-20T07:29:44+00:00
389.0,川北幼儿师范高等专科学校,,sichuan,,普通本科,,公办,https://hf-mirror.com/datasets/choucsan/Gaokao-Compass-11M/resolve/main/data/2025/chongqing/school-admission.csv,2026-09-20T07:29:44+00:00
390.0,川南幼儿师范高等专科学校,,sichuan,,普通本科,,公办,https://hf-mirror.com/datasets/choucsan/Gaokao-Compass-11M/resolve/main/data/2025/chongqing/school-admission.csv,2026-09-20T07:29:44+00:00
8071.0,巴中职业技术学院,,sichuan,,民办/独立学院,,民办,https://hf-mirror.com/datasets/choucsan/Gaokao-Compass-11M/resolve/main/data/2025/chongqing/school-admission.csv,2026-09-20T07:29:44+00:00
608.0,广东信息工程职业学院,,guangdong,,民办/独立学院,,民办,https://hf-mirror.com/datasets/choucsan/Gaokao-Compass-11M/resolve/main/data/2025/chongqing/school-admission.csv,2026-09-20T07:29:44+00:00
8132.0,广东机电职业技术学院,,guangdong,,普通本科,,公办,https://hf-mirror.com/datasets/choucsan/Gaokao-Compass-11M/resolve/main/data/2025/chongqing/school-admission.csv,2026-09-20T07:29:44+00:00
606.0,广东艺术职业学院,,guangdong,,普通本科,,公办,https://hf-mirror.com/datasets/choucsan/Gaokao-Compass-11M/resolve/main/data/2025/chongqing/school-admission.csv,2026-09-20T07:29:44+00:00
8136.0,广东茂名幼儿师范专科学校,,guangdong,,普通本科,,公办,https://hf-mirror.com/datasets/choucsan/Gaokao-Compass-11M/resolve/main/data/2025/chongqing/school-admission.csv,2026-09-20T07:29:44+00:00
8151.0,广元中核职业技术学院,,sichuan,,民办/独立学院,,民办,https://hf-mirror.com/datasets/choucsan/Gaokao-Compass-11M/resolve/main/data/2025/chongqing/school-admission.csv,2026-09-20T07:29:44+00:00
8156.0,广州科技贸易职业学院,,guangdong,,普通本科,,公办,https://hf-mirror.com/datasets/choucsan/Gaokao-Compass-11M/resolve/main/data/2025/chongqing/school-admission.csv,2026-09-20T07:29:44+00:00
1452.0,廊坊燕京职业技术学院,,hebei,,普通本科,,公办,https://hf-mirror.com/datasets/choucsan/Gaokao-Compass-11M/resolve/main/data/2025/chongqing/school-admission.csv,2026-09-20T07:29:44+00:00
2630.0,徐州工业职业技术学院,,jiangsu,,普通本科,,公办,https://hf-mirror.com/datasets/choucsan/Gaokao-Compass-11M/resolve/main/data/2025/chongqing/school-admission.csv,2026-09-20T07:29:44+00:00
8119.0,德阳农业科技职业学院,,sichuan,,民办/独立学院,,民办,https://hf-mirror.com/datasets/choucsan/Gaokao-Compass-11M/resolve/main/data/2025/chongqing/school-admission.csv,2026-09-20T07:29:44+00:00
8118.0,德阳城市轨道交通职业学院,,sichuan,,民办/独立学院,,民办,https://hf-mirror.com/datasets/choucsan/Gaokao-Compass-11M/resolve/main/data/2025/chongqing/school-admission.csv,2026-09-20T07:29:44+00:00
431.0,德阳科贸职业学院,,sichuan,,民办/独立学院,,民办,https://hf-mirror.com/datasets/choucsan/Gaokao-Compass-11M/resolve/main/data/2025/chongqing/school-admission.csv,2026-09-20T07:29:44+00:00
1200.0,惠州卫生职业技术学院,,guangdong,,普通本科,,公办,https://hf-mirror.com/datasets/choucsan/Gaokao-Compass-11M/resolve/main/data/2025/chongqing/school-admission.csv,2026-09-20T07:29:44+00:00
289.0,成都工业职业技术学院,,sichuan,,普通本科,,公办,https://hf-mirror.com/datasets/choucsan/Gaokao-Compass-11M/resolve/main/data/2025/chongqing/school-admission.csv,2026-09-20T07:29:44+00:00
8497.0,扬州中瑞酒店职业学院,,jiangsu,,民办/独立学院,,民办,https://hf-mirror.com/datasets/choucsan/Gaokao-Compass-11M/resolve/main/data/2025/chongqing/school-admission.csv,2026-09-20T07:29:44+00:00
228.0,承德应用技术职业学院,,hebei,,普通本科,,公办,https://hf-mirror.com/datasets/choucsan/Gaokao-Compass-11M/resolve/main/data/2025/chongqing/school-admission.csv,2026-09-20T07:29:44+00:00
8335.0,攀枝花攀西职业学院,,sichuan,,民办/独立学院,,民办,https://hf-mirror.com/datasets/choucsan/Gaokao-Compass-11M/resolve/main/data/2025/chongqing/school-admission.csv,2026-09-20T07:29:44+00:00
8347.0,日照航海工程职业学院,,shandong,,民办/独立学院,,民办,https://hf-mirror.com/datasets/choucsan/Gaokao-Compass-11M/resolve/main/data/2025/chongqing/school-admission.csv,2026-09-20T07:29:44+00:00
8468.0,武昌职业学院,,hubei,,民办/独立学院,,民办,https://hf-mirror.com/datasets/choucsan/Gaokao-Compass-11M/resolve/main/data/2025/chongqing/school-admission.csv,2026-09-20T07:29:44+00:00
2431.0,武汉外语外事职业学院,,hubei,,民办/独立学院,,民办,https://hf-mirror.com/datasets/choucsan/Gaokao-Compass-11M/resolve/main/data/2025/chongqing/school-admission.csv,2026-09-20T07:29:44+00:00
2411.0,武汉海事职业学院,,hubei,,普通本科,,公办,https://hf-mirror.com/datasets/choucsan/Gaokao-Compass-11M/resolve/main/data/2025/chongqing/school-admission.csv,2026-09-20T07:29:44+00:00
8475.0,武汉铁路桥梁职业学院,,hubei,,普通本科,,公办,https://hf-mirror.com/datasets/choucsan/Gaokao-Compass-11M/resolve/main/data/2025/chongqing/school-admission.csv,2026-09-20T07:29:44+00:00
8250.0,江海职业技术学院,,jiangsu,,民办/独立学院,,民办,https://hf-mirror.com/datasets/choucsan/Gaokao-Compass-11M/resolve/main/data/2025/chongqing/school-admission.csv,2026-09-20T07:29:44+00:00
8258.0,江苏商贸职业学院,,jiangsu,,普通本科,,公办,https://hf-mirror.com/datasets/choucsan/Gaokao-Compass-11M/resolve/main/data/2025/chongqing/school-admission.csv,2026-09-20T07:29:44+00:00
1277.0,江苏航空职业技术学院,,jiangsu,,普通本科,,公办,https://hf-mirror.com/datasets/choucsan/Gaokao-Compass-11M/resolve/main/data/2025/chongqing/school-admission.csv,2026-09-20T07:29:44+00:00
1266.0,江苏财会职业学院,,jiangsu,,普通本科,,公办,https://hf-mirror.com/datasets/choucsan/Gaokao-Compass-11M/resolve/main/data/2025/chongqing/school-admission.csv,2026-09-20T07:29:44+00:00
8286.0,江西婺源茶业职业学院,,jiangxi,,普通本科,,公办,https://hf-mirror.com/datasets/choucsan/Gaokao-Compass-11M/resolve/main/data/2025/chongqing/school-admission.csv,2026-09-20T07:29:44+00:00
8252.0,江门职业技术学院,,guangdong,,普通本科,,公办,https://hf-mirror.com/datasets/choucsan/Gaokao-Compass-11M/resolve/main/data/2025/chongqing/school-admission.csv,2026-09-20T07:29:44+00:00
2322.0,江阳城建职业学院,,sichuan,,民办/独立学院,,民办,https://hf-mirror.com/datasets/choucsan/Gaokao-Compass-11M/resolve/main/data/2025/chongqing/school-admission.csv,2026-09-20T07:29:44+00:00
8191.0,河南地矿职业学院,,henan,,普通本科,,公办,https://hf-mirror.com/datasets/choucsan/Gaokao-Compass-11M/resolve/main/data/2025/chongqing/school-admission.csv,2026-09-20T07:29:44+00:00
8190.0,河南测绘职业学院,,henan,,普通本科,,公办,https://hf-mirror.com/datasets/choucsan/Gaokao-Compass-11M/resolve/main/data/2025/chongqing/school-admission.csv,2026-09-20T07:29:44+00:00
2255.0,泰山职业技术学院,,shandong,,普通本科,,公办,https://hf-mirror.com/datasets/choucsan/Gaokao-Compass-11M/resolve/main/data/2025/chongqing/school-admission.csv,2026-09-20T07:29:44+00:00
8317.0,泸州医疗器械职业学院,,sichuan,,民办/独立学院,,民办,https://hf-mirror.com/datasets/choucsan/Gaokao-Compass-11M/resolve/main/data/2025/chongqing/school-admission.csv,2026-09-20T07:29:44+00:00
1559.0,洛阳职业技术学院,,henan,,普通本科,,公办,https://hf-mirror.com/datasets/choucsan/Gaokao-Compass-11M/resolve/main/data/2025/chongqing/school-admission.csv,2026-09-20T07:29:44+00:00
1243.0,济南幼儿师范高等专科学校,,shandong,,普通本科,,公办,https://hf-mirror.com/datasets/choucsan/Gaokao-Compass-11M/resolve/main/data/2025/chongqing/school-admission.csv,2026-09-20T07:29:44+00:00
8080.0,渤海理工职业学院,,hebei,,民办/独立学院,,民办,https://hf-mirror.com/datasets/choucsan/Gaokao-Compass-11M/resolve/main/data/2025/chongqing/school-admission.csv,2026-09-20T07:29:44+00:00
1064.0,湖北孝感美珈职业学院,,hubei,,民办/独立学院,,民办,https://hf-mirror.com/datasets/choucsan/Gaokao-Compass-11M/resolve/main/data/2025/chongqing/school-admission.csv,2026-09-20T07:29:44+00:00
8215.0,湖北幼儿师范高等专科学校,,hubei,,普通本科,,公办,https://hf-mirror.com/datasets/choucsan/Gaokao-Compass-11M/resolve/main/data/2025/chongqing/school-admission.csv,2026-09-20T07:29:44+00:00
8213.0,湖北铁道运输职业学院,,hubei,,普通本科,,公办,https://hf-mirror.com/datasets/choucsan/Gaokao-Compass-11M/resolve/main/data/2025/chongqing/school-admission.csv,2026-09-20T07:29:44+00:00
1121.0,湖南三一工业职业技术学院,,hunan,,民办/独立学院,,民办,https://hf-mirror.com/datasets/choucsan/Gaokao-Compass-11M/resolve/main/data/2025/chongqing/school-admission.csv,2026-09-20T07:29:44+00:00
1105.0,湖南九嶷职业技术学院,,hunan,,普通本科,,公办,https://hf-mirror.com/datasets/choucsan/Gaokao-Compass-11M/resolve/main/data/2025/chongqing/school-admission.csv,2026-09-20T07:29:44+00:00
8230.0,湖南化工职业技术学院,,hunan,,普通本科,,公办,https://hf-mirror.com/datasets/choucsan/Gaokao-Compass-11M/resolve/main/data/2025/chongqing/school-admission.csv,2026-09-20T07:29:44+00:00
1149.0,湖南幼儿师范高等专科学校,,hunan,,普通本科,,公办,https://hf-mirror.com/datasets/choucsan/Gaokao-Compass-11M/resolve/main/data/2025/chongqing/school-admission.csv,2026-09-20T07:29:44+00:00
8242.0,湖南邮电职业技术学院,,hunan,,普通本科,,公办,https://hf-mirror.com/datasets/choucsan/Gaokao-Compass-11M/resolve/main/data/2025/chongqing/school-admission.csv,2026-09-20T07:29:44+00:00
1128.0,湖南食品药品职业学院,,hunan,,普通本科,,公办,https://hf-mirror.com/datasets/choucsan/Gaokao-Compass-11M/resolve/main/data/2025/chongqing/school-admission.csv,2026-09-20T07:29:44+00:00
8224.0,湖南高尔夫旅游职业学院,,hunan,,民办/独立学院,,民办,https://hf-mirror.com/datasets/choucsan/Gaokao-Compass-11M/resolve/main/data/2025/chongqing/school-admission.csv,2026-09-20T07:29:44+00:00
2568.0,湘中幼儿师范高等专科学校,,hunan,,普通本科,,公办,https://hf-mirror.com/datasets/choucsan/Gaokao-Compass-11M/resolve/main/data/2025/chongqing/school-admission.csv,2026-09-20T07:29:44+00:00
2561.0,湘南幼儿师范高等专科学校,,hunan,,普通本科,,公办,https://hf-mirror.com/datasets/choucsan/Gaokao-Compass-11M/resolve/main/data/2025/chongqing/school-admission.csv,2026-09-20T07:29:44+00:00
2352.0,潍坊环境工程职业学院,,shandong,,民办/独立学院,,民办,https://hf-mirror.com/datasets/choucsan/Gaokao-Compass-11M/resolve/main/data/2025/chongqing/school-admission.csv,2026-09-20T07:29:44+00:00
1758.0,濮阳医学高等专科学校,,henan,,普通本科,,公办,https://hf-mirror.com/datasets/choucsan/Gaokao-Compass-11M/resolve/main/data/2025/chongqing/school-admission.csv,2026-09-20T07:29:44+00:00
8496.0,烟台黄金职业学院,,shandong,,民办/独立学院,,民办,https://hf-mirror.com/datasets/choucsan/Gaokao-Compass-11M/resolve/main/data/2025/chongqing/school-admission.csv,2026-09-20T07:29:44+00:00
8502.0,益阳医学高等专科学校,,hunan,,普通本科,,公办,https://hf-mirror.com/datasets/choucsan/Gaokao-Compass-11M/resolve/main/data/2025/chongqing/school-admission.csv,2026-09-20T07:29:44+00:00
8494.0,盐城幼儿师范高等专科学校,,jiangsu,,普通本科,,公办,https://hf-mirror.com/datasets/choucsan/Gaokao-Compass-11M/resolve/main/data/2025/chongqing/school-admission.csv,2026-09-20T07:29:44+00:00
8322.0,眉山药科职业学院,,sichuan,,民办/独立学院,,民办,https://hf-mirror.com/datasets/choucsan/Gaokao-Compass-11M/resolve/main/data/2025/chongqing/school-admission.csv,2026-09-20T07:29:44+00:00
8323.0,绵阳飞行职业学院,,sichuan,,民办/独立学院,,民办,https://hf-mirror.com/datasets/choucsan/Gaokao-Compass-11M/resolve/main/data/2025/chongqing/school-admission.csv,2026-09-20T07:29:44+00:00
8435.0,苏州工业职业技术学院,,jiangsu,,普通本科,,公办,https://hf-mirror.com/datasets/choucsan/Gaokao-Compass-11M/resolve/main/data/2025/chongqing/school-admission.csv,2026-09-20T07:29:44+00:00
8336.0,萍乡卫生职业学院,,jiangxi,,普通本科,,公办,https://hf-mirror.com/datasets/choucsan/Gaokao-Compass-11M/resolve/main/data/2025/chongqing/school-admission.csv,2026-09-20T07:29:44+00:00
8487.0,襄阳汽车职业技术学院,,hubei,,普通本科,,公办,https://hf-mirror.com/datasets/choucsan/Gaokao-Compass-11M/resolve/main/data/2025/chongqing/school-admission.csv,2026-09-20T07:29:44+00:00
2505.0,西昌民族幼儿师范高等专科学校,,sichuan,,普通本科,,公办,https://hf-mirror.com/datasets/choucsan/Gaokao-Compass-11M/resolve/main/data/2025/chongqing/school-admission.csv,2026-09-20T07:29:44+00:00
8531.0,资阳环境科技职业学院,,sichuan,,民办/独立学院,,民办,https://hf-mirror.com/datasets/choucsan/Gaokao-Compass-11M/resolve/main/data/2025/chongqing/school-admission.csv,2026-09-20T07:29:44+00:00
8129.0,赣州职业技术学院,,jiangxi,,普通本科,,公办,https://hf-mirror.com/datasets/choucsan/Gaokao-Compass-11M/resolve/main/data/2025/chongqing/school-admission.csv,2026-09-20T07:29:44+00:00
,达州中医药职业学院,,sichuan,,普通本科,,公办,https://hf-mirror.com/datasets/choucsan/Gaokao-Compass-11M/resolve/main/data/2025/chongqing/school-admission.csv,2026-09-20T07:29:44+00:00
8439.0,遂宁职业学院,,sichuan,,民办/独立学院,,民办,https://hf-mirror.com/datasets/choucsan/Gaokao-Compass-11M/resolve/main/data/2025/chongqing/school-admission.csv,2026-09-20T07:29:44+00:00
830.0,邯郸幼儿师范高等专科学校,,hebei,,普通本科,,公办,https://hf-mirror.com/datasets/choucsan/Gaokao-Compass-11M/resolve/main/data/2025/chongqing/school-admission.csv,2026-09-20T07:29:44+00:00
,重庆农业职业学院,,chongqing,,普通本科,,公办,https://hf-mirror.com/datasets/choucsan/Gaokao-Compass-11M/resolve/main/data/2025/chongqing/school-admission.csv,2026-09-20T07:29:44+00:00
2324.0,铁岭卫生职业学院,,liaoning,,普通本科,,公办,https://hf-mirror.com/datasets/choucsan/Gaokao-Compass-11M/resolve/main/data/2025/chongqing/school-admission.csv,2026-09-20T07:29:44+00:00
8086.0,长江艺术工程职业学院,,hubei,,民办/独立学院,,民办,https://hf-mirror.com/datasets/choucsan/Gaokao-Compass-11M/resolve/main/data/2025/chongqing/school-admission.csv,2026-09-20T07:29:44+00:00
8090.0,长沙卫生职业学院,,hunan,,普通本科,,公办,https://hf-mirror.com/datasets/choucsan/Gaokao-Compass-11M/resolve/main/data/2025/chongqing/school-admission.csv,2026-09-20T07:29:44+00:00
261.0,长沙职业技术学院,,hunan,,普通本科,,公办,https://hf-mirror.com/datasets/choucsan/Gaokao-Compass-11M/resolve/main/data/2025/chongqing/school-admission.csv,2026-09-20T07:29:44+00:00
8343.0,青岛航空科技职业学院,,shandong,,民办/独立学院,,民办,https://hf-mirror.com/datasets/choucsan/Gaokao-Compass-11M/resolve/main/data/2025/chongqing/school-admission.csv,2026-09-20T07:29:44+00:00
8244.0,黄冈科技职业学院,,hubei,,民办/独立学院,,民办,https://hf-mirror.com/datasets/choucsan/Gaokao-Compass-11M/resolve/main/data/2025/chongqing/school-admission.csv,2026-09-20T07:29:44+00:00
2297.0,黄山健康职业学院,,anhui,,民办/独立学院,,民办,https://hf-mirror.com/datasets/choucsan/Gaokao-Compass-11M/resolve/main/data/2025/chongqing/school-admission.csv,2026-09-20T07:29:44+00:00
8772.0,山东信息职业技术学院,,shandong,,普通本科,,公办,https://hf-mirror.com/datasets/choucsan/Gaokao-Compass-11M/resolve/main/data/2025/chongqing/school-admission.csv,2026-09-20T07:29:44+00:00
1101.0,北京大学,,beijing,,985,,公办,https://hf-mirror.com/datasets/choucsan/Gaokao-Compass-11M/resolve/main/data/2025/chongqing/school-admission.csv,2026-09-20T07:29:44+00:00
1104.0,清华大学,,beijing,,985,,公办,https://hf-mirror.com/datasets/choucsan/Gaokao-Compass-11M/resolve/main/data/2025/chongqing/school-admission.csv,2026-09-20T07:29:44+00:00
1105.0,北京交通大学,,beijing,,211,,公办,https://hf-mirror.com/datasets/choucsan/Gaokao-Compass-11M/resolve/main/data/2025/chongqing/school-admission.csv,2026-09-20T07:29:44+00:00
1106.0,北京航空航天大学,,beijing,,985,,公办,https://hf-mirror.com/datasets/choucsan/Gaokao-Compass-11M/resolve/main/data/2025/chongqing/school-admission.csv,2026-09-20T07:29:44+00:00
1107.0,北京理工大学,,beijing,,985,,公办,https://hf-mirror.com/datasets/choucsan/Gaokao-Compass-11M/resolve/main/data/2025/chongqing/school-admission.csv,2026-09-20T07:29:44+00:00
1116.0,中国农业大学,,beijing,,985,,公办,https://hf-mirror.com/datasets/choucsan/Gaokao-Compass-11M/resolve/main/data/2025/chongqing/school-admission.csv,2026-09-20T07:29:44+00:00
1124.0,北京语言大学,,beijing,,普通本科,,公办,https://hf-mirror.com/datasets/choucsan/Gaokao-Compass-11M/resolve/main/data/2025/chongqing/school-admission.csv,2026-09-20T07:29:44+00:00
1137.0,中国戏曲学院,,beijing,,普通本科,,公办,https://hf-mirror.com/datasets/choucsan/Gaokao-Compass-11M/resolve/main/data/2025/chongqing/school-admission.csv,2026-09-20T07:29:44+00:00
1138.0,北京电影学院,,beijing,,普通本科,,公办,https://hf-mirror.com/datasets/choucsan/Gaokao-Compass-11M/resolve/main/data/2025/chongqing/school-admission.csv,2026-09-20T07:29:44+00:00
1141.0,中国政法大学,,beijing,,211,,公办,https://hf-mirror.com/datasets/choucsan/Gaokao-Compass-11M/resolve/main/data/2025/chongqing/school-admission.csv,2026-09-20T07:29:44+00:00
1142.0,华北电力大学,,beijing,,211,,公办,https://hf-mirror.com/datasets/choucsan/Gaokao-Compass-11M/resolve/main/data/2025/chongqing/school-admission.csv,2026-09-20T07:29:44+00:00
1145.0,中国矿业大学,,beijing,,211,,公办,https://hf-mirror.com/datasets/choucsan/Gaokao-Compass-11M/resolve/main/data/2025/chongqing/school-admission.csv,2026-09-20T07:29:44+00:00
1188.0,中国社会科学院大学,,beijing,,普通本科,,公办,https://hf-mirror.com/datasets/choucsan/Gaokao-Compass-11M/resolve/main/data/2025/chongqing/school-admission.csv,2026-09-20T07:29:44+00:00
1201.0,南开大学,,tianjin,,985,,公办,https://hf-mirror.com/datasets/choucsan/Gaokao-Compass-11M/resolve/main/data/2025/chongqing/school-admission.csv,2026-09-20T07:29:44+00:00
1202.0,天津大学,,tianjin,,985,,公办,https://hf-mirror.com/datasets/choucsan/Gaokao-Compass-11M/resolve/main/data/2025/chongqing/school-admission.csv,2026-09-20T07:29:44+00:00
1203.0,天津科技大学,,tianjin,,普通本科,,公办,https://hf-mirror.com/datasets/choucsan/Gaokao-Compass-11M/resolve/main/data/2025/chongqing/school-admission.csv,2026-09-20T07:29:44+00:00
1208.0,天津中医药大学,,tianjin,,普通本科,,公办,https://hf-mirror.com/datasets/choucsan/Gaokao-Compass-11M/resolve/main/data/2025/chongqing/school-admission.csv,2026-09-20T07:29:44+00:00
1209.0,天津外国语大学,,tianjin,,普通本科,,公办,https://hf-mirror.com/datasets/choucsan/Gaokao-Compass-11M/resolve/main/data/2025/chongqing/school-admission.csv,2026-09-20T07:29:44+00:00
1210.0,天津商业大学,,tianjin,,普通本科,,公办,https://hf-mirror.com/datasets/choucsan/Gaokao-Compass-11M/resolve/main/data/2025/chongqing/school-admission.csv,2026-09-20T07:29:44+00:00
1211.0,天津财经大学,,tianjin,,普通本科,,公办,https://hf-mirror.com/datasets/choucsan/Gaokao-Compass-11M/resolve/main/data/2025/chongqing/school-admission.csv,2026-09-20T07:29:44+00:00
6.0,天津体育学院,,tianjin,,普通本科,,公办,https://hf-mirror.com/datasets/choucsan/Gaokao-Compass-11M/resolve/main/data/2025/chongqing/school-admission.csv,2026-09-20T07:29:44+00:00
1215.0,河北工业大学,,tianjin,,211,,公办,https://hf-mirror.com/datasets/choucsan/Gaokao-Compass-11M/resolve/main/data/2025/chongqing/school-admission.csv,2026-09-20T07:29:44+00:00
1216.0,天津城建大学,,tianjin,,普通本科,,公办,https://hf-mirror.com/datasets/choucsan/Gaokao-Compass-11M/resolve/main/data/2025/chongqing/school-admission.csv,2026-09-20T07:29:44+00:00
1219.0,北京科技大学天津学院,,tianjin,,民办/独立学院,,民办,https://hf-mirror.com/datasets/choucsan/Gaokao-Compass-11M/resolve/main/data/2025/chongqing/school-admission.csv,2026-09-20T07:29:44+00:00
1246.0,天津理工大学中环信息学院,,tianjin,,民办/独立学院,,民办,https://hf-mirror.com/datasets/choucsan/Gaokao-Compass-11M/resolve/main/data/2025/chongqing/school-admission.csv,2026-09-20T07:29:44+00:00
1250.0,天津仁爱学院,,tianjin,,民办/独立学院,,民办,https://hf-mirror.com/datasets/choucsan/Gaokao-Compass-11M/resolve/main/data/2025/chongqing/school-admission.csv,2026-09-20T07:29:44+00:00
1252.0,天津财经大学珠江学院,,tianjin,,民办/独立学院,,民办,https://hf-mirror.com/datasets/choucsan/Gaokao-Compass-11M/resolve/main/data/2025/chongqing/school-admission.csv,2026-09-20T07:29:44+00:00
1302.0,河北地质大学,,hebei,,普通本科,,公办,https://hf-mirror.com/datasets/choucsan/Gaokao-Compass-11M/resolve/main/data/2025/chongqing/school-admission.csv,2026-09-20T07:29:44+00:00
1304.0,华北理工大学,,hebei,,普通本科,,公办,https://hf-mirror.com/datasets/choucsan/Gaokao-Compass-11M/resolve/main/data/2025/chongqing/school-admission.csv,2026-09-20T07:29:44+00:00
1307.0,邢台学院,,hebei,,普通本科,,公办,https://hf-mirror.com/datasets/choucsan/Gaokao-Compass-11M/resolve/main/data/2025/chongqing/school-admission.csv,2026-09-20T07:29:44+00:00
1310.0,华北科技学院,,hebei,,普通本科,,公办,https://hf-mirror.com/datasets/choucsan/Gaokao-Compass-11M/resolve/main/data/2025/chongqing/school-admission.csv,2026-09-20T07:29:44+00:00
1314.0,东北大学秦皇岛分校,,hebei,,985,,公办,https://hf-mirror.com/datasets/choucsan/Gaokao-Compass-11M/resolve/main/data/2025/chongqing/school-admission.csv,2026-09-20T07:29:44+00:00
1315.0,华北理工大学轻工学院,,hebei,,民办/独立学院,,民办,https://hf-mirror.com/datasets/choucsan/Gaokao-Compass-11M/resolve/main/data/2025/chongqing/school-admission.csv,2026-09-20T07:29:44+00:00
1339.0,河北外国语学院,,hebei,,民办/独立学院,,民办,https://hf-mirror.com/datasets/choucsan/Gaokao-Compass-11M/resolve/main/data/2025/chongqing/school-admission.csv,2026-09-20T07:29:44+00:00
1343.0,保定学院,,hebei,,普通本科,,公办,https://hf-mirror.com/datasets/choucsan/Gaokao-Compass-11M/resolve/main/data/2025/chongqing/school-admission.csv,2026-09-20T07:29:44+00:00
1359.0,河北医科大学临床学院,,hebei,,民办/独立学院,,民办,https://hf-mirror.com/datasets/choucsan/Gaokao-Compass-11M/resolve/main/data/2025/chongqing/school-admission.csv,2026-09-20T07:29:44+00:00
1361.0,衡水学院,,hebei,,普通本科,,公办,https://hf-mirror.com/datasets/choucsan/Gaokao-Compass-11M/resolve/main/data/2025/chongqing/school-admission.csv,2026-09-20T07:29:44+00:00
1378.0,河北地质大学华信学院,,hebei,,民办/独立学院,,民办,https://hf-mirror.com/datasets/choucsan/Gaokao-Compass-11M/resolve/main/data/2025/chongqing/school-admission.csv,2026-09-20T07:29:44+00:00
1381.0,唐山师范学院,,hebei,,普通本科,,公办,https://hf-mirror.com/datasets/choucsan/Gaokao-Compass-11M/resolve/main/data/2025/chongqing/school-admission.csv,2026-09-20T07:29:44+00:00
1385.0,保定理工学院,,hebei,,民办/独立学院,,民办,https://hf-mirror.com/datasets/choucsan/Gaokao-Compass-11M/resolve/main/data/2025/chongqing/school-admission.csv,2026-09-20T07:29:44+00:00
1386.0,河北经贸大学,,hebei,,普通本科,,公办,https://hf-mirror.com/datasets/choucsan/Gaokao-Compass-11M/resolve/main/data/2025/chongqing/school-admission.csv,2026-09-20T07:29:44+00:00
1388.0,唐山学院,,hebei,,普通本科,,公办,https://hf-mirror.com/datasets/choucsan/Gaokao-Compass-11M/resolve/main/data/2025/chongqing/school-admission.csv,2026-09-20T07:29:44+00:00
1390.0,河北东方学院,,hebei,,民办/独立学院,,民办,https://hf-mirror.com/datasets/choucsan/Gaokao-Compass-11M/resolve/main/data/2025/chongqing/school-admission.csv,2026-09-20T07:29:44+00:00
1399.0,沧州师范学院,,hebei,,普通本科,,公办,https://hf-mirror.com/datasets/choucsan/Gaokao-Compass-11M/resolve/main/data/2025/chongqing/school-admission.csv,2026-09-20T07:29:44+00:00
1401.0,太原科技大学,,shanxi,,普通本科,,公办,https://hf-mirror.com/datasets/choucsan/Gaokao-Compass-11M/resolve/main/data/2025/chongqing/school-admission.csv,2026-09-20T07:29:44+00:00
1403.0,太原理工大学,,shanxi,,211,,公办,https://hf-mirror.com/datasets/choucsan/Gaokao-Compass-11M/resolve/main/data/2025/chongqing/school-admission.csv,2026-09-20T07:29:44+00:00
1406.0,山西大同大学,,shanxi,,普通本科,,公办,https://hf-mirror.com/datasets/choucsan/Gaokao-Compass-11M/resolve/main/data/2025/chongqing/school-admission.csv,2026-09-20T07:29:44+00:00
1408.0,山西财经大学,,shanxi,,普通本科,,公办,https://hf-mirror.com/datasets/choucsan/Gaokao-Compass-11M/resolve/main/data/2025/chongqing/school-admission.csv,2026-09-20T07:29:44+00:00
1415.0,山西应用科技学院,,shanxi,,民办/独立学院,,民办,https://hf-mirror.com/datasets/choucsan/Gaokao-Compass-11M/resolve/main/data/2025/chongqing/school-admission.csv,2026-09-20T07:29:44+00:00
1425.0,山西大学,,shanxi,,普通本科,,公办,https://hf-mirror.com/datasets/choucsan/Gaokao-Compass-11M/resolve/main/data/2025/chongqing/school-admission.csv,2026-09-20T07:29:44+00:00
1430.0,山西晋中理工学院,,shanxi,,民办/独立学院,,民办,https://hf-mirror.com/datasets/choucsan/Gaokao-Compass-11M/resolve/main/data/2025/chongqing/school-admission.csv,2026-09-20T07:29:44+00:00
1449.0,山西中医药大学,,shanxi,,普通本科,,公办,https://hf-mirror.com/datasets/choucsan/Gaokao-Compass-11M/resolve/main/data/2025/chongqing/school-admission.csv,2026-09-20T07:29:44+00:00
1450.0,山西传媒学院,,shanxi,,普通本科,,公办,https://hf-mirror.com/datasets/choucsan/Gaokao-Compass-11M/resolve/main/data/2025/chongqing/school-admission.csv,2026-09-20T07:29:44+00:00
1453.0,晋中信息学院,,shanxi,,民办/独立学院,,民办,https://hf-mirror.com/datasets/choucsan/Gaokao-Compass-11M/resolve/main/data/2025/chongqing/school-admission.csv,2026-09-20T07:29:44+00:00
1502.0,内蒙古科技大学,,neimenggu,,普通本科,,公办,https://hf-mirror.com/datasets/choucsan/Gaokao-Compass-11M/resolve/main/data/2025/chongqing/school-admission.csv,2026-09-20T07:29:44+00:00
1509.0,内蒙古师范大学,,neimenggu,,普通本科,,公办,https://hf-mirror.com/datasets/choucsan/Gaokao-Compass-11M/resolve/main/data/2025/chongqing/school-admission.csv,2026-09-20T07:29:44+00:00
1513.0,内蒙古民族大学,,neimenggu,,普通本科,,公办,https://hf-mirror.com/datasets/choucsan/Gaokao-Compass-11M/resolve/main/data/2025/chongqing/school-admission.csv,2026-09-20T07:29:44+00:00
2107.0,辽宁工程技术大学,,liaoning,,普通本科,,公办,https://hf-mirror.com/datasets/choucsan/Gaokao-Compass-11M/resolve/main/data/2025/chongqing/school-admission.csv,2026-09-20T07:29:44+00:00
2110.0,大连交通大学,,liaoning,,普通本科,,公办,https://hf-mirror.com/datasets/choucsan/Gaokao-Compass-11M/resolve/main/data/2025/chongqing/school-admission.csv,2026-09-20T07:29:44+00:00
2121.0,东北财经大学,,liaoning,,普通本科,,公办,https://hf-mirror.com/datasets/choucsan/Gaokao-Compass-11M/resolve/main/data/2025/chongqing/school-admission.csv,2026-09-20T07:29:44+00:00
2125.0,大连民族大学,,liaoning,,普通本科,,公办,https://hf-mirror.com/datasets/choucsan/Gaokao-Compass-11M/resolve/main/data/2025/chongqing/school-admission.csv,2026-09-20T07:29:44+00:00
2129.0,渤海大学,,liaoning,,普通本科,,公办,https://hf-mirror.com/datasets/choucsan/Gaokao-Compass-11M/resolve/main/data/2025/chongqing/school-admission.csv,2026-09-20T07:29:44+00:00
2147.0,辽宁对外经贸学院,,liaoning,,民办/独立学院,,民办,https://hf-mirror.com/datasets/choucsan/Gaokao-Compass-11M/resolve/main/data/2025/chongqing/school-admission.csv,2026-09-20T07:29:44+00:00
2150.0,辽宁理工学院,,liaoning,,民办/独立学院,,民办,https://hf-mirror.com/datasets/choucsan/Gaokao-Compass-11M/resolve/main/data/2025/chongqing/school-admission.csv,2026-09-20T07:29:44+00:00
2151.0,沈阳城市学院,,liaoning,,民办/独立学院,,民办,https://hf-mirror.com/datasets/choucsan/Gaokao-Compass-11M/resolve/main/data/2025/chongqing/school-admission.csv,2026-09-20T07:29:44+00:00
2153.0,辽宁大学,,liaoning,,211,,公办,https://hf-mirror.com/datasets/choucsan/Gaokao-Compass-11M/resolve/main/data/2025/chongqing/school-admission.csv,2026-09-20T07:29:44+00:00
2159.0,沈阳工学院,,liaoning,,民办/独立学院,,民办,https://hf-mirror.com/datasets/choucsan/Gaokao-Compass-11M/resolve/main/data/2025/chongqing/school-admission.csv,2026-09-20T07:29:44+00:00
2166.0,大连大学,,liaoning,,普通本科,,公办,https://hf-mirror.com/datasets/choucsan/Gaokao-Compass-11M/resolve/main/data/2025/chongqing/school-admission.csv,2026-09-20T07:29:44+00:00
2189.0,沈阳医学院,,liaoning,,普通本科,,公办,https://hf-mirror.com/datasets/choucsan/Gaokao-Compass-11M/resolve/main/data/2025/chongqing/school-admission.csv,2026-09-20T07:29:44+00:00
2212.0,白城师范学院,,jilin,,普通本科,,公办,https://hf-mirror.com/datasets/choucsan/Gaokao-Compass-11M/resolve/main/data/2025/chongqing/school-admission.csv,2026-09-20T07:29:44+00:00
2213.0,吉林财经大学,,jilin,,普通本科,,公办,https://hf-mirror.com/datasets/choucsan/Gaokao-Compass-11M/resolve/main/data/2025/chongqing/school-admission.csv,2026-09-20T07:29:44+00:00
2214.0,吉林农业科技学院,,jilin,,普通本科,,公办,https://hf-mirror.com/datasets/choucsan/Gaokao-Compass-11M/resolve/main/data/2025/chongqing/school-admission.csv,2026-09-20T07:29:44+00:00
2219.0,长春财经学院,,jilin,,民办/独立学院,,民办,https://hf-mirror.com/datasets/choucsan/Gaokao-Compass-11M/resolve/main/data/2025/chongqing/school-admission.csv,2026-09-20T07:29:44+00:00
2235.0,长春工业大学人文信息学院,,jilin,,民办/独立学院,,民办,https://hf-mirror.com/datasets/choucsan/Gaokao-Compass-11M/resolve/main/data/2025/chongqing/school-admission.csv,2026-09-20T07:29:44+00:00
2237.0,吉林师范大学博达学院,,jilin,,民办/独立学院,,民办,https://hf-mirror.com/datasets/choucsan/Gaokao-Compass-11M/resolve/main/data/2025/chongqing/school-admission.csv,2026-09-20T07:29:44+00:00
2247.0,吉林工商学院,,jilin,,普通本科,,公办,https://hf-mirror.com/datasets/choucsan/Gaokao-Compass-11M/resolve/main/data/2025/chongqing/school-admission.csv,2026-09-20T07:29:44+00:00
2303.0,哈尔滨工程大学,,heilongjiang,,211,,公办,https://hf-mirror.com/datasets/choucsan/Gaokao-Compass-11M/resolve/main/data/2025/chongqing/school-admission.csv,2026-09-20T07:29:44+00:00
2307.0,东北农业大学,,heilongjiang,,211,,公办,https://hf-mirror.com/datasets/choucsan/Gaokao-Compass-11M/resolve/main/data/2025/chongqing/school-admission.csv,2026-09-20T07:29:44+00:00
2317.0,黑龙江工程学院,,heilongjiang,,普通本科,,公办,https://hf-mirror.com/datasets/choucsan/Gaokao-Compass-11M/resolve/main/data/2025/chongqing/school-admission.csv,2026-09-20T07:29:44+00:00
2318.0,黑龙江财经学院,,heilongjiang,,民办/独立学院,,民办,https://hf-mirror.com/datasets/choucsan/Gaokao-Compass-11M/resolve/main/data/2025/chongqing/school-admission.csv,2026-09-20T07:29:44+00:00
2320.0,哈尔滨金融学院,,heilongjiang,,普通本科,,公办,https://hf-mirror.com/datasets/choucsan/Gaokao-Compass-11M/resolve/main/data/2025/chongqing/school-admission.csv,2026-09-20T07:29:44+00:00
2352.0,齐齐哈尔医学院,,heilongjiang,,普通本科,,公办,https://hf-mirror.com/datasets/choucsan/Gaokao-Compass-11M/resolve/main/data/2025/chongqing/school-admission.csv,2026-09-20T07:29:44+00:00
2354.0,黑龙江外国语学院,,heilongjiang,,民办/独立学院,,民办,https://hf-mirror.com/datasets/choucsan/Gaokao-Compass-11M/resolve/main/data/2025/chongqing/school-admission.csv,2026-09-20T07:29:44+00:00
3101.0,复旦大学,,shanghai,,985,,公办,https://hf-mirror.com/datasets/choucsan/Gaokao-Compass-11M/resolve/main/data/2025/chongqing/school-admission.csv,2026-09-20T07:29:44+00:00
3102.0,同济大学,,shanghai,,985,,公办,https://hf-mirror.com/datasets/choucsan/Gaokao-Compass-11M/resolve/main/data/2025/chongqing/school-admission.csv,2026-09-20T07:29:44+00:00
3107.0,东华大学,,shanghai,,211,,公办,https://hf-mirror.com/datasets/choucsan/Gaokao-Compass-11M/resolve/main/data/2025/chongqing/school-admission.csv,2026-09-20T07:29:44+00:00
3112.0,上海外国语大学,,shanghai,,211,,公办,https://hf-mirror.com/datasets/choucsan/Gaokao-Compass-11M/resolve/main/data/2025/chongqing/school-admission.csv,2026-09-20T07:29:44+00:00
3115.0,华东政法大学,,shanghai,,普通本科,,公办,https://hf-mirror.com/datasets/choucsan/Gaokao-Compass-11M/resolve/main/data/2025/chongqing/school-admission.csv,2026-09-20T07:29:44+00:00
3119.0,上海大学,,shanghai,,211,,公办,https://hf-mirror.com/datasets/choucsan/Gaokao-Compass-11M/resolve/main/data/2025/chongqing/school-admission.csv,2026-09-20T07:29:44+00:00
3121.0,上海海关学院,,shanghai,,普通本科,,公办,https://hf-mirror.com/datasets/choucsan/Gaokao-Compass-11M/resolve/main/data/2025/chongqing/school-admission.csv,2026-09-20T07:29:44+00:00
3124.0,上海建桥学院,,shanghai,,民办/独立学院,,民办,https://hf-mirror.com/datasets/choucsan/Gaokao-Compass-11M/resolve/main/data/2025/chongqing/school-admission.csv,2026-09-20T07:29:44+00:00
3125.0,上海兴伟学院,,shanghai,,民办/独立学院,,民办,https://hf-mirror.com/datasets/choucsan/Gaokao-Compass-11M/resolve/main/data/2025/chongqing/school-admission.csv,2026-09-20T07:29:44+00:00
3141.0,上海视觉艺术学院,,shanghai,,民办/独立学院,,民办,https://hf-mirror.com/datasets/choucsan/Gaokao-Compass-11M/resolve/main/data/2025/chongqing/school-admission.csv,2026-09-20T07:29:44+00:00
3156.0,上海师范大学天华学院,,shanghai,,民办/独立学院,,民办,https://hf-mirror.com/datasets/choucsan/Gaokao-Compass-11M/resolve/main/data/2025/chongqing/school-admission.csv,2026-09-20T07:29:44+00:00
3175.0,上海中侨职业技术大学,,shanghai,,民办/独立学院,,民办,https://hf-mirror.com/datasets/choucsan/Gaokao-Compass-11M/resolve/main/data/2025/chongqing/school-admission.csv,2026-09-20T07:29:44+00:00
3178.0,上海外国语大学贤达经济人文学院,,shanghai,,民办/独立学院,,民办,https://hf-mirror.com/datasets/choucsan/Gaokao-Compass-11M/resolve/main/data/2025/chongqing/school-admission.csv,2026-09-20T07:29:44+00:00
3201.0,南京大学,,jiangsu,,985,,公办,https://hf-mirror.com/datasets/choucsan/Gaokao-Compass-11M/resolve/main/data/2025/chongqing/school-admission.csv,2026-09-20T07:29:44+00:00
3202.0,苏州大学,,jiangsu,,211,,公办,https://hf-mirror.com/datasets/choucsan/Gaokao-Compass-11M/resolve/main/data/2025/chongqing/school-admission.csv,2026-09-20T07:29:44+00:00
3203.0,东南大学,,jiangsu,,985,,公办,https://hf-mirror.com/datasets/choucsan/Gaokao-Compass-11M/resolve/main/data/2025/chongqing/school-admission.csv,2026-09-20T07:29:44+00:00
3211.0,河海大学,,jiangsu,,211,,公办,https://hf-mirror.com/datasets/choucsan/Gaokao-Compass-11M/resolve/main/data/2025/chongqing/school-admission.csv,2026-09-20T07:29:44+00:00
3219.0,中国药科大学,,jiangsu,,211,,公办,https://hf-mirror.com/datasets/choucsan/Gaokao-Compass-11M/resolve/main/data/2025/chongqing/school-admission.csv,2026-09-20T07:29:44+00:00
3221.0,盐城师范学院,,jiangsu,,普通本科,,公办,https://hf-mirror.com/datasets/choucsan/Gaokao-Compass-11M/resolve/main/data/2025/chongqing/school-admission.csv,2026-09-20T07:29:44+00:00
3222.0,南京财经大学,,jiangsu,,普通本科,,公办,https://hf-mirror.com/datasets/choucsan/Gaokao-Compass-11M/resolve/main/data/2025/chongqing/school-admission.csv,2026-09-20T07:29:44+00:00
3223.0,南京艺术学院,,jiangsu,,普通本科,,公办,https://hf-mirror.com/datasets/choucsan/Gaokao-Compass-11M/resolve/main/data/2025/chongqing/school-admission.csv,2026-09-20T07:29:44+00:00
3224.0,淮阴工学院,,jiangsu,,普通本科,,公办,https://hf-mirror.com/datasets/choucsan/Gaokao-Compass-11M/resolve/main/data/2025/chongqing/school-admission.csv,2026-09-20T07:29:44+00:00
3226.0,南京审计大学,,jiangsu,,普通本科,,公办,https://hf-mirror.com/datasets/choucsan/Gaokao-Compass-11M/resolve/main/data/2025/chongqing/school-admission.csv,2026-09-20T07:29:44+00:00
3227.0,江苏海洋大学,,jiangsu,,普通本科,,公办,https://hf-mirror.com/datasets/choucsan/Gaokao-Compass-11M/resolve/main/data/2025/chongqing/school-admission.csv,2026-09-20T07:29:44+00:00
3231.0,南通大学,,jiangsu,,普通本科,,公办,https://hf-mirror.com/datasets/choucsan/Gaokao-Compass-11M/resolve/main/data/2025/chongqing/school-admission.csv,2026-09-20T07:29:44+00:00
3242.0,无锡太湖学院,,jiangsu,,民办/独立学院,,民办,https://hf-mirror.com/datasets/choucsan/Gaokao-Compass-11M/resolve/main/data/2025/chongqing/school-admission.csv,2026-09-20T07:29:44+00:00
3245.0,南京工业职业技术大学,,jiangsu,,普通本科,,公办,https://hf-mirror.com/datasets/choucsan/Gaokao-Compass-11M/resolve/main/data/2025/chongqing/school-admission.csv,2026-09-20T07:29:44+00:00
3257.0,无锡学院,,jiangsu,,普通本科,,公办,https://hf-mirror.com/datasets/choucsan/Gaokao-Compass-11M/resolve/main/data/2025/chongqing/school-admission.csv,2026-09-20T07:29:44+00:00
3259.0,南京审计大学金审学院,,jiangsu,,民办/独立学院,,民办,https://hf-mirror.com/datasets/choucsan/Gaokao-Compass-11M/resolve/main/data/2025/chongqing/school-admission.csv,2026-09-20T07:29:44+00:00
3265.0,江苏理工学院,,jiangsu,,普通本科,,公办,https://hf-mirror.com/datasets/choucsan/Gaokao-Compass-11M/resolve/main/data/2025/chongqing/school-admission.csv,2026-09-20T07:29:44+00:00
3268.0,南京工业大学浦江学院,,jiangsu,,民办/独立学院,,民办,https://hf-mirror.com/datasets/choucsan/Gaokao-Compass-11M/resolve/main/data/2025/chongqing/school-admission.csv,2026-09-20T07:29:44+00:00
3270.0,江苏大学京江学院,,jiangsu,,民办/独立学院,,民办,https://hf-mirror.com/datasets/choucsan/Gaokao-Compass-11M/resolve/main/data/2025/chongqing/school-admission.csv,2026-09-20T07:29:44+00:00
3282.0,南京航空航天大学金城学院,,jiangsu,,民办/独立学院,,民办,https://hf-mirror.com/datasets/choucsan/Gaokao-Compass-11M/resolve/main/data/2025/chongqing/school-admission.csv,2026-09-20T07:29:44+00:00
3284.0,南京晓庄学院,,jiangsu,,普通本科,,公办,https://hf-mirror.com/datasets/choucsan/Gaokao-Compass-11M/resolve/main/data/2025/chongqing/school-admission.csv,2026-09-20T07:29:44+00:00
3297.0,三江学院,,jiangsu,,民办/独立学院,,民办,https://hf-mirror.com/datasets/choucsan/Gaokao-Compass-11M/resolve/main/data/2025/chongqing/school-admission.csv,2026-09-20T07:29:44+00:00
3301.0,浙江大学,,zhejiang,,985,,公办,https://hf-mirror.com/datasets/choucsan/Gaokao-Compass-11M/resolve/main/data/2025/chongqing/school-admission.csv,2026-09-20T07:29:44+00:00
3302.0,杭州电子科技大学,,zhejiang,,普通本科,,公办,https://hf-mirror.com/datasets/choucsan/Gaokao-Compass-11M/resolve/main/data/2025/chongqing/school-admission.csv,2026-09-20T07:29:44+00:00
3309.0,中国美术学院,,zhejiang,,普通本科,,公办,https://hf-mirror.com/datasets/choucsan/Gaokao-Compass-11M/resolve/main/data/2025/chongqing/school-admission.csv,2026-09-20T07:29:44+00:00
3327.0,宁波诺丁汉大学,,zhejiang,,普通本科,,中外合作办学,https://hf-mirror.com/datasets/choucsan/Gaokao-Compass-11M/resolve/main/data/2025/chongqing/school-admission.csv,2026-09-20T07:29:44+00:00
3331.0,丽水学院,,zhejiang,,普通本科,,公办,https://hf-mirror.com/datasets/choucsan/Gaokao-Compass-11M/resolve/main/data/2025/chongqing/school-admission.csv,2026-09-20T07:29:44+00:00
3344.0,嘉兴南湖学院,,zhejiang,,普通本科,,公办,https://hf-mirror.com/datasets/choucsan/Gaokao-Compass-11M/resolve/main/data/2025/chongqing/school-admission.csv,2026-09-20T07:29:44+00:00
3357.0,温州肯恩大学,,zhejiang,,普通本科,,中外合作办学,https://hf-mirror.com/datasets/choucsan/Gaokao-Compass-11M/resolve/main/data/2025/chongqing/school-admission.csv,2026-09-20T07:29:44+00:00
3361.0,浙江财经大学,,zhejiang,,普通本科,,公办,https://hf-mirror.com/datasets/choucsan/Gaokao-Compass-11M/resolve/main/data/2025/chongqing/school-admission.csv,2026-09-20T07:29:44+00:00
3403.0,安徽工业大学,,anhui,,普通本科,,公办,https://hf-mirror.com/datasets/choucsan/Gaokao-Compass-11M/resolve/main/data/2025/chongqing/school-admission.csv,2026-09-20T07:29:44+00:00
3406.0,淮北师范大学,,anhui,,普通本科,,公办,https://hf-mirror.com/datasets/choucsan/Gaokao-Compass-11M/resolve/main/data/2025/chongqing/school-admission.csv,2026-09-20T07:29:44+00:00
3423.0,安徽建筑大学,,anhui,,普通本科,,公办,https://hf-mirror.com/datasets/choucsan/Gaokao-Compass-11M/resolve/main/data/2025/chongqing/school-admission.csv,2026-09-20T07:29:44+00:00
3448.0,安徽大学,,anhui,,211,,公办,https://hf-mirror.com/datasets/choucsan/Gaokao-Compass-11M/resolve/main/data/2025/chongqing/school-admission.csv,2026-09-20T07:29:44+00:00
3449.0,亳州学院,,anhui,,普通本科,,公办,https://hf-mirror.com/datasets/choucsan/Gaokao-Compass-11M/resolve/main/data/2025/chongqing/school-admission.csv,2026-09-20T07:29:44+00:00
3452.0,合肥工业大学,,anhui,,211,,公办,https://hf-mirror.com/datasets/choucsan/Gaokao-Compass-11M/resolve/main/data/2025/chongqing/school-admission.csv,2026-09-20T07:29:44+00:00
3453.0,阜阳师范大学,,anhui,,普通本科,,公办,https://hf-mirror.com/datasets/choucsan/Gaokao-Compass-11M/resolve/main/data/2025/chongqing/school-admission.csv,2026-09-20T07:29:44+00:00
3501.0,厦门大学,,fujian,,985,,公办,https://hf-mirror.com/datasets/choucsan/Gaokao-Compass-11M/resolve/main/data/2025/chongqing/school-admission.csv,2026-09-20T07:29:44+00:00
3503.0,福州大学,,fujian,,211,,公办,https://hf-mirror.com/datasets/choucsan/Gaokao-Compass-11M/resolve/main/data/2025/chongqing/school-admission.csv,2026-09-20T07:29:44+00:00
3506.0,福建师范大学,,fujian,,普通本科,,公办,https://hf-mirror.com/datasets/choucsan/Gaokao-Compass-11M/resolve/main/data/2025/chongqing/school-admission.csv,2026-09-20T07:29:44+00:00
3508.0,莆田学院,,fujian,,普通本科,,公办,https://hf-mirror.com/datasets/choucsan/Gaokao-Compass-11M/resolve/main/data/2025/chongqing/school-admission.csv,2026-09-20T07:29:44+00:00
3509.0,仰恩大学,,fujian,,民办/独立学院,,民办,https://hf-mirror.com/datasets/choucsan/Gaokao-Compass-11M/resolve/main/data/2025/chongqing/school-admission.csv,2026-09-20T07:29:44+00:00
3510.0,集美大学,,fujian,,普通本科,,公办,https://hf-mirror.com/datasets/choucsan/Gaokao-Compass-11M/resolve/main/data/2025/chongqing/school-admission.csv,2026-09-20T07:29:44+00:00
3511.0,厦门大学嘉庚学院,,fujian,,民办/独立学院,,民办,https://hf-mirror.com/datasets/choucsan/Gaokao-Compass-11M/resolve/main/data/2025/chongqing/school-admission.csv,2026-09-20T07:29:44+00:00
3513.0,集美大学诚毅学院,,fujian,,民办/独立学院,,民办,https://hf-mirror.com/datasets/choucsan/Gaokao-Compass-11M/resolve/main/data/2025/chongqing/school-admission.csv,2026-09-20T07:29:44+00:00
3514.0,武夷学院,,fujian,,普通本科,,公办,https://hf-mirror.com/datasets/choucsan/Gaokao-Compass-11M/resolve/main/data/2025/chongqing/school-admission.csv,2026-09-20T07:29:44+00:00
3529.0,福建农林大学,,fujian,,普通本科,,公办,https://hf-mirror.com/datasets/choucsan/Gaokao-Compass-11M/resolve/main/data/2025/chongqing/school-admission.csv,2026-09-20T07:29:44+00:00
3535.0,厦门理工学院,,fujian,,普通本科,,公办,https://hf-mirror.com/datasets/choucsan/Gaokao-Compass-11M/resolve/main/data/2025/chongqing/school-admission.csv,2026-09-20T07:29:44+00:00
3538.0,福建师范大学协和学院,,fujian,,民办/独立学院,,民办,https://hf-mirror.com/datasets/choucsan/Gaokao-Compass-11M/resolve/main/data/2025/chongqing/school-admission.csv,2026-09-20T07:29:44+00:00
3540.0,福州外语外贸学院,,fujian,,民办/独立学院,,民办,https://hf-mirror.com/datasets/choucsan/Gaokao-Compass-11M/resolve/main/data/2025/chongqing/school-admission.csv,2026-09-20T07:29:44+00:00
3542.0,福州理工学院,,fujian,,民办/独立学院,,民办,https://hf-mirror.com/datasets/choucsan/Gaokao-Compass-11M/resolve/main/data/2025/chongqing/school-admission.csv,2026-09-20T07:29:44+00:00
3569.0,福建技术师范学院,,fujian,,普通本科,,公办,https://hf-mirror.com/datasets/choucsan/Gaokao-Compass-11M/resolve/main/data/2025/chongqing/school-admission.csv,2026-09-20T07:29:44+00:00
3584.0,闽江学院,,fujian,,普通本科,,公办,https://hf-mirror.com/datasets/choucsan/Gaokao-Compass-11M/resolve/main/data/2025/chongqing/school-admission.csv,2026-09-20T07:29:44+00:00
3605.0,景德镇陶瓷大学,,jiangxi,,普通本科,,公办,https://hf-mirror.com/datasets/choucsan/Gaokao-Compass-11M/resolve/main/data/2025/chongqing/school-admission.csv,2026-09-20T07:29:44+00:00
3607.0,江西中医药大学,,jiangxi,,普通本科,,公办,https://hf-mirror.com/datasets/choucsan/Gaokao-Compass-11M/resolve/main/data/2025/chongqing/school-admission.csv,2026-09-20T07:29:44+00:00
3609.0,江西师范大学,,jiangxi,,普通本科,,公办,https://hf-mirror.com/datasets/choucsan/Gaokao-Compass-11M/resolve/main/data/2025/chongqing/school-admission.csv,2026-09-20T07:29:44+00:00
3610.0,上饶师范学院,,jiangxi,,普通本科,,公办,https://hf-mirror.com/datasets/choucsan/Gaokao-Compass-11M/resolve/main/data/2025/chongqing/school-admission.csv,2026-09-20T07:29:44+00:00
3612.0,井冈山大学,,jiangxi,,普通本科,,公办,https://hf-mirror.com/datasets/choucsan/Gaokao-Compass-11M/resolve/main/data/2025/chongqing/school-admission.csv,2026-09-20T07:29:44+00:00
3613.0,江西财经大学,,jiangxi,,普通本科,,公办,https://hf-mirror.com/datasets/choucsan/Gaokao-Compass-11M/resolve/main/data/2025/chongqing/school-admission.csv,2026-09-20T07:29:44+00:00
3615.0,江西科技师范大学,,jiangxi,,普通本科,,公办,https://hf-mirror.com/datasets/choucsan/Gaokao-Compass-11M/resolve/main/data/2025/chongqing/school-admission.csv,2026-09-20T07:29:44+00:00
3617.0,南昌大学,,jiangxi,,211,,公办,https://hf-mirror.com/datasets/choucsan/Gaokao-Compass-11M/resolve/main/data/2025/chongqing/school-admission.csv,2026-09-20T07:29:44+00:00
3621.0,江西师范大学科学技术学院,,jiangxi,,民办/独立学院,,民办,https://hf-mirror.com/datasets/choucsan/Gaokao-Compass-11M/resolve/main/data/2025/chongqing/school-admission.csv,2026-09-20T07:29:44+00:00
3629.0,景德镇学院,,jiangxi,,普通本科,,公办,https://hf-mirror.com/datasets/choucsan/Gaokao-Compass-11M/resolve/main/data/2025/chongqing/school-admission.csv,2026-09-20T07:29:44+00:00
3630.0,萍乡学院,,jiangxi,,普通本科,,公办,https://hf-mirror.com/datasets/choucsan/Gaokao-Compass-11M/resolve/main/data/2025/chongqing/school-admission.csv,2026-09-20T07:29:44+00:00
3635.0,江西科技学院,,jiangxi,,民办/独立学院,,民办,https://hf-mirror.com/datasets/choucsan/Gaokao-Compass-11M/resolve/main/data/2025/chongqing/school-admission.csv,2026-09-20T07:29:44+00:00
3638.0,江西应用科技学院,,jiangxi,,民办/独立学院,,民办,https://hf-mirror.com/datasets/choucsan/Gaokao-Compass-11M/resolve/main/data/2025/chongqing/school-admission.csv,2026-09-20T07:29:44+00:00
3651.0,江西服装学院,,jiangxi,,民办/独立学院,,民办,https://hf-mirror.com/datasets/choucsan/Gaokao-Compass-11M/resolve/main/data/2025/chongqing/school-admission.csv,2026-09-20T07:29:44+00:00
3657.0,江西工程学院,,jiangxi,,民办/独立学院,,民办,https://hf-mirror.com/datasets/choucsan/Gaokao-Compass-11M/resolve/main/data/2025/chongqing/school-admission.csv,2026-09-20T07:29:44+00:00
3660.0,江西农业大学南昌商学院,,jiangxi,,民办/独立学院,,民办,https://hf-mirror.com/datasets/choucsan/Gaokao-Compass-11M/resolve/main/data/2025/chongqing/school-admission.csv,2026-09-20T07:29:44+00:00
3668.0,南昌应用技术师范学院,,jiangxi,,民办/独立学院,,民办,https://hf-mirror.com/datasets/choucsan/Gaokao-Compass-11M/resolve/main/data/2025/chongqing/school-admission.csv,2026-09-20T07:29:44+00:00
3672.0,江西警察学院,,jiangxi,,普通本科,,公办,https://hf-mirror.com/datasets/choucsan/Gaokao-Compass-11M/resolve/main/data/2025/chongqing/school-admission.csv,2026-09-20T07:29:44+00:00
3674.0,豫章师范学院,,jiangxi,,普通本科,,公办,https://hf-mirror.com/datasets/choucsan/Gaokao-Compass-11M/resolve/main/data/2025/chongqing/school-admission.csv,2026-09-20T07:29:44+00:00
3679.0,江西财经大学现代经济管理学院,,jiangxi,,普通本科,,独立学院,https://hf-mirror.com/datasets/choucsan/Gaokao-Compass-11M/resolve/main/data/2025/chongqing/school-admission.csv,2026-09-20T07:29:44+00:00
3699.0,南昌师范学院,,jiangxi,,普通本科,,公办,https://hf-mirror.com/datasets/choucsan/Gaokao-Compass-11M/resolve/main/data/2025/chongqing/school-admission.csv,2026-09-20T07:29:44+00:00
3706.0,山东建筑大学,,shandong,,普通本科,,公办,https://hf-mirror.com/datasets/choucsan/Gaokao-Compass-11M/resolve/main/data/2025/chongqing/school-admission.csv,2026-09-20T07:29:44+00:00
3713.0,烟台大学,,shandong,,普通本科,,公办,https://hf-mirror.com/datasets/choucsan/Gaokao-Compass-11M/resolve/main/data/2025/chongqing/school-admission.csv,2026-09-20T07:29:44+00:00
3717.0,潍坊学院,,shandong,,普通本科,,公办,https://hf-mirror.com/datasets/choucsan/Gaokao-Compass-11M/resolve/main/data/2025/chongqing/school-admission.csv,2026-09-20T07:29:44+00:00
3728.0,青岛恒星科技学院,,shandong,,民办/独立学院,,民办,https://hf-mirror.com/datasets/choucsan/Gaokao-Compass-11M/resolve/main/data/2025/chongqing/school-admission.csv,2026-09-20T07:29:44+00:00
3730.0,山东现代学院,,shandong,,民办/独立学院,,民办,https://hf-mirror.com/datasets/choucsan/Gaokao-Compass-11M/resolve/main/data/2025/chongqing/school-admission.csv,2026-09-20T07:29:44+00:00
3748.0,青岛城市学院,,shandong,,民办/独立学院,,民办,https://hf-mirror.com/datasets/choucsan/Gaokao-Compass-11M/resolve/main/data/2025/chongqing/school-admission.csv,2026-09-20T07:29:44+00:00
3751.0,山东财经大学东方学院,,shandong,,民办/独立学院,,民办,https://hf-mirror.com/datasets/choucsan/Gaokao-Compass-11M/resolve/main/data/2025/chongqing/school-admission.csv,2026-09-20T07:29:44+00:00
3752.0,齐鲁工业大学,,shandong,,普通本科,,公办,https://hf-mirror.com/datasets/choucsan/Gaokao-Compass-11M/resolve/main/data/2025/chongqing/school-admission.csv,2026-09-20T07:29:44+00:00
3763.0,青岛工学院,,shandong,,民办/独立学院,,民办,https://hf-mirror.com/datasets/choucsan/Gaokao-Compass-11M/resolve/main/data/2025/chongqing/school-admission.csv,2026-09-20T07:29:44+00:00
3769.0,山东艺术学院,,shandong,,普通本科,,公办,https://hf-mirror.com/datasets/choucsan/Gaokao-Compass-11M/resolve/main/data/2025/chongqing/school-admission.csv,2026-09-20T07:29:44+00:00
3772.0,山东英才学院,,shandong,,民办/独立学院,,民办,https://hf-mirror.com/datasets/choucsan/Gaokao-Compass-11M/resolve/main/data/2025/chongqing/school-admission.csv,2026-09-20T07:29:44+00:00
3780.0,山东协和学院,,shandong,,民办/独立学院,,民办,https://hf-mirror.com/datasets/choucsan/Gaokao-Compass-11M/resolve/main/data/2025/chongqing/school-admission.csv,2026-09-20T07:29:44+00:00
3786.0,潍坊科技学院,,shandong,,民办/独立学院,,民办,https://hf-mirror.com/datasets/choucsan/Gaokao-Compass-11M/resolve/main/data/2025/chongqing/school-admission.csv,2026-09-20T07:29:44+00:00
6000.0,郑州大学,,henan,,211,,公办,https://hf-mirror.com/datasets/choucsan/Gaokao-Compass-11M/resolve/main/data/2025/chongqing/school-admission.csv,2026-09-20T07:29:44+00:00
4104.0,郑州轻工业大学,,henan,,普通本科,,公办,https://hf-mirror.com/datasets/choucsan/Gaokao-Compass-11M/resolve/main/data/2025/chongqing/school-admission.csv,2026-09-20T07:29:44+00:00
4105.0,河南工业大学,,henan,,普通本科,,公办,https://hf-mirror.com/datasets/choucsan/Gaokao-Compass-11M/resolve/main/data/2025/chongqing/school-admission.csv,2026-09-20T07:29:44+00:00
4106.0,河南科技大学,,henan,,普通本科,,公办,https://hf-mirror.com/datasets/choucsan/Gaokao-Compass-11M/resolve/main/data/2025/chongqing/school-admission.csv,2026-09-20T07:29:44+00:00
4108.0,河南农业大学,,henan,,普通本科,,公办,https://hf-mirror.com/datasets/choucsan/Gaokao-Compass-11M/resolve/main/data/2025/chongqing/school-admission.csv,2026-09-20T07:29:44+00:00
4109.0,河南中医药大学,,henan,,普通本科,,公办,https://hf-mirror.com/datasets/choucsan/Gaokao-Compass-11M/resolve/main/data/2025/chongqing/school-admission.csv,2026-09-20T07:29:44+00:00
4112.0,南阳师范学院,,henan,,普通本科,,公办,https://hf-mirror.com/datasets/choucsan/Gaokao-Compass-11M/resolve/main/data/2025/chongqing/school-admission.csv,2026-09-20T07:29:44+00:00
4113.0,商丘师范学院,,henan,,普通本科,,公办,https://hf-mirror.com/datasets/choucsan/Gaokao-Compass-11M/resolve/main/data/2025/chongqing/school-admission.csv,2026-09-20T07:29:44+00:00
4114.0,郑州航空工业管理学院,,henan,,普通本科,,公办,https://hf-mirror.com/datasets/choucsan/Gaokao-Compass-11M/resolve/main/data/2025/chongqing/school-admission.csv,2026-09-20T07:29:44+00:00
6075.0,南阳理工学院,,henan,,普通本科,,公办,https://hf-mirror.com/datasets/choucsan/Gaokao-Compass-11M/resolve/main/data/2025/chongqing/school-admission.csv,2026-09-20T07:29:44+00:00
4117.0,河南城建学院,,henan,,普通本科,,公办,https://hf-mirror.com/datasets/choucsan/Gaokao-Compass-11M/resolve/main/data/2025/chongqing/school-admission.csv,2026-09-20T07:29:44+00:00
4119.0,郑州工商学院,,henan,,民办/独立学院,,民办,https://hf-mirror.com/datasets/choucsan/Gaokao-Compass-11M/resolve/main/data/2025/chongqing/school-admission.csv,2026-09-20T07:29:44+00:00
4127.0,洛阳理工学院,,henan,,普通本科,,公办,https://hf-mirror.com/datasets/choucsan/Gaokao-Compass-11M/resolve/main/data/2025/chongqing/school-admission.csv,2026-09-20T07:29:44+00:00
4142.0,洛阳师范学院,,henan,,普通本科,,公办,https://hf-mirror.com/datasets/choucsan/Gaokao-Compass-11M/resolve/main/data/2025/chongqing/school-admission.csv,2026-09-20T07:29:44+00:00
4143.0,郑州财经学院,,henan,,民办/独立学院,,民办,https://hf-mirror.com/datasets/choucsan/Gaokao-Compass-11M/resolve/main/data/2025/chongqing/school-admission.csv,2026-09-20T07:29:44+00:00
4147.0,安阳师范学院,,henan,,普通本科,,公办,https://hf-mirror.com/datasets/choucsan/Gaokao-Compass-11M/resolve/main/data/2025/chongqing/school-admission.csv,2026-09-20T07:29:44+00:00
4152.0,郑州工业应用技术学院,,henan,,民办/独立学院,,民办,https://hf-mirror.com/datasets/choucsan/Gaokao-Compass-11M/resolve/main/data/2025/chongqing/school-admission.csv,2026-09-20T07:29:44+00:00
4158.0,黄淮学院,,henan,,普通本科,,公办,https://hf-mirror.com/datasets/choucsan/Gaokao-Compass-11M/resolve/main/data/2025/chongqing/school-admission.csv,2026-09-20T07:29:44+00:00
4159.0,郑州师范学院,,henan,,普通本科,,公办,https://hf-mirror.com/datasets/choucsan/Gaokao-Compass-11M/resolve/main/data/2025/chongqing/school-admission.csv,2026-09-20T07:29:44+00:00
4165.0,河南财政金融学院,,henan,,普通本科,,公办,https://hf-mirror.com/datasets/choucsan/Gaokao-Compass-11M/resolve/main/data/2025/chongqing/school-admission.csv,2026-09-20T07:29:44+00:00
4174.0,郑州商学院,,henan,,民办/独立学院,,民办,https://hf-mirror.com/datasets/choucsan/Gaokao-Compass-11M/resolve/main/data/2025/chongqing/school-admission.csv,2026-09-20T07:29:44+00:00
4201.0,武汉大学,,hubei,,985,,公办,https://hf-mirror.com/datasets/choucsan/Gaokao-Compass-11M/resolve/main/data/2025/chongqing/school-admission.csv,2026-09-20T07:29:44+00:00
4202.0,武汉工程大学,,hubei,,普通本科,,公办,https://hf-mirror.com/datasets/choucsan/Gaokao-Compass-11M/resolve/main/data/2025/chongqing/school-admission.csv,2026-09-20T07:29:44+00:00
4207.0,华中农业大学,,hubei,,211,,公办,https://hf-mirror.com/datasets/choucsan/Gaokao-Compass-11M/resolve/main/data/2025/chongqing/school-admission.csv,2026-09-20T07:29:44+00:00
4213.0,武汉体育学院,,hubei,,普通本科,,公办,https://hf-mirror.com/datasets/choucsan/Gaokao-Compass-11M/resolve/main/data/2025/chongqing/school-admission.csv,2026-09-20T07:29:44+00:00
4215.0,中南民族大学,,hubei,,普通本科,,公办,https://hf-mirror.com/datasets/choucsan/Gaokao-Compass-11M/resolve/main/data/2025/chongqing/school-admission.csv,2026-09-20T07:29:44+00:00
4220.0,湖北中医药大学,,hubei,,普通本科,,公办,https://hf-mirror.com/datasets/choucsan/Gaokao-Compass-11M/resolve/main/data/2025/chongqing/school-admission.csv,2026-09-20T07:29:44+00:00
4222.0,三峡大学,,hubei,,普通本科,,公办,https://hf-mirror.com/datasets/choucsan/Gaokao-Compass-11M/resolve/main/data/2025/chongqing/school-admission.csv,2026-09-20T07:29:44+00:00
4223.0,中南财经政法大学,,hubei,,211,,公办,https://hf-mirror.com/datasets/choucsan/Gaokao-Compass-11M/resolve/main/data/2025/chongqing/school-admission.csv,2026-09-20T07:29:44+00:00
4224.0,华中科技大学,,hubei,,985,,公办,https://hf-mirror.com/datasets/choucsan/Gaokao-Compass-11M/resolve/main/data/2025/chongqing/school-admission.csv,2026-09-20T07:29:44+00:00
4227.0,武昌理工学院,,hubei,,民办/独立学院,,民办,https://hf-mirror.com/datasets/choucsan/Gaokao-Compass-11M/resolve/main/data/2025/chongqing/school-admission.csv,2026-09-20T07:29:44+00:00
4229.0,长江大学,,hubei,,普通本科,,公办,https://hf-mirror.com/datasets/choucsan/Gaokao-Compass-11M/resolve/main/data/2025/chongqing/school-admission.csv,2026-09-20T07:29:44+00:00
4231.0,湖北商贸学院,,hubei,,民办/独立学院,,民办,https://hf-mirror.com/datasets/choucsan/Gaokao-Compass-11M/resolve/main/data/2025/chongqing/school-admission.csv,2026-09-20T07:29:44+00:00
4235.0,武汉纺织大学外经贸学院,,hubei,,民办/独立学院,,民办,https://hf-mirror.com/datasets/choucsan/Gaokao-Compass-11M/resolve/main/data/2025/chongqing/school-admission.csv,2026-09-20T07:29:44+00:00
4266.0,江汉大学,,hubei,,普通本科,,公办,https://hf-mirror.com/datasets/choucsan/Gaokao-Compass-11M/resolve/main/data/2025/chongqing/school-admission.csv,2026-09-20T07:29:44+00:00
4279.0,武汉城市学院,,hubei,,民办/独立学院,,民办,https://hf-mirror.com/datasets/choucsan/Gaokao-Compass-11M/resolve/main/data/2025/chongqing/school-admission.csv,2026-09-20T07:29:44+00:00
4281.0,湖北工业大学工程技术学院,,hubei,,民办/独立学院,,民办,https://hf-mirror.com/datasets/choucsan/Gaokao-Compass-11M/resolve/main/data/2025/chongqing/school-admission.csv,2026-09-20T07:29:44+00:00
4284.0,湖北经济学院,,hubei,,普通本科,,公办,https://hf-mirror.com/datasets/choucsan/Gaokao-Compass-11M/resolve/main/data/2025/chongqing/school-admission.csv,2026-09-20T07:29:44+00:00
4294.0,湖北大学知行学院,,hubei,,民办/独立学院,,民办,https://hf-mirror.com/datasets/choucsan/Gaokao-Compass-11M/resolve/main/data/2025/chongqing/school-admission.csv,2026-09-20T07:29:44+00:00
4302.0,吉首大学,,hunan,,普通本科,,公办,https://hf-mirror.com/datasets/choucsan/Gaokao-Compass-11M/resolve/main/data/2025/chongqing/school-admission.csv,2026-09-20T07:29:44+00:00
4303.0,湖南大学,,hunan,,985,,公办,https://hf-mirror.com/datasets/choucsan/Gaokao-Compass-11M/resolve/main/data/2025/chongqing/school-admission.csv,2026-09-20T07:29:44+00:00
4304.0,湖南农业大学,,hunan,,普通本科,,公办,https://hf-mirror.com/datasets/choucsan/Gaokao-Compass-11M/resolve/main/data/2025/chongqing/school-admission.csv,2026-09-20T07:29:44+00:00
4306.0,湖南中医药大学,,hunan,,普通本科,,公办,https://hf-mirror.com/datasets/choucsan/Gaokao-Compass-11M/resolve/main/data/2025/chongqing/school-admission.csv,2026-09-20T07:29:44+00:00
4307.0,湖南理工学院,,hunan,,普通本科,,公办,https://hf-mirror.com/datasets/choucsan/Gaokao-Compass-11M/resolve/main/data/2025/chongqing/school-admission.csv,2026-09-20T07:29:44+00:00
4308.0,衡阳师范学院,,hunan,,普通本科,,公办,https://hf-mirror.com/datasets/choucsan/Gaokao-Compass-11M/resolve/main/data/2025/chongqing/school-admission.csv,2026-09-20T07:29:44+00:00
4310.0,湖南文理学院,,hunan,,普通本科,,公办,https://hf-mirror.com/datasets/choucsan/Gaokao-Compass-11M/resolve/main/data/2025/chongqing/school-admission.csv,2026-09-20T07:29:44+00:00
4312.0,湖南工商大学,,hunan,,普通本科,,公办,https://hf-mirror.com/datasets/choucsan/Gaokao-Compass-11M/resolve/main/data/2025/chongqing/school-admission.csv,2026-09-20T07:29:44+00:00
4316.0,湖南工程学院,,hunan,,普通本科,,公办,https://hf-mirror.com/datasets/choucsan/Gaokao-Compass-11M/resolve/main/data/2025/chongqing/school-admission.csv,2026-09-20T07:29:44+00:00
4317.0,邵阳学院,,hunan,,普通本科,,公办,https://hf-mirror.com/datasets/choucsan/Gaokao-Compass-11M/resolve/main/data/2025/chongqing/school-admission.csv,2026-09-20T07:29:44+00:00
4318.0,湖南城市学院,,hunan,,普通本科,,公办,https://hf-mirror.com/datasets/choucsan/Gaokao-Compass-11M/resolve/main/data/2025/chongqing/school-admission.csv,2026-09-20T07:29:44+00:00
4321.0,湖南科技大学,,hunan,,普通本科,,公办,https://hf-mirror.com/datasets/choucsan/Gaokao-Compass-11M/resolve/main/data/2025/chongqing/school-admission.csv,2026-09-20T07:29:44+00:00
4327.0,湖南财政经济学院,,hunan,,普通本科,,公办,https://hf-mirror.com/datasets/choucsan/Gaokao-Compass-11M/resolve/main/data/2025/chongqing/school-admission.csv,2026-09-20T07:29:44+00:00
4334.0,湖南涉外经济学院,,hunan,,民办/独立学院,,民办,https://hf-mirror.com/datasets/choucsan/Gaokao-Compass-11M/resolve/main/data/2025/chongqing/school-admission.csv,2026-09-20T07:29:44+00:00
4357.0,衡阳师范学院南岳学院,,hunan,,民办/独立学院,,民办,https://hf-mirror.com/datasets/choucsan/Gaokao-Compass-11M/resolve/main/data/2025/chongqing/school-admission.csv,2026-09-20T07:29:44+00:00
4361.0,中南林业科技大学涉外学院,,hunan,,民办/独立学院,,民办,https://hf-mirror.com/datasets/choucsan/Gaokao-Compass-11M/resolve/main/data/2025/chongqing/school-admission.csv,2026-09-20T07:29:44+00:00
4362.0,常德学院,,hunan,,民办/独立学院,,民办,https://hf-mirror.com/datasets/choucsan/Gaokao-Compass-11M/resolve/main/data/2025/chongqing/school-admission.csv,2026-09-20T07:29:44+00:00
4367.0,湖南师范大学,,hunan,,211,,公办,https://hf-mirror.com/datasets/choucsan/Gaokao-Compass-11M/resolve/main/data/2025/chongqing/school-admission.csv,2026-09-20T07:29:44+00:00
4376.0,湖南科技大学潇湘学院,,hunan,,民办/独立学院,,民办,https://hf-mirror.com/datasets/choucsan/Gaokao-Compass-11M/resolve/main/data/2025/chongqing/school-admission.csv,2026-09-20T07:29:44+00:00
4392.0,长沙师范学院,,hunan,,普通本科,,公办,https://hf-mirror.com/datasets/choucsan/Gaokao-Compass-11M/resolve/main/data/2025/chongqing/school-admission.csv,2026-09-20T07:29:44+00:00
4401.0,中山大学,,guangdong,,985,,公办,https://hf-mirror.com/datasets/choucsan/Gaokao-Compass-11M/resolve/main/data/2025/chongqing/school-admission.csv,2026-09-20T07:29:44+00:00
4402.0,暨南大学,,guangdong,,211,,公办,https://hf-mirror.com/datasets/choucsan/Gaokao-Compass-11M/resolve/main/data/2025/chongqing/school-admission.csv,2026-09-20T07:29:44+00:00
4403.0,华南理工大学,,guangdong,,985,,公办,https://hf-mirror.com/datasets/choucsan/Gaokao-Compass-11M/resolve/main/data/2025/chongqing/school-admission.csv,2026-09-20T07:29:44+00:00
4405.0,广东海洋大学,,guangdong,,普通本科,,公办,https://hf-mirror.com/datasets/choucsan/Gaokao-Compass-11M/resolve/main/data/2025/chongqing/school-admission.csv,2026-09-20T07:29:44+00:00
4406.0,广州中医药大学,,guangdong,,普通本科,,公办,https://hf-mirror.com/datasets/choucsan/Gaokao-Compass-11M/resolve/main/data/2025/chongqing/school-admission.csv,2026-09-20T07:29:44+00:00
4407.0,广州大学,,guangdong,,普通本科,,公办,https://hf-mirror.com/datasets/choucsan/Gaokao-Compass-11M/resolve/main/data/2025/chongqing/school-admission.csv,2026-09-20T07:29:44+00:00
4410.0,广东金融学院,,guangdong,,普通本科,,公办,https://hf-mirror.com/datasets/choucsan/Gaokao-Compass-11M/resolve/main/data/2025/chongqing/school-admission.csv,2026-09-20T07:29:44+00:00
4412.0,东莞理工学院,,guangdong,,普通本科,,公办,https://hf-mirror.com/datasets/choucsan/Gaokao-Compass-11M/resolve/main/data/2025/chongqing/school-admission.csv,2026-09-20T07:29:44+00:00
4413.0,广东外语外贸大学,,guangdong,,普通本科,,公办,https://hf-mirror.com/datasets/choucsan/Gaokao-Compass-11M/resolve/main/data/2025/chongqing/school-admission.csv,2026-09-20T07:29:44+00:00
4418.0,广东培正学院,,guangdong,,民办/独立学院,,民办,https://hf-mirror.com/datasets/choucsan/Gaokao-Compass-11M/resolve/main/data/2025/chongqing/school-admission.csv,2026-09-20T07:29:44+00:00
4433.0,惠州学院,,guangdong,,普通本科,,公办,https://hf-mirror.com/datasets/choucsan/Gaokao-Compass-11M/resolve/main/data/2025/chongqing/school-admission.csv,2026-09-20T07:29:44+00:00
4435.0,韶关学院,,guangdong,,普通本科,,公办,https://hf-mirror.com/datasets/choucsan/Gaokao-Compass-11M/resolve/main/data/2025/chongqing/school-admission.csv,2026-09-20T07:29:44+00:00
4436.0,珠海科技学院,,guangdong,,民办/独立学院,,民办,https://hf-mirror.com/datasets/choucsan/Gaokao-Compass-11M/resolve/main/data/2025/chongqing/school-admission.csv,2026-09-20T07:29:44+00:00
4443.0,广州商学院,,guangdong,,民办/独立学院,,民办,https://hf-mirror.com/datasets/choucsan/Gaokao-Compass-11M/resolve/main/data/2025/chongqing/school-admission.csv,2026-09-20T07:29:44+00:00
4447.0,华南师范大学,,guangdong,,211,,公办,https://hf-mirror.com/datasets/choucsan/Gaokao-Compass-11M/resolve/main/data/2025/chongqing/school-admission.csv,2026-09-20T07:29:44+00:00
4456.0,嘉应学院,,guangdong,,普通本科,,公办,https://hf-mirror.com/datasets/choucsan/Gaokao-Compass-11M/resolve/main/data/2025/chongqing/school-admission.csv,2026-09-20T07:29:44+00:00
4461.0,广州城市理工学院,,guangdong,,民办/独立学院,,民办,https://hf-mirror.com/datasets/choucsan/Gaokao-Compass-11M/resolve/main/data/2025/chongqing/school-admission.csv,2026-09-20T07:29:44+00:00
4462.0,广州南方学院,,guangdong,,民办/独立学院,,民办,https://hf-mirror.com/datasets/choucsan/Gaokao-Compass-11M/resolve/main/data/2025/chongqing/school-admission.csv,2026-09-20T07:29:44+00:00
4464.0,广州华立学院,,guangdong,,民办/独立学院,,民办,https://hf-mirror.com/datasets/choucsan/Gaokao-Compass-11M/resolve/main/data/2025/chongqing/school-admission.csv,2026-09-20T07:29:44+00:00
4468.0,北师香港浸会大学,,guangdong,,普通本科,,内地与港澳台地区合作办学,https://hf-mirror.com/datasets/choucsan/Gaokao-Compass-11M/resolve/main/data/2025/chongqing/school-admission.csv,2026-09-20T07:29:44+00:00
4469.0,广东财经大学,,guangdong,,普通本科,,公办,https://hf-mirror.com/datasets/choucsan/Gaokao-Compass-11M/resolve/main/data/2025/chongqing/school-admission.csv,2026-09-20T07:29:44+00:00
4471.0,广东外语外贸大学南国商学院,,guangdong,,民办/独立学院,,民办,https://hf-mirror.com/datasets/choucsan/Gaokao-Compass-11M/resolve/main/data/2025/chongqing/school-admission.csv,2026-09-20T07:29:44+00:00
4472.0,华南农业大学珠江学院,,guangdong,,民办/独立学院,,民办,https://hf-mirror.com/datasets/choucsan/Gaokao-Compass-11M/resolve/main/data/2025/chongqing/school-admission.csv,2026-09-20T07:29:44+00:00
4475.0,广东技术师范大学,,guangdong,,普通本科,,公办,https://hf-mirror.com/datasets/choucsan/Gaokao-Compass-11M/resolve/main/data/2025/chongqing/school-admission.csv,2026-09-20T07:29:44+00:00
4479.0,湛江科技学院,,guangdong,,民办/独立学院,,民办,https://hf-mirror.com/datasets/choucsan/Gaokao-Compass-11M/resolve/main/data/2025/chongqing/school-admission.csv,2026-09-20T07:29:44+00:00
4485.0,广州新华学院,,guangdong,,民办/独立学院,,民办,https://hf-mirror.com/datasets/choucsan/Gaokao-Compass-11M/resolve/main/data/2025/chongqing/school-admission.csv,2026-09-20T07:29:44+00:00
4487.0,岭南师范学院,,guangdong,,普通本科,,公办,https://hf-mirror.com/datasets/choucsan/Gaokao-Compass-11M/resolve/main/data/2025/chongqing/school-admission.csv,2026-09-20T07:29:44+00:00
4492.0,广东工商职业技术大学,,guangdong,,民办/独立学院,,民办,https://hf-mirror.com/datasets/choucsan/Gaokao-Compass-11M/resolve/main/data/2025/chongqing/school-admission.csv,2026-09-20T07:29:44+00:00
4497.0,汕头大学,,guangdong,,普通本科,,公办,https://hf-mirror.com/datasets/choucsan/Gaokao-Compass-11M/resolve/main/data/2025/chongqing/school-admission.csv,2026-09-20T07:29:44+00:00
4505.0,河池学院,,guangxi,,普通本科,,公办,https://hf-mirror.com/datasets/choucsan/Gaokao-Compass-11M/resolve/main/data/2025/chongqing/school-admission.csv,2026-09-20T07:29:44+00:00
4510.0,广西财经学院,,guangxi,,普通本科,,公办,https://hf-mirror.com/datasets/choucsan/Gaokao-Compass-11M/resolve/main/data/2025/chongqing/school-admission.csv,2026-09-20T07:29:44+00:00
4511.0,广西科技师范学院,,guangxi,,普通本科,,公办,https://hf-mirror.com/datasets/choucsan/Gaokao-Compass-11M/resolve/main/data/2025/chongqing/school-admission.csv,2026-09-20T07:29:44+00:00
4514.0,南宁学院,,guangxi,,民办/独立学院,,民办,https://hf-mirror.com/datasets/choucsan/Gaokao-Compass-11M/resolve/main/data/2025/chongqing/school-admission.csv,2026-09-20T07:29:44+00:00
4531.0,梧州学院,,guangxi,,普通本科,,公办,https://hf-mirror.com/datasets/choucsan/Gaokao-Compass-11M/resolve/main/data/2025/chongqing/school-admission.csv,2026-09-20T07:29:44+00:00
4538.0,广西中医药大学,,guangxi,,普通本科,,公办,https://hf-mirror.com/datasets/choucsan/Gaokao-Compass-11M/resolve/main/data/2025/chongqing/school-admission.csv,2026-09-20T07:29:44+00:00
4539.0,南宁师范大学,,guangxi,,普通本科,,公办,https://hf-mirror.com/datasets/choucsan/Gaokao-Compass-11M/resolve/main/data/2025/chongqing/school-admission.csv,2026-09-20T07:29:44+00:00
4542.0,广西外国语学院,,guangxi,,民办/独立学院,,民办,https://hf-mirror.com/datasets/choucsan/Gaokao-Compass-11M/resolve/main/data/2025/chongqing/school-admission.csv,2026-09-20T07:29:44+00:00
4543.0,广西民族大学,,guangxi,,普通本科,,公办,https://hf-mirror.com/datasets/choucsan/Gaokao-Compass-11M/resolve/main/data/2025/chongqing/school-admission.csv,2026-09-20T07:29:44+00:00
4547.0,南宁理工学院,,guangxi,,民办/独立学院,,民办,https://hf-mirror.com/datasets/choucsan/Gaokao-Compass-11M/resolve/main/data/2025/chongqing/school-admission.csv,2026-09-20T07:29:44+00:00
4550.0,桂林信息科技学院,,guangxi,,民办/独立学院,,民办,https://hf-mirror.com/datasets/choucsan/Gaokao-Compass-11M/resolve/main/data/2025/chongqing/school-admission.csv,2026-09-20T07:29:44+00:00
5680.0,百色学院,,guangxi,,普通本科,,公办,https://hf-mirror.com/datasets/choucsan/Gaokao-Compass-11M/resolve/main/data/2025/chongqing/school-admission.csv,2026-09-20T07:29:44+00:00
4556.0,南宁师范大学师园学院,,guangxi,,民办/独立学院,,民办,https://hf-mirror.com/datasets/choucsan/Gaokao-Compass-11M/resolve/main/data/2025/chongqing/school-admission.csv,2026-09-20T07:29:44+00:00
4615.0,三亚学院,,hainan,,民办/独立学院,,民办,https://hf-mirror.com/datasets/choucsan/Gaokao-Compass-11M/resolve/main/data/2025/chongqing/school-admission.csv,2026-09-20T07:29:44+00:00
5001.0,重庆大学,,chongqing,,985,,公办,https://hf-mirror.com/datasets/choucsan/Gaokao-Compass-11M/resolve/main/data/2025/chongqing/school-admission.csv,2026-09-20T07:29:44+00:00
5002.0,重庆邮电大学,,chongqing,,普通本科,,公办,https://hf-mirror.com/datasets/choucsan/Gaokao-Compass-11M/resolve/main/data/2025/chongqing/school-admission.csv,2026-09-20T07:29:44+00:00
5003.0,重庆交通大学,,chongqing,,普通本科,,公办,https://hf-mirror.com/datasets/choucsan/Gaokao-Compass-11M/resolve/main/data/2025/chongqing/school-admission.csv,2026-09-20T07:29:44+00:00
5006.0,西南大学,,chongqing,,211,,公办,https://hf-mirror.com/datasets/choucsan/Gaokao-Compass-11M/resolve/main/data/2025/chongqing/school-admission.csv,2026-09-20T07:29:44+00:00
5008.0,重庆文理学院,,chongqing,,普通本科,,公办,https://hf-mirror.com/datasets/choucsan/Gaokao-Compass-11M/resolve/main/data/2025/chongqing/school-admission.csv,2026-09-20T07:29:44+00:00
5009.0,重庆三峡学院,,chongqing,,普通本科,,公办,https://hf-mirror.com/datasets/choucsan/Gaokao-Compass-11M/resolve/main/data/2025/chongqing/school-admission.csv,2026-09-20T07:29:44+00:00
5010.0,长江师范学院,,chongqing,,普通本科,,公办,https://hf-mirror.com/datasets/choucsan/Gaokao-Compass-11M/resolve/main/data/2025/chongqing/school-admission.csv,2026-09-20T07:29:44+00:00
5012.0,西南政法大学,,chongqing,,普通本科,,公办,https://hf-mirror.com/datasets/choucsan/Gaokao-Compass-11M/resolve/main/data/2025/chongqing/school-admission.csv,2026-09-20T07:29:44+00:00
5013.0,四川美术学院,,chongqing,,普通本科,,公办,https://hf-mirror.com/datasets/choucsan/Gaokao-Compass-11M/resolve/main/data/2025/chongqing/school-admission.csv,2026-09-20T07:29:44+00:00
5021.0,重庆对外经贸学院,,chongqing,,民办/独立学院,,民办,https://hf-mirror.com/datasets/choucsan/Gaokao-Compass-11M/resolve/main/data/2025/chongqing/school-admission.csv,2026-09-20T07:29:44+00:00
5023.0,重庆工商大学派斯学院,,chongqing,,民办/独立学院,,民办,https://hf-mirror.com/datasets/choucsan/Gaokao-Compass-11M/resolve/main/data/2025/chongqing/school-admission.csv,2026-09-20T07:29:44+00:00
5057.0,重庆城市科技学院,,chongqing,,民办/独立学院,,民办,https://hf-mirror.com/datasets/choucsan/Gaokao-Compass-11M/resolve/main/data/2025/chongqing/school-admission.csv,2026-09-20T07:29:44+00:00
5102.0,西南交通大学,,sichuan,,211,,公办,https://hf-mirror.com/datasets/choucsan/Gaokao-Compass-11M/resolve/main/data/2025/chongqing/school-admission.csv,2026-09-20T07:29:44+00:00
5104.0,电子科技大学,,sichuan,,985,,公办,https://hf-mirror.com/datasets/choucsan/Gaokao-Compass-11M/resolve/main/data/2025/chongqing/school-admission.csv,2026-09-20T07:29:44+00:00
5106.0,成都理工大学,,sichuan,,普通本科,,公办,https://hf-mirror.com/datasets/choucsan/Gaokao-Compass-11M/resolve/main/data/2025/chongqing/school-admission.csv,2026-09-20T07:29:44+00:00
5107.0,西南科技大学,,sichuan,,普通本科,,公办,https://hf-mirror.com/datasets/choucsan/Gaokao-Compass-11M/resolve/main/data/2025/chongqing/school-admission.csv,2026-09-20T07:29:44+00:00
5108.0,成都信息工程大学,,sichuan,,普通本科,,公办,https://hf-mirror.com/datasets/choucsan/Gaokao-Compass-11M/resolve/main/data/2025/chongqing/school-admission.csv,2026-09-20T07:29:44+00:00
5109.0,四川轻化工大学,,sichuan,,普通本科,,公办,https://hf-mirror.com/datasets/choucsan/Gaokao-Compass-11M/resolve/main/data/2025/chongqing/school-admission.csv,2026-09-20T07:29:44+00:00
5110.0,西华大学,,sichuan,,普通本科,,公办,https://hf-mirror.com/datasets/choucsan/Gaokao-Compass-11M/resolve/main/data/2025/chongqing/school-admission.csv,2026-09-20T07:29:44+00:00
5112.0,四川农业大学,,sichuan,,211,,公办,https://hf-mirror.com/datasets/choucsan/Gaokao-Compass-11M/resolve/main/data/2025/chongqing/school-admission.csv,2026-09-20T07:29:44+00:00
5119.0,内江师范学院,,sichuan,,普通本科,,公办,https://hf-mirror.com/datasets/choucsan/Gaokao-Compass-11M/resolve/main/data/2025/chongqing/school-admission.csv,2026-09-20T07:29:44+00:00
5121.0,乐山师范学院,,sichuan,,普通本科,,公办,https://hf-mirror.com/datasets/choucsan/Gaokao-Compass-11M/resolve/main/data/2025/chongqing/school-admission.csv,2026-09-20T07:29:44+00:00
5122.0,西南财经大学,,sichuan,,211,,公办,https://hf-mirror.com/datasets/choucsan/Gaokao-Compass-11M/resolve/main/data/2025/chongqing/school-admission.csv,2026-09-20T07:29:44+00:00
5123.0,成都体育学院,,sichuan,,普通本科,,公办,https://hf-mirror.com/datasets/choucsan/Gaokao-Compass-11M/resolve/main/data/2025/chongqing/school-admission.csv,2026-09-20T07:29:44+00:00
9941.0,四川音乐学院,,sichuan,,普通本科,,公办,https://hf-mirror.com/datasets/choucsan/Gaokao-Compass-11M/resolve/main/data/2025/chongqing/school-admission.csv,2026-09-20T07:29:44+00:00
5127.0,四川大学,,sichuan,,985,,公办,https://hf-mirror.com/datasets/choucsan/Gaokao-Compass-11M/resolve/main/data/2025/chongqing/school-admission.csv,2026-09-20T07:29:44+00:00
5129.0,西昌学院,,sichuan,,普通本科,,公办,https://hf-mirror.com/datasets/choucsan/Gaokao-Compass-11M/resolve/main/data/2025/chongqing/school-admission.csv,2026-09-20T07:29:44+00:00
5130.0,成都理工大学工程技术学院,,sichuan,,民办/独立学院,,民办,https://hf-mirror.com/datasets/choucsan/Gaokao-Compass-11M/resolve/main/data/2025/chongqing/school-admission.csv,2026-09-20T07:29:44+00:00
5133.0,成都文理学院,,sichuan,,民办/独立学院,,民办,https://hf-mirror.com/datasets/choucsan/Gaokao-Compass-11M/resolve/main/data/2025/chongqing/school-admission.csv,2026-09-20T07:29:44+00:00
5136.0,电子科技大学成都学院,,sichuan,,民办/独立学院,,民办,https://hf-mirror.com/datasets/choucsan/Gaokao-Compass-11M/resolve/main/data/2025/chongqing/school-admission.csv,2026-09-20T07:29:44+00:00
5138.0,成都工业学院,,sichuan,,普通本科,,公办,https://hf-mirror.com/datasets/choucsan/Gaokao-Compass-11M/resolve/main/data/2025/chongqing/school-admission.csv,2026-09-20T07:29:44+00:00
5690.0,四川警察学院,,sichuan,,普通本科,,公办,https://hf-mirror.com/datasets/choucsan/Gaokao-Compass-11M/resolve/main/data/2025/chongqing/school-admission.csv,2026-09-20T07:29:44+00:00
5170.0,四川民族学院,,sichuan,,普通本科,,公办,https://hf-mirror.com/datasets/choucsan/Gaokao-Compass-11M/resolve/main/data/2025/chongqing/school-admission.csv,2026-09-20T07:29:44+00:00
5176.0,吉利学院,,sichuan,,民办/独立学院,,民办,https://hf-mirror.com/datasets/choucsan/Gaokao-Compass-11M/resolve/main/data/2025/chongqing/school-admission.csv,2026-09-20T07:29:44+00:00
5179.0,阿坝师范学院,,sichuan,,普通本科,,公办,https://hf-mirror.com/datasets/choucsan/Gaokao-Compass-11M/resolve/main/data/2025/chongqing/school-admission.csv,2026-09-20T07:29:44+00:00
5180.0,成都大学,,sichuan,,普通本科,,公办,https://hf-mirror.com/datasets/choucsan/Gaokao-Compass-11M/resolve/main/data/2025/chongqing/school-admission.csv,2026-09-20T07:29:44+00:00
5192.0,四川文化艺术学院,,sichuan,,民办/独立学院,,民办,https://hf-mirror.com/datasets/choucsan/Gaokao-Compass-11M/resolve/main/data/2025/chongqing/school-admission.csv,2026-09-20T07:29:44+00:00
5199.0,绵阳城市学院,,sichuan,,民办/独立学院,,民办,https://hf-mirror.com/datasets/choucsan/Gaokao-Compass-11M/resolve/main/data/2025/chongqing/school-admission.csv,2026-09-20T07:29:44+00:00
5204.0,贵州中医药大学,,guizhou,,普通本科,,公办,https://hf-mirror.com/datasets/choucsan/Gaokao-Compass-11M/resolve/main/data/2025/chongqing/school-admission.csv,2026-09-20T07:29:44+00:00
5205.0,贵州师范大学,,guizhou,,普通本科,,公办,https://hf-mirror.com/datasets/choucsan/Gaokao-Compass-11M/resolve/main/data/2025/chongqing/school-admission.csv,2026-09-20T07:29:44+00:00
5206.0,遵义师范学院,,guizhou,,普通本科,,公办,https://hf-mirror.com/datasets/choucsan/Gaokao-Compass-11M/resolve/main/data/2025/chongqing/school-admission.csv,2026-09-20T07:29:44+00:00
5207.0,黔南民族师范学院,,guizhou,,普通本科,,公办,https://hf-mirror.com/datasets/choucsan/Gaokao-Compass-11M/resolve/main/data/2025/chongqing/school-admission.csv,2026-09-20T07:29:44+00:00
5209.0,贵州民族大学,,guizhou,,普通本科,,公办,https://hf-mirror.com/datasets/choucsan/Gaokao-Compass-11M/resolve/main/data/2025/chongqing/school-admission.csv,2026-09-20T07:29:44+00:00
5211.0,贵州黔南经济学院,,guizhou,,民办/独立学院,,民办,https://hf-mirror.com/datasets/choucsan/Gaokao-Compass-11M/resolve/main/data/2025/chongqing/school-admission.csv,2026-09-20T07:29:44+00:00
5215.0,贵阳学院,,guizhou,,普通本科,,公办,https://hf-mirror.com/datasets/choucsan/Gaokao-Compass-11M/resolve/main/data/2025/chongqing/school-admission.csv,2026-09-20T07:29:44+00:00
5545.0,安顺学院,,guizhou,,普通本科,,公办,https://hf-mirror.com/datasets/choucsan/Gaokao-Compass-11M/resolve/main/data/2025/chongqing/school-admission.csv,2026-09-20T07:29:44+00:00
5220.0,贵州警察学院,,guizhou,,普通本科,,公办,https://hf-mirror.com/datasets/choucsan/Gaokao-Compass-11M/resolve/main/data/2025/chongqing/school-admission.csv,2026-09-20T07:29:44+00:00
5229.0,贵州医科大学神奇民族医药学院,,guizhou,,民办/独立学院,,民办,https://hf-mirror.com/datasets/choucsan/Gaokao-Compass-11M/resolve/main/data/2025/chongqing/school-admission.csv,2026-09-20T07:29:44+00:00
5231.0,贵阳信息科技学院,,guizhou,,民办/独立学院,,民办,https://hf-mirror.com/datasets/choucsan/Gaokao-Compass-11M/resolve/main/data/2025/chongqing/school-admission.csv,2026-09-20T07:29:44+00:00
5695.0,铜仁学院,,guizhou,,普通本科,,公办,https://hf-mirror.com/datasets/choucsan/Gaokao-Compass-11M/resolve/main/data/2025/chongqing/school-admission.csv,2026-09-20T07:29:44+00:00
5237.0,兴义民族师范学院,,guizhou,,普通本科,,公办,https://hf-mirror.com/datasets/choucsan/Gaokao-Compass-11M/resolve/main/data/2025/chongqing/school-admission.csv,2026-09-20T07:29:44+00:00
5238.0,贵州工程应用技术学院,,guizhou,,普通本科,,公办,https://hf-mirror.com/datasets/choucsan/Gaokao-Compass-11M/resolve/main/data/2025/chongqing/school-admission.csv,2026-09-20T07:29:44+00:00
5239.0,贵州商学院,,guizhou,,普通本科,,公办,https://hf-mirror.com/datasets/choucsan/Gaokao-Compass-11M/resolve/main/data/2025/chongqing/school-admission.csv,2026-09-20T07:29:44+00:00
5700.0,凯里学院,,guizhou,,普通本科,,公办,https://hf-mirror.com/datasets/choucsan/Gaokao-Compass-11M/resolve/main/data/2025/chongqing/school-admission.csv,2026-09-20T07:29:44+00:00
5244.0,贵州师范学院,,guizhou,,普通本科,,公办,https://hf-mirror.com/datasets/choucsan/Gaokao-Compass-11M/resolve/main/data/2025/chongqing/school-admission.csv,2026-09-20T07:29:44+00:00
5253.0,贵阳康养职业大学,,guizhou,,普通本科,,公办,https://hf-mirror.com/datasets/choucsan/Gaokao-Compass-11M/resolve/main/data/2025/chongqing/school-admission.csv,2026-09-20T07:29:44+00:00
5301.0,云南大学,,yunnan,,211,,公办,https://hf-mirror.com/datasets/choucsan/Gaokao-Compass-11M/resolve/main/data/2025/chongqing/school-admission.csv,2026-09-20T07:29:44+00:00
5306.0,云南师范大学,,yunnan,,普通本科,,公办,https://hf-mirror.com/datasets/choucsan/Gaokao-Compass-11M/resolve/main/data/2025/chongqing/school-admission.csv,2026-09-20T07:29:44+00:00
5307.0,曲靖师范学院,,yunnan,,普通本科,,公办,https://hf-mirror.com/datasets/choucsan/Gaokao-Compass-11M/resolve/main/data/2025/chongqing/school-admission.csv,2026-09-20T07:29:44+00:00
5308.0,云南艺术学院,,yunnan,,普通本科,,公办,https://hf-mirror.com/datasets/choucsan/Gaokao-Compass-11M/resolve/main/data/2025/chongqing/school-admission.csv,2026-09-20T07:29:44+00:00
5311.0,楚雄师范学院,,yunnan,,普通本科,,公办,https://hf-mirror.com/datasets/choucsan/Gaokao-Compass-11M/resolve/main/data/2025/chongqing/school-admission.csv,2026-09-20T07:29:44+00:00
5315.0,昆明城市学院,,yunnan,,民办/独立学院,,民办,https://hf-mirror.com/datasets/choucsan/Gaokao-Compass-11M/resolve/main/data/2025/chongqing/school-admission.csv,2026-09-20T07:29:44+00:00
5327.0,昆明文理学院,,yunnan,,民办/独立学院,,民办,https://hf-mirror.com/datasets/choucsan/Gaokao-Compass-11M/resolve/main/data/2025/chongqing/school-admission.csv,2026-09-20T07:29:44+00:00
5330.0,云南财经大学,,yunnan,,普通本科,,公办,https://hf-mirror.com/datasets/choucsan/Gaokao-Compass-11M/resolve/main/data/2025/chongqing/school-admission.csv,2026-09-20T07:29:44+00:00
7285.0,保山学院,,yunnan,,普通本科,,公办,https://hf-mirror.com/datasets/choucsan/Gaokao-Compass-11M/resolve/main/data/2025/chongqing/school-admission.csv,2026-09-20T07:29:44+00:00
5337.0,红河学院,,yunnan,,普通本科,,公办,https://hf-mirror.com/datasets/choucsan/Gaokao-Compass-11M/resolve/main/data/2025/chongqing/school-admission.csv,2026-09-20T07:29:44+00:00
5339.0,昆明理工大学津桥学院,,yunnan,,民办/独立学院,,民办,https://hf-mirror.com/datasets/choucsan/Gaokao-Compass-11M/resolve/main/data/2025/chongqing/school-admission.csv,2026-09-20T07:29:44+00:00
5340.0,昭通学院,,yunnan,,普通本科,,公办,https://hf-mirror.com/datasets/choucsan/Gaokao-Compass-11M/resolve/main/data/2025/chongqing/school-admission.csv,2026-09-20T07:29:44+00:00
5349.0,滇西科技师范学院,,yunnan,,普通本科,,公办,https://hf-mirror.com/datasets/choucsan/Gaokao-Compass-11M/resolve/main/data/2025/chongqing/school-admission.csv,2026-09-20T07:29:44+00:00
5372.0,滇西应用技术大学,,yunnan,,普通本科,,公办,https://hf-mirror.com/datasets/choucsan/Gaokao-Compass-11M/resolve/main/data/2025/chongqing/school-admission.csv,2026-09-20T07:29:44+00:00
5401.0,西藏大学,,xizang,,211,,公办,https://hf-mirror.com/datasets/choucsan/Gaokao-Compass-11M/resolve/main/data/2025/chongqing/school-admission.csv,2026-09-20T07:29:44+00:00
5402.0,西藏民族大学,,shaanxi,,普通本科,,公办,https://hf-mirror.com/datasets/choucsan/Gaokao-Compass-11M/resolve/main/data/2025/chongqing/school-admission.csv,2026-09-20T07:29:44+00:00
5407.0,西藏农牧大学,,xizang,,普通本科,,公办,https://hf-mirror.com/datasets/choucsan/Gaokao-Compass-11M/resolve/main/data/2025/chongqing/school-admission.csv,2026-09-20T07:29:44+00:00
6102.0,西北工业大学,,shaanxi,,985,,公办,https://hf-mirror.com/datasets/choucsan/Gaokao-Compass-11M/resolve/main/data/2025/chongqing/school-admission.csv,2026-09-20T07:29:44+00:00
6104.0,西安电子科技大学,,shaanxi,,211,,公办,https://hf-mirror.com/datasets/choucsan/Gaokao-Compass-11M/resolve/main/data/2025/chongqing/school-admission.csv,2026-09-20T07:29:44+00:00
6105.0,西安工业大学,,shaanxi,,普通本科,,公办,https://hf-mirror.com/datasets/choucsan/Gaokao-Compass-11M/resolve/main/data/2025/chongqing/school-admission.csv,2026-09-20T07:29:44+00:00
6106.0,西安建筑科技大学,,shaanxi,,普通本科,,公办,https://hf-mirror.com/datasets/choucsan/Gaokao-Compass-11M/resolve/main/data/2025/chongqing/school-admission.csv,2026-09-20T07:29:44+00:00
6108.0,西安石油大学,,shaanxi,,普通本科,,公办,https://hf-mirror.com/datasets/choucsan/Gaokao-Compass-11M/resolve/main/data/2025/chongqing/school-admission.csv,2026-09-20T07:29:44+00:00
6109.0,陕西科技大学,,shaanxi,,普通本科,,公办,https://hf-mirror.com/datasets/choucsan/Gaokao-Compass-11M/resolve/main/data/2025/chongqing/school-admission.csv,2026-09-20T07:29:44+00:00
6111.0,陕西师范大学,,shaanxi,,211,,公办,https://hf-mirror.com/datasets/choucsan/Gaokao-Compass-11M/resolve/main/data/2025/chongqing/school-admission.csv,2026-09-20T07:29:44+00:00
6114.0,西安外国语大学,,shaanxi,,普通本科,,公办,https://hf-mirror.com/datasets/choucsan/Gaokao-Compass-11M/resolve/main/data/2025/chongqing/school-admission.csv,2026-09-20T07:29:44+00:00
6119.0,西安培华学院,,shaanxi,,民办/独立学院,,民办,https://hf-mirror.com/datasets/choucsan/Gaokao-Compass-11M/resolve/main/data/2025/chongqing/school-admission.csv,2026-09-20T07:29:44+00:00
6123.0,西北农林科技大学,,shaanxi,,985,,公办,https://hf-mirror.com/datasets/choucsan/Gaokao-Compass-11M/resolve/main/data/2025/chongqing/school-admission.csv,2026-09-20T07:29:44+00:00
6124.0,长安大学,,shaanxi,,211,,公办,https://hf-mirror.com/datasets/choucsan/Gaokao-Compass-11M/resolve/main/data/2025/chongqing/school-admission.csv,2026-09-20T07:29:44+00:00
6126.0,西安财经大学,,shaanxi,,普通本科,,公办,https://hf-mirror.com/datasets/choucsan/Gaokao-Compass-11M/resolve/main/data/2025/chongqing/school-admission.csv,2026-09-20T07:29:44+00:00
6133.0,西安欧亚学院,,shaanxi,,民办/独立学院,,民办,https://hf-mirror.com/datasets/choucsan/Gaokao-Compass-11M/resolve/main/data/2025/chongqing/school-admission.csv,2026-09-20T07:29:44+00:00
6134.0,西安翻译学院,,shaanxi,,民办/独立学院,,民办,https://hf-mirror.com/datasets/choucsan/Gaokao-Compass-11M/resolve/main/data/2025/chongqing/school-admission.csv,2026-09-20T07:29:44+00:00
6135.0,西安外事学院,,shaanxi,,民办/独立学院,,民办,https://hf-mirror.com/datasets/choucsan/Gaokao-Compass-11M/resolve/main/data/2025/chongqing/school-admission.csv,2026-09-20T07:29:44+00:00
6144.0,陕西国际商贸学院,,shaanxi,,民办/独立学院,,民办,https://hf-mirror.com/datasets/choucsan/Gaokao-Compass-11M/resolve/main/data/2025/chongqing/school-admission.csv,2026-09-20T07:29:44+00:00
6148.0,陕西警察学院,,shaanxi,,普通本科,,公办,https://hf-mirror.com/datasets/choucsan/Gaokao-Compass-11M/resolve/main/data/2025/chongqing/school-admission.csv,2026-09-20T07:29:44+00:00
6152.0,陕西科技大学镐京学院,,shaanxi,,民办/独立学院,,民办,https://hf-mirror.com/datasets/choucsan/Gaokao-Compass-11M/resolve/main/data/2025/chongqing/school-admission.csv,2026-09-20T07:29:44+00:00
6156.0,西安医学院,,shaanxi,,普通本科,,公办,https://hf-mirror.com/datasets/choucsan/Gaokao-Compass-11M/resolve/main/data/2025/chongqing/school-admission.csv,2026-09-20T07:29:44+00:00
6162.0,延安大学西安创新学院,,shaanxi,,民办/独立学院,,民办,https://hf-mirror.com/datasets/choucsan/Gaokao-Compass-11M/resolve/main/data/2025/chongqing/school-admission.csv,2026-09-20T07:29:44+00:00
6164.0,西北大学,,shaanxi,,211,,公办,https://hf-mirror.com/datasets/choucsan/Gaokao-Compass-11M/resolve/main/data/2025/chongqing/school-admission.csv,2026-09-20T07:29:44+00:00
6180.0,西安科技大学高新学院,,shaanxi,,民办/独立学院,,民办,https://hf-mirror.com/datasets/choucsan/Gaokao-Compass-11M/resolve/main/data/2025/chongqing/school-admission.csv,2026-09-20T07:29:44+00:00
6184.0,商洛学院,,shaanxi,,普通本科,,公办,https://hf-mirror.com/datasets/choucsan/Gaokao-Compass-11M/resolve/main/data/2025/chongqing/school-admission.csv,2026-09-20T07:29:44+00:00
6202.0,兰州理工大学,,gansu,,普通本科,,公办,https://hf-mirror.com/datasets/choucsan/Gaokao-Compass-11M/resolve/main/data/2025/chongqing/school-admission.csv,2026-09-20T07:29:44+00:00
6203.0,兰州交通大学,,gansu,,普通本科,,公办,https://hf-mirror.com/datasets/choucsan/Gaokao-Compass-11M/resolve/main/data/2025/chongqing/school-admission.csv,2026-09-20T07:29:44+00:00
6207.0,西北民族大学,,gansu,,普通本科,,公办,https://hf-mirror.com/datasets/choucsan/Gaokao-Compass-11M/resolve/main/data/2025/chongqing/school-admission.csv,2026-09-20T07:29:44+00:00
6218.0,陇南师范学院,,gansu,,普通本科,,公办,https://hf-mirror.com/datasets/choucsan/Gaokao-Compass-11M/resolve/main/data/2025/chongqing/school-admission.csv,2026-09-20T07:29:44+00:00
6219.0,陇东学院,,gansu,,普通本科,,公办,https://hf-mirror.com/datasets/choucsan/Gaokao-Compass-11M/resolve/main/data/2025/chongqing/school-admission.csv,2026-09-20T07:29:44+00:00
6222.0,甘肃中医药大学,,gansu,,普通本科,,公办,https://hf-mirror.com/datasets/choucsan/Gaokao-Compass-11M/resolve/main/data/2025/chongqing/school-admission.csv,2026-09-20T07:29:44+00:00
6227.0,兰州文理学院,,gansu,,普通本科,,公办,https://hf-mirror.com/datasets/choucsan/Gaokao-Compass-11M/resolve/main/data/2025/chongqing/school-admission.csv,2026-09-20T07:29:44+00:00
6233.0,甘肃民族师范学院,,gansu,,普通本科,,公办,https://hf-mirror.com/datasets/choucsan/Gaokao-Compass-11M/resolve/main/data/2025/chongqing/school-admission.csv,2026-09-20T07:29:44+00:00
6302.0,青海民族大学,,qinghai,,普通本科,,公办,https://hf-mirror.com/datasets/choucsan/Gaokao-Compass-11M/resolve/main/data/2025/chongqing/school-admission.csv,2026-09-20T07:29:44+00:00
6304.0,青海师范大学,,qinghai,,普通本科,,公办,https://hf-mirror.com/datasets/choucsan/Gaokao-Compass-11M/resolve/main/data/2025/chongqing/school-admission.csv,2026-09-20T07:29:44+00:00
6412.0,银川科技学院,,ningxia,,民办/独立学院,,民办,https://hf-mirror.com/datasets/choucsan/Gaokao-Compass-11M/resolve/main/data/2025/chongqing/school-admission.csv,2026-09-20T07:29:44+00:00
6502.0,新疆农业大学,,xinjiang,,普通本科,,公办,https://hf-mirror.com/datasets/choucsan/Gaokao-Compass-11M/resolve/main/data/2025/chongqing/school-admission.csv,2026-09-20T07:29:44+00:00
6504.0,新疆师范大学,,xinjiang,,普通本科,,公办,https://hf-mirror.com/datasets/choucsan/Gaokao-Compass-11M/resolve/main/data/2025/chongqing/school-admission.csv,2026-09-20T07:29:44+00:00
6505.0,伊犁师范大学,,xinjiang,,普通本科,,公办,https://hf-mirror.com/datasets/choucsan/Gaokao-Compass-11M/resolve/main/data/2025/chongqing/school-admission.csv,2026-09-20T07:29:44+00:00
6506.0,新疆财经大学,,xinjiang,,普通本科,,公办,https://hf-mirror.com/datasets/choucsan/Gaokao-Compass-11M/resolve/main/data/2025/chongqing/school-admission.csv,2026-09-20T07:29:44+00:00
6507.0,新疆科技学院,,xinjiang,,普通本科,,公办,https://hf-mirror.com/datasets/choucsan/Gaokao-Compass-11M/resolve/main/data/2025/chongqing/school-admission.csv,2026-09-20T07:29:44+00:00
6508.0,新疆理工学院,,xinjiang,,普通本科,,公办,https://hf-mirror.com/datasets/choucsan/Gaokao-Compass-11M/resolve/main/data/2025/chongqing/school-admission.csv,2026-09-20T07:29:44+00:00
6510.0,新疆第二医学院,,xinjiang,,普通本科,,公办,https://hf-mirror.com/datasets/choucsan/Gaokao-Compass-11M/resolve/main/data/2025/chongqing/school-admission.csv,2026-09-20T07:29:44+00:00
6520.0,新疆天山职业技术大学,,xinjiang,,民办/独立学院,,民办,https://hf-mirror.com/datasets/choucsan/Gaokao-Compass-11M/resolve/main/data/2025/chongqing/school-admission.csv,2026-09-20T07:29:44+00:00
6522.0,新疆政法学院,,xinjiang,,普通本科,,公办,https://hf-mirror.com/datasets/choucsan/Gaokao-Compass-11M/resolve/main/data/2025/chongqing/school-admission.csv,2026-09-20T07:29:44+00:00
6525.0,昌吉学院,,xinjiang,,普通本科,,公办,https://hf-mirror.com/datasets/choucsan/Gaokao-Compass-11M/resolve/main/data/2025/chongqing/school-admission.csv,2026-09-20T07:29:44+00:00
2012.0,上海财经大学浙江学院,,zhejiang,,民办/独立学院,,民办,https://hf-mirror.com/datasets/choucsan/Gaokao-Compass-11M/resolve/main/data/2025/chongqing/school-admission.csv,2026-09-20T07:29:44+00:00
2902.0,中国人民大学,,beijing,,985,,公办,https://hf-mirror.com/datasets/choucsan/Gaokao-Compass-11M/resolve/main/data/2025/chongqing/school-admission.csv,2026-09-20T07:29:44+00:00
162.0,北京师范大学,,beijing,,985,,公办,https://hf-mirror.com/datasets/choucsan/Gaokao-Compass-11M/resolve/main/data/2025/chongqing/school-admission.csv,2026-09-20T07:29:44+00:00
1639.0,南京理工大学紫金学院,,jiangsu,,民办/独立学院,,民办,https://hf-mirror.com/datasets/choucsan/Gaokao-Compass-11M/resolve/main/data/2025/chongqing/school-admission.csv,2026-09-20T07:29:44+00:00
1671.0,南通大学杏林学院,,jiangsu,,民办/独立学院,,民办,https://hf-mirror.com/datasets/choucsan/Gaokao-Compass-11M/resolve/main/data/2025/chongqing/school-admission.csv,2026-09-20T07:29:44+00:00
1673.0,南通理工学院,,jiangsu,,民办/独立学院,,民办,https://hf-mirror.com/datasets/choucsan/Gaokao-Compass-11M/resolve/main/data/2025/chongqing/school-admission.csv,2026-09-20T07:29:44+00:00
1892.0,山东青年政治学院,,shandong,,普通本科,,公办,https://hf-mirror.com/datasets/choucsan/Gaokao-Compass-11M/resolve/main/data/2025/chongqing/school-admission.csv,2026-09-20T07:29:44+00:00
271.0,常州大学怀德学院,,jiangsu,,民办/独立学院,,民办,https://hf-mirror.com/datasets/choucsan/Gaokao-Compass-11M/resolve/main/data/2025/chongqing/school-admission.csv,2026-09-20T07:29:44+00:00
2666.0,扬州大学广陵学院,,jiangsu,,民办/独立学院,,民办,https://hf-mirror.com/datasets/choucsan/Gaokao-Compass-11M/resolve/main/data/2025/chongqing/school-admission.csv,2026-09-20T07:29:44+00:00
2397.0,武汉传媒学院,,hubei,,民办/独立学院,,民办,https://hf-mirror.com/datasets/choucsan/Gaokao-Compass-11M/resolve/main/data/2025/chongqing/school-admission.csv,2026-09-20T07:29:44+00:00
2428.0,武汉体育学院体育科技学院,,hubei,,民办/独立学院,,民办,https://hf-mirror.com/datasets/choucsan/Gaokao-Compass-11M/resolve/main/data/2025/chongqing/school-admission.csv,2026-09-20T07:29:44+00:00
871.0,河北工业职业技术大学,,hebei,,普通本科,,公办,https://hf-mirror.com/datasets/choucsan/Gaokao-Compass-11M/resolve/main/data/2025/chongqing/school-admission.csv,2026-09-20T07:29:44+00:00
902.0,河北石油职业技术大学,,hebei,,普通本科,,公办,https://hf-mirror.com/datasets/choucsan/Gaokao-Compass-11M/resolve/main/data/2025/chongqing/school-admission.csv,2026-09-20T07:29:44+00:00
1040.0,湖北经济学院法商学院,,hubei,,民办/独立学院,,民办,https://hf-mirror.com/datasets/choucsan/Gaokao-Compass-11M/resolve/main/data/2025/chongqing/school-admission.csv,2026-09-20T07:29:44+00:00
1101.0,湖南交通工程学院,,hunan,,民办/独立学院,,民办,https://hf-mirror.com/datasets/choucsan/Gaokao-Compass-11M/resolve/main/data/2025/chongqing/school-admission.csv,2026-09-20T07:29:44+00:00
2647.0,烟台南山学院,,shandong,,民办/独立学院,,民办,https://hf-mirror.com/datasets/choucsan/Gaokao-Compass-11M/resolve/main/data/2025/chongqing/school-admission.csv,2026-09-20T07:29:44+00:00
2645.0,烟台科技学院,,shandong,,民办/独立学院,,民办,https://hf-mirror.com/datasets/choucsan/Gaokao-Compass-11M/resolve/main/data/2025/chongqing/school-admission.csv,2026-09-20T07:29:44+00:00
2583.0,燕京理工学院,,hebei,,民办/独立学院,,民办,https://hf-mirror.com/datasets/choucsan/Gaokao-Compass-11M/resolve/main/data/2025/chongqing/school-admission.csv,2026-09-20T07:29:44+00:00
2624.0,郑州西亚斯学院,,henan,,民办/独立学院,,民办,https://hf-mirror.com/datasets/choucsan/Gaokao-Compass-11M/resolve/main/data/2025/chongqing/school-admission.csv,2026-09-20T07:29:44+00:00
238.0,长江大学文理学院,,hubei,,民办/独立学院,,民办,https://hf-mirror.com/datasets/choucsan/Gaokao-Compass-11M/resolve/main/data/2025/chongqing/school-admission.csv,2026-09-20T07:29:44+00:00
5128.0,武警警官学院,,sichuan,,普通本科,,公办,https://hf-mirror.com/datasets/choucsan/Gaokao-Compass-11M/resolve/main/data/2025/chongqing/school-admission.csv,2026-09-20T07:29:44+00:00
1129.0,外交学院,,beijing,,普通本科,,公办,https://hf-mirror.com/datasets/choucsan/Gaokao-Compass-11M/resolve/main/data/2025/chongqing/school-admission.csv,2026-09-20T07:29:44+00:00
1230.0,天津电子信息职业技术学院,,tianjin,,普通本科,,公办,https://hf-mirror.com/datasets/choucsan/Gaokao-Compass-11M/resolve/main/data/2025/chongqing/school-admission.csv,2026-09-20T07:29:44+00:00
1275.0,天津滨海汽车工程职业学院,,tianjin,,民办/独立学院,,民办,https://hf-mirror.com/datasets/choucsan/Gaokao-Compass-11M/resolve/main/data/2025/chongqing/school-admission.csv,2026-09-20T07:29:44+00:00
1363.0,石家庄城市经济职业学院,,hebei,,民办/独立学院,,民办,https://hf-mirror.com/datasets/choucsan/Gaokao-Compass-11M/resolve/main/data/2025/chongqing/school-admission.csv,2026-09-20T07:29:44+00:00
1364.0,河北机电职业技术学院,,hebei,,普通本科,,公办,https://hf-mirror.com/datasets/choucsan/Gaokao-Compass-11M/resolve/main/data/2025/chongqing/school-admission.csv,2026-09-20T07:29:44+00:00
1413.0,山西工程职业学院,,shanxi,,普通本科,,公办,https://hf-mirror.com/datasets/choucsan/Gaokao-Compass-11M/resolve/main/data/2025/chongqing/school-admission.csv,2026-09-20T07:29:44+00:00
1530.0,包头铁道职业技术学院,,neimenggu,,普通本科,,公办,https://hf-mirror.com/datasets/choucsan/Gaokao-Compass-11M/resolve/main/data/2025/chongqing/school-admission.csv,2026-09-20T07:29:44+00:00
2167.0,辽宁石化职业技术学院,,liaoning,,普通本科,,公办,https://hf-mirror.com/datasets/choucsan/Gaokao-Compass-11M/resolve/main/data/2025/chongqing/school-admission.csv,2026-09-20T07:29:44+00:00
2184.0,大连航运职业技术学院,,liaoning,,民办/独立学院,,民办,https://hf-mirror.com/datasets/choucsan/Gaokao-Compass-11M/resolve/main/data/2025/chongqing/school-admission.csv,2026-09-20T07:29:44+00:00
2229.0,辽源职业技术学院,,jilin,,普通本科,,公办,https://hf-mirror.com/datasets/choucsan/Gaokao-Compass-11M/resolve/main/data/2025/chongqing/school-admission.csv,2026-09-20T07:29:44+00:00
2260.0,梅河口康美职业技术学院,,jilin,,民办/独立学院,,民办,https://hf-mirror.com/datasets/choucsan/Gaokao-Compass-11M/resolve/main/data/2025/chongqing/school-admission.csv,2026-09-20T07:29:44+00:00
2323.0,黑龙江建筑职业技术学院,,heilongjiang,,普通本科,,公办,https://hf-mirror.com/datasets/choucsan/Gaokao-Compass-11M/resolve/main/data/2025/chongqing/school-admission.csv,2026-09-20T07:29:44+00:00
2343.0,哈尔滨职业技术大学,,heilongjiang,,普通本科,,公办,https://hf-mirror.com/datasets/choucsan/Gaokao-Compass-11M/resolve/main/data/2025/chongqing/school-admission.csv,2026-09-20T07:29:44+00:00
2362.0,黑龙江司法警官职业学院,,heilongjiang,,普通本科,,公办,https://hf-mirror.com/datasets/choucsan/Gaokao-Compass-11M/resolve/main/data/2025/chongqing/school-admission.csv,2026-09-20T07:29:44+00:00
3149.0,上海电子信息职业技术学院,,shanghai,,普通本科,,公办,https://hf-mirror.com/datasets/choucsan/Gaokao-Compass-11M/resolve/main/data/2025/chongqing/school-admission.csv,2026-09-20T07:29:44+00:00
3238.0,江苏食品药品职业技术学院,,jiangsu,,普通本科,,公办,https://hf-mirror.com/datasets/choucsan/Gaokao-Compass-11M/resolve/main/data/2025/chongqing/school-admission.csv,2026-09-20T07:29:44+00:00
3292.0,明达职业技术学院,,jiangsu,,民办/独立学院,,民办,https://hf-mirror.com/datasets/choucsan/Gaokao-Compass-11M/resolve/main/data/2025/chongqing/school-admission.csv,2026-09-20T07:29:44+00:00
3464.0,合肥职业技术学院,,anhui,,普通本科,,公办,https://hf-mirror.com/datasets/choucsan/Gaokao-Compass-11M/resolve/main/data/2025/chongqing/school-admission.csv,2026-09-20T07:29:44+00:00
3548.0,厦门兴才职业技术学院,,fujian,,民办/独立学院,,民办,https://hf-mirror.com/datasets/choucsan/Gaokao-Compass-11M/resolve/main/data/2025/chongqing/school-admission.csv,2026-09-20T07:29:44+00:00
3550.0,厦门软件职业技术学院,,fujian,,民办/独立学院,,民办,https://hf-mirror.com/datasets/choucsan/Gaokao-Compass-11M/resolve/main/data/2025/chongqing/school-admission.csv,2026-09-20T07:29:44+00:00
3551.0,厦门南洋职业学院,,fujian,,民办/独立学院,,民办,https://hf-mirror.com/datasets/choucsan/Gaokao-Compass-11M/resolve/main/data/2025/chongqing/school-admission.csv,2026-09-20T07:29:44+00:00
3572.0,漳州科技职业学院,,fujian,,民办/独立学院,,民办,https://hf-mirror.com/datasets/choucsan/Gaokao-Compass-11M/resolve/main/data/2025/chongqing/school-admission.csv,2026-09-20T07:29:44+00:00
3582.0,武夷山职业学院,,fujian,,民办/独立学院,,民办,https://hf-mirror.com/datasets/choucsan/Gaokao-Compass-11M/resolve/main/data/2025/chongqing/school-admission.csv,2026-09-20T07:29:44+00:00
3634.0,江西工业职业技术学院,,jiangxi,,普通本科,,公办,https://hf-mirror.com/datasets/choucsan/Gaokao-Compass-11M/resolve/main/data/2025/chongqing/school-admission.csv,2026-09-20T07:29:44+00:00
3666.0,赣西科技职业学院,,jiangxi,,民办/独立学院,,民办,https://hf-mirror.com/datasets/choucsan/Gaokao-Compass-11M/resolve/main/data/2025/chongqing/school-admission.csv,2026-09-20T07:29:44+00:00
3688.0,江西师范高等专科学校,,jiangxi,,普通本科,,公办,https://hf-mirror.com/datasets/choucsan/Gaokao-Compass-11M/resolve/main/data/2025/chongqing/school-admission.csv,2026-09-20T07:29:44+00:00
3782.0,山东职业学院,,shandong,,普通本科,,公办,https://hf-mirror.com/datasets/choucsan/Gaokao-Compass-11M/resolve/main/data/2025/chongqing/school-admission.csv,2026-09-20T07:29:44+00:00
3783.0,山东铝业职业学院,,shandong,,普通本科,,公办,https://hf-mirror.com/datasets/choucsan/Gaokao-Compass-11M/resolve/main/data/2025/chongqing/school-admission.csv,2026-09-20T07:29:44+00:00
4140.0,河南工业职业技术学院,,henan,,普通本科,,公办,https://hf-mirror.com/datasets/choucsan/Gaokao-Compass-11M/resolve/main/data/2025/chongqing/school-admission.csv,2026-09-20T07:29:44+00:00
4161.0,漯河医学高等专科学校,,henan,,普通本科,,公办,https://hf-mirror.com/datasets/choucsan/Gaokao-Compass-11M/resolve/main/data/2025/chongqing/school-admission.csv,2026-09-20T07:29:44+00:00
4179.0,商丘医学高等专科学校,,henan,,普通本科,,公办,https://hf-mirror.com/datasets/choucsan/Gaokao-Compass-11M/resolve/main/data/2025/chongqing/school-admission.csv,2026-09-20T07:29:44+00:00
4332.0,湖南信息职业技术学院,,hunan,,普通本科,,公办,https://hf-mirror.com/datasets/choucsan/Gaokao-Compass-11M/resolve/main/data/2025/chongqing/school-admission.csv,2026-09-20T07:29:44+00:00
4390.0,长沙商贸旅游职业技术学院,,hunan,,普通本科,,公办,https://hf-mirror.com/datasets/choucsan/Gaokao-Compass-11M/resolve/main/data/2025/chongqing/school-admission.csv,2026-09-20T07:29:44+00:00
4458.0,深圳职业技术大学,,guangdong,,普通本科,,公办,https://hf-mirror.com/datasets/choucsan/Gaokao-Compass-11M/resolve/main/data/2025/chongqing/school-admission.csv,2026-09-20T07:29:44+00:00
4572.0,广西科技职业学院,,guangxi,,民办/独立学院,,民办,https://hf-mirror.com/datasets/choucsan/Gaokao-Compass-11M/resolve/main/data/2025/chongqing/school-admission.csv,2026-09-20T07:29:44+00:00
4609.0,海南工商职业学院,,hainan,,民办/独立学院,,民办,https://hf-mirror.com/datasets/choucsan/Gaokao-Compass-11M/resolve/main/data/2025/chongqing/school-admission.csv,2026-09-20T07:29:44+00:00
5147.0,四川电力职业技术学院,,sichuan,,普通本科,,公办,https://hf-mirror.com/datasets/choucsan/Gaokao-Compass-11M/resolve/main/data/2025/chongqing/school-admission.csv,2026-09-20T07:29:44+00:00
5172.0,自贡职业技术学院,,sichuan,,民办/独立学院,,民办,https://hf-mirror.com/datasets/choucsan/Gaokao-Compass-11M/resolve/main/data/2025/chongqing/school-admission.csv,2026-09-20T07:29:44+00:00
5173.0,雅安职业技术学院,,sichuan,,普通本科,,公办,https://hf-mirror.com/datasets/choucsan/Gaokao-Compass-11M/resolve/main/data/2025/chongqing/school-admission.csv,2026-09-20T07:29:44+00:00
5189.0,四川中医药高等专科学校,,sichuan,,普通本科,,公办,https://hf-mirror.com/datasets/choucsan/Gaokao-Compass-11M/resolve/main/data/2025/chongqing/school-admission.csv,2026-09-20T07:29:44+00:00
5217.0,黔南民族医学高等专科学校,,guizhou,,普通本科,,公办,https://hf-mirror.com/datasets/choucsan/Gaokao-Compass-11M/resolve/main/data/2025/chongqing/school-admission.csv,2026-09-20T07:29:44+00:00
5218.0,贵州航天职业技术学院,,guizhou,,普通本科,,公办,https://hf-mirror.com/datasets/choucsan/Gaokao-Compass-11M/resolve/main/data/2025/chongqing/school-admission.csv,2026-09-20T07:29:44+00:00
5219.0,贵州交通职业大学,,guizhou,,普通本科,,公办,https://hf-mirror.com/datasets/choucsan/Gaokao-Compass-11M/resolve/main/data/2025/chongqing/school-admission.csv,2026-09-20T07:29:44+00:00
5224.0,贵州工业职业技术学院,,guizhou,,普通本科,,公办,https://hf-mirror.com/datasets/choucsan/Gaokao-Compass-11M/resolve/main/data/2025/chongqing/school-admission.csv,2026-09-20T07:29:44+00:00
5228.0,贵州电子信息职业技术学院,,guizhou,,普通本科,,公办,https://hf-mirror.com/datasets/choucsan/Gaokao-Compass-11M/resolve/main/data/2025/chongqing/school-admission.csv,2026-09-20T07:29:44+00:00
5283.0,贵州传媒职业学院,,guizhou,,普通本科,,公办,https://hf-mirror.com/datasets/choucsan/Gaokao-Compass-11M/resolve/main/data/2025/chongqing/school-admission.csv,2026-09-20T07:29:44+00:00
5284.0,黔东南理工职业学院,,guizhou,,普通本科,,公办,https://hf-mirror.com/datasets/choucsan/Gaokao-Compass-11M/resolve/main/data/2025/chongqing/school-admission.csv,2026-09-20T07:29:44+00:00
5321.0,云南国土资源职业学院,,yunnan,,普通本科,,公办,https://hf-mirror.com/datasets/choucsan/Gaokao-Compass-11M/resolve/main/data/2025/chongqing/school-admission.csv,2026-09-20T07:29:44+00:00
5331.0,云南机电职业技术学院,,yunnan,,普通本科,,公办,https://hf-mirror.com/datasets/choucsan/Gaokao-Compass-11M/resolve/main/data/2025/chongqing/school-admission.csv,2026-09-20T07:29:44+00:00
5333.0,云南交通职业技术学院,,yunnan,,普通本科,,公办,https://hf-mirror.com/datasets/choucsan/Gaokao-Compass-11M/resolve/main/data/2025/chongqing/school-admission.csv,2026-09-20T07:29:44+00:00
5335.0,玉溪农业职业技术学院,,yunnan,,普通本科,,公办,https://hf-mirror.com/datasets/choucsan/Gaokao-Compass-11M/resolve/main/data/2025/chongqing/school-admission.csv,2026-09-20T07:29:44+00:00
5350.0,云南经贸外事职业学院,,yunnan,,民办/独立学院,,民办,https://hf-mirror.com/datasets/choucsan/Gaokao-Compass-11M/resolve/main/data/2025/chongqing/school-admission.csv,2026-09-20T07:29:44+00:00
5355.0,昆明工业职业技术学院,,yunnan,,普通本科,,公办,https://hf-mirror.com/datasets/choucsan/Gaokao-Compass-11M/resolve/main/data/2025/chongqing/school-admission.csv,2026-09-20T07:29:44+00:00
5374.0,云南三鑫职业技术学院,,yunnan,,民办/独立学院,,民办,https://hf-mirror.com/datasets/choucsan/Gaokao-Compass-11M/resolve/main/data/2025/chongqing/school-admission.csv,2026-09-20T07:29:44+00:00
5379.0,大理农林职业技术学院,,yunnan,,普通本科,,公办,https://hf-mirror.com/datasets/choucsan/Gaokao-Compass-11M/resolve/main/data/2025/chongqing/school-admission.csv,2026-09-20T07:29:44+00:00
5384.0,昆明铁道职业技术学院,,yunnan,,普通本科,,公办,https://hf-mirror.com/datasets/choucsan/Gaokao-Compass-11M/resolve/main/data/2025/chongqing/school-admission.csv,2026-09-20T07:29:44+00:00
6196.0,汉中职业技术学院,,shaanxi,,普通本科,,公办,https://hf-mirror.com/datasets/choucsan/Gaokao-Compass-11M/resolve/main/data/2025/chongqing/school-admission.csv,2026-09-20T07:29:44+00:00
6308.0,青海卫生职业技术学院,,qinghai,,普通本科,,公办,https://hf-mirror.com/datasets/choucsan/Gaokao-Compass-11M/resolve/main/data/2025/chongqing/school-admission.csv,2026-09-20T07:29:44+00:00
6512.0,新疆工程学院,,xinjiang,,普通本科,,公办,https://hf-mirror.com/datasets/choucsan/Gaokao-Compass-11M/resolve/main/data/2025/chongqing/school-admission.csv,2026-09-20T07:29:44+00:00
6516.0,新疆轻工职业技术学院,,xinjiang,,普通本科,,公办,https://hf-mirror.com/datasets/choucsan/Gaokao-Compass-11M/resolve/main/data/2025/chongqing/school-admission.csv,2026-09-20T07:29:44+00:00
6545.0,阿克苏职业技术学院,,xinjiang,,普通本科,,公办,https://hf-mirror.com/datasets/choucsan/Gaokao-Compass-11M/resolve/main/data/2025/chongqing/school-admission.csv,2026-09-20T07:29:44+00:00
6553.0,克孜勒苏职业技术学院,,xinjiang,,普通本科,,公办,https://hf-mirror.com/datasets/choucsan/Gaokao-Compass-11M/resolve/main/data/2025/chongqing/school-admission.csv,2026-09-20T07:29:44+00:00
6560.0,图木舒克职业技术学院,,xinjiang,,普通本科,,公办,https://hf-mirror.com/datasets/choucsan/Gaokao-Compass-11M/resolve/main/data/2025/chongqing/school-admission.csv,2026-09-20T07:29:44+00:00
1684.0,内江卫生与健康职业学院,,sichuan,,普通本科,,公办,https://hf-mirror.com/datasets/choucsan/Gaokao-Compass-11M/resolve/main/data/2025/chongqing/school-admission.csv,2026-09-20T07:29:44+00:00
2495.0,宿州航空职业学院,,anhui,,民办/独立学院,,民办,https://hf-mirror.com/datasets/choucsan/Gaokao-Compass-11M/resolve/main/data/2025/chongqing/school-admission.csv,2026-09-20T07:29:44+00:00
8158.0,广州铁路职业技术学院,,guangdong,,普通本科,,公办,https://hf-mirror.com/datasets/choucsan/Gaokao-Compass-11M/resolve/main/data/2025/chongqing/school-admission.csv,2026-09-20T07:29:44+00:00
8308.0,廊坊职业技术学院,,hebei,,普通本科,,公办,https://hf-mirror.com/datasets/choucsan/Gaokao-Compass-11M/resolve/main/data/2025/chongqing/school-admission.csv,2026-09-20T07:29:44+00:00
2765.0,汕尾职业技术学院,,guangdong,,普通本科,,公办,https://hf-mirror.com/datasets/choucsan/Gaokao-Compass-11M/resolve/main/data/2025/chongqing/school-admission.csv,2026-09-20T07:29:44+00:00
8261.0,江苏医药职业学院,,jiangsu,,普通本科,,公办,https://hf-mirror.com/datasets/choucsan/Gaokao-Compass-11M/resolve/main/data/2025/chongqing/school-admission.csv,2026-09-20T07:29:44+00:00
1297.0,江苏卫生健康职业学院,,jiangsu,,普通本科,,公办,https://hf-mirror.com/datasets/choucsan/Gaokao-Compass-11M/resolve/main/data/2025/chongqing/school-admission.csv,2026-09-20T07:29:44+00:00
8193.0,河南轻工职业学院,,henan,,普通本科,,公办,https://hf-mirror.com/datasets/choucsan/Gaokao-Compass-11M/resolve/main/data/2025/chongqing/school-admission.csv,2026-09-20T07:29:44+00:00
709.0,硅湖职业技术学院,,jiangsu,,民办/独立学院,,民办,https://hf-mirror.com/datasets/choucsan/Gaokao-Compass-11M/resolve/main/data/2025/chongqing/school-admission.csv,2026-09-20T07:29:44+00:00
8532.0,资阳口腔职业学院,,sichuan,,民办/独立学院,,民办,https://hf-mirror.com/datasets/choucsan/Gaokao-Compass-11M/resolve/main/data/2025/chongqing/school-admission.csv,2026-09-20T07:29:44+00:00
8092.0,郴州智能科技职业学院,,hunan,,民办/独立学院,,民办,https://hf-mirror.com/datasets/choucsan/Gaokao-Compass-11M/resolve/main/data/2025/chongqing/school-admission.csv,2026-09-20T07:29:44+00:00
4156.0,河南交通职业技术学院,,henan,,普通本科,,公办,https://hf-mirror.com/datasets/choucsan/Gaokao-Compass-11M/resolve/main/data/2025/chongqing/school-admission.csv,2026-09-20T07:29:44+00:00
5166.0,四川邮电职业技术学院,,sichuan,,普通本科,,公办,https://hf-mirror.com/datasets/choucsan/Gaokao-Compass-11M/resolve/main/data/2025/chongqing/school-admission.csv,2026-09-20T07:29:44+00:00
9332.0,宁夏职业技术大学,,ningxia,,普通本科,,公办,https://hf-mirror.com/datasets/choucsan/Gaokao-Compass-11M/resolve/main/data/2025/chongqing/school-admission.csv,2026-09-20T07:29:44+00:00
1190.0,北京协和医学院,,beijing,,普通本科,,公办,https://hf-mirror.com/datasets/choucsan/Gaokao-Compass-11M/resolve/main/data/2025/chongqing/school-admission.csv,2026-09-20T07:29:44+00:00
1206.0,天津理工大学,,tianjin,,普通本科,,公办,https://hf-mirror.com/datasets/choucsan/Gaokao-Compass-11M/resolve/main/data/2025/chongqing/school-admission.csv,2026-09-20T07:29:44+00:00
1217.0,天津中德应用技术大学,,tianjin,,普通本科,,公办,https://hf-mirror.com/datasets/choucsan/Gaokao-Compass-11M/resolve/main/data/2025/chongqing/school-admission.csv,2026-09-20T07:29:44+00:00
1218.0,天津医科大学,,tianjin,,211,,公办,https://hf-mirror.com/datasets/choucsan/Gaokao-Compass-11M/resolve/main/data/2025/chongqing/school-admission.csv,2026-09-20T07:29:44+00:00
1306.0,邯郸学院,,hebei,,普通本科,,公办,https://hf-mirror.com/datasets/choucsan/Gaokao-Compass-11M/resolve/main/data/2025/chongqing/school-admission.csv,2026-09-20T07:29:44+00:00
1311.0,中国人民警察大学,,hebei,,普通本科,,公办,https://hf-mirror.com/datasets/choucsan/Gaokao-Compass-11M/resolve/main/data/2025/chongqing/school-admission.csv,2026-09-20T07:29:44+00:00
1316.0,河北工程大学科信学院,,hebei,,民办/独立学院,,民办,https://hf-mirror.com/datasets/choucsan/Gaokao-Compass-11M/resolve/main/data/2025/chongqing/school-admission.csv,2026-09-20T07:29:44+00:00
1353.0,河北农业大学,,hebei,,普通本科,,公办,https://hf-mirror.com/datasets/choucsan/Gaokao-Compass-11M/resolve/main/data/2025/chongqing/school-admission.csv,2026-09-20T07:29:44+00:00
1373.0,河北工程技术学院,,hebei,,民办/独立学院,,民办,https://hf-mirror.com/datasets/choucsan/Gaokao-Compass-11M/resolve/main/data/2025/chongqing/school-admission.csv,2026-09-20T07:29:44+00:00
1423.0,山西工学院,,shanxi,,普通本科,,公办,https://hf-mirror.com/datasets/choucsan/Gaokao-Compass-11M/resolve/main/data/2025/chongqing/school-admission.csv,2026-09-20T07:29:44+00:00
1445.0,晋中学院,,shanxi,,普通本科,,公办,https://hf-mirror.com/datasets/choucsan/Gaokao-Compass-11M/resolve/main/data/2025/chongqing/school-admission.csv,2026-09-20T07:29:44+00:00
6644.0,山西电子科技学院,,shanxi,,普通本科,,公办,https://hf-mirror.com/datasets/choucsan/Gaokao-Compass-11M/resolve/main/data/2025/chongqing/school-admission.csv,2026-09-20T07:29:44+00:00
1508.0,内蒙古农业大学,,neimenggu,,普通本科,,公办,https://hf-mirror.com/datasets/choucsan/Gaokao-Compass-11M/resolve/main/data/2025/chongqing/school-admission.csv,2026-09-20T07:29:44+00:00
1510.0,呼伦贝尔学院,,neimenggu,,普通本科,,公办,https://hf-mirror.com/datasets/choucsan/Gaokao-Compass-11M/resolve/main/data/2025/chongqing/school-admission.csv,2026-09-20T07:29:44+00:00
1515.0,内蒙古医科大学,,neimenggu,,普通本科,,公办,https://hf-mirror.com/datasets/choucsan/Gaokao-Compass-11M/resolve/main/data/2025/chongqing/school-admission.csv,2026-09-20T07:29:44+00:00
1556.0,内蒙古科技大学包头医学院,,neimenggu,,普通本科,,公办,https://hf-mirror.com/datasets/choucsan/Gaokao-Compass-11M/resolve/main/data/2025/chongqing/school-admission.csv,2026-09-20T07:29:44+00:00
2102.0,沈阳工业大学,,liaoning,,普通本科,,公办,https://hf-mirror.com/datasets/choucsan/Gaokao-Compass-11M/resolve/main/data/2025/chongqing/school-admission.csv,2026-09-20T07:29:44+00:00
2105.0,东北大学,,liaoning,,985,,公办,https://hf-mirror.com/datasets/choucsan/Gaokao-Compass-11M/resolve/main/data/2025/chongqing/school-admission.csv,2026-09-20T07:29:44+00:00
2106.0,辽宁科技大学,,liaoning,,普通本科,,公办,https://hf-mirror.com/datasets/choucsan/Gaokao-Compass-11M/resolve/main/data/2025/chongqing/school-admission.csv,2026-09-20T07:29:44+00:00
2116.0,中国医科大学,,liaoning,,普通本科,,公办,https://hf-mirror.com/datasets/choucsan/Gaokao-Compass-11M/resolve/main/data/2025/chongqing/school-admission.csv,2026-09-20T07:29:44+00:00
2117.0,锦州医科大学,,liaoning,,普通本科,,公办,https://hf-mirror.com/datasets/choucsan/Gaokao-Compass-11M/resolve/main/data/2025/chongqing/school-admission.csv,2026-09-20T07:29:44+00:00
2119.0,沈阳药科大学,,liaoning,,普通本科,,公办,https://hf-mirror.com/datasets/choucsan/Gaokao-Compass-11M/resolve/main/data/2025/chongqing/school-admission.csv,2026-09-20T07:29:44+00:00
2130.0,沈阳工程学院,,liaoning,,普通本科,,公办,https://hf-mirror.com/datasets/choucsan/Gaokao-Compass-11M/resolve/main/data/2025/chongqing/school-admission.csv,2026-09-20T07:29:44+00:00
2160.0,沈阳城市建设学院,,liaoning,,民办/独立学院,,民办,https://hf-mirror.com/datasets/choucsan/Gaokao-Compass-11M/resolve/main/data/2025/chongqing/school-admission.csv,2026-09-20T07:29:44+00:00
2161.0,锦州医科大学医疗学院,,liaoning,,民办/独立学院,,民办,https://hf-mirror.com/datasets/choucsan/Gaokao-Compass-11M/resolve/main/data/2025/chongqing/school-admission.csv,2026-09-20T07:29:44+00:00
2162.0,辽宁传媒学院,,liaoning,,民办/独立学院,,民办,https://hf-mirror.com/datasets/choucsan/Gaokao-Compass-11M/resolve/main/data/2025/chongqing/school-admission.csv,2026-09-20T07:29:44+00:00
2177.0,大连理工大学,,liaoning,,985,,公办,https://hf-mirror.com/datasets/choucsan/Gaokao-Compass-11M/resolve/main/data/2025/chongqing/school-admission.csv,2026-09-20T07:29:44+00:00
2178.0,大连海洋大学,,liaoning,,普通本科,,公办,https://hf-mirror.com/datasets/choucsan/Gaokao-Compass-11M/resolve/main/data/2025/chongqing/school-admission.csv,2026-09-20T07:29:44+00:00
2194.0,大连医科大学中山学院,,liaoning,,民办/独立学院,,民办,https://hf-mirror.com/datasets/choucsan/Gaokao-Compass-11M/resolve/main/data/2025/chongqing/school-admission.csv,2026-09-20T07:29:44+00:00
2209.0,通化师范学院,,jilin,,普通本科,,公办,https://hf-mirror.com/datasets/choucsan/Gaokao-Compass-11M/resolve/main/data/2025/chongqing/school-admission.csv,2026-09-20T07:29:44+00:00
2241.0,长春电子科技学院,,jilin,,民办/独立学院,,民办,https://hf-mirror.com/datasets/choucsan/Gaokao-Compass-11M/resolve/main/data/2025/chongqing/school-admission.csv,2026-09-20T07:29:44+00:00
2328.0,哈尔滨信息工程学院,,heilongjiang,,民办/独立学院,,民办,https://hf-mirror.com/datasets/choucsan/Gaokao-Compass-11M/resolve/main/data/2025/chongqing/school-admission.csv,2026-09-20T07:29:44+00:00
3103.0,上海交通大学,,shanghai,,985,,公办,https://hf-mirror.com/datasets/choucsan/Gaokao-Compass-11M/resolve/main/data/2025/chongqing/school-admission.csv,2026-09-20T07:29:44+00:00
3108.0,上海电力大学,,shanghai,,普通本科,,公办,https://hf-mirror.com/datasets/choucsan/Gaokao-Compass-11M/resolve/main/data/2025/chongqing/school-admission.csv,2026-09-20T07:29:44+00:00
3139.0,上海工程技术大学,,shanghai,,普通本科,,公办,https://hf-mirror.com/datasets/choucsan/Gaokao-Compass-11M/resolve/main/data/2025/chongqing/school-admission.csv,2026-09-20T07:29:44+00:00
3145.0,上海电机学院,,shanghai,,普通本科,,公办,https://hf-mirror.com/datasets/choucsan/Gaokao-Compass-11M/resolve/main/data/2025/chongqing/school-admission.csv,2026-09-20T07:29:44+00:00
3151.0,上海交通大学医学院,,shanghai,,985,,公办,https://hf-mirror.com/datasets/choucsan/Gaokao-Compass-11M/resolve/main/data/2025/chongqing/school-admission.csv,2026-09-20T07:29:44+00:00
3159.0,上海应用技术大学,,shanghai,,普通本科,,公办,https://hf-mirror.com/datasets/choucsan/Gaokao-Compass-11M/resolve/main/data/2025/chongqing/school-admission.csv,2026-09-20T07:29:44+00:00
3179.0,复旦大学上海医学院,,shanghai,,985,,公办,https://hf-mirror.com/datasets/choucsan/Gaokao-Compass-11M/resolve/main/data/2025/chongqing/school-admission.csv,2026-09-20T07:29:44+00:00
3204.0,南京航空航天大学,,jiangsu,,211,,公办,https://hf-mirror.com/datasets/choucsan/Gaokao-Compass-11M/resolve/main/data/2025/chongqing/school-admission.csv,2026-09-20T07:29:44+00:00
3214.0,南京林业大学,,jiangsu,,普通本科,,公办,https://hf-mirror.com/datasets/choucsan/Gaokao-Compass-11M/resolve/main/data/2025/chongqing/school-admission.csv,2026-09-20T07:29:44+00:00
3217.0,南京农业大学,,jiangsu,,211,,公办,https://hf-mirror.com/datasets/choucsan/Gaokao-Compass-11M/resolve/main/data/2025/chongqing/school-admission.csv,2026-09-20T07:29:44+00:00
3218.0,南京中医药大学,,jiangsu,,普通本科,,公办,https://hf-mirror.com/datasets/choucsan/Gaokao-Compass-11M/resolve/main/data/2025/chongqing/school-admission.csv,2026-09-20T07:29:44+00:00
3230.0,陆军工程大学,,jiangsu,,普通本科,,公办,https://hf-mirror.com/datasets/choucsan/Gaokao-Compass-11M/resolve/main/data/2025/chongqing/school-admission.csv,2026-09-20T07:29:44+00:00
3252.0,南京医科大学,,jiangsu,,普通本科,,公办,https://hf-mirror.com/datasets/choucsan/Gaokao-Compass-11M/resolve/main/data/2025/chongqing/school-admission.csv,2026-09-20T07:29:44+00:00
3258.0,南京邮电大学通达学院,,jiangsu,,民办/独立学院,,民办,https://hf-mirror.com/datasets/choucsan/Gaokao-Compass-11M/resolve/main/data/2025/chongqing/school-admission.csv,2026-09-20T07:29:44+00:00
3264.0,盐城工学院,,jiangsu,,普通本科,,公办,https://hf-mirror.com/datasets/choucsan/Gaokao-Compass-11M/resolve/main/data/2025/chongqing/school-admission.csv,2026-09-20T07:29:44+00:00
3338.0,浙大宁波理工学院,,zhejiang,,普通本科,,公办,https://hf-mirror.com/datasets/choucsan/Gaokao-Compass-11M/resolve/main/data/2025/chongqing/school-admission.csv,2026-09-20T07:29:44+00:00
3343.0,温州理工学院,,zhejiang,,普通本科,,公办,https://hf-mirror.com/datasets/choucsan/Gaokao-Compass-11M/resolve/main/data/2025/chongqing/school-admission.csv,2026-09-20T07:29:44+00:00
3358.0,浙江大学医学院,,zhejiang,,985,,公办,https://hf-mirror.com/datasets/choucsan/Gaokao-Compass-11M/resolve/main/data/2025/chongqing/school-admission.csv,2026-09-20T07:29:44+00:00
3401.0,中国科学技术大学,,anhui,,985,,公办,https://hf-mirror.com/datasets/choucsan/Gaokao-Compass-11M/resolve/main/data/2025/chongqing/school-admission.csv,2026-09-20T07:29:44+00:00
3404.0,安徽理工大学,,anhui,,普通本科,,公办,https://hf-mirror.com/datasets/choucsan/Gaokao-Compass-11M/resolve/main/data/2025/chongqing/school-admission.csv,2026-09-20T07:29:44+00:00
3408.0,安徽科技学院,,anhui,,普通本科,,公办,https://hf-mirror.com/datasets/choucsan/Gaokao-Compass-11M/resolve/main/data/2025/chongqing/school-admission.csv,2026-09-20T07:29:44+00:00
6820.0,安徽医科大学临床医学院,,anhui,,普通本科,,独立学院,https://hf-mirror.com/datasets/choucsan/Gaokao-Compass-11M/resolve/main/data/2025/chongqing/school-admission.csv,2026-09-20T07:29:44+00:00
3469.0,安徽新华学院,,anhui,,民办/独立学院,,民办,https://hf-mirror.com/datasets/choucsan/Gaokao-Compass-11M/resolve/main/data/2025/chongqing/school-admission.csv,2026-09-20T07:29:44+00:00
3504.0,福建理工大学,,fujian,,普通本科,,公办,https://hf-mirror.com/datasets/choucsan/Gaokao-Compass-11M/resolve/main/data/2025/chongqing/school-admission.csv,2026-09-20T07:29:44+00:00
3505.0,福建医科大学,,fujian,,普通本科,,公办,https://hf-mirror.com/datasets/choucsan/Gaokao-Compass-11M/resolve/main/data/2025/chongqing/school-admission.csv,2026-09-20T07:29:44+00:00
3543.0,福建中医药大学,,fujian,,普通本科,,公办,https://hf-mirror.com/datasets/choucsan/Gaokao-Compass-11M/resolve/main/data/2025/chongqing/school-admission.csv,2026-09-20T07:29:44+00:00
3555.0,泉州师范学院,,fujian,,普通本科,,公办,https://hf-mirror.com/datasets/choucsan/Gaokao-Compass-11M/resolve/main/data/2025/chongqing/school-admission.csv,2026-09-20T07:29:44+00:00
3561.0,厦门华厦学院,,fujian,,民办/独立学院,,民办,https://hf-mirror.com/datasets/choucsan/Gaokao-Compass-11M/resolve/main/data/2025/chongqing/school-admission.csv,2026-09-20T07:29:44+00:00
3571.0,泉州信息工程学院,,fujian,,民办/独立学院,,民办,https://hf-mirror.com/datasets/choucsan/Gaokao-Compass-11M/resolve/main/data/2025/chongqing/school-admission.csv,2026-09-20T07:29:44+00:00
3576.0,闽南师范大学,,fujian,,普通本科,,公办,https://hf-mirror.com/datasets/choucsan/Gaokao-Compass-11M/resolve/main/data/2025/chongqing/school-admission.csv,2026-09-20T07:29:44+00:00
3581.0,厦门医学院,,fujian,,普通本科,,公办,https://hf-mirror.com/datasets/choucsan/Gaokao-Compass-11M/resolve/main/data/2025/chongqing/school-admission.csv,2026-09-20T07:29:44+00:00
3601.0,华东交通大学,,jiangxi,,普通本科,,公办,https://hf-mirror.com/datasets/choucsan/Gaokao-Compass-11M/resolve/main/data/2025/chongqing/school-admission.csv,2026-09-20T07:29:44+00:00
3608.0,赣南医科大学,,jiangxi,,普通本科,,公办,https://hf-mirror.com/datasets/choucsan/Gaokao-Compass-11M/resolve/main/data/2025/chongqing/school-admission.csv,2026-09-20T07:29:44+00:00
3620.0,南昌大学科学技术学院,,jiangxi,,民办/独立学院,,民办,https://hf-mirror.com/datasets/choucsan/Gaokao-Compass-11M/resolve/main/data/2025/chongqing/school-admission.csv,2026-09-20T07:29:44+00:00
3624.0,赣东学院,,jiangxi,,普通本科,,公办,https://hf-mirror.com/datasets/choucsan/Gaokao-Compass-11M/resolve/main/data/2025/chongqing/school-admission.csv,2026-09-20T07:29:44+00:00
3625.0,南昌航空大学科技学院,,jiangxi,,民办/独立学院,,民办,https://hf-mirror.com/datasets/choucsan/Gaokao-Compass-11M/resolve/main/data/2025/chongqing/school-admission.csv,2026-09-20T07:29:44+00:00
3662.0,景德镇艺术职业大学,,jiangxi,,民办/独立学院,,民办,https://hf-mirror.com/datasets/choucsan/Gaokao-Compass-11M/resolve/main/data/2025/chongqing/school-admission.csv,2026-09-20T07:29:44+00:00
3764.0,济宁医学院,,shandong,,普通本科,,公办,https://hf-mirror.com/datasets/choucsan/Gaokao-Compass-11M/resolve/main/data/2025/chongqing/school-admission.csv,2026-09-20T07:29:44+00:00
3778.0,山东工程职业技术大学,,shandong,,民办/独立学院,,民办,https://hf-mirror.com/datasets/choucsan/Gaokao-Compass-11M/resolve/main/data/2025/chongqing/school-admission.csv,2026-09-20T07:29:44+00:00
3796.0,山东中医药大学,,shandong,,普通本科,,公办,https://hf-mirror.com/datasets/choucsan/Gaokao-Compass-11M/resolve/main/data/2025/chongqing/school-admission.csv,2026-09-20T07:29:44+00:00
4110.0,河南医药大学,,henan,,普通本科,,公办,https://hf-mirror.com/datasets/choucsan/Gaokao-Compass-11M/resolve/main/data/2025/chongqing/school-admission.csv,2026-09-20T07:29:44+00:00
4123.0,河南牧业经济学院,,henan,,普通本科,,公办,https://hf-mirror.com/datasets/choucsan/Gaokao-Compass-11M/resolve/main/data/2025/chongqing/school-admission.csv,2026-09-20T07:29:44+00:00
4169.0,信阳师范大学,,henan,,普通本科,,公办,https://hf-mirror.com/datasets/choucsan/Gaokao-Compass-11M/resolve/main/data/2025/chongqing/school-admission.csv,2026-09-20T07:29:44+00:00
4177.0,周口师范学院,,henan,,普通本科,,公办,https://hf-mirror.com/datasets/choucsan/Gaokao-Compass-11M/resolve/main/data/2025/chongqing/school-admission.csv,2026-09-20T07:29:44+00:00
4204.0,武汉纺织大学,,hubei,,普通本科,,公办,https://hf-mirror.com/datasets/choucsan/Gaokao-Compass-11M/resolve/main/data/2025/chongqing/school-admission.csv,2026-09-20T07:29:44+00:00
4206.0,湖北工业大学,,hubei,,普通本科,,公办,https://hf-mirror.com/datasets/choucsan/Gaokao-Compass-11M/resolve/main/data/2025/chongqing/school-admission.csv,2026-09-20T07:29:44+00:00
4246.0,荆楚理工学院,,hubei,,普通本科,,公办,https://hf-mirror.com/datasets/choucsan/Gaokao-Compass-11M/resolve/main/data/2025/chongqing/school-admission.csv,2026-09-20T07:29:44+00:00
4298.0,湖北科技学院,,hubei,,普通本科,,公办,https://hf-mirror.com/datasets/choucsan/Gaokao-Compass-11M/resolve/main/data/2025/chongqing/school-admission.csv,2026-09-20T07:29:44+00:00
4326.0,湖南工学院,,hunan,,普通本科,,公办,https://hf-mirror.com/datasets/choucsan/Gaokao-Compass-11M/resolve/main/data/2025/chongqing/school-admission.csv,2026-09-20T07:29:44+00:00
4328.0,湖南医药学院,,hunan,,普通本科,,公办,https://hf-mirror.com/datasets/choucsan/Gaokao-Compass-11M/resolve/main/data/2025/chongqing/school-admission.csv,2026-09-20T07:29:44+00:00
4353.0,湖南工程学院应用技术学院,,hunan,,民办/独立学院,,民办,https://hf-mirror.com/datasets/choucsan/Gaokao-Compass-11M/resolve/main/data/2025/chongqing/school-admission.csv,2026-09-20T07:29:44+00:00
4368.0,长沙医学院,,hunan,,民办/独立学院,,民办,https://hf-mirror.com/datasets/choucsan/Gaokao-Compass-11M/resolve/main/data/2025/chongqing/school-admission.csv,2026-09-20T07:29:44+00:00
4387.0,湖南中医药大学湘杏学院,,hunan,,民办/独立学院,,民办,https://hf-mirror.com/datasets/choucsan/Gaokao-Compass-11M/resolve/main/data/2025/chongqing/school-admission.csv,2026-09-20T07:29:44+00:00
4398.0,湖南第一师范学院,,hunan,,普通本科,,公办,https://hf-mirror.com/datasets/choucsan/Gaokao-Compass-11M/resolve/main/data/2025/chongqing/school-admission.csv,2026-09-20T07:29:44+00:00
4417.0,广州航海学院,,guangdong,,普通本科,,公办,https://hf-mirror.com/datasets/choucsan/Gaokao-Compass-11M/resolve/main/data/2025/chongqing/school-admission.csv,2026-09-20T07:29:44+00:00
4450.0,广东医科大学,,guangdong,,普通本科,,公办,https://hf-mirror.com/datasets/choucsan/Gaokao-Compass-11M/resolve/main/data/2025/chongqing/school-admission.csv,2026-09-20T07:29:44+00:00
4488.0,广东以色列理工学院,,guangdong,,普通本科,,中外合作办学,https://hf-mirror.com/datasets/choucsan/Gaokao-Compass-11M/resolve/main/data/2025/chongqing/school-admission.csv,2026-09-20T07:29:44+00:00
4507.0,柳州工学院,,guangxi,,民办/独立学院,,民办,https://hf-mirror.com/datasets/choucsan/Gaokao-Compass-11M/resolve/main/data/2025/chongqing/school-admission.csv,2026-09-20T07:29:44+00:00
4516.0,柳州职业技术大学,,guangxi,,普通本科,,公办,https://hf-mirror.com/datasets/choucsan/Gaokao-Compass-11M/resolve/main/data/2025/chongqing/school-admission.csv,2026-09-20T07:29:44+00:00
4618.0,海南比勒费尔德应用科学大学,,hainan,,普通本科,,境外高校独立办学,https://hf-mirror.com/datasets/choucsan/Gaokao-Compass-11M/resolve/main/data/2025/chongqing/school-admission.csv,2026-09-20T07:29:44+00:00
5014.0,中国人民解放军陆军军医大学,,chongqing,,普通本科,,公办,https://hf-mirror.com/datasets/choucsan/Gaokao-Compass-11M/resolve/main/data/2025/chongqing/school-admission.csv,2026-09-20T07:29:44+00:00
5101.0,成都医学院,,sichuan,,普通本科,,公办,https://hf-mirror.com/datasets/choucsan/Gaokao-Compass-11M/resolve/main/data/2025/chongqing/school-admission.csv,2026-09-20T07:29:44+00:00
5167.0,成都东软学院(中外合作办学项目),,sichuan,,普通本科,,中外合作办学,https://hf-mirror.com/datasets/choucsan/Gaokao-Compass-11M/resolve/main/data/2025/chongqing/school-admission.csv,2026-09-20T07:29:44+00:00
5202.0,贵州医科大学,,guizhou,,普通本科,,公办,https://hf-mirror.com/datasets/choucsan/Gaokao-Compass-11M/resolve/main/data/2025/chongqing/school-admission.csv,2026-09-20T07:29:44+00:00
5210.0,贵州中医药大学时珍学院,,guizhou,,民办/独立学院,,民办,https://hf-mirror.com/datasets/choucsan/Gaokao-Compass-11M/resolve/main/data/2025/chongqing/school-admission.csv,2026-09-20T07:29:44+00:00
5213.0,遵义医科大学医学与科技学院,,guizhou,,民办/独立学院,,民办,https://hf-mirror.com/datasets/choucsan/Gaokao-Compass-11M/resolve/main/data/2025/chongqing/school-admission.csv,2026-09-20T07:29:44+00:00
5359.0,普洱学院,,yunnan,,普通本科,,公办,https://hf-mirror.com/datasets/choucsan/Gaokao-Compass-11M/resolve/main/data/2025/chongqing/school-admission.csv,2026-09-20T07:29:44+00:00
5403.0,西藏藏医药大学,,xizang,,普通本科,,公办,https://hf-mirror.com/datasets/choucsan/Gaokao-Compass-11M/resolve/main/data/2025/chongqing/school-admission.csv,2026-09-20T07:29:44+00:00
6103.0,西安理工大学,,shaanxi,,普通本科,,公办,https://hf-mirror.com/datasets/choucsan/Gaokao-Compass-11M/resolve/main/data/2025/chongqing/school-admission.csv,2026-09-20T07:29:44+00:00
6107.0,西安科技大学,,shaanxi,,普通本科,,公办,https://hf-mirror.com/datasets/choucsan/Gaokao-Compass-11M/resolve/main/data/2025/chongqing/school-admission.csv,2026-09-20T07:29:44+00:00
6110.0,西安工程大学,,shaanxi,,普通本科,,公办,https://hf-mirror.com/datasets/choucsan/Gaokao-Compass-11M/resolve/main/data/2025/chongqing/school-admission.csv,2026-09-20T07:29:44+00:00
6120.0,西安邮电大学,,shaanxi,,普通本科,,公办,https://hf-mirror.com/datasets/choucsan/Gaokao-Compass-11M/resolve/main/data/2025/chongqing/school-admission.csv,2026-09-20T07:29:44+00:00
6173.0,陕西中医药大学,,shaanxi,,普通本科,,公办,https://hf-mirror.com/datasets/choucsan/Gaokao-Compass-11M/resolve/main/data/2025/chongqing/school-admission.csv,2026-09-20T07:29:44+00:00
6215.0,兰州博文科技学院,,gansu,,民办/独立学院,,民办,https://hf-mirror.com/datasets/choucsan/Gaokao-Compass-11M/resolve/main/data/2025/chongqing/school-admission.csv,2026-09-20T07:29:44+00:00
6216.0,甘肃农业大学,,gansu,,普通本科,,公办,https://hf-mirror.com/datasets/choucsan/Gaokao-Compass-11M/resolve/main/data/2025/chongqing/school-admission.csv,2026-09-20T07:29:44+00:00
6220.0,兰州信息科技学院,,gansu,,民办/独立学院,,民办,https://hf-mirror.com/datasets/choucsan/Gaokao-Compass-11M/resolve/main/data/2025/chongqing/school-admission.csv,2026-09-20T07:29:44+00:00
6221.0,兰州城市学院,,gansu,,普通本科,,公办,https://hf-mirror.com/datasets/choucsan/Gaokao-Compass-11M/resolve/main/data/2025/chongqing/school-admission.csv,2026-09-20T07:29:44+00:00
6223.0,甘肃林业职业技术大学,,gansu,,普通本科,,公办,https://hf-mirror.com/datasets/choucsan/Gaokao-Compass-11M/resolve/main/data/2025/chongqing/school-admission.csv,2026-09-20T07:29:44+00:00
6229.0,甘肃医学院,,gansu,,普通本科,,公办,https://hf-mirror.com/datasets/choucsan/Gaokao-Compass-11M/resolve/main/data/2025/chongqing/school-admission.csv,2026-09-20T07:29:44+00:00
6313.0,青海理工学院,,qinghai,,普通本科,,公办,https://hf-mirror.com/datasets/choucsan/Gaokao-Compass-11M/resolve/main/data/2025/chongqing/school-admission.csv,2026-09-20T07:29:44+00:00
6408.0,宁夏大学新华学院,,ningxia,,民办/独立学院,,民办,https://hf-mirror.com/datasets/choucsan/Gaokao-Compass-11M/resolve/main/data/2025/chongqing/school-admission.csv,2026-09-20T07:29:44+00:00
6509.0,新疆工业学院,,xinjiang,,普通本科,,公办,https://hf-mirror.com/datasets/choucsan/Gaokao-Compass-11M/resolve/main/data/2025/chongqing/school-admission.csv,2026-09-20T07:29:44+00:00
6523.0,新疆医科大学,,xinjiang,,普通本科,,公办,https://hf-mirror.com/datasets/choucsan/Gaokao-Compass-11M/resolve/main/data/2025/chongqing/school-admission.csv,2026-09-20T07:29:44+00:00
6526.0,塔里木大学,,xinjiang,,普通本科,,公办,https://hf-mirror.com/datasets/choucsan/Gaokao-Compass-11M/resolve/main/data/2025/chongqing/school-admission.csv,2026-09-20T07:29:44+00:00
1638.0,南京理工大学泰州科技学院,,jiangsu,,民办/独立学院,,民办,https://hf-mirror.com/datasets/choucsan/Gaokao-Compass-11M/resolve/main/data/2025/chongqing/school-admission.csv,2026-09-20T07:29:44+00:00
1066.0,湖北医药学院药护学院,,hubei,,民办/独立学院,,民办,https://hf-mirror.com/datasets/choucsan/Gaokao-Compass-11M/resolve/main/data/2025/chongqing/school-admission.csv,2026-09-20T07:29:44+00:00
69.0,西湖大学,,zhejiang,,民办/独立学院,,民办,https://hf-mirror.com/datasets/choucsan/Gaokao-Compass-11M/resolve/main/data/2025/chongqing/school-admission.csv,2026-09-20T07:29:44+00:00
,重庆医科大学莱斯特大学联合学院,,chongqing,,普通本科,,中外合作办学,https://hf-mirror.com/datasets/choucsan/Gaokao-Compass-11M/resolve/main/data/2025/chongqing/school-admission.csv,2026-09-20T07:29:44+00:00
,重庆移通学院德国工程学院,,chongqing,,普通本科,,中外合作办学,https://hf-mirror.com/datasets/choucsan/Gaokao-Compass-11M/resolve/main/data/2025/chongqing/school-admission.csv,2026-09-20T07:29:44+00:00
2517.0,广西农业职业技术大学,,guangxi,,普通本科,,公办,https://hf-mirror.com/datasets/choucsan/Gaokao-Compass-11M/resolve/main/data/2025/fujian/school-admission.csv,2026-09-20T07:29:49+00:00
2549.0,桂林师范学院,,guangxi,,普通本科,,公办,https://hf-mirror.com/datasets/choucsan/Gaokao-Compass-11M/resolve/main/data/2025/fujian/school-admission.csv,2026-09-20T07:29:49+00:00
2734.0,湖北工程学院新技术学院,,hubei,,民办/独立学院,,民办,https://hf-mirror.com/datasets/choucsan/Gaokao-Compass-11M/resolve/main/data/2025/fujian/school-admission.csv,2026-09-20T07:29:49+00:00
2751.0,湖北师范大学文理学院,,hubei,,民办/独立学院,,民办,https://hf-mirror.com/datasets/choucsan/Gaokao-Compass-11M/resolve/main/data/2025/fujian/school-admission.csv,2026-09-20T07:29:49+00:00
3367.0,文华学院,,hubei,,民办/独立学院,,民办,https://hf-mirror.com/datasets/choucsan/Gaokao-Compass-11M/resolve/main/data/2025/fujian/school-admission.csv,2026-09-20T07:29:49+00:00
3379.0,武昌首义学院,,hubei,,民办/独立学院,,民办,https://hf-mirror.com/datasets/choucsan/Gaokao-Compass-11M/resolve/main/data/2025/fujian/school-admission.csv,2026-09-20T07:29:49+00:00
7001.0,福建船政交通职业学院,,fujian,,普通本科,,公办,https://hf-mirror.com/datasets/choucsan/Gaokao-Compass-11M/resolve/main/data/2025/fujian/school-admission.csv,2026-09-20T07:29:49+00:00
7004.0,福建华南女子职业学院,,fujian,,民办/独立学院,,民办,https://hf-mirror.com/datasets/choucsan/Gaokao-Compass-11M/resolve/main/data/2025/fujian/school-admission.csv,2026-09-20T07:29:49+00:00
7005.0,福建林业职业技术学院,,fujian,,普通本科,,公办,https://hf-mirror.com/datasets/choucsan/Gaokao-Compass-11M/resolve/main/data/2025/fujian/school-admission.csv,2026-09-20T07:29:49+00:00
7006.0,福建农业职业技术学院,,fujian,,普通本科,,公办,https://hf-mirror.com/datasets/choucsan/Gaokao-Compass-11M/resolve/main/data/2025/fujian/school-admission.csv,2026-09-20T07:29:49+00:00
7009.0,福建水利电力职业技术学院,,fujian,,普通本科,,公办,https://hf-mirror.com/datasets/choucsan/Gaokao-Compass-11M/resolve/main/data/2025/fujian/school-admission.csv,2026-09-20T07:29:49+00:00
7012.0,福建卫生职业技术学院,,fujian,,普通本科,,公办,https://hf-mirror.com/datasets/choucsan/Gaokao-Compass-11M/resolve/main/data/2025/fujian/school-admission.csv,2026-09-20T07:29:49+00:00
7016.0,福建信息职业技术学院,,fujian,,普通本科,,公办,https://hf-mirror.com/datasets/choucsan/Gaokao-Compass-11M/resolve/main/data/2025/fujian/school-admission.csv,2026-09-20T07:29:49+00:00
7017.0,福建艺术职业学院,,fujian,,普通本科,,公办,https://hf-mirror.com/datasets/choucsan/Gaokao-Compass-11M/resolve/main/data/2025/fujian/school-admission.csv,2026-09-20T07:29:49+00:00
7019.0,福建幼儿师范高等专科学校,,fujian,,普通本科,,公办,https://hf-mirror.com/datasets/choucsan/Gaokao-Compass-11M/resolve/main/data/2025/fujian/school-admission.csv,2026-09-20T07:29:49+00:00
7020.0,福州科技职业技术学院,,fujian,,民办/独立学院,,民办,https://hf-mirror.com/datasets/choucsan/Gaokao-Compass-11M/resolve/main/data/2025/fujian/school-admission.csv,2026-09-20T07:29:49+00:00
7021.0,福州黎明职业技术学院,,fujian,,民办/独立学院,,民办,https://hf-mirror.com/datasets/choucsan/Gaokao-Compass-11M/resolve/main/data/2025/fujian/school-admission.csv,2026-09-20T07:29:49+00:00
7024.0,福州英华职业学院,,fujian,,民办/独立学院,,民办,https://hf-mirror.com/datasets/choucsan/Gaokao-Compass-11M/resolve/main/data/2025/fujian/school-admission.csv,2026-09-20T07:29:49+00:00
7025.0,福州职业技术学院,,fujian,,普通本科,,公办,https://hf-mirror.com/datasets/choucsan/Gaokao-Compass-11M/resolve/main/data/2025/fujian/school-admission.csv,2026-09-20T07:29:49+00:00
7028.0,闽北职业技术学院,,fujian,,普通本科,,公办,https://hf-mirror.com/datasets/choucsan/Gaokao-Compass-11M/resolve/main/data/2025/fujian/school-admission.csv,2026-09-20T07:29:49+00:00
7030.0,闽江师范高等专科学校,,fujian,,普通本科,,公办,https://hf-mirror.com/datasets/choucsan/Gaokao-Compass-11M/resolve/main/data/2025/fujian/school-admission.csv,2026-09-20T07:29:49+00:00
7032.0,宁德职业技术学院,,fujian,,普通本科,,公办,https://hf-mirror.com/datasets/choucsan/Gaokao-Compass-11M/resolve/main/data/2025/fujian/school-admission.csv,2026-09-20T07:29:49+00:00
7034.0,泉州工程职业技术学院,,fujian,,民办/独立学院,,民办,https://hf-mirror.com/datasets/choucsan/Gaokao-Compass-11M/resolve/main/data/2025/fujian/school-admission.csv,2026-09-20T07:29:49+00:00
7035.0,泉州工艺美术职业学院,,fujian,,普通本科,,公办,https://hf-mirror.com/datasets/choucsan/Gaokao-Compass-11M/resolve/main/data/2025/fujian/school-admission.csv,2026-09-20T07:29:49+00:00
7037.0,泉州华光职业学院,,fujian,,民办/独立学院,,民办,https://hf-mirror.com/datasets/choucsan/Gaokao-Compass-11M/resolve/main/data/2025/fujian/school-admission.csv,2026-09-20T07:29:49+00:00
7041.0,泉州医学高等专科学校,,fujian,,普通本科,,公办,https://hf-mirror.com/datasets/choucsan/Gaokao-Compass-11M/resolve/main/data/2025/fujian/school-admission.csv,2026-09-20T07:29:49+00:00
7045.0,泉州幼儿师范高等专科学校,,fujian,,普通本科,,公办,https://hf-mirror.com/datasets/choucsan/Gaokao-Compass-11M/resolve/main/data/2025/fujian/school-admission.csv,2026-09-20T07:29:49+00:00
7050.0,厦门安防科技职业学院,,fujian,,民办/独立学院,,民办,https://hf-mirror.com/datasets/choucsan/Gaokao-Compass-11M/resolve/main/data/2025/fujian/school-admission.csv,2026-09-20T07:29:49+00:00
7052.0,厦门东海职业技术学院,,fujian,,民办/独立学院,,民办,https://hf-mirror.com/datasets/choucsan/Gaokao-Compass-11M/resolve/main/data/2025/fujian/school-admission.csv,2026-09-20T07:29:49+00:00
7053.0,厦门海洋职业技术学院,,fujian,,普通本科,,公办,https://hf-mirror.com/datasets/choucsan/Gaokao-Compass-11M/resolve/main/data/2025/fujian/school-admission.csv,2026-09-20T07:29:49+00:00
7058.0,厦门演艺职业学院,,fujian,,民办/独立学院,,民办,https://hf-mirror.com/datasets/choucsan/Gaokao-Compass-11M/resolve/main/data/2025/fujian/school-admission.csv,2026-09-20T07:29:49+00:00
7059.0,漳州城市职业学院,,fujian,,普通本科,,公办,https://hf-mirror.com/datasets/choucsan/Gaokao-Compass-11M/resolve/main/data/2025/fujian/school-admission.csv,2026-09-20T07:29:49+00:00
7062.0,漳州理工职业学院,,fujian,,民办/独立学院,,民办,https://hf-mirror.com/datasets/choucsan/Gaokao-Compass-11M/resolve/main/data/2025/fujian/school-admission.csv,2026-09-20T07:29:49+00:00
7065.0,漳州卫生职业学院,,fujian,,普通本科,,公办,https://hf-mirror.com/datasets/choucsan/Gaokao-Compass-11M/resolve/main/data/2025/fujian/school-admission.csv,2026-09-20T07:29:49+00:00
8069.0,安徽警官职业学院,,anhui,,普通本科,,公办,https://hf-mirror.com/datasets/choucsan/Gaokao-Compass-11M/resolve/main/data/2025/fujian/school-admission.csv,2026-09-20T07:29:49+00:00
8072.0,蚌埠经济技术职业学院,,anhui,,民办/独立学院,,民办,https://hf-mirror.com/datasets/choucsan/Gaokao-Compass-11M/resolve/main/data/2025/fujian/school-admission.csv,2026-09-20T07:29:49+00:00
8084.0,长春早期教育职业学院,,jilin,,民办/独立学院,,民办,https://hf-mirror.com/datasets/choucsan/Gaokao-Compass-11M/resolve/main/data/2025/fujian/school-admission.csv,2026-09-20T07:29:49+00:00
8091.0,常州工程职业技术学院,,jiangsu,,普通本科,,公办,https://hf-mirror.com/datasets/choucsan/Gaokao-Compass-11M/resolve/main/data/2025/fujian/school-admission.csv,2026-09-20T07:29:49+00:00
8124.0,抚州幼儿师范高等专科学校,,jiangxi,,普通本科,,公办,https://hf-mirror.com/datasets/choucsan/Gaokao-Compass-11M/resolve/main/data/2025/fujian/school-admission.csv,2026-09-20T07:29:49+00:00
8131.0,广东环境保护工程职业学院,,guangdong,,普通本科,,公办,https://hf-mirror.com/datasets/choucsan/Gaokao-Compass-11M/resolve/main/data/2025/fujian/school-admission.csv,2026-09-20T07:29:49+00:00
8133.0,广东交通职业技术学院,,guangdong,,普通本科,,公办,https://hf-mirror.com/datasets/choucsan/Gaokao-Compass-11M/resolve/main/data/2025/fujian/school-admission.csv,2026-09-20T07:29:49+00:00
8135.0,广东岭南职业技术学院,,guangdong,,民办/独立学院,,民办,https://hf-mirror.com/datasets/choucsan/Gaokao-Compass-11M/resolve/main/data/2025/fujian/school-admission.csv,2026-09-20T07:29:49+00:00
8137.0,广东女子职业技术学院,,guangdong,,普通本科,,公办,https://hf-mirror.com/datasets/choucsan/Gaokao-Compass-11M/resolve/main/data/2025/fujian/school-admission.csv,2026-09-20T07:29:49+00:00
8138.0,广东生态工程职业学院,,guangdong,,普通本科,,公办,https://hf-mirror.com/datasets/choucsan/Gaokao-Compass-11M/resolve/main/data/2025/fujian/school-admission.csv,2026-09-20T07:29:49+00:00
8139.0,广东食品药品职业学院,,guangdong,,普通本科,,公办,https://hf-mirror.com/datasets/choucsan/Gaokao-Compass-11M/resolve/main/data/2025/fujian/school-admission.csv,2026-09-20T07:29:49+00:00
8144.0,广西建设职业技术学院,,guangxi,,普通本科,,公办,https://hf-mirror.com/datasets/choucsan/Gaokao-Compass-11M/resolve/main/data/2025/fujian/school-admission.csv,2026-09-20T07:29:49+00:00
8145.0,广西交通职业技术学院,,guangxi,,普通本科,,公办,https://hf-mirror.com/datasets/choucsan/Gaokao-Compass-11M/resolve/main/data/2025/fujian/school-admission.csv,2026-09-20T07:29:49+00:00
8147.0,广西物流职业技术学院,,guangxi,,普通本科,,公办,https://hf-mirror.com/datasets/choucsan/Gaokao-Compass-11M/resolve/main/data/2025/fujian/school-admission.csv,2026-09-20T07:29:49+00:00
8152.0,广州城市职业学院,,guangdong,,普通本科,,公办,https://hf-mirror.com/datasets/choucsan/Gaokao-Compass-11M/resolve/main/data/2025/fujian/school-admission.csv,2026-09-20T07:29:49+00:00
8154.0,广州华南商贸职业学院,,guangdong,,民办/独立学院,,民办,https://hf-mirror.com/datasets/choucsan/Gaokao-Compass-11M/resolve/main/data/2025/fujian/school-admission.csv,2026-09-20T07:29:49+00:00
8155.0,广州康大职业技术学院,,guangdong,,民办/独立学院,,民办,https://hf-mirror.com/datasets/choucsan/Gaokao-Compass-11M/resolve/main/data/2025/fujian/school-admission.csv,2026-09-20T07:29:49+00:00
8160.0,广州幼儿师范高等专科学校,,guangdong,,普通本科,,公办,https://hf-mirror.com/datasets/choucsan/Gaokao-Compass-11M/resolve/main/data/2025/fujian/school-admission.csv,2026-09-20T07:29:49+00:00
8163.0,桂林信息工程职业学院,,guangxi,,民办/独立学院,,民办,https://hf-mirror.com/datasets/choucsan/Gaokao-Compass-11M/resolve/main/data/2025/fujian/school-admission.csv,2026-09-20T07:29:49+00:00
8171.0,贵州水利水电职业技术学院,,guizhou,,普通本科,,公办,https://hf-mirror.com/datasets/choucsan/Gaokao-Compass-11M/resolve/main/data/2025/fujian/school-admission.csv,2026-09-20T07:29:49+00:00
8173.0,贵州应用技术职业学院,,guizhou,,民办/独立学院,,民办,https://hf-mirror.com/datasets/choucsan/Gaokao-Compass-11M/resolve/main/data/2025/fujian/school-admission.csv,2026-09-20T07:29:49+00:00
8174.0,哈尔滨传媒职业学院,,heilongjiang,,民办/独立学院,,民办,https://hf-mirror.com/datasets/choucsan/Gaokao-Compass-11M/resolve/main/data/2025/fujian/school-admission.csv,2026-09-20T07:29:49+00:00
8189.0,和君职业学院,,jiangxi,,民办/独立学院,,民办,https://hf-mirror.com/datasets/choucsan/Gaokao-Compass-11M/resolve/main/data/2025/fujian/school-admission.csv,2026-09-20T07:29:49+00:00
6381.0,河南推拿职业学院,,henan,,普通本科,,公办,https://hf-mirror.com/datasets/choucsan/Gaokao-Compass-11M/resolve/main/data/2025/fujian/school-admission.csv,2026-09-20T07:29:49+00:00
8202.0,红河卫生职业学院,,yunnan,,普通本科,,公办,https://hf-mirror.com/datasets/choucsan/Gaokao-Compass-11M/resolve/main/data/2025/fujian/school-admission.csv,2026-09-20T07:29:49+00:00
8203.0,湖北财税职业学院,,hubei,,普通本科,,公办,https://hf-mirror.com/datasets/choucsan/Gaokao-Compass-11M/resolve/main/data/2025/fujian/school-admission.csv,2026-09-20T07:29:49+00:00
8207.0,湖北科技职业学院,,hubei,,普通本科,,公办,https://hf-mirror.com/datasets/choucsan/Gaokao-Compass-11M/resolve/main/data/2025/fujian/school-admission.csv,2026-09-20T07:29:49+00:00
8208.0,湖北轻工职业技术学院,,hubei,,普通本科,,公办,https://hf-mirror.com/datasets/choucsan/Gaokao-Compass-11M/resolve/main/data/2025/fujian/school-admission.csv,2026-09-20T07:29:49+00:00
8219.0,湖南财经工业职业技术学院,,hunan,,普通本科,,公办,https://hf-mirror.com/datasets/choucsan/Gaokao-Compass-11M/resolve/main/data/2025/fujian/school-admission.csv,2026-09-20T07:29:49+00:00
8223.0,湖南都市职业学院,,hunan,,民办/独立学院,,民办,https://hf-mirror.com/datasets/choucsan/Gaokao-Compass-11M/resolve/main/data/2025/fujian/school-admission.csv,2026-09-20T07:29:49+00:00
8238.0,湖南体育职业学院,,hunan,,普通本科,,公办,https://hf-mirror.com/datasets/choucsan/Gaokao-Compass-11M/resolve/main/data/2025/fujian/school-admission.csv,2026-09-20T07:29:49+00:00
8243.0,湖南有色金属职业技术学院,,hunan,,普通本科,,公办,https://hf-mirror.com/datasets/choucsan/Gaokao-Compass-11M/resolve/main/data/2025/fujian/school-admission.csv,2026-09-20T07:29:49+00:00
8245.0,吉安幼儿师范高等专科学校,,jiangxi,,普通本科,,公办,https://hf-mirror.com/datasets/choucsan/Gaokao-Compass-11M/resolve/main/data/2025/fujian/school-admission.csv,2026-09-20T07:29:49+00:00
8255.0,江苏护理职业学院,,jiangsu,,普通本科,,公办,https://hf-mirror.com/datasets/choucsan/Gaokao-Compass-11M/resolve/main/data/2025/fujian/school-admission.csv,2026-09-20T07:29:49+00:00
8256.0,江苏旅游职业学院,,jiangsu,,普通本科,,公办,https://hf-mirror.com/datasets/choucsan/Gaokao-Compass-11M/resolve/main/data/2025/fujian/school-admission.csv,2026-09-20T07:29:49+00:00
8263.0,江西传媒职业学院,,jiangxi,,普通本科,,公办,https://hf-mirror.com/datasets/choucsan/Gaokao-Compass-11M/resolve/main/data/2025/fujian/school-admission.csv,2026-09-20T07:29:49+00:00
8267.0,江西工业工程职业技术学院,,jiangxi,,普通本科,,公办,https://hf-mirror.com/datasets/choucsan/Gaokao-Compass-11M/resolve/main/data/2025/fujian/school-admission.csv,2026-09-20T07:29:49+00:00
8268.0,江西工业贸易职业技术学院,,jiangxi,,普通本科,,公办,https://hf-mirror.com/datasets/choucsan/Gaokao-Compass-11M/resolve/main/data/2025/fujian/school-admission.csv,2026-09-20T07:29:49+00:00
8277.0,江西旅游商贸职业学院,,jiangxi,,普通本科,,公办,https://hf-mirror.com/datasets/choucsan/Gaokao-Compass-11M/resolve/main/data/2025/fujian/school-admission.csv,2026-09-20T07:29:49+00:00
8278.0,江西农业工程职业学院,,jiangxi,,普通本科,,公办,https://hf-mirror.com/datasets/choucsan/Gaokao-Compass-11M/resolve/main/data/2025/fujian/school-admission.csv,2026-09-20T07:29:49+00:00
8279.0,江西生物科技职业学院,,jiangxi,,普通本科,,公办,https://hf-mirror.com/datasets/choucsan/Gaokao-Compass-11M/resolve/main/data/2025/fujian/school-admission.csv,2026-09-20T07:29:49+00:00
8285.0,江西外语外贸职业学院,,jiangxi,,普通本科,,公办,https://hf-mirror.com/datasets/choucsan/Gaokao-Compass-11M/resolve/main/data/2025/fujian/school-admission.csv,2026-09-20T07:29:49+00:00
8292.0,江西樟树中医药职业学院,,jiangxi,,民办/独立学院,,民办,https://hf-mirror.com/datasets/choucsan/Gaokao-Compass-11M/resolve/main/data/2025/fujian/school-admission.csv,2026-09-20T07:29:49+00:00
8295.0,金华职业技术大学,,zhejiang,,普通本科,,公办,https://hf-mirror.com/datasets/choucsan/Gaokao-Compass-11M/resolve/main/data/2025/fujian/school-admission.csv,2026-09-20T07:29:49+00:00
8297.0,荆门职业学院,,hubei,,普通本科,,公办,https://hf-mirror.com/datasets/choucsan/Gaokao-Compass-11M/resolve/main/data/2025/fujian/school-admission.csv,2026-09-20T07:29:49+00:00
8309.0,丽水职业技术学院,,zhejiang,,普通本科,,公办,https://hf-mirror.com/datasets/choucsan/Gaokao-Compass-11M/resolve/main/data/2025/fujian/school-admission.csv,2026-09-20T07:29:49+00:00
8316.0,柳州铁道职业技术学院,,guangxi,,普通本科,,公办,https://hf-mirror.com/datasets/choucsan/Gaokao-Compass-11M/resolve/main/data/2025/fujian/school-admission.csv,2026-09-20T07:29:49+00:00
8327.0,南京科技职业学院,,jiangsu,,普通本科,,公办,https://hf-mirror.com/datasets/choucsan/Gaokao-Compass-11M/resolve/main/data/2025/fujian/school-admission.csv,2026-09-20T07:29:49+00:00
8328.0,南京旅游职业学院,,jiangsu,,普通本科,,公办,https://hf-mirror.com/datasets/choucsan/Gaokao-Compass-11M/resolve/main/data/2025/fujian/school-admission.csv,2026-09-20T07:29:49+00:00
8330.0,南京信息职业技术学院,,jiangsu,,普通本科,,公办,https://hf-mirror.com/datasets/choucsan/Gaokao-Compass-11M/resolve/main/data/2025/fujian/school-admission.csv,2026-09-20T07:29:49+00:00
8332.0,宁波城市职业技术学院,,zhejiang,,普通本科,,公办,https://hf-mirror.com/datasets/choucsan/Gaokao-Compass-11M/resolve/main/data/2025/fujian/school-admission.csv,2026-09-20T07:29:49+00:00
8333.0,宁波幼儿师范高等专科学校,,zhejiang,,普通本科,,公办,https://hf-mirror.com/datasets/choucsan/Gaokao-Compass-11M/resolve/main/data/2025/fujian/school-admission.csv,2026-09-20T07:29:49+00:00
8353.0,山东传媒职业学院,,shandong,,普通本科,,公办,https://hf-mirror.com/datasets/choucsan/Gaokao-Compass-11M/resolve/main/data/2025/fujian/school-admission.csv,2026-09-20T07:29:49+00:00
8355.0,山东化工职业学院,,shandong,,普通本科,,公办,https://hf-mirror.com/datasets/choucsan/Gaokao-Compass-11M/resolve/main/data/2025/fujian/school-admission.csv,2026-09-20T07:29:49+00:00
8360.0,山东司法警官职业学院,,shandong,,普通本科,,公办,https://hf-mirror.com/datasets/choucsan/Gaokao-Compass-11M/resolve/main/data/2025/fujian/school-admission.csv,2026-09-20T07:29:49+00:00
8364.0,山东药品食品职业学院,,shandong,,普通本科,,公办,https://hf-mirror.com/datasets/choucsan/Gaokao-Compass-11M/resolve/main/data/2025/fujian/school-admission.csv,2026-09-20T07:29:49+00:00
8367.0,陕西机电职业技术学院,,shaanxi,,普通本科,,公办,https://hf-mirror.com/datasets/choucsan/Gaokao-Compass-11M/resolve/main/data/2025/fujian/school-admission.csv,2026-09-20T07:29:49+00:00
8372.0,陕西职业技术学院,,shaanxi,,普通本科,,公办,https://hf-mirror.com/datasets/choucsan/Gaokao-Compass-11M/resolve/main/data/2025/fujian/school-admission.csv,2026-09-20T07:29:49+00:00
8388.0,上海民远职业技术学院,,shanghai,,民办/独立学院,,民办,https://hf-mirror.com/datasets/choucsan/Gaokao-Compass-11M/resolve/main/data/2025/fujian/school-admission.csv,2026-09-20T07:29:49+00:00
8392.0,上海思博职业技术学院,,shanghai,,民办/独立学院,,民办,https://hf-mirror.com/datasets/choucsan/Gaokao-Compass-11M/resolve/main/data/2025/fujian/school-admission.csv,2026-09-20T07:29:49+00:00
8399.0,上饶职业技术学院,,jiangxi,,普通本科,,公办,https://hf-mirror.com/datasets/choucsan/Gaokao-Compass-11M/resolve/main/data/2025/fujian/school-admission.csv,2026-09-20T07:29:49+00:00
8400.0,绍兴职业技术学院,,zhejiang,,民办/独立学院,,民办,https://hf-mirror.com/datasets/choucsan/Gaokao-Compass-11M/resolve/main/data/2025/fujian/school-admission.csv,2026-09-20T07:29:49+00:00
8434.0,苏州工业园区服务外包职业学院,,jiangsu,,普通本科,,公办,https://hf-mirror.com/datasets/choucsan/Gaokao-Compass-11M/resolve/main/data/2025/fujian/school-admission.csv,2026-09-20T07:29:49+00:00
8471.0,武汉工程职业技术学院,,hubei,,普通本科,,公办,https://hf-mirror.com/datasets/choucsan/Gaokao-Compass-11M/resolve/main/data/2025/fujian/school-admission.csv,2026-09-20T07:29:49+00:00
8477.0,武汉信息传播职业技术学院,,hubei,,民办/独立学院,,民办,https://hf-mirror.com/datasets/choucsan/Gaokao-Compass-11M/resolve/main/data/2025/fujian/school-admission.csv,2026-09-20T07:29:49+00:00
8490.0,新疆司法警官职业学院,,xinjiang,,普通本科,,公办,https://hf-mirror.com/datasets/choucsan/Gaokao-Compass-11M/resolve/main/data/2025/fujian/school-admission.csv,2026-09-20T07:29:49+00:00
8503.0,益阳职业技术学院,,hunan,,普通本科,,公办,https://hf-mirror.com/datasets/choucsan/Gaokao-Compass-11M/resolve/main/data/2025/fujian/school-admission.csv,2026-09-20T07:29:49+00:00
8513.0,枣庄科技职业学院,,shandong,,普通本科,,公办,https://hf-mirror.com/datasets/choucsan/Gaokao-Compass-11M/resolve/main/data/2025/fujian/school-admission.csv,2026-09-20T07:29:49+00:00
8523.0,浙江旅游职业学院,,zhejiang,,普通本科,,公办,https://hf-mirror.com/datasets/choucsan/Gaokao-Compass-11M/resolve/main/data/2025/fujian/school-admission.csv,2026-09-20T07:29:49+00:00
8524.0,浙江农业商贸职业学院,,zhejiang,,普通本科,,公办,https://hf-mirror.com/datasets/choucsan/Gaokao-Compass-11M/resolve/main/data/2025/fujian/school-admission.csv,2026-09-20T07:29:49+00:00
1056.0,福建商学院,,fujian,,普通本科,,公办,https://hf-mirror.com/datasets/choucsan/Gaokao-Compass-11M/resolve/main/data/2025/fujian/school-admission.csv,2026-09-20T07:29:49+00:00
1127.0,闽南理工学院,,fujian,,民办/独立学院,,民办,https://hf-mirror.com/datasets/choucsan/Gaokao-Compass-11M/resolve/main/data/2025/fujian/school-admission.csv,2026-09-20T07:29:49+00:00
4855.0,韩山师范学院,,guangdong,,普通本科,,公办,https://hf-mirror.com/datasets/choucsan/Gaokao-Compass-11M/resolve/main/data/2025/fujian/school-admission.csv,2026-09-20T07:29:49+00:00
4175.0,铜陵学院,,anhui,,普通本科,,公办,https://hf-mirror.com/datasets/choucsan/Gaokao-Compass-11M/resolve/main/data/2025/fujian/school-admission.csv,2026-09-20T07:29:49+00:00
3456.0,西安音乐学院,,shaanxi,,普通本科,,公办,https://hf-mirror.com/datasets/choucsan/Gaokao-Compass-11M/resolve/main/data/2025/fujian/school-admission.csv,2026-09-20T07:29:49+00:00
3595.0,浙江警察学院,,zhejiang,,普通本科,,公办,https://hf-mirror.com/datasets/choucsan/Gaokao-Compass-11M/resolve/main/data/2025/fujian/school-admission.csv,2026-09-20T07:29:49+00:00
7011.0,福建体育职业技术学院,,fujian,,普通本科,,公办,https://hf-mirror.com/datasets/choucsan/Gaokao-Compass-11M/resolve/main/data/2025/fujian/school-admission.csv,2026-09-20T07:29:49+00:00
7026.0,集美工业职业学院,,fujian,,普通本科,,公办,https://hf-mirror.com/datasets/choucsan/Gaokao-Compass-11M/resolve/main/data/2025/fujian/school-admission.csv,2026-09-20T07:29:49+00:00
8148.0,广西英华国际职业学院,,guangxi,,民办/独立学院,,民办,https://hf-mirror.com/datasets/choucsan/Gaokao-Compass-11M/resolve/main/data/2025/fujian/school-admission.csv,2026-09-20T07:29:49+00:00
8188.0,鹤岗师范高等专科学校,,heilongjiang,,普通本科,,公办,https://hf-mirror.com/datasets/choucsan/Gaokao-Compass-11M/resolve/main/data/2025/fujian/school-admission.csv,2026-09-20T07:29:49+00:00
8196.0,河源职业技术学院,,guangdong,,普通本科,,公办,https://hf-mirror.com/datasets/choucsan/Gaokao-Compass-11M/resolve/main/data/2025/fujian/school-admission.csv,2026-09-20T07:29:49+00:00
8222.0,湖南电气职业技术学院,,hunan,,普通本科,,公办,https://hf-mirror.com/datasets/choucsan/Gaokao-Compass-11M/resolve/main/data/2025/fujian/school-admission.csv,2026-09-20T07:29:49+00:00
8248.0,吉林铁道职业技术大学,,jilin,,普通本科,,公办,https://hf-mirror.com/datasets/choucsan/Gaokao-Compass-11M/resolve/main/data/2025/fujian/school-admission.csv,2026-09-20T07:29:49+00:00
8249.0,建东职业技术学院,,jiangsu,,民办/独立学院,,民办,https://hf-mirror.com/datasets/choucsan/Gaokao-Compass-11M/resolve/main/data/2025/fujian/school-admission.csv,2026-09-20T07:29:49+00:00
8283.0,江西泰豪动漫职业学院,,jiangxi,,民办/独立学院,,民办,https://hf-mirror.com/datasets/choucsan/Gaokao-Compass-11M/resolve/main/data/2025/fujian/school-admission.csv,2026-09-20T07:29:49+00:00
8337.0,濮阳石油化工职业技术学院,,henan,,普通本科,,公办,https://hf-mirror.com/datasets/choucsan/Gaokao-Compass-11M/resolve/main/data/2025/fujian/school-admission.csv,2026-09-20T07:29:49+00:00
8346.0,衢州职业技术学院,,zhejiang,,普通本科,,公办,https://hf-mirror.com/datasets/choucsan/Gaokao-Compass-11M/resolve/main/data/2025/fujian/school-admission.csv,2026-09-20T07:29:49+00:00
8401.0,深圳信息职业技术大学,,guangdong,,普通本科,,公办,https://hf-mirror.com/datasets/choucsan/Gaokao-Compass-11M/resolve/main/data/2025/fujian/school-admission.csv,2026-09-20T07:29:49+00:00
8454.0,天津商务职业学院,,tianjin,,普通本科,,公办,https://hf-mirror.com/datasets/choucsan/Gaokao-Compass-11M/resolve/main/data/2025/fujian/school-admission.csv,2026-09-20T07:29:49+00:00
8466.0,温州科技职业学院,,zhejiang,,普通本科,,公办,https://hf-mirror.com/datasets/choucsan/Gaokao-Compass-11M/resolve/main/data/2025/fujian/school-admission.csv,2026-09-20T07:29:49+00:00
8467.0,温州职业技术学院,,zhejiang,,普通本科,,公办,https://hf-mirror.com/datasets/choucsan/Gaokao-Compass-11M/resolve/main/data/2025/fujian/school-admission.csv,2026-09-20T07:29:49+00:00
8488.0,新疆科技职业技术学院,,xinjiang,,民办/独立学院,,民办,https://hf-mirror.com/datasets/choucsan/Gaokao-Compass-11M/resolve/main/data/2025/fujian/school-admission.csv,2026-09-20T07:29:49+00:00
8495.0,炎黄职业技术学院,,jiangsu,,民办/独立学院,,民办,https://hf-mirror.com/datasets/choucsan/Gaokao-Compass-11M/resolve/main/data/2025/fujian/school-admission.csv,2026-09-20T07:29:49+00:00
8520.0,浙江金融职业学院,,zhejiang,,普通本科,,公办,https://hf-mirror.com/datasets/choucsan/Gaokao-Compass-11M/resolve/main/data/2025/fujian/school-admission.csv,2026-09-20T07:29:49+00:00
8558.0,浙江同济科技职业学院,,zhejiang,,普通本科,,公办,https://hf-mirror.com/datasets/choucsan/Gaokao-Compass-11M/resolve/main/data/2025/fujian/school-admission.csv,2026-09-20T07:29:49+00:00
1318.0,山西林业职业技术学院,,shanxi,,普通本科,,公办,https://hf-mirror.com/datasets/choucsan/Gaokao-Compass-11M/resolve/main/data/2025/gansu/school-admission.csv,2026-09-20T07:29:53+00:00
1344.0,山西同文职业技术学院,,shanxi,,民办/独立学院,,民办,https://hf-mirror.com/datasets/choucsan/Gaokao-Compass-11M/resolve/main/data/2025/gansu/school-admission.csv,2026-09-20T07:29:53+00:00
1413.0,乌兰察布医学高等专科学校,,neimenggu,,普通本科,,公办,https://hf-mirror.com/datasets/choucsan/Gaokao-Compass-11M/resolve/main/data/2025/gansu/school-admission.csv,2026-09-20T07:29:53+00:00
8765.0,滨州职业学院,,shandong,,普通本科,,公办,https://hf-mirror.com/datasets/choucsan/Gaokao-Compass-11M/resolve/main/data/2025/gansu/school-admission.csv,2026-09-20T07:29:53+00:00
7063.0,集宁师范学院,,neimenggu,,普通本科,,公办,https://hf-mirror.com/datasets/choucsan/Gaokao-Compass-11M/resolve/main/data/2025/gansu/school-admission.csv,2026-09-20T07:29:53+00:00
7064.0,呼和浩特民族学院,,neimenggu,,普通本科,,公办,https://hf-mirror.com/datasets/choucsan/Gaokao-Compass-11M/resolve/main/data/2025/gansu/school-admission.csv,2026-09-20T07:29:53+00:00
6706.0,内蒙古鸿德文理学院,,neimenggu,,民办/独立学院,,民办,https://hf-mirror.com/datasets/choucsan/Gaokao-Compass-11M/resolve/main/data/2025/gansu/school-admission.csv,2026-09-20T07:29:53+00:00
4185.0,宿州学院,,anhui,,普通本科,,公办,https://hf-mirror.com/datasets/choucsan/Gaokao-Compass-11M/resolve/main/data/2025/gansu/school-admission.csv,2026-09-20T07:29:53+00:00
5735.0,山西医药学院,,shanxi,,普通本科,,公办,https://hf-mirror.com/datasets/choucsan/Gaokao-Compass-11M/resolve/main/data/2025/gansu/school-admission.csv,2026-09-20T07:29:53+00:00
12953.0,广东邮电职业技术学院,,guangdong,,普通本科,,公办,https://hf-mirror.com/datasets/choucsan/Gaokao-Compass-11M/resolve/main/data/2025/guangdong/school-admission.csv,2026-09-20T07:29:56+00:00
12960.0,广东司法警官职业学院,,guangdong,,普通本科,,公办,https://hf-mirror.com/datasets/choucsan/Gaokao-Compass-11M/resolve/main/data/2025/guangdong/school-admission.csv,2026-09-20T07:29:56+00:00
13709.0,广州工程技术职业学院,,guangdong,,普通本科,,公办,https://hf-mirror.com/datasets/choucsan/Gaokao-Compass-11M/resolve/main/data/2025/guangdong/school-admission.csv,2026-09-20T07:29:56+00:00
14127.0,广西工程职业学院,,guangxi,,民办/独立学院,,民办,https://hf-mirror.com/datasets/choucsan/Gaokao-Compass-11M/resolve/main/data/2025/guangdong/school-admission.csv,2026-09-20T07:29:56+00:00
9187.0,广东江门中医药职业学院,,guangdong,,普通本科,,公办,https://hf-mirror.com/datasets/choucsan/Gaokao-Compass-11M/resolve/main/data/2025/guangdong/school-admission.csv,2026-09-20T07:29:56+00:00
14759.0,广东潮州卫生健康职业学院,,guangdong,,普通本科,,公办,https://hf-mirror.com/datasets/choucsan/Gaokao-Compass-11M/resolve/main/data/2025/guangdong/school-admission.csv,2026-09-20T07:29:56+00:00
10586.0,广州美术学院,,guangdong,,普通本科,,公办,https://hf-mirror.com/datasets/choucsan/Gaokao-Compass-11M/resolve/main/data/2025/guangdong/school-admission.csv,2026-09-20T07:29:56+00:00
11110.0,广东警官学院,,guangdong,,普通本科,,公办,https://hf-mirror.com/datasets/choucsan/Gaokao-Compass-11M/resolve/main/data/2025/guangdong/school-admission.csv,2026-09-20T07:29:56+00:00
13359.0,烟台理工学院,,shandong,,民办/独立学院,,民办,https://hf-mirror.com/datasets/choucsan/Gaokao-Compass-11M/resolve/main/data/2025/guangdong/school-admission.csv,2026-09-20T07:29:56+00:00
7423.0,广西信息职业技术学院,,guangxi,,普通本科,,公办,https://hf-mirror.com/datasets/choucsan/Gaokao-Compass-11M/resolve/main/data/2025/guangdong/school-admission.csv,2026-09-20T07:29:56+00:00
11773.0,广西职业技术学院,,guangxi,,普通本科,,公办,https://hf-mirror.com/datasets/choucsan/Gaokao-Compass-11M/resolve/main/data/2025/guangxi/school-admission.csv,2026-09-20T07:30:00+00:00
13821.0,忻州职业技术学院,,shanxi,,普通本科,,公办,https://hf-mirror.com/datasets/choucsan/Gaokao-Compass-11M/resolve/main/data/2025/guangxi/school-admission.csv,2026-09-20T07:30:00+00:00
13961.0,大连枫叶职业技术学院,,liaoning,,民办/独立学院,,民办,https://hf-mirror.com/datasets/choucsan/Gaokao-Compass-11M/resolve/main/data/2025/guangxi/school-admission.csv,2026-09-20T07:30:00+00:00
14307.0,河南应用技术职业学院,,henan,,普通本科,,公办,https://hf-mirror.com/datasets/choucsan/Gaokao-Compass-11M/resolve/main/data/2025/guangxi/school-admission.csv,2026-09-20T07:30:00+00:00
14353.0,南阳职业学院,,henan,,民办/独立学院,,民办,https://hf-mirror.com/datasets/choucsan/Gaokao-Compass-11M/resolve/main/data/2025/guangxi/school-admission.csv,2026-09-20T07:30:00+00:00
10235.0,大庆师范学院,,heilongjiang,,普通本科,,公办,https://hf-mirror.com/datasets/choucsan/Gaokao-Compass-11M/resolve/main/data/2025/guangxi/school-admission.csv,2026-09-20T07:30:00+00:00
10514.0,黄冈师范学院,,hubei,,普通本科,,公办,https://hf-mirror.com/datasets/choucsan/Gaokao-Compass-11M/resolve/main/data/2025/guangxi/school-admission.csv,2026-09-20T07:30:00+00:00
13283.0,浙江农林大学暨阳学院,,zhejiang,,民办/独立学院,,民办,https://hf-mirror.com/datasets/choucsan/Gaokao-Compass-11M/resolve/main/data/2025/guangxi/school-admission.csv,2026-09-20T07:30:00+00:00
6705.0,内蒙古大学创业学院,,neimenggu,,民办/独立学院,,民办,https://hf-mirror.com/datasets/choucsan/Gaokao-Compass-11M/resolve/main/data/2025/guangxi/school-admission.csv,2026-09-20T07:30:00+00:00
13198.0,大连理工大学城市学院,,liaoning,,民办/独立学院,,民办,https://hf-mirror.com/datasets/choucsan/Gaokao-Compass-11M/resolve/main/data/2025/guangxi/school-admission.csv,2026-09-20T07:30:00+00:00
1006.0,黑龙江职业学院,,heilongjiang,,普通本科,,公办,https://hf-mirror.com/datasets/choucsan/Gaokao-Compass-11M/resolve/main/data/2025/guizhou/school-admission.csv,2026-09-20T07:30:04+00:00
1019.0,呼和浩特职业技术大学,,neimenggu,,普通本科,,公办,https://hf-mirror.com/datasets/choucsan/Gaokao-Compass-11M/resolve/main/data/2025/guizhou/school-admission.csv,2026-09-20T07:30:04+00:00
102.0,保定幼儿师范高等专科学校,,hebei,,普通本科,,公办,https://hf-mirror.com/datasets/choucsan/Gaokao-Compass-11M/resolve/main/data/2025/guizhou/school-admission.csv,2026-09-20T07:30:04+00:00
103.0,保定职业技术学院,,hebei,,普通本科,,公办,https://hf-mirror.com/datasets/choucsan/Gaokao-Compass-11M/resolve/main/data/2025/guizhou/school-admission.csv,2026-09-20T07:30:04+00:00
1031.0,湖北工程职业学院,,hubei,,普通本科,,公办,https://hf-mirror.com/datasets/choucsan/Gaokao-Compass-11M/resolve/main/data/2025/guizhou/school-admission.csv,2026-09-20T07:30:04+00:00
1034.0,湖北工业职业技术学院,,hubei,,普通本科,,公办,https://hf-mirror.com/datasets/choucsan/Gaokao-Compass-11M/resolve/main/data/2025/guizhou/school-admission.csv,2026-09-20T07:30:04+00:00
1036.0,湖北黄冈应急管理职业技术学院,,hubei,,普通本科,,公办,https://hf-mirror.com/datasets/choucsan/Gaokao-Compass-11M/resolve/main/data/2025/guizhou/school-admission.csv,2026-09-20T07:30:04+00:00
1063.0,湖北文理学院理工学院,,hubei,,民办/独立学院,,民办,https://hf-mirror.com/datasets/choucsan/Gaokao-Compass-11M/resolve/main/data/2025/guizhou/school-admission.csv,2026-09-20T07:30:04+00:00
1089.0,湖南工商职业学院,,hunan,,民办/独立学院,,民办,https://hf-mirror.com/datasets/choucsan/Gaokao-Compass-11M/resolve/main/data/2025/guizhou/school-admission.csv,2026-09-20T07:30:04+00:00
1095.0,湖南国防工业职业技术学院,,hunan,,普通本科,,公办,https://hf-mirror.com/datasets/choucsan/Gaokao-Compass-11M/resolve/main/data/2025/guizhou/school-admission.csv,2026-09-20T07:30:04+00:00
1100.0,湖南吉利汽车职业技术学院,,hunan,,民办/独立学院,,民办,https://hf-mirror.com/datasets/choucsan/Gaokao-Compass-11M/resolve/main/data/2025/guizhou/school-admission.csv,2026-09-20T07:30:04+00:00
1110.0,湖南劳动人事职业学院,,hunan,,普通本科,,公办,https://hf-mirror.com/datasets/choucsan/Gaokao-Compass-11M/resolve/main/data/2025/guizhou/school-admission.csv,2026-09-20T07:30:04+00:00
1113.0,湖南理工职业技术学院,,hunan,,普通本科,,公办,https://hf-mirror.com/datasets/choucsan/Gaokao-Compass-11M/resolve/main/data/2025/guizhou/school-admission.csv,2026-09-20T07:30:04+00:00
1120.0,湖南软件职业技术大学,,hunan,,民办/独立学院,,民办,https://hf-mirror.com/datasets/choucsan/Gaokao-Compass-11M/resolve/main/data/2025/guizhou/school-admission.csv,2026-09-20T07:30:04+00:00
1124.0,湖南生物机电职业技术学院,,hunan,,普通本科,,公办,https://hf-mirror.com/datasets/choucsan/Gaokao-Compass-11M/resolve/main/data/2025/guizhou/school-admission.csv,2026-09-20T07:30:04+00:00
1129.0,湖南水利水电职业技术学院,,hunan,,普通本科,,公办,https://hf-mirror.com/datasets/choucsan/Gaokao-Compass-11M/resolve/main/data/2025/guizhou/school-admission.csv,2026-09-20T07:30:04+00:00
113.0,北海职业学院,,guangxi,,普通本科,,公办,https://hf-mirror.com/datasets/choucsan/Gaokao-Compass-11M/resolve/main/data/2025/guizhou/school-admission.csv,2026-09-20T07:30:04+00:00
1137.0,湖南网络工程职业学院,,hunan,,普通本科,,公办,https://hf-mirror.com/datasets/choucsan/Gaokao-Compass-11M/resolve/main/data/2025/guizhou/school-admission.csv,2026-09-20T07:30:04+00:00
1140.0,湖南现代物流职业技术学院,,hunan,,普通本科,,公办,https://hf-mirror.com/datasets/choucsan/Gaokao-Compass-11M/resolve/main/data/2025/guizhou/school-admission.csv,2026-09-20T07:30:04+00:00
1181.0,淮南联合大学,,anhui,,普通本科,,公办,https://hf-mirror.com/datasets/choucsan/Gaokao-Compass-11M/resolve/main/data/2025/guizhou/school-admission.csv,2026-09-20T07:30:04+00:00
1183.0,淮南职业技术学院,,anhui,,普通本科,,公办,https://hf-mirror.com/datasets/choucsan/Gaokao-Compass-11M/resolve/main/data/2025/guizhou/school-admission.csv,2026-09-20T07:30:04+00:00
12.0,安徽电子信息职业技术学院,,anhui,,普通本科,,公办,https://hf-mirror.com/datasets/choucsan/Gaokao-Compass-11M/resolve/main/data/2025/guizhou/school-admission.csv,2026-09-20T07:30:04+00:00
1214.0,吉林工业职业技术学院,,jilin,,普通本科,,公办,https://hf-mirror.com/datasets/choucsan/Gaokao-Compass-11M/resolve/main/data/2025/guizhou/school-admission.csv,2026-09-20T07:30:04+00:00
1242.0,济南护理职业学院,,shandong,,普通本科,,公办,https://hf-mirror.com/datasets/choucsan/Gaokao-Compass-11M/resolve/main/data/2025/guizhou/school-admission.csv,2026-09-20T07:30:04+00:00
1247.0,济宁职业技术学院,,shandong,,普通本科,,公办,https://hf-mirror.com/datasets/choucsan/Gaokao-Compass-11M/resolve/main/data/2025/guizhou/school-admission.csv,2026-09-20T07:30:04+00:00
1250.0,冀中职业学院,,hebei,,普通本科,,公办,https://hf-mirror.com/datasets/choucsan/Gaokao-Compass-11M/resolve/main/data/2025/guizhou/school-admission.csv,2026-09-20T07:30:04+00:00
1255.0,嘉兴南洋职业技术学院,,zhejiang,,民办/独立学院,,民办,https://hf-mirror.com/datasets/choucsan/Gaokao-Compass-11M/resolve/main/data/2025/guizhou/school-admission.csv,2026-09-20T07:30:04+00:00
1256.0,嘉兴职业技术学院,,zhejiang,,普通本科,,公办,https://hf-mirror.com/datasets/choucsan/Gaokao-Compass-11M/resolve/main/data/2025/guizhou/school-admission.csv,2026-09-20T07:30:04+00:00
1265.0,江苏安全技术职业学院,,jiangsu,,普通本科,,公办,https://hf-mirror.com/datasets/choucsan/Gaokao-Compass-11M/resolve/main/data/2025/guizhou/school-admission.csv,2026-09-20T07:30:04+00:00
1267.0,江苏财经职业技术学院,,jiangsu,,普通本科,,公办,https://hf-mirror.com/datasets/choucsan/Gaokao-Compass-11M/resolve/main/data/2025/guizhou/school-admission.csv,2026-09-20T07:30:04+00:00
1269.0,江苏城乡建设职业学院,,jiangsu,,普通本科,,公办,https://hf-mirror.com/datasets/choucsan/Gaokao-Compass-11M/resolve/main/data/2025/guizhou/school-admission.csv,2026-09-20T07:30:04+00:00
1278.0,江苏航运职业技术学院,,jiangsu,,普通本科,,公办,https://hf-mirror.com/datasets/choucsan/Gaokao-Compass-11M/resolve/main/data/2025/guizhou/school-admission.csv,2026-09-20T07:30:04+00:00
1331.0,江西青年职业学院,,jiangxi,,普通本科,,公办,https://hf-mirror.com/datasets/choucsan/Gaokao-Compass-11M/resolve/main/data/2025/guizhou/school-admission.csv,2026-09-20T07:30:04+00:00
1348.0,江西冶金职业技术学院,,jiangxi,,普通本科,,公办,https://hf-mirror.com/datasets/choucsan/Gaokao-Compass-11M/resolve/main/data/2025/guizhou/school-admission.csv,2026-09-20T07:30:04+00:00
1351.0,江西应用工程职业学院,,jiangxi,,普通本科,,公办,https://hf-mirror.com/datasets/choucsan/Gaokao-Compass-11M/resolve/main/data/2025/guizhou/school-admission.csv,2026-09-20T07:30:04+00:00
1422.0,昆明艺术职业学院,,yunnan,,民办/独立学院,,民办,https://hf-mirror.com/datasets/choucsan/Gaokao-Compass-11M/resolve/main/data/2025/guizhou/school-admission.csv,2026-09-20T07:30:04+00:00
1424.0,昆山登云科技职业学院,,jiangsu,,民办/独立学院,,民办,https://hf-mirror.com/datasets/choucsan/Gaokao-Compass-11M/resolve/main/data/2025/guizhou/school-admission.csv,2026-09-20T07:30:04+00:00
1427.0,拉萨师范学院,,xizang,,普通本科,,公办,https://hf-mirror.com/datasets/choucsan/Gaokao-Compass-11M/resolve/main/data/2025/guizhou/school-admission.csv,2026-09-20T07:30:04+00:00
1428.0,莱芜职业技术学院,,shandong,,普通本科,,公办,https://hf-mirror.com/datasets/choucsan/Gaokao-Compass-11M/resolve/main/data/2025/guizhou/school-admission.csv,2026-09-20T07:30:04+00:00
1447.0,兰州职业技术学院,,gansu,,普通本科,,公办,https://hf-mirror.com/datasets/choucsan/Gaokao-Compass-11M/resolve/main/data/2025/guizhou/school-admission.csv,2026-09-20T07:30:04+00:00
1470.0,辽宁地质工程职业学院,,liaoning,,普通本科,,公办,https://hf-mirror.com/datasets/choucsan/Gaokao-Compass-11M/resolve/main/data/2025/guizhou/school-admission.csv,2026-09-20T07:30:04+00:00
1473.0,辽宁工程职业学院,,liaoning,,普通本科,,公办,https://hf-mirror.com/datasets/choucsan/Gaokao-Compass-11M/resolve/main/data/2025/guizhou/school-admission.csv,2026-09-20T07:30:04+00:00
1481.0,辽宁金融职业学院,,liaoning,,普通本科,,公办,https://hf-mirror.com/datasets/choucsan/Gaokao-Compass-11M/resolve/main/data/2025/guizhou/school-admission.csv,2026-09-20T07:30:04+00:00
1482.0,辽宁经济职业技术学院,,liaoning,,普通本科,,公办,https://hf-mirror.com/datasets/choucsan/Gaokao-Compass-11M/resolve/main/data/2025/guizhou/school-admission.csv,2026-09-20T07:30:04+00:00
1491.0,辽宁轻工职业学院,,liaoning,,普通本科,,公办,https://hf-mirror.com/datasets/choucsan/Gaokao-Compass-11M/resolve/main/data/2025/guizhou/school-admission.csv,2026-09-20T07:30:04+00:00
1501.0,辽宁特殊教育师范高等专科学校,,liaoning,,普通本科,,公办,https://hf-mirror.com/datasets/choucsan/Gaokao-Compass-11M/resolve/main/data/2025/guizhou/school-admission.csv,2026-09-20T07:30:04+00:00
1504.0,辽宁现代服务职业技术学院,,liaoning,,普通本科,,公办,https://hf-mirror.com/datasets/choucsan/Gaokao-Compass-11M/resolve/main/data/2025/guizhou/school-admission.csv,2026-09-20T07:30:04+00:00
1506.0,辽宁医药职业学院,,liaoning,,普通本科,,公办,https://hf-mirror.com/datasets/choucsan/Gaokao-Compass-11M/resolve/main/data/2025/guizhou/school-admission.csv,2026-09-20T07:30:04+00:00
1512.0,辽阳职业技术学院,,liaoning,,普通本科,,公办,https://hf-mirror.com/datasets/choucsan/Gaokao-Compass-11M/resolve/main/data/2025/guizhou/school-admission.csv,2026-09-20T07:30:04+00:00
1517.0,聊城职业技术学院,,shandong,,普通本科,,公办,https://hf-mirror.com/datasets/choucsan/Gaokao-Compass-11M/resolve/main/data/2025/guizhou/school-admission.csv,2026-09-20T07:30:04+00:00
1529.0,六安职业技术学院,,anhui,,普通本科,,公办,https://hf-mirror.com/datasets/choucsan/Gaokao-Compass-11M/resolve/main/data/2025/guizhou/school-admission.csv,2026-09-20T07:30:04+00:00
1537.0,娄底职业技术学院,,hunan,,普通本科,,公办,https://hf-mirror.com/datasets/choucsan/Gaokao-Compass-11M/resolve/main/data/2025/guizhou/school-admission.csv,2026-09-20T07:30:04+00:00
1624.0,南京城市职业学院,,jiangsu,,普通本科,,公办,https://hf-mirror.com/datasets/choucsan/Gaokao-Compass-11M/resolve/main/data/2025/guizhou/school-admission.csv,2026-09-20T07:30:04+00:00
1672.0,南通科技职业学院,,jiangsu,,普通本科,,公办,https://hf-mirror.com/datasets/choucsan/Gaokao-Compass-11M/resolve/main/data/2025/guizhou/school-admission.csv,2026-09-20T07:30:04+00:00
1690.0,内蒙古电子信息职业技术学院,,neimenggu,,普通本科,,公办,https://hf-mirror.com/datasets/choucsan/Gaokao-Compass-11M/resolve/main/data/2025/guizhou/school-admission.csv,2026-09-20T07:30:04+00:00
1696.0,内蒙古机电职业技术学院,,neimenggu,,普通本科,,公办,https://hf-mirror.com/datasets/choucsan/Gaokao-Compass-11M/resolve/main/data/2025/guizhou/school-admission.csv,2026-09-20T07:30:04+00:00
1697.0,内蒙古建筑职业技术大学,,neimenggu,,普通本科,,公办,https://hf-mirror.com/datasets/choucsan/Gaokao-Compass-11M/resolve/main/data/2025/guizhou/school-admission.csv,2026-09-20T07:30:04+00:00
1721.0,宁波卫生职业技术学院,,zhejiang,,普通本科,,公办,https://hf-mirror.com/datasets/choucsan/Gaokao-Compass-11M/resolve/main/data/2025/guizhou/school-admission.csv,2026-09-20T07:30:04+00:00
18.0,安徽工业职业技术学院,,anhui,,普通本科,,公办,https://hf-mirror.com/datasets/choucsan/Gaokao-Compass-11M/resolve/main/data/2025/guizhou/school-admission.csv,2026-09-20T07:30:04+00:00
1800.0,青岛职业技术学院,,shandong,,普通本科,,公办,https://hf-mirror.com/datasets/choucsan/Gaokao-Compass-11M/resolve/main/data/2025/guizhou/school-admission.csv,2026-09-20T07:30:04+00:00
1801.0,青海柴达木职业技术学院,,qinghai,,普通本科,,公办,https://hf-mirror.com/datasets/choucsan/Gaokao-Compass-11M/resolve/main/data/2025/guizhou/school-admission.csv,2026-09-20T07:30:04+00:00
1804.0,青海高等职业技术学院,,qinghai,,普通本科,,公办,https://hf-mirror.com/datasets/choucsan/Gaokao-Compass-11M/resolve/main/data/2025/guizhou/school-admission.csv,2026-09-20T07:30:04+00:00
1813.0,清远职业技术学院,,guangdong,,普通本科,,公办,https://hf-mirror.com/datasets/choucsan/Gaokao-Compass-11M/resolve/main/data/2025/guizhou/school-admission.csv,2026-09-20T07:30:04+00:00
1839.0,三门峡社会管理职业学院,,henan,,普通本科,,公办,https://hf-mirror.com/datasets/choucsan/Gaokao-Compass-11M/resolve/main/data/2025/guizhou/school-admission.csv,2026-09-20T07:30:04+00:00
1852.0,沙洲职业工学院,,jiangsu,,普通本科,,公办,https://hf-mirror.com/datasets/choucsan/Gaokao-Compass-11M/resolve/main/data/2025/guizhou/school-admission.csv,2026-09-20T07:30:04+00:00
1865.0,山东电子职业技术学院,,shandong,,普通本科,,公办,https://hf-mirror.com/datasets/choucsan/Gaokao-Compass-11M/resolve/main/data/2025/guizhou/school-admission.csv,2026-09-20T07:30:04+00:00
1866.0,山东服装职业学院,,shandong,,普通本科,,公办,https://hf-mirror.com/datasets/choucsan/Gaokao-Compass-11M/resolve/main/data/2025/guizhou/school-admission.csv,2026-09-20T07:30:04+00:00
1882.0,山东科技职业学院,,shandong,,普通本科,,公办,https://hf-mirror.com/datasets/choucsan/Gaokao-Compass-11M/resolve/main/data/2025/guizhou/school-admission.csv,2026-09-20T07:30:04+00:00
1893.0,山东轻工职业学院,,shandong,,普通本科,,公办,https://hf-mirror.com/datasets/choucsan/Gaokao-Compass-11M/resolve/main/data/2025/guizhou/school-admission.csv,2026-09-20T07:30:04+00:00
1895.0,山东商业职业技术学院,,shandong,,普通本科,,公办,https://hf-mirror.com/datasets/choucsan/Gaokao-Compass-11M/resolve/main/data/2025/guizhou/school-admission.csv,2026-09-20T07:30:04+00:00
1920.0,山东中医药高等专科学校,,shandong,,普通本科,,公办,https://hf-mirror.com/datasets/choucsan/Gaokao-Compass-11M/resolve/main/data/2025/guizhou/school-admission.csv,2026-09-20T07:30:04+00:00
1946.0,山西老区职业技术学院,,shanxi,,民办/独立学院,,民办,https://hf-mirror.com/datasets/choucsan/Gaokao-Compass-11M/resolve/main/data/2025/guizhou/school-admission.csv,2026-09-20T07:30:04+00:00
1958.0,山西铁道职业技术学院,,shanxi,,普通本科,,公办,https://hf-mirror.com/datasets/choucsan/Gaokao-Compass-11M/resolve/main/data/2025/guizhou/school-admission.csv,2026-09-20T07:30:04+00:00
1972.0,陕西电子信息职业技术学院,,shaanxi,,民办/独立学院,,民办,https://hf-mirror.com/datasets/choucsan/Gaokao-Compass-11M/resolve/main/data/2025/guizhou/school-admission.csv,2026-09-20T07:30:04+00:00
1990.0,陕西青年职业学院,,shaanxi,,普通本科,,公办,https://hf-mirror.com/datasets/choucsan/Gaokao-Compass-11M/resolve/main/data/2025/guizhou/school-admission.csv,2026-09-20T07:30:04+00:00
1995.0,陕西艺术职业学院,,shaanxi,,普通本科,,公办,https://hf-mirror.com/datasets/choucsan/Gaokao-Compass-11M/resolve/main/data/2025/guizhou/school-admission.csv,2026-09-20T07:30:04+00:00
2.0,阿坝职业学院,,sichuan,,普通本科,,公办,https://hf-mirror.com/datasets/choucsan/Gaokao-Compass-11M/resolve/main/data/2025/guizhou/school-admission.csv,2026-09-20T07:30:04+00:00
204.0,沧州医学高等专科学校,,hebei,,普通本科,,公办,https://hf-mirror.com/datasets/choucsan/Gaokao-Compass-11M/resolve/main/data/2025/guizhou/school-admission.csv,2026-09-20T07:30:04+00:00
205.0,沧州幼儿师范高等专科学校,,hebei,,普通本科,,公办,https://hf-mirror.com/datasets/choucsan/Gaokao-Compass-11M/resolve/main/data/2025/guizhou/school-admission.csv,2026-09-20T07:30:04+00:00
2080.0,邵阳工业职业技术学院,,hunan,,普通本科,,公办,https://hf-mirror.com/datasets/choucsan/Gaokao-Compass-11M/resolve/main/data/2025/guizhou/school-admission.csv,2026-09-20T07:30:04+00:00
2082.0,邵阳职业技术学院,,hunan,,普通本科,,公办,https://hf-mirror.com/datasets/choucsan/Gaokao-Compass-11M/resolve/main/data/2025/guizhou/school-admission.csv,2026-09-20T07:30:04+00:00
2092.0,神木职业技术学院,,shaanxi,,普通本科,,公办,https://hf-mirror.com/datasets/choucsan/Gaokao-Compass-11M/resolve/main/data/2025/guizhou/school-admission.csv,2026-09-20T07:30:04+00:00
21.0,安徽国防科技职业学院,,anhui,,普通本科,,公办,https://hf-mirror.com/datasets/choucsan/Gaokao-Compass-11M/resolve/main/data/2025/guizhou/school-admission.csv,2026-09-20T07:30:04+00:00
212.0,长白山职业技术学院,,jilin,,普通本科,,公办,https://hf-mirror.com/datasets/choucsan/Gaokao-Compass-11M/resolve/main/data/2025/guizhou/school-admission.csv,2026-09-20T07:30:04+00:00
2130.0,石家庄信息工程职业学院,,hebei,,普通本科,,公办,https://hf-mirror.com/datasets/choucsan/Gaokao-Compass-11M/resolve/main/data/2025/guizhou/school-admission.csv,2026-09-20T07:30:04+00:00
2144.0,顺德职业技术大学,,guangdong,,普通本科,,公办,https://hf-mirror.com/datasets/choucsan/Gaokao-Compass-11M/resolve/main/data/2025/guizhou/school-admission.csv,2026-09-20T07:30:04+00:00
2145.0,朔州师范高等专科学校,,shanxi,,普通本科,,公办,https://hf-mirror.com/datasets/choucsan/Gaokao-Compass-11M/resolve/main/data/2025/guizhou/school-admission.csv,2026-09-20T07:30:04+00:00
2231.0,宿州职业技术学院,,anhui,,普通本科,,公办,https://hf-mirror.com/datasets/choucsan/Gaokao-Compass-11M/resolve/main/data/2025/guizhou/school-admission.csv,2026-09-20T07:30:04+00:00
2252.0,泰山护理职业学院,,shandong,,普通本科,,公办,https://hf-mirror.com/datasets/choucsan/Gaokao-Compass-11M/resolve/main/data/2025/guizhou/school-admission.csv,2026-09-20T07:30:04+00:00
2257.0,泰州职业技术学院,,jiangsu,,普通本科,,公办,https://hf-mirror.com/datasets/choucsan/Gaokao-Compass-11M/resolve/main/data/2025/guizhou/school-admission.csv,2026-09-20T07:30:04+00:00
2258.0,唐山工业职业技术大学,,hebei,,普通本科,,公办,https://hf-mirror.com/datasets/choucsan/Gaokao-Compass-11M/resolve/main/data/2025/guizhou/school-admission.csv,2026-09-20T07:30:04+00:00
2269.0,天津滨海职业学院,,tianjin,,普通本科,,公办,https://hf-mirror.com/datasets/choucsan/Gaokao-Compass-11M/resolve/main/data/2025/guizhou/school-admission.csv,2026-09-20T07:30:04+00:00
2281.0,天津工业职业学院,,tianjin,,普通本科,,公办,https://hf-mirror.com/datasets/choucsan/Gaokao-Compass-11M/resolve/main/data/2025/guizhou/school-admission.csv,2026-09-20T07:30:04+00:00
2287.0,天津机电职业技术学院,,tianjin,,普通本科,,公办,https://hf-mirror.com/datasets/choucsan/Gaokao-Compass-11M/resolve/main/data/2025/guizhou/school-admission.csv,2026-09-20T07:30:04+00:00
230.0,长春师范高等专科学校,,jilin,,普通本科,,公办,https://hf-mirror.com/datasets/choucsan/Gaokao-Compass-11M/resolve/main/data/2025/guizhou/school-admission.csv,2026-09-20T07:30:04+00:00
2308.0,天津天狮学院,,tianjin,,民办/独立学院,,民办,https://hf-mirror.com/datasets/choucsan/Gaokao-Compass-11M/resolve/main/data/2025/guizhou/school-admission.csv,2026-09-20T07:30:04+00:00
2321.0,天门职业学院,,hubei,,普通本科,,公办,https://hf-mirror.com/datasets/choucsan/Gaokao-Compass-11M/resolve/main/data/2025/guizhou/school-admission.csv,2026-09-20T07:30:04+00:00
2327.0,通化医药健康职业学院,,jilin,,普通本科,,公办,https://hf-mirror.com/datasets/choucsan/Gaokao-Compass-11M/resolve/main/data/2025/guizhou/school-admission.csv,2026-09-20T07:30:04+00:00
2328.0,通辽职业学院,,neimenggu,,普通本科,,公办,https://hf-mirror.com/datasets/choucsan/Gaokao-Compass-11M/resolve/main/data/2025/guizhou/school-admission.csv,2026-09-20T07:30:04+00:00
2342.0,皖北卫生职业学院,,anhui,,普通本科,,公办,https://hf-mirror.com/datasets/choucsan/Gaokao-Compass-11M/resolve/main/data/2025/guizhou/school-admission.csv,2026-09-20T07:30:04+00:00
2345.0,皖西卫生职业学院,,anhui,,普通本科,,公办,https://hf-mirror.com/datasets/choucsan/Gaokao-Compass-11M/resolve/main/data/2025/guizhou/school-admission.csv,2026-09-20T07:30:04+00:00
2350.0,潍坊工商职业学院,,shandong,,民办/独立学院,,民办,https://hf-mirror.com/datasets/choucsan/Gaokao-Compass-11M/resolve/main/data/2025/guizhou/school-admission.csv,2026-09-20T07:30:04+00:00
2351.0,潍坊护理职业学院,,shandong,,普通本科,,公办,https://hf-mirror.com/datasets/choucsan/Gaokao-Compass-11M/resolve/main/data/2025/guizhou/school-admission.csv,2026-09-20T07:30:04+00:00
2373.0,乌兰察布职业学院,,neimenggu,,普通本科,,公办,https://hf-mirror.com/datasets/choucsan/Gaokao-Compass-11M/resolve/main/data/2025/guizhou/school-admission.csv,2026-09-20T07:30:04+00:00
2378.0,无锡南洋职业技术学院,,jiangsu,,民办/独立学院,,民办,https://hf-mirror.com/datasets/choucsan/Gaokao-Compass-11M/resolve/main/data/2025/guizhou/school-admission.csv,2026-09-20T07:30:04+00:00
2410.0,武汉光谷职业学院,,hubei,,民办/独立学院,,民办,https://hf-mirror.com/datasets/choucsan/Gaokao-Compass-11M/resolve/main/data/2025/guizhou/school-admission.csv,2026-09-20T07:30:04+00:00
2412.0,武汉航海职业技术学院,,hubei,,普通本科,,公办,https://hf-mirror.com/datasets/choucsan/Gaokao-Compass-11M/resolve/main/data/2025/guizhou/school-admission.csv,2026-09-20T07:30:04+00:00
242.0,长江职业学院,,hubei,,普通本科,,公办,https://hf-mirror.com/datasets/choucsan/Gaokao-Compass-11M/resolve/main/data/2025/guizhou/school-admission.csv,2026-09-20T07:30:04+00:00
243.0,长沙电力职业技术学院,,hunan,,普通本科,,公办,https://hf-mirror.com/datasets/choucsan/Gaokao-Compass-11M/resolve/main/data/2025/guizhou/school-admission.csv,2026-09-20T07:30:04+00:00
2432.0,武汉文理学院,,hubei,,民办/独立学院,,民办,https://hf-mirror.com/datasets/choucsan/Gaokao-Compass-11M/resolve/main/data/2025/guizhou/school-admission.csv,2026-09-20T07:30:04+00:00
2454.0,西安高新科技职业学院,,shaanxi,,民办/独立学院,,民办,https://hf-mirror.com/datasets/choucsan/Gaokao-Compass-11M/resolve/main/data/2025/guizhou/school-admission.csv,2026-09-20T07:30:04+00:00
251.0,长沙南方职业学院,,hunan,,民办/独立学院,,民办,https://hf-mirror.com/datasets/choucsan/Gaokao-Compass-11M/resolve/main/data/2025/guizhou/school-admission.csv,2026-09-20T07:30:04+00:00
2639.0,宣化科技职业学院,,hebei,,普通本科,,公办,https://hf-mirror.com/datasets/choucsan/Gaokao-Compass-11M/resolve/main/data/2025/guizhou/school-admission.csv,2026-09-20T07:30:04+00:00
2648.0,烟台汽车工程职业学院,,shandong,,普通本科,,公办,https://hf-mirror.com/datasets/choucsan/Gaokao-Compass-11M/resolve/main/data/2025/guizhou/school-admission.csv,2026-09-20T07:30:04+00:00
2669.0,扬州职业技术大学,,jiangsu,,普通本科,,公办,https://hf-mirror.com/datasets/choucsan/Gaokao-Compass-11M/resolve/main/data/2025/guizhou/school-admission.csv,2026-09-20T07:30:04+00:00
2672.0,阳江职业技术学院,,guangdong,,普通本科,,公办,https://hf-mirror.com/datasets/choucsan/Gaokao-Compass-11M/resolve/main/data/2025/guizhou/school-admission.csv,2026-09-20T07:30:04+00:00
2687.0,益阳师范高等专科学校,,hunan,,普通本科,,公办,https://hf-mirror.com/datasets/choucsan/Gaokao-Compass-11M/resolve/main/data/2025/guizhou/school-admission.csv,2026-09-20T07:30:04+00:00
2697.0,永州师范高等专科学校,,hunan,,普通本科,,公办,https://hf-mirror.com/datasets/choucsan/Gaokao-Compass-11M/resolve/main/data/2025/guizhou/school-admission.csv,2026-09-20T07:30:04+00:00
2702.0,榆林职业技术学院,,shaanxi,,普通本科,,公办,https://hf-mirror.com/datasets/choucsan/Gaokao-Compass-11M/resolve/main/data/2025/guizhou/school-admission.csv,2026-09-20T07:30:04+00:00
2715.0,云南工程职业学院,,yunnan,,民办/独立学院,,民办,https://hf-mirror.com/datasets/choucsan/Gaokao-Compass-11M/resolve/main/data/2025/guizhou/school-admission.csv,2026-09-20T07:30:04+00:00
2718.0,云南国防工业职业技术学院,,yunnan,,普通本科,,公办,https://hf-mirror.com/datasets/choucsan/Gaokao-Compass-11M/resolve/main/data/2025/guizhou/school-admission.csv,2026-09-20T07:30:04+00:00
272.0,常州纺织服装职业技术学院,,jiangsu,,普通本科,,公办,https://hf-mirror.com/datasets/choucsan/Gaokao-Compass-11M/resolve/main/data/2025/guizhou/school-admission.csv,2026-09-20T07:30:04+00:00
2729.0,云南旅游职业学院,,yunnan,,普通本科,,公办,https://hf-mirror.com/datasets/choucsan/Gaokao-Compass-11M/resolve/main/data/2025/guizhou/school-admission.csv,2026-09-20T07:30:04+00:00
2734.0,云南轻纺职业学院,,yunnan,,普通本科,,公办,https://hf-mirror.com/datasets/choucsan/Gaokao-Compass-11M/resolve/main/data/2025/guizhou/school-admission.csv,2026-09-20T07:30:04+00:00
2738.0,云南水利水电职业学院,,yunnan,,普通本科,,公办,https://hf-mirror.com/datasets/choucsan/Gaokao-Compass-11M/resolve/main/data/2025/guizhou/school-admission.csv,2026-09-20T07:30:04+00:00
2740.0,云南特殊教育职业学院,,yunnan,,普通本科,,公办,https://hf-mirror.com/datasets/choucsan/Gaokao-Compass-11M/resolve/main/data/2025/guizhou/school-admission.csv,2026-09-20T07:30:04+00:00
2742.0,云南外事外语职业学院,,yunnan,,民办/独立学院,,民办,https://hf-mirror.com/datasets/choucsan/Gaokao-Compass-11M/resolve/main/data/2025/guizhou/school-admission.csv,2026-09-20T07:30:04+00:00
275.0,常州工业职业技术学院,,jiangsu,,普通本科,,公办,https://hf-mirror.com/datasets/choucsan/Gaokao-Compass-11M/resolve/main/data/2025/guizhou/school-admission.csv,2026-09-20T07:30:04+00:00
2767.0,张家口职业技术学院,,hebei,,普通本科,,公办,https://hf-mirror.com/datasets/choucsan/Gaokao-Compass-11M/resolve/main/data/2025/guizhou/school-admission.csv,2026-09-20T07:30:04+00:00
2797.0,浙江广厦建设职业技术大学,,zhejiang,,民办/独立学院,,民办,https://hf-mirror.com/datasets/choucsan/Gaokao-Compass-11M/resolve/main/data/2025/guizhou/school-admission.csv,2026-09-20T07:30:04+00:00
282.0,郴州思科职业学院,,hunan,,民办/独立学院,,民办,https://hf-mirror.com/datasets/choucsan/Gaokao-Compass-11M/resolve/main/data/2025/guizhou/school-admission.csv,2026-09-20T07:30:04+00:00
2823.0,浙江特殊教育职业学院,,zhejiang,,普通本科,,公办,https://hf-mirror.com/datasets/choucsan/Gaokao-Compass-11M/resolve/main/data/2025/guizhou/school-admission.csv,2026-09-20T07:30:04+00:00
2830.0,浙江艺术职业学院,,zhejiang,,普通本科,,公办,https://hf-mirror.com/datasets/choucsan/Gaokao-Compass-11M/resolve/main/data/2025/guizhou/school-admission.csv,2026-09-20T07:30:04+00:00
2841.0,正德职业技术学院,,jiangsu,,民办/独立学院,,民办,https://hf-mirror.com/datasets/choucsan/Gaokao-Compass-11M/resolve/main/data/2025/guizhou/school-admission.csv,2026-09-20T07:30:04+00:00
287.0,成都工贸职业技术学院,,sichuan,,普通本科,,公办,https://hf-mirror.com/datasets/choucsan/Gaokao-Compass-11M/resolve/main/data/2025/guizhou/school-admission.csv,2026-09-20T07:30:04+00:00
2880.0,郑州医药健康职业学院,,henan,,民办/独立学院,,民办,https://hf-mirror.com/datasets/choucsan/Gaokao-Compass-11M/resolve/main/data/2025/guizhou/school-admission.csv,2026-09-20T07:30:04+00:00
2882.0,郑州职业技术学院,,henan,,普通本科,,公办,https://hf-mirror.com/datasets/choucsan/Gaokao-Compass-11M/resolve/main/data/2025/guizhou/school-admission.csv,2026-09-20T07:30:04+00:00
2924.0,中山火炬职业技术学院,,guangdong,,普通本科,,公办,https://hf-mirror.com/datasets/choucsan/Gaokao-Compass-11M/resolve/main/data/2025/guizhou/school-admission.csv,2026-09-20T07:30:04+00:00
2925.0,中山职业技术学院,,guangdong,,普通本科,,公办,https://hf-mirror.com/datasets/choucsan/Gaokao-Compass-11M/resolve/main/data/2025/guizhou/school-admission.csv,2026-09-20T07:30:04+00:00
2940.0,珠海城市职业技术学院,,guangdong,,普通本科,,公办,https://hf-mirror.com/datasets/choucsan/Gaokao-Compass-11M/resolve/main/data/2025/guizhou/school-admission.csv,2026-09-20T07:30:04+00:00
2945.0,株洲师范高等专科学校,,hunan,,普通本科,,公办,https://hf-mirror.com/datasets/choucsan/Gaokao-Compass-11M/resolve/main/data/2025/guizhou/school-admission.csv,2026-09-20T07:30:04+00:00
2952.0,淄博职业技术大学,,shandong,,普通本科,,公办,https://hf-mirror.com/datasets/choucsan/Gaokao-Compass-11M/resolve/main/data/2025/guizhou/school-admission.csv,2026-09-20T07:30:04+00:00
3006.0,鹰潭卫生职业学院,,jiangxi,,民办/独立学院,,民办,https://hf-mirror.com/datasets/choucsan/Gaokao-Compass-11M/resolve/main/data/2025/guizhou/school-admission.csv,2026-09-20T07:30:04+00:00
32.0,安徽粮食工程职业学院,,anhui,,普通本科,,公办,https://hf-mirror.com/datasets/choucsan/Gaokao-Compass-11M/resolve/main/data/2025/guizhou/school-admission.csv,2026-09-20T07:30:04+00:00
382.0,崇左幼儿师范高等专科学校,,guangxi,,普通本科,,公办,https://hf-mirror.com/datasets/choucsan/Gaokao-Compass-11M/resolve/main/data/2025/guizhou/school-admission.csv,2026-09-20T07:30:04+00:00
420.0,大连装备制造职业技术学院,,liaoning,,民办/独立学院,,民办,https://hf-mirror.com/datasets/choucsan/Gaokao-Compass-11M/resolve/main/data/2025/guizhou/school-admission.csv,2026-09-20T07:30:04+00:00
45.0,安徽卫生健康职业学院,,anhui,,普通本科,,公办,https://hf-mirror.com/datasets/choucsan/Gaokao-Compass-11M/resolve/main/data/2025/guizhou/school-admission.csv,2026-09-20T07:30:04+00:00
462.0,东营职业学院,,shandong,,普通本科,,公办,https://hf-mirror.com/datasets/choucsan/Gaokao-Compass-11M/resolve/main/data/2025/guizhou/school-admission.csv,2026-09-20T07:30:04+00:00
512.0,阜新高等专科学校,,liaoning,,普通本科,,公办,https://hf-mirror.com/datasets/choucsan/Gaokao-Compass-11M/resolve/main/data/2025/guizhou/school-admission.csv,2026-09-20T07:30:04+00:00
534.0,甘肃卫生职业学院,,gansu,,普通本科,,公办,https://hf-mirror.com/datasets/choucsan/Gaokao-Compass-11M/resolve/main/data/2025/guizhou/school-admission.csv,2026-09-20T07:30:04+00:00
554.0,广东碧桂园职业学院,,guangdong,,民办/独立学院,,民办,https://hf-mirror.com/datasets/choucsan/Gaokao-Compass-11M/resolve/main/data/2025/guizhou/school-admission.csv,2026-09-20T07:30:04+00:00
558.0,广东创新科技职业学院,,guangdong,,民办/独立学院,,民办,https://hf-mirror.com/datasets/choucsan/Gaokao-Compass-11M/resolve/main/data/2025/guizhou/school-admission.csv,2026-09-20T07:30:04+00:00
561.0,广东工程职业技术学院,,guangdong,,普通本科,,公办,https://hf-mirror.com/datasets/choucsan/Gaokao-Compass-11M/resolve/main/data/2025/guizhou/school-admission.csv,2026-09-20T07:30:04+00:00
569.0,广东建设职业技术学院,,guangdong,,普通本科,,公办,https://hf-mirror.com/datasets/choucsan/Gaokao-Compass-11M/resolve/main/data/2025/guizhou/school-admission.csv,2026-09-20T07:30:04+00:00
580.0,广东理工职业学院,,guangdong,,普通本科,,公办,https://hf-mirror.com/datasets/choucsan/Gaokao-Compass-11M/resolve/main/data/2025/guizhou/school-admission.csv,2026-09-20T07:30:04+00:00
582.0,广东茂名健康职业学院,,guangdong,,普通本科,,公办,https://hf-mirror.com/datasets/choucsan/Gaokao-Compass-11M/resolve/main/data/2025/guizhou/school-admission.csv,2026-09-20T07:30:04+00:00
586.0,广东南方职业学院,,guangdong,,民办/独立学院,,民办,https://hf-mirror.com/datasets/choucsan/Gaokao-Compass-11M/resolve/main/data/2025/guizhou/school-admission.csv,2026-09-20T07:30:04+00:00
588.0,广东农工商职业技术学院,,guangdong,,普通本科,,公办,https://hf-mirror.com/datasets/choucsan/Gaokao-Compass-11M/resolve/main/data/2025/guizhou/school-admission.csv,2026-09-20T07:30:04+00:00
616.0,广东肇庆航空职业学院,,guangdong,,民办/独立学院,,民办,https://hf-mirror.com/datasets/choucsan/Gaokao-Compass-11M/resolve/main/data/2025/guizhou/school-admission.csv,2026-09-20T07:30:04+00:00
618.0,广西安全工程职业技术学院,,guangxi,,普通本科,,公办,https://hf-mirror.com/datasets/choucsan/Gaokao-Compass-11M/resolve/main/data/2025/guizhou/school-admission.csv,2026-09-20T07:30:04+00:00
624.0,广西工商职业技术学院,,guangxi,,普通本科,,公办,https://hf-mirror.com/datasets/choucsan/Gaokao-Compass-11M/resolve/main/data/2025/guizhou/school-admission.csv,2026-09-20T07:30:04+00:00
631.0,广西金融职业技术学院,,guangxi,,普通本科,,公办,https://hf-mirror.com/datasets/choucsan/Gaokao-Compass-11M/resolve/main/data/2025/guizhou/school-admission.csv,2026-09-20T07:30:04+00:00
643.0,广西农业工程职业技术学院,,guangxi,,普通本科,,公办,https://hf-mirror.com/datasets/choucsan/Gaokao-Compass-11M/resolve/main/data/2025/guizhou/school-admission.csv,2026-09-20T07:30:04+00:00
647.0,广西生态工程职业技术学院,,guangxi,,普通本科,,公办,https://hf-mirror.com/datasets/choucsan/Gaokao-Compass-11M/resolve/main/data/2025/guizhou/school-admission.csv,2026-09-20T07:30:04+00:00
654.0,广西现代职业技术学院,,guangxi,,普通本科,,公办,https://hf-mirror.com/datasets/choucsan/Gaokao-Compass-11M/resolve/main/data/2025/guizhou/school-admission.csv,2026-09-20T07:30:04+00:00
66.0,安庆医药高等专科学校,,anhui,,普通本科,,公办,https://hf-mirror.com/datasets/choucsan/Gaokao-Compass-11M/resolve/main/data/2025/guizhou/school-admission.csv,2026-09-20T07:30:04+00:00
67.0,安庆职业技术学院,,anhui,,普通本科,,公办,https://hf-mirror.com/datasets/choucsan/Gaokao-Compass-11M/resolve/main/data/2025/guizhou/school-admission.csv,2026-09-20T07:30:04+00:00
671.0,广州城建职业学院,,guangdong,,民办/独立学院,,民办,https://hf-mirror.com/datasets/choucsan/Gaokao-Compass-11M/resolve/main/data/2025/guizhou/school-admission.csv,2026-09-20T07:30:04+00:00
675.0,广州东华职业学院,,guangdong,,民办/独立学院,,民办,https://hf-mirror.com/datasets/choucsan/Gaokao-Compass-11M/resolve/main/data/2025/guizhou/school-admission.csv,2026-09-20T07:30:04+00:00
684.0,广州华商职业学院,,guangdong,,民办/独立学院,,民办,https://hf-mirror.com/datasets/choucsan/Gaokao-Compass-11M/resolve/main/data/2025/guizhou/school-admission.csv,2026-09-20T07:30:04+00:00
685.0,广州华夏职业学院,,guangdong,,民办/独立学院,,民办,https://hf-mirror.com/datasets/choucsan/Gaokao-Compass-11M/resolve/main/data/2025/guizhou/school-admission.csv,2026-09-20T07:30:04+00:00
688.0,广州科技职业技术大学,,guangdong,,民办/独立学院,,民办,https://hf-mirror.com/datasets/choucsan/Gaokao-Compass-11M/resolve/main/data/2025/guizhou/school-admission.csv,2026-09-20T07:30:04+00:00
693.0,广州南洋理工职业学院,,guangdong,,民办/独立学院,,民办,https://hf-mirror.com/datasets/choucsan/Gaokao-Compass-11M/resolve/main/data/2025/guizhou/school-admission.csv,2026-09-20T07:30:04+00:00
696.0,广州涉外经济职业技术学院,,guangdong,,民办/独立学院,,民办,https://hf-mirror.com/datasets/choucsan/Gaokao-Compass-11M/resolve/main/data/2025/guizhou/school-admission.csv,2026-09-20T07:30:04+00:00
708.0,广州珠江职业技术学院,,guangdong,,民办/独立学院,,民办,https://hf-mirror.com/datasets/choucsan/Gaokao-Compass-11M/resolve/main/data/2025/guizhou/school-admission.csv,2026-09-20T07:30:04+00:00
723.0,贵州电子科技职业学院,,guizhou,,普通本科,,公办,https://hf-mirror.com/datasets/choucsan/Gaokao-Compass-11M/resolve/main/data/2025/guizhou/school-admission.csv,2026-09-20T07:30:04+00:00
724.0,贵州电子商务职业技术学院,,guizhou,,普通本科,,公办,https://hf-mirror.com/datasets/choucsan/Gaokao-Compass-11M/resolve/main/data/2025/guizhou/school-admission.csv,2026-09-20T07:30:04+00:00
735.0,贵州建设职业技术学院,,guizhou,,普通本科,,公办,https://hf-mirror.com/datasets/choucsan/Gaokao-Compass-11M/resolve/main/data/2025/guizhou/school-admission.csv,2026-09-20T07:30:04+00:00
752.0,贵州食品工程职业学院,,guizhou,,普通本科,,公办,https://hf-mirror.com/datasets/choucsan/Gaokao-Compass-11M/resolve/main/data/2025/guizhou/school-admission.csv,2026-09-20T07:30:04+00:00
756.0,贵州文化旅游职业学院,,guizhou,,普通本科,,公办,https://hf-mirror.com/datasets/choucsan/Gaokao-Compass-11M/resolve/main/data/2025/guizhou/school-admission.csv,2026-09-20T07:30:04+00:00
763.0,贵州装备制造职业学院,,guizhou,,普通本科,,公办,https://hf-mirror.com/datasets/choucsan/Gaokao-Compass-11M/resolve/main/data/2025/guizhou/school-admission.csv,2026-09-20T07:30:04+00:00
800.0,哈尔滨应用职业技术学院,,heilongjiang,,民办/独立学院,,民办,https://hf-mirror.com/datasets/choucsan/Gaokao-Compass-11M/resolve/main/data/2025/guizhou/school-admission.csv,2026-09-20T07:30:04+00:00
804.0,哈密职业技术学院,,xinjiang,,普通本科,,公办,https://hf-mirror.com/datasets/choucsan/Gaokao-Compass-11M/resolve/main/data/2025/guizhou/school-admission.csv,2026-09-20T07:30:04+00:00
834.0,汉口学院,,hubei,,民办/独立学院,,民办,https://hf-mirror.com/datasets/choucsan/Gaokao-Compass-11M/resolve/main/data/2025/guizhou/school-admission.csv,2026-09-20T07:30:04+00:00
841.0,杭州万向职业技术学院,,zhejiang,,民办/独立学院,,民办,https://hf-mirror.com/datasets/choucsan/Gaokao-Compass-11M/resolve/main/data/2025/guizhou/school-admission.csv,2026-09-20T07:30:04+00:00
85.0,百色职业学院,,guangxi,,普通本科,,公办,https://hf-mirror.com/datasets/choucsan/Gaokao-Compass-11M/resolve/main/data/2025/guizhou/school-admission.csv,2026-09-20T07:30:04+00:00
850.0,合肥科技职业学院,,anhui,,民办/独立学院,,民办,https://hf-mirror.com/datasets/choucsan/Gaokao-Compass-11M/resolve/main/data/2025/guizhou/school-admission.csv,2026-09-20T07:30:04+00:00
859.0,和田职业技术学院,,xinjiang,,普通本科,,公办,https://hf-mirror.com/datasets/choucsan/Gaokao-Compass-11M/resolve/main/data/2025/guizhou/school-admission.csv,2026-09-20T07:30:04+00:00
873.0,河北工艺美术职业学院,,hebei,,普通本科,,公办,https://hf-mirror.com/datasets/choucsan/Gaokao-Compass-11M/resolve/main/data/2025/guizhou/school-admission.csv,2026-09-20T07:30:04+00:00
9.0,安徽城市管理职业学院,,anhui,,普通本科,,公办,https://hf-mirror.com/datasets/choucsan/Gaokao-Compass-11M/resolve/main/data/2025/guizhou/school-admission.csv,2026-09-20T07:30:04+00:00
91.0,包头钢铁职业技术学院,,neimenggu,,普通本科,,公办,https://hf-mirror.com/datasets/choucsan/Gaokao-Compass-11M/resolve/main/data/2025/guizhou/school-admission.csv,2026-09-20T07:30:04+00:00
927.0,河南工业和信息化职业学院,,henan,,普通本科,,公办,https://hf-mirror.com/datasets/choucsan/Gaokao-Compass-11M/resolve/main/data/2025/guizhou/school-admission.csv,2026-09-20T07:30:04+00:00
928.0,河南工业贸易职业学院,,henan,,普通本科,,公办,https://hf-mirror.com/datasets/choucsan/Gaokao-Compass-11M/resolve/main/data/2025/guizhou/school-admission.csv,2026-09-20T07:30:04+00:00
94.0,包头职业技术学院,,neimenggu,,普通本科,,公办,https://hf-mirror.com/datasets/choucsan/Gaokao-Compass-11M/resolve/main/data/2025/guizhou/school-admission.csv,2026-09-20T07:30:04+00:00
95.0,宝鸡三和职业学院,,shaanxi,,民办/独立学院,,民办,https://hf-mirror.com/datasets/choucsan/Gaokao-Compass-11M/resolve/main/data/2025/guizhou/school-admission.csv,2026-09-20T07:30:04+00:00
965.0,菏泽医学专科学校,,shandong,,普通本科,,公办,https://hf-mirror.com/datasets/choucsan/Gaokao-Compass-11M/resolve/main/data/2025/guizhou/school-admission.csv,2026-09-20T07:30:04+00:00
989.0,黑龙江旅游职业技术学院,,heilongjiang,,普通本科,,公办,https://hf-mirror.com/datasets/choucsan/Gaokao-Compass-11M/resolve/main/data/2025/guizhou/school-admission.csv,2026-09-20T07:30:04+00:00
990.0,黑龙江民族职业学院,,heilongjiang,,普通本科,,公办,https://hf-mirror.com/datasets/choucsan/Gaokao-Compass-11M/resolve/main/data/2025/guizhou/school-admission.csv,2026-09-20T07:30:04+00:00
995.0,黑龙江农业职业技术学院,,heilongjiang,,普通本科,,公办,https://hf-mirror.com/datasets/choucsan/Gaokao-Compass-11M/resolve/main/data/2025/guizhou/school-admission.csv,2026-09-20T07:30:04+00:00
996.0,黑龙江三江美术职业学院,,heilongjiang,,民办/独立学院,,民办,https://hf-mirror.com/datasets/choucsan/Gaokao-Compass-11M/resolve/main/data/2025/guizhou/school-admission.csv,2026-09-20T07:30:04+00:00
997.0,黑龙江商业职业学院,,heilongjiang,,普通本科,,公办,https://hf-mirror.com/datasets/choucsan/Gaokao-Compass-11M/resolve/main/data/2025/guizhou/school-admission.csv,2026-09-20T07:30:04+00:00
,九江科技职业大学,,jiangxi,,民办/独立学院,,民办,https://hf-mirror.com/datasets/choucsan/Gaokao-Compass-11M/resolve/main/data/2025/guizhou/school-admission.csv,2026-09-20T07:30:04+00:00
517.0,阜阳职业技术学院,,anhui,,普通本科,,公办,https://hf-mirror.com/datasets/choucsan/Gaokao-Compass-11M/resolve/main/data/2025/guizhou/school-admission.csv,2026-09-20T07:30:04+00:00
1029.0,湖北工程学院,,hubei,,普通本科,,公办,https://hf-mirror.com/datasets/choucsan/Gaokao-Compass-11M/resolve/main/data/2025/guizhou/school-admission.csv,2026-09-20T07:30:04+00:00
1041.0,湖北警官学院,,hubei,,普通本科,,公办,https://hf-mirror.com/datasets/choucsan/Gaokao-Compass-11M/resolve/main/data/2025/guizhou/school-admission.csv,2026-09-20T07:30:04+00:00
1112.0,岳阳学院,,hunan,,民办/独立学院,,民办,https://hf-mirror.com/datasets/choucsan/Gaokao-Compass-11M/resolve/main/data/2025/guizhou/school-admission.csv,2026-09-20T07:30:04+00:00
1116.0,湖南农业大学东方科技学院,,hunan,,民办/独立学院,,民办,https://hf-mirror.com/datasets/choucsan/Gaokao-Compass-11M/resolve/main/data/2025/guizhou/school-admission.csv,2026-09-20T07:30:04+00:00
1141.0,湖南信息学院,,hunan,,民办/独立学院,,民办,https://hf-mirror.com/datasets/choucsan/Gaokao-Compass-11M/resolve/main/data/2025/guizhou/school-admission.csv,2026-09-20T07:30:04+00:00
1284.0,江苏科技大学苏州理工学院,,jiangsu,,民办/独立学院,,民办,https://hf-mirror.com/datasets/choucsan/Gaokao-Compass-11M/resolve/main/data/2025/guizhou/school-admission.csv,2026-09-20T07:30:04+00:00
1294.0,江苏师范大学科文学院,,jiangsu,,民办/独立学院,,民办,https://hf-mirror.com/datasets/choucsan/Gaokao-Compass-11M/resolve/main/data/2025/guizhou/school-admission.csv,2026-09-20T07:30:04+00:00
1380.0,荆州学院,,hubei,,民办/独立学院,,民办,https://hf-mirror.com/datasets/choucsan/Gaokao-Compass-11M/resolve/main/data/2025/guizhou/school-admission.csv,2026-09-20T07:30:04+00:00
141.0,北京金融科技学院,,beijing,,民办/独立学院,,民办,https://hf-mirror.com/datasets/choucsan/Gaokao-Compass-11M/resolve/main/data/2025/guizhou/school-admission.csv,2026-09-20T07:30:04+00:00
1434.0,兰州工商学院,,gansu,,民办/独立学院,,民办,https://hf-mirror.com/datasets/choucsan/Gaokao-Compass-11M/resolve/main/data/2025/guizhou/school-admission.csv,2026-09-20T07:30:04+00:00
1496.0,辽宁师范大学海华学院,,liaoning,,民办/独立学院,,民办,https://hf-mirror.com/datasets/choucsan/Gaokao-Compass-11M/resolve/main/data/2025/guizhou/school-admission.csv,2026-09-20T07:30:04+00:00
1515.0,聊城大学东昌学院,,shandong,,民办/独立学院,,民办,https://hf-mirror.com/datasets/choucsan/Gaokao-Compass-11M/resolve/main/data/2025/guizhou/school-admission.csv,2026-09-20T07:30:04+00:00
1589.0,闽南科技学院,,fujian,,民办/独立学院,,民办,https://hf-mirror.com/datasets/choucsan/Gaokao-Compass-11M/resolve/main/data/2025/guizhou/school-admission.csv,2026-09-20T07:30:04+00:00
1648.0,南京师范大学中北学院,,jiangsu,,民办/独立学院,,民办,https://hf-mirror.com/datasets/choucsan/Gaokao-Compass-11M/resolve/main/data/2025/guizhou/school-admission.csv,2026-09-20T07:30:04+00:00
1657.0,南京医科大学康达学院,,jiangsu,,民办/独立学院,,民办,https://hf-mirror.com/datasets/choucsan/Gaokao-Compass-11M/resolve/main/data/2025/guizhou/school-admission.csv,2026-09-20T07:30:04+00:00
1702.0,内蒙古科技大学包头师范学院,,neimenggu,,普通本科,,公办,https://hf-mirror.com/datasets/choucsan/Gaokao-Compass-11M/resolve/main/data/2025/guizhou/school-admission.csv,2026-09-20T07:30:04+00:00
1715.0,宁波财经学院,,zhejiang,,民办/独立学院,,民办,https://hf-mirror.com/datasets/choucsan/Gaokao-Compass-11M/resolve/main/data/2025/guizhou/school-admission.csv,2026-09-20T07:30:04+00:00
1724.0,宁德师范学院,,fujian,,普通本科,,公办,https://hf-mirror.com/datasets/choucsan/Gaokao-Compass-11M/resolve/main/data/2025/guizhou/school-admission.csv,2026-09-20T07:30:04+00:00
1781.0,青岛滨海学院,,shandong,,民办/独立学院,,民办,https://hf-mirror.com/datasets/choucsan/Gaokao-Compass-11M/resolve/main/data/2025/guizhou/school-admission.csv,2026-09-20T07:30:04+00:00
1871.0,山东管理学院,,shandong,,普通本科,,公办,https://hf-mirror.com/datasets/choucsan/Gaokao-Compass-11M/resolve/main/data/2025/guizhou/school-admission.csv,2026-09-20T07:30:04+00:00
2084.0,绍兴理工学院,,zhejiang,,普通本科,,公办,https://hf-mirror.com/datasets/choucsan/Gaokao-Compass-11M/resolve/main/data/2025/guizhou/school-admission.csv,2026-09-20T07:30:04+00:00
2106.0,沈阳科技学院,,liaoning,,民办/独立学院,,民办,https://hf-mirror.com/datasets/choucsan/Gaokao-Compass-11M/resolve/main/data/2025/guizhou/school-admission.csv,2026-09-20T07:30:04+00:00
2219.0,苏州科技大学天平学院,,jiangsu,,民办/独立学院,,民办,https://hf-mirror.com/datasets/choucsan/Gaokao-Compass-11M/resolve/main/data/2025/guizhou/school-admission.csv,2026-09-20T07:30:04+00:00
2256.0,泰州学院,,jiangsu,,普通本科,,公办,https://hf-mirror.com/datasets/choucsan/Gaokao-Compass-11M/resolve/main/data/2025/guizhou/school-admission.csv,2026-09-20T07:30:04+00:00
2276.0,天津传媒学院,,tianjin,,民办/独立学院,,民办,https://hf-mirror.com/datasets/choucsan/Gaokao-Compass-11M/resolve/main/data/2025/guizhou/school-admission.csv,2026-09-20T07:30:04+00:00
2391.0,武昌工学院,,hubei,,民办/独立学院,,民办,https://hf-mirror.com/datasets/choucsan/Gaokao-Compass-11M/resolve/main/data/2025/guizhou/school-admission.csv,2026-09-20T07:30:04+00:00
2401.0,武汉东湖学院,,hubei,,民办/独立学院,,民办,https://hf-mirror.com/datasets/choucsan/Gaokao-Compass-11M/resolve/main/data/2025/guizhou/school-admission.csv,2026-09-20T07:30:04+00:00
2406.0,武汉工程科技学院,,hubei,,民办/独立学院,,民办,https://hf-mirror.com/datasets/choucsan/Gaokao-Compass-11M/resolve/main/data/2025/guizhou/school-admission.csv,2026-09-20T07:30:04+00:00
2421.0,武汉晴川学院,,hubei,,民办/独立学院,,民办,https://hf-mirror.com/datasets/choucsan/Gaokao-Compass-11M/resolve/main/data/2025/guizhou/school-admission.csv,2026-09-20T07:30:04+00:00
2425.0,武汉设计工程学院,,hubei,,民办/独立学院,,民办,https://hf-mirror.com/datasets/choucsan/Gaokao-Compass-11M/resolve/main/data/2025/guizhou/school-admission.csv,2026-09-20T07:30:04+00:00
2434.0,武汉学院,,hubei,,民办/独立学院,,民办,https://hf-mirror.com/datasets/choucsan/Gaokao-Compass-11M/resolve/main/data/2025/guizhou/school-admission.csv,2026-09-20T07:30:04+00:00
2446.0,西安财经大学行知学院,,shaanxi,,民办/独立学院,,民办,https://hf-mirror.com/datasets/choucsan/Gaokao-Compass-11M/resolve/main/data/2025/guizhou/school-admission.csv,2026-09-20T07:30:04+00:00
2619.0,信阳学院,,henan,,民办/独立学院,,民办,https://hf-mirror.com/datasets/choucsan/Gaokao-Compass-11M/resolve/main/data/2025/guizhou/school-admission.csv,2026-09-20T07:30:04+00:00
2765.0,张家界学院,,hunan,,民办/独立学院,,民办,https://hf-mirror.com/datasets/choucsan/Gaokao-Compass-11M/resolve/main/data/2025/guizhou/school-admission.csv,2026-09-20T07:30:04+00:00
2779.0,浙大城市学院,,zhejiang,,普通本科,,公办,https://hf-mirror.com/datasets/choucsan/Gaokao-Compass-11M/resolve/main/data/2025/guizhou/school-admission.csv,2026-09-20T07:30:04+00:00
2820.0,浙江师范大学行知学院,,zhejiang,,民办/独立学院,,民办,https://hf-mirror.com/datasets/choucsan/Gaokao-Compass-11M/resolve/main/data/2025/guizhou/school-admission.csv,2026-09-20T07:30:04+00:00
2835.0,浙江越秀外国语学院,,zhejiang,,民办/独立学院,,民办,https://hf-mirror.com/datasets/choucsan/Gaokao-Compass-11M/resolve/main/data/2025/guizhou/school-admission.csv,2026-09-20T07:30:04+00:00
6195.0,郑州升达经贸管理学院,,henan,,民办/独立学院,,民办,https://hf-mirror.com/datasets/choucsan/Gaokao-Compass-11M/resolve/main/data/2025/guizhou/school-admission.csv,2026-09-20T07:30:04+00:00
2891.0,中国计量大学现代科技学院,,zhejiang,,民办/独立学院,,民办,https://hf-mirror.com/datasets/choucsan/Gaokao-Compass-11M/resolve/main/data/2025/guizhou/school-admission.csv,2026-09-20T07:30:04+00:00
312.0,赤峰学院,,neimenggu,,普通本科,,公办,https://hf-mirror.com/datasets/choucsan/Gaokao-Compass-11M/resolve/main/data/2025/guizhou/school-admission.csv,2026-09-20T07:30:04+00:00
402.0,大连工业大学艺术与信息工程学院,,liaoning,,民办/独立学院,,民办,https://hf-mirror.com/datasets/choucsan/Gaokao-Compass-11M/resolve/main/data/2025/guizhou/school-admission.csv,2026-09-20T07:30:04+00:00
465.0,鄂尔多斯应用技术学院,,neimenggu,,普通本科,,公办,https://hf-mirror.com/datasets/choucsan/Gaokao-Compass-11M/resolve/main/data/2025/guizhou/school-admission.csv,2026-09-20T07:30:04+00:00
483.0,福建农林大学金山学院,,fujian,,民办/独立学院,,民办,https://hf-mirror.com/datasets/choucsan/Gaokao-Compass-11M/resolve/main/data/2025/guizhou/school-admission.csv,2026-09-20T07:30:04+00:00
499.0,福州工商学院,,fujian,,民办/独立学院,,民办,https://hf-mirror.com/datasets/choucsan/Gaokao-Compass-11M/resolve/main/data/2025/guizhou/school-admission.csv,2026-09-20T07:30:04+00:00
553.0,广东白云学院,,guangdong,,民办/独立学院,,民办,https://hf-mirror.com/datasets/choucsan/Gaokao-Compass-11M/resolve/main/data/2025/guizhou/school-admission.csv,2026-09-20T07:30:04+00:00
576.0,广东科技学院,,guangdong,,民办/独立学院,,民办,https://hf-mirror.com/datasets/choucsan/Gaokao-Compass-11M/resolve/main/data/2025/guizhou/school-admission.csv,2026-09-20T07:30:04+00:00
579.0,广东理工学院,,guangdong,,民办/独立学院,,民办,https://hf-mirror.com/datasets/choucsan/Gaokao-Compass-11M/resolve/main/data/2025/guizhou/school-admission.csv,2026-09-20T07:30:04+00:00
620.0,广西城市职业大学,,guangxi,,民办/独立学院,,民办,https://hf-mirror.com/datasets/choucsan/Gaokao-Compass-11M/resolve/main/data/2025/guizhou/school-admission.csv,2026-09-20T07:30:04+00:00
634.0,广西警察学院,,guangxi,,普通本科,,公办,https://hf-mirror.com/datasets/choucsan/Gaokao-Compass-11M/resolve/main/data/2025/guizhou/school-admission.csv,2026-09-20T07:30:04+00:00
641.0,广西民族大学相思湖学院,,guangxi,,民办/独立学院,,民办,https://hf-mirror.com/datasets/choucsan/Gaokao-Compass-11M/resolve/main/data/2025/guizhou/school-admission.csv,2026-09-20T07:30:04+00:00
642.0,广西民族师范学院,,guangxi,,普通本科,,公办,https://hf-mirror.com/datasets/choucsan/Gaokao-Compass-11M/resolve/main/data/2025/guizhou/school-admission.csv,2026-09-20T07:30:04+00:00
663.0,广西职业师范学院,,guangxi,,普通本科,,公办,https://hf-mirror.com/datasets/choucsan/Gaokao-Compass-11M/resolve/main/data/2025/guizhou/school-admission.csv,2026-09-20T07:30:04+00:00
678.0,广州工商学院,,guangdong,,民办/独立学院,,民办,https://hf-mirror.com/datasets/choucsan/Gaokao-Compass-11M/resolve/main/data/2025/guizhou/school-admission.csv,2026-09-20T07:30:04+00:00
712.0,贵阳人文科技学院,,guizhou,,民办/独立学院,,民办,https://hf-mirror.com/datasets/choucsan/Gaokao-Compass-11M/resolve/main/data/2025/guizhou/school-admission.csv,2026-09-20T07:30:04+00:00
785.0,哈尔滨广厦学院,,heilongjiang,,民办/独立学院,,民办,https://hf-mirror.com/datasets/choucsan/Gaokao-Compass-11M/resolve/main/data/2025/guizhou/school-admission.csv,2026-09-20T07:30:04+00:00
786.0,哈尔滨华德学院,,heilongjiang,,民办/独立学院,,民办,https://hf-mirror.com/datasets/choucsan/Gaokao-Compass-11M/resolve/main/data/2025/guizhou/school-admission.csv,2026-09-20T07:30:04+00:00
787.0,哈尔滨剑桥学院,,heilongjiang,,民办/独立学院,,民办,https://hf-mirror.com/datasets/choucsan/Gaokao-Compass-11M/resolve/main/data/2025/guizhou/school-admission.csv,2026-09-20T07:30:04+00:00
793.0,哈尔滨石油学院,,heilongjiang,,民办/独立学院,,民办,https://hf-mirror.com/datasets/choucsan/Gaokao-Compass-11M/resolve/main/data/2025/guizhou/school-admission.csv,2026-09-20T07:30:04+00:00
802.0,哈尔滨远东理工学院,,heilongjiang,,民办/独立学院,,民办,https://hf-mirror.com/datasets/choucsan/Gaokao-Compass-11M/resolve/main/data/2025/guizhou/school-admission.csv,2026-09-20T07:30:04+00:00
964.0,菏泽学院,,shandong,,普通本科,,公办,https://hf-mirror.com/datasets/choucsan/Gaokao-Compass-11M/resolve/main/data/2025/guizhou/school-admission.csv,2026-09-20T07:30:04+00:00
978.0,黑龙江东方学院,,heilongjiang,,民办/独立学院,,民办,https://hf-mirror.com/datasets/choucsan/Gaokao-Compass-11M/resolve/main/data/2025/guizhou/school-admission.csv,2026-09-20T07:30:04+00:00
980.0,黑龙江工程学院昆仑旅游学院,,heilongjiang,,民办/独立学院,,民办,https://hf-mirror.com/datasets/choucsan/Gaokao-Compass-11M/resolve/main/data/2025/guizhou/school-admission.csv,2026-09-20T07:30:04+00:00
124.0,北京电子科技学院,,beijing,,普通本科,,公办,https://hf-mirror.com/datasets/choucsan/Gaokao-Compass-11M/resolve/main/data/2025/guizhou/school-admission.csv,2026-09-20T07:30:04+00:00
1635.0,南京警察学院,,jiangsu,,普通本科,,公办,https://hf-mirror.com/datasets/choucsan/Gaokao-Compass-11M/resolve/main/data/2025/guizhou/school-admission.csv,2026-09-20T07:30:04+00:00
2859.0,郑州警察学院,,henan,,普通本科,,公办,https://hf-mirror.com/datasets/choucsan/Gaokao-Compass-11M/resolve/main/data/2025/guizhou/school-admission.csv,2026-09-20T07:30:04+00:00
2929.0,中央司法警官学院,,hebei,,普通本科,,公办,https://hf-mirror.com/datasets/choucsan/Gaokao-Compass-11M/resolve/main/data/2025/guizhou/school-admission.csv,2026-09-20T07:30:04+00:00
775.0,中国人民解放军国防科技大学,,hunan,,985,,公办,https://hf-mirror.com/datasets/choucsan/Gaokao-Compass-11M/resolve/main/data/2025/guizhou/school-admission.csv,2026-09-20T07:30:04+00:00
776.0,国际关系学院,,beijing,,普通本科,,公办,https://hf-mirror.com/datasets/choucsan/Gaokao-Compass-11M/resolve/main/data/2025/guizhou/school-admission.csv,2026-09-20T07:30:04+00:00
2546.0,香港城市大学,,香港,,普通本科,,公办,https://hf-mirror.com/datasets/choucsan/Gaokao-Compass-11M/resolve/main/data/2025/guizhou/school-admission.csv,2026-09-20T07:30:04+00:00
2557.0,香港中文大学,,香港,,普通本科,,公办,https://hf-mirror.com/datasets/choucsan/Gaokao-Compass-11M/resolve/main/data/2025/guizhou/school-admission.csv,2026-09-20T07:30:04+00:00
2558.0,香港中文大学(深圳),,guangdong,,普通本科,,内地与港澳台地区合作办学,https://hf-mirror.com/datasets/choucsan/Gaokao-Compass-11M/resolve/main/data/2025/guizhou/school-admission.csv,2026-09-20T07:30:04+00:00
1227.0,吉林水利电力职业学院,,jilin,,普通本科,,公办,https://hf-mirror.com/datasets/choucsan/Gaokao-Compass-11M/resolve/main/data/2025/guizhou/school-admission.csv,2026-09-20T07:30:04+00:00
1364.0,揭阳职业技术学院,,guangdong,,普通本科,,公办,https://hf-mirror.com/datasets/choucsan/Gaokao-Compass-11M/resolve/main/data/2025/guizhou/school-admission.csv,2026-09-20T07:30:04+00:00
1368.0,金山职业技术学院,,jiangsu,,民办/独立学院,,民办,https://hf-mirror.com/datasets/choucsan/Gaokao-Compass-11M/resolve/main/data/2025/guizhou/school-admission.csv,2026-09-20T07:30:04+00:00
1480.0,辽宁建筑职业学院,,liaoning,,普通本科,,公办,https://hf-mirror.com/datasets/choucsan/Gaokao-Compass-11M/resolve/main/data/2025/guizhou/school-admission.csv,2026-09-20T07:30:04+00:00
1488.0,辽宁理工职业大学,,liaoning,,民办/独立学院,,民办,https://hf-mirror.com/datasets/choucsan/Gaokao-Compass-11M/resolve/main/data/2025/guizhou/school-admission.csv,2026-09-20T07:30:04+00:00
1505.0,辽宁冶金职业技术学院,,liaoning,,普通本科,,公办,https://hf-mirror.com/datasets/choucsan/Gaokao-Compass-11M/resolve/main/data/2025/guizhou/school-admission.csv,2026-09-20T07:30:04+00:00
1634.0,南京交通职业技术学院,,jiangsu,,普通本科,,公办,https://hf-mirror.com/datasets/choucsan/Gaokao-Compass-11M/resolve/main/data/2025/guizhou/school-admission.csv,2026-09-20T07:30:04+00:00
1675.0,南通职业大学,,jiangsu,,普通本科,,公办,https://hf-mirror.com/datasets/choucsan/Gaokao-Compass-11M/resolve/main/data/2025/guizhou/school-admission.csv,2026-09-20T07:30:04+00:00
1695.0,内蒙古化工职业学院,,neimenggu,,普通本科,,公办,https://hf-mirror.com/datasets/choucsan/Gaokao-Compass-11M/resolve/main/data/2025/guizhou/school-admission.csv,2026-09-20T07:30:04+00:00
1761.0,七台河职业学院,,heilongjiang,,普通本科,,公办,https://hf-mirror.com/datasets/choucsan/Gaokao-Compass-11M/resolve/main/data/2025/guizhou/school-admission.csv,2026-09-20T07:30:04+00:00
1878.0,山东交通职业学院,,shandong,,普通本科,,公办,https://hf-mirror.com/datasets/choucsan/Gaokao-Compass-11M/resolve/main/data/2025/guizhou/school-admission.csv,2026-09-20T07:30:04+00:00
1977.0,陕西国防工业职业技术学院,,shaanxi,,普通本科,,公办,https://hf-mirror.com/datasets/choucsan/Gaokao-Compass-11M/resolve/main/data/2025/guizhou/school-admission.csv,2026-09-20T07:30:04+00:00
2124.0,石家庄科技职业学院,,hebei,,民办/独立学院,,民办,https://hf-mirror.com/datasets/choucsan/Gaokao-Compass-11M/resolve/main/data/2025/guizhou/school-admission.csv,2026-09-20T07:30:04+00:00
2234.0,遂宁工程职业学院,,sichuan,,民办/独立学院,,民办,https://hf-mirror.com/datasets/choucsan/Gaokao-Compass-11M/resolve/main/data/2025/guizhou/school-admission.csv,2026-09-20T07:30:04+00:00
2357.0,潍坊职业学院,,shandong,,普通本科,,公办,https://hf-mirror.com/datasets/choucsan/Gaokao-Compass-11M/resolve/main/data/2025/guizhou/school-admission.csv,2026-09-20T07:30:04+00:00
2448.0,西安电力高等专科学校,,shaanxi,,普通本科,,公办,https://hf-mirror.com/datasets/choucsan/Gaokao-Compass-11M/resolve/main/data/2025/guizhou/school-admission.csv,2026-09-20T07:30:04+00:00
2572.0,潇湘职业学院,,hunan,,民办/独立学院,,民办,https://hf-mirror.com/datasets/choucsan/Gaokao-Compass-11M/resolve/main/data/2025/guizhou/school-admission.csv,2026-09-20T07:30:04+00:00
2600.0,新疆铁道职业技术学院,,xinjiang,,普通本科,,公办,https://hf-mirror.com/datasets/choucsan/Gaokao-Compass-11M/resolve/main/data/2025/guizhou/school-admission.csv,2026-09-20T07:30:04+00:00
2674.0,阳泉职业技术学院,,shanxi,,普通本科,,公办,https://hf-mirror.com/datasets/choucsan/Gaokao-Compass-11M/resolve/main/data/2025/guizhou/school-admission.csv,2026-09-20T07:30:04+00:00
2709.0,岳阳现代服务职业学院,,hunan,,民办/独立学院,,民办,https://hf-mirror.com/datasets/choucsan/Gaokao-Compass-11M/resolve/main/data/2025/guizhou/school-admission.csv,2026-09-20T07:30:04+00:00
2817.0,浙江汽车职业技术学院,,zhejiang,,民办/独立学院,,民办,https://hf-mirror.com/datasets/choucsan/Gaokao-Compass-11M/resolve/main/data/2025/guizhou/school-admission.csv,2026-09-20T07:30:04+00:00
2965.0,广西智能制造职业技术学院,,guangxi,,普通本科,,公办,https://hf-mirror.com/datasets/choucsan/Gaokao-Compass-11M/resolve/main/data/2025/guizhou/school-admission.csv,2026-09-20T07:30:04+00:00
30.0,安徽矿业职业技术学院,,anhui,,民办/独立学院,,民办,https://hf-mirror.com/datasets/choucsan/Gaokao-Compass-11M/resolve/main/data/2025/guizhou/school-admission.csv,2026-09-20T07:30:04+00:00
36.0,安徽汽车职业技术学院,,anhui,,普通本科,,公办,https://hf-mirror.com/datasets/choucsan/Gaokao-Compass-11M/resolve/main/data/2025/guizhou/school-admission.csv,2026-09-20T07:30:04+00:00
513.0,阜阳科技职业学院,,anhui,,民办/独立学院,,民办,https://hf-mirror.com/datasets/choucsan/Gaokao-Compass-11M/resolve/main/data/2025/guizhou/school-admission.csv,2026-09-20T07:30:04+00:00
524.0,甘肃工业职业技术大学,,gansu,,普通本科,,公办,https://hf-mirror.com/datasets/choucsan/Gaokao-Compass-11M/resolve/main/data/2025/guizhou/school-admission.csv,2026-09-20T07:30:04+00:00
575.0,广东酒店管理职业技术学院,,guangdong,,民办/独立学院,,民办,https://hf-mirror.com/datasets/choucsan/Gaokao-Compass-11M/resolve/main/data/2025/guizhou/school-admission.csv,2026-09-20T07:30:04+00:00
58.0,安徽邮电职业技术学院,,anhui,,普通本科,,公办,https://hf-mirror.com/datasets/choucsan/Gaokao-Compass-11M/resolve/main/data/2025/guizhou/school-admission.csv,2026-09-20T07:30:04+00:00
958.0,河南质量工程职业学院,,henan,,普通本科,,公办,https://hf-mirror.com/datasets/choucsan/Gaokao-Compass-11M/resolve/main/data/2025/guizhou/school-admission.csv,2026-09-20T07:30:04+00:00
26.0,安徽交通职业技术学院,,anhui,,普通本科,,公办,https://hf-mirror.com/datasets/choucsan/Gaokao-Compass-11M/resolve/main/data/2025/guizhou/school-admission.csv,2026-09-20T07:30:04+00:00
1126.0,长沙工业学院,,hunan,,普通本科,,公办,https://hf-mirror.com/datasets/choucsan/Gaokao-Compass-11M/resolve/main/data/2025/guizhou/school-admission.csv,2026-09-20T07:30:04+00:00
129.0,北京工业大学耿丹学院,,beijing,,民办/独立学院,,民办,https://hf-mirror.com/datasets/choucsan/Gaokao-Compass-11M/resolve/main/data/2025/guizhou/school-admission.csv,2026-09-20T07:30:04+00:00
1466.0,辽宁财贸学院,,liaoning,,民办/独立学院,,民办,https://hf-mirror.com/datasets/choucsan/Gaokao-Compass-11M/resolve/main/data/2025/guizhou/school-admission.csv,2026-09-20T07:30:04+00:00
1510.0,辽宁中医药大学杏林学院,,liaoning,,民办/独立学院,,民办,https://hf-mirror.com/datasets/choucsan/Gaokao-Compass-11M/resolve/main/data/2025/guizhou/school-admission.csv,2026-09-20T07:30:04+00:00
1764.0,齐鲁师范学院,,shandong,,普通本科,,公办,https://hf-mirror.com/datasets/choucsan/Gaokao-Compass-11M/resolve/main/data/2025/guizhou/school-admission.csv,2026-09-20T07:30:04+00:00
1806.0,青海职业技术大学,,qinghai,,普通本科,,公办,https://hf-mirror.com/datasets/choucsan/Gaokao-Compass-11M/resolve/main/data/2025/guizhou/school-admission.csv,2026-09-20T07:30:04+00:00
182.0,北京邮电大学世纪学院,,beijing,,民办/独立学院,,民办,https://hf-mirror.com/datasets/choucsan/Gaokao-Compass-11M/resolve/main/data/2025/guizhou/school-admission.csv,2026-09-20T07:30:04+00:00
1903.0,山东体育学院,,shandong,,普通本科,,公办,https://hf-mirror.com/datasets/choucsan/Gaokao-Compass-11M/resolve/main/data/2025/guizhou/school-admission.csv,2026-09-20T07:30:04+00:00
202.0,沧州交通学院,,hebei,,民办/独立学院,,民办,https://hf-mirror.com/datasets/choucsan/Gaokao-Compass-11M/resolve/main/data/2025/guizhou/school-admission.csv,2026-09-20T07:30:04+00:00
2110.0,沈阳体育学院,,liaoning,,普通本科,,公办,https://hf-mirror.com/datasets/choucsan/Gaokao-Compass-11M/resolve/main/data/2025/guizhou/school-admission.csv,2026-09-20T07:30:04+00:00
2343.0,皖江工学院,,anhui,,民办/独立学院,,民办,https://hf-mirror.com/datasets/choucsan/Gaokao-Compass-11M/resolve/main/data/2025/guizhou/school-admission.csv,2026-09-20T07:30:04+00:00
2466.0,西安交通大学城市学院,,shaanxi,,民办/独立学院,,民办,https://hf-mirror.com/datasets/choucsan/Gaokao-Compass-11M/resolve/main/data/2025/guizhou/school-admission.csv,2026-09-20T07:30:04+00:00
6165.0,新乡学院,,henan,,普通本科,,公办,https://hf-mirror.com/datasets/choucsan/Gaokao-Compass-11M/resolve/main/data/2025/guizhou/school-admission.csv,2026-09-20T07:30:04+00:00
2632.0,徐州医科大学,,jiangsu,,普通本科,,公办,https://hf-mirror.com/datasets/choucsan/Gaokao-Compass-11M/resolve/main/data/2025/guizhou/school-admission.csv,2026-09-20T07:30:04+00:00
2671.0,阳光学院,,fujian,,民办/独立学院,,民办,https://hf-mirror.com/datasets/choucsan/Gaokao-Compass-11M/resolve/main/data/2025/guizhou/school-admission.csv,2026-09-20T07:30:04+00:00
2860.0,郑州科技学院,,henan,,民办/独立学院,,民办,https://hf-mirror.com/datasets/choucsan/Gaokao-Compass-11M/resolve/main/data/2025/guizhou/school-admission.csv,2026-09-20T07:30:04+00:00
2935.0,仲恺农业工程学院,,guangdong,,普通本科,,公办,https://hf-mirror.com/datasets/choucsan/Gaokao-Compass-11M/resolve/main/data/2025/guizhou/school-admission.csv,2026-09-20T07:30:04+00:00
443.0,电子科技大学中山学院,,guangdong,,民办/独立学院,,民办,https://hf-mirror.com/datasets/choucsan/Gaokao-Compass-11M/resolve/main/data/2025/guizhou/school-admission.csv,2026-09-20T07:30:04+00:00
559.0,广东第二师范学院,,guangdong,,普通本科,,公办,https://hf-mirror.com/datasets/choucsan/Gaokao-Compass-11M/resolve/main/data/2025/guizhou/school-admission.csv,2026-09-20T07:30:04+00:00
808.0,海军军医大学,,shanghai,,211,,公办,https://hf-mirror.com/datasets/choucsan/Gaokao-Compass-11M/resolve/main/data/2025/guizhou/school-admission.csv,2026-09-20T07:30:04+00:00
889.0,河北科技学院,,hebei,,民办/独立学院,,民办,https://hf-mirror.com/datasets/choucsan/Gaokao-Compass-11M/resolve/main/data/2025/guizhou/school-admission.csv,2026-09-20T07:30:04+00:00
960.0,河套学院,,neimenggu,,普通本科,,公办,https://hf-mirror.com/datasets/choucsan/Gaokao-Compass-11M/resolve/main/data/2025/guizhou/school-admission.csv,2026-09-20T07:30:04+00:00
981.0,黑龙江工商学院,,heilongjiang,,民办/独立学院,,民办,https://hf-mirror.com/datasets/choucsan/Gaokao-Compass-11M/resolve/main/data/2025/guizhou/school-admission.csv,2026-09-20T07:30:04+00:00
1202.0,火箭军工程大学,,shaanxi,,普通本科,,公办,https://hf-mirror.com/datasets/choucsan/Gaokao-Compass-11M/resolve/main/data/2025/guizhou/school-admission.csv,2026-09-20T07:30:04+00:00
1405.0,中国人民解放军空军工程大学,,shaanxi,,普通本科,,公办,https://hf-mirror.com/datasets/choucsan/Gaokao-Compass-11M/resolve/main/data/2025/guizhou/school-admission.csv,2026-09-20T07:30:04+00:00
1408.0,中国人民解放军空军军医大学,,shaanxi,,211,,公办,https://hf-mirror.com/datasets/choucsan/Gaokao-Compass-11M/resolve/main/data/2025/guizhou/school-admission.csv,2026-09-20T07:30:04+00:00
1409.0,空军预警学院,,hubei,,普通本科,,公办,https://hf-mirror.com/datasets/choucsan/Gaokao-Compass-11M/resolve/main/data/2025/guizhou/school-admission.csv,2026-09-20T07:30:04+00:00
1543.0,中国人民解放军陆军步兵学院,,jiangxi,,普通本科,,公办,https://hf-mirror.com/datasets/choucsan/Gaokao-Compass-11M/resolve/main/data/2025/guizhou/school-admission.csv,2026-09-20T07:30:04+00:00
1546.0,联勤保障部队工程大学,,chongqing,,普通本科,,公办,https://hf-mirror.com/datasets/choucsan/Gaokao-Compass-11M/resolve/main/data/2025/guizhou/school-admission.csv,2026-09-20T07:30:04+00:00
1551.0,陆军兵种大学,,anhui,,普通本科,,公办,https://hf-mirror.com/datasets/choucsan/Gaokao-Compass-11M/resolve/main/data/2025/guizhou/school-admission.csv,2026-09-20T07:30:04+00:00
1618.0,南方科技大学,,guangdong,,普通本科,,公办,https://hf-mirror.com/datasets/choucsan/Gaokao-Compass-11M/resolve/main/data/2025/guizhou/school-admission.csv,2026-09-20T07:30:04+00:00
2041.0,上海科技大学,,shanghai,,普通本科,,公办,https://hf-mirror.com/datasets/choucsan/Gaokao-Compass-11M/resolve/main/data/2025/guizhou/school-admission.csv,2026-09-20T07:30:04+00:00
2051.0,上海纽约大学,,shanghai,,普通本科,,中外合作办学,https://hf-mirror.com/datasets/choucsan/Gaokao-Compass-11M/resolve/main/data/2025/guizhou/school-admission.csv,2026-09-20T07:30:04+00:00
2086.0,深圳北理莫斯科大学,,guangdong,,普通本科,,中外合作办学,https://hf-mirror.com/datasets/choucsan/Gaokao-Compass-11M/resolve/main/data/2025/guizhou/school-admission.csv,2026-09-20T07:30:04+00:00
2438.0,武警工程大学,,shaanxi,,普通本科,,公办,https://hf-mirror.com/datasets/choucsan/Gaokao-Compass-11M/resolve/main/data/2025/guizhou/school-admission.csv,2026-09-20T07:30:04+00:00
2761.0,网络空间部队信息工程大学,,henan,,普通本科,,公办,https://hf-mirror.com/datasets/choucsan/Gaokao-Compass-11M/resolve/main/data/2025/guizhou/school-admission.csv,2026-09-20T07:30:04+00:00
806.0,海军工程大学,,hubei,,普通本科,,公办,https://hf-mirror.com/datasets/choucsan/Gaokao-Compass-11M/resolve/main/data/2025/guizhou/school-admission.csv,2026-09-20T07:30:04+00:00
2265.0,空军航空大学,,jilin,,普通本科,,公办,https://hf-mirror.com/datasets/choucsan/Gaokao-Compass-11M/resolve/main/data/2025/guizhou/school-admission.csv,2026-09-20T07:30:04+00:00
2552.0,香港科技大学(广州),,guangdong,,普通本科,,内地与港澳台地区合作办学,https://hf-mirror.com/datasets/choucsan/Gaokao-Compass-11M/resolve/main/data/2025/guizhou/school-admission.csv,2026-09-20T07:30:04+00:00
6009.0,海南政法职业学院,,hainan,,普通本科,,公办,https://hf-mirror.com/datasets/choucsan/Gaokao-Compass-11M/resolve/main/data/2025/hainan/school-admission.csv,2026-09-20T07:30:10+00:00
1059.0,鲁迅美术学院,,liaoning,,普通本科,,公办,https://hf-mirror.com/datasets/choucsan/Gaokao-Compass-11M/resolve/main/data/2025/hebei/school-admission.csv,2026-09-20T07:30:14+00:00
1252.0,山东大学威海分校,,,,普通本科,,,https://hf-mirror.com/datasets/choucsan/Gaokao-Compass-11M/resolve/main/data/2025/hebei/school-admission.csv,2026-09-20T07:30:14+00:00
132.0,北京舞蹈学院,,beijing,,普通本科,,公办,https://hf-mirror.com/datasets/choucsan/Gaokao-Compass-11M/resolve/main/data/2025/hebei/school-admission.csv,2026-09-20T07:30:14+00:00
1445.0,石家庄学院,,hebei,,普通本科,,公办,https://hf-mirror.com/datasets/choucsan/Gaokao-Compass-11M/resolve/main/data/2025/hebei/school-admission.csv,2026-09-20T07:30:14+00:00
1674.0,西藏农牧学院,,,,普通本科,,,https://hf-mirror.com/datasets/choucsan/Gaokao-Compass-11M/resolve/main/data/2025/hebei/school-admission.csv,2026-09-20T07:30:14+00:00
1713.0,香港珠海学院,,香港,,普通本科,,民办,https://hf-mirror.com/datasets/choucsan/Gaokao-Compass-11M/resolve/main/data/2025/hebei/school-admission.csv,2026-09-20T07:30:14+00:00
1726.0,新疆交通职业技术大学,,xinjiang,,普通本科,,公办,https://hf-mirror.com/datasets/choucsan/Gaokao-Compass-11M/resolve/main/data/2025/hebei/school-admission.csv,2026-09-20T07:30:14+00:00
1969.0,北京第二外国语学院中瑞酒店管理学院,,beijing,,普通本科,,民办,https://hf-mirror.com/datasets/choucsan/Gaokao-Compass-11M/resolve/main/data/2025/hebei/school-admission.csv,2026-09-20T07:30:14+00:00
1986.0,赣南师范大学科技学院,,jiangxi,,普通本科,,民办,https://hf-mirror.com/datasets/choucsan/Gaokao-Compass-11M/resolve/main/data/2025/hebei/school-admission.csv,2026-09-20T07:30:14+00:00
1994.0,河北经贸大学经济管理学院,,hebei,,普通本科,,民办,https://hf-mirror.com/datasets/choucsan/Gaokao-Compass-11M/resolve/main/data/2025/hebei/school-admission.csv,2026-09-20T07:30:14+00:00
1995.0,河北农业大学现代科技学院,,,,普通本科,,,https://hf-mirror.com/datasets/choucsan/Gaokao-Compass-11M/resolve/main/data/2025/hebei/school-admission.csv,2026-09-20T07:30:14+00:00
2023.0,南昌大学共青学院,,jiangxi,,普通本科,,民办,https://hf-mirror.com/datasets/choucsan/Gaokao-Compass-11M/resolve/main/data/2025/hebei/school-admission.csv,2026-09-20T07:30:14+00:00
2026.0,南华大学船山学院,,hunan,,普通本科,,民办,https://hf-mirror.com/datasets/choucsan/Gaokao-Compass-11M/resolve/main/data/2025/hebei/school-admission.csv,2026-09-20T07:30:14+00:00
2037.0,青岛农业大学海都学院,,shandong,,普通本科,,民办,https://hf-mirror.com/datasets/choucsan/Gaokao-Compass-11M/resolve/main/data/2025/hebei/school-admission.csv,2026-09-20T07:30:14+00:00
2045.0,首都师范大学科德学院,,beijing,,普通本科,,民办,https://hf-mirror.com/datasets/choucsan/Gaokao-Compass-11M/resolve/main/data/2025/hebei/school-admission.csv,2026-09-20T07:30:14+00:00
2062.0,西北大学现代学院,,shaanxi,,普通本科,,民办,https://hf-mirror.com/datasets/choucsan/Gaokao-Compass-11M/resolve/main/data/2025/hebei/school-admission.csv,2026-09-20T07:30:14+00:00
2079.0,安徽外国语学院,,anhui,,普通本科,,民办,https://hf-mirror.com/datasets/choucsan/Gaokao-Compass-11M/resolve/main/data/2025/hebei/school-admission.csv,2026-09-20T07:30:14+00:00
2081.0,安阳学院,,,,普通本科,,,https://hf-mirror.com/datasets/choucsan/Gaokao-Compass-11M/resolve/main/data/2025/hebei/school-admission.csv,2026-09-20T07:30:14+00:00
2090.0,北海艺术设计学院,,guangxi,,普通本科,,民办,https://hf-mirror.com/datasets/choucsan/Gaokao-Compass-11M/resolve/main/data/2025/hebei/school-admission.csv,2026-09-20T07:30:14+00:00
2135.0,成都艺术职业大学,,sichuan,,普通本科,,民办,https://hf-mirror.com/datasets/choucsan/Gaokao-Compass-11M/resolve/main/data/2025/hebei/school-admission.csv,2026-09-20T07:30:14+00:00
2183.0,东莞城市学院,,guangdong,,普通本科,,民办,https://hf-mirror.com/datasets/choucsan/Gaokao-Compass-11M/resolve/main/data/2025/hebei/school-admission.csv,2026-09-20T07:30:14+00:00
2268.0,河北美术学院,,hebei,,普通本科,,民办,https://hf-mirror.com/datasets/choucsan/Gaokao-Compass-11M/resolve/main/data/2025/hebei/school-admission.csv,2026-09-20T07:30:14+00:00
2270.0,河南开封科技传媒学院,,henan,,普通本科,,民办,https://hf-mirror.com/datasets/choucsan/Gaokao-Compass-11M/resolve/main/data/2025/hebei/school-admission.csv,2026-09-20T07:30:14+00:00
2296.0,黄河科技学院,,henan,,普通本科,,民办,https://hf-mirror.com/datasets/choucsan/Gaokao-Compass-11M/resolve/main/data/2025/hebei/school-admission.csv,2026-09-20T07:30:14+00:00
2331.0,昆明传媒学院,,yunnan,,普通本科,,民办,https://hf-mirror.com/datasets/choucsan/Gaokao-Compass-11M/resolve/main/data/2025/hebei/school-admission.csv,2026-09-20T07:30:14+00:00
2394.0,青岛电影学院,,shandong,,普通本科,,民办,https://hf-mirror.com/datasets/choucsan/Gaokao-Compass-11M/resolve/main/data/2025/hebei/school-admission.csv,2026-09-20T07:30:14+00:00
2407.0,泉州职业技术大学,,fujian,,普通本科,,民办,https://hf-mirror.com/datasets/choucsan/Gaokao-Compass-11M/resolve/main/data/2025/hebei/school-admission.csv,2026-09-20T07:30:14+00:00
2419.0,山东华宇工学院,,shandong,,普通本科,,民办,https://hf-mirror.com/datasets/choucsan/Gaokao-Compass-11M/resolve/main/data/2025/hebei/school-admission.csv,2026-09-20T07:30:14+00:00
2429.0,山西工商学院,,shanxi,,普通本科,,民办,https://hf-mirror.com/datasets/choucsan/Gaokao-Compass-11M/resolve/main/data/2025/hebei/school-admission.csv,2026-09-20T07:30:14+00:00
2448.0,上海立达学院,,shanghai,,普通本科,,民办,https://hf-mirror.com/datasets/choucsan/Gaokao-Compass-11M/resolve/main/data/2025/hebei/school-admission.csv,2026-09-20T07:30:14+00:00
2565.0,湘潭理工学院,,hunan,,普通本科,,民办,https://hf-mirror.com/datasets/choucsan/Gaokao-Compass-11M/resolve/main/data/2025/hebei/school-admission.csv,2026-09-20T07:30:14+00:00
2588.0,银川能源学院,,ningxia,,普通本科,,民办,https://hf-mirror.com/datasets/choucsan/Gaokao-Compass-11M/resolve/main/data/2025/hebei/school-admission.csv,2026-09-20T07:30:14+00:00
6504.0,郑州经贸学院,,henan,,民办/独立学院,,民办,https://hf-mirror.com/datasets/choucsan/Gaokao-Compass-11M/resolve/main/data/2025/hebei/school-admission.csv,2026-09-20T07:30:14+00:00
2627.0,中原科技学院,,,,普通本科,,,https://hf-mirror.com/datasets/choucsan/Gaokao-Compass-11M/resolve/main/data/2025/hebei/school-admission.csv,2026-09-20T07:30:14+00:00
269.0,滁州学院,,anhui,,普通本科,,公办,https://hf-mirror.com/datasets/choucsan/Gaokao-Compass-11M/resolve/main/data/2025/hebei/school-admission.csv,2026-09-20T07:30:14+00:00
493.0,哈尔滨体育学院,,heilongjiang,,普通本科,,公办,https://hf-mirror.com/datasets/choucsan/Gaokao-Compass-11M/resolve/main/data/2025/hebei/school-admission.csv,2026-09-20T07:30:14+00:00
498.0,哈尔滨音乐学院,,heilongjiang,,普通本科,,公办,https://hf-mirror.com/datasets/choucsan/Gaokao-Compass-11M/resolve/main/data/2025/hebei/school-admission.csv,2026-09-20T07:30:14+00:00
7039.0,河北民族师范学院,,hebei,,普通本科,,公办,https://hf-mirror.com/datasets/choucsan/Gaokao-Compass-11M/resolve/main/data/2025/hebei/school-admission.csv,2026-09-20T07:30:14+00:00
609.0,河北体育学院,,,,普通本科,,,https://hf-mirror.com/datasets/choucsan/Gaokao-Compass-11M/resolve/main/data/2025/hebei/school-admission.csv,2026-09-20T07:30:14+00:00
834.0,黄山学院,,anhui,,普通本科,,公办,https://hf-mirror.com/datasets/choucsan/Gaokao-Compass-11M/resolve/main/data/2025/hebei/school-admission.csv,2026-09-20T07:30:14+00:00
860.0,吉林体育学院,,jilin,,普通本科,,公办,https://hf-mirror.com/datasets/choucsan/Gaokao-Compass-11M/resolve/main/data/2025/hebei/school-admission.csv,2026-09-20T07:30:14+00:00
864.0,吉林艺术学院,,jilin,,普通本科,,公办,https://hf-mirror.com/datasets/choucsan/Gaokao-Compass-11M/resolve/main/data/2025/hebei/school-admission.csv,2026-09-20T07:30:14+00:00
1034.0,辽宁师范高等专科学校,,liaoning,,普通本科,,公办,https://hf-mirror.com/datasets/choucsan/Gaokao-Compass-11M/resolve/main/data/2025/hebei/school-admission.csv,2026-09-20T07:30:14+00:00
1060.0,潞安职业技术学院,,shanxi,,普通本科,,公办,https://hf-mirror.com/datasets/choucsan/Gaokao-Compass-11M/resolve/main/data/2025/hebei/school-admission.csv,2026-09-20T07:30:14+00:00
1061.0,罗定职业技术学院,,,,普通本科,,,https://hf-mirror.com/datasets/choucsan/Gaokao-Compass-11M/resolve/main/data/2025/hebei/school-admission.csv,2026-09-20T07:30:14+00:00
1067.0,吕梁职业技术学院,,,,普通本科,,,https://hf-mirror.com/datasets/choucsan/Gaokao-Compass-11M/resolve/main/data/2025/hebei/school-admission.csv,2026-09-20T07:30:14+00:00
1068.0,马鞍山职业技术学院,,,,普通本科,,,https://hf-mirror.com/datasets/choucsan/Gaokao-Compass-11M/resolve/main/data/2025/hebei/school-admission.csv,2026-09-20T07:30:14+00:00
1139.0,南阳医学高等专科学校,,henan,,普通本科,,公办,https://hf-mirror.com/datasets/choucsan/Gaokao-Compass-11M/resolve/main/data/2025/hebei/school-admission.csv,2026-09-20T07:30:14+00:00
1148.0,内蒙古交通职业技术学院,,neimenggu,,普通本科,,公办,https://hf-mirror.com/datasets/choucsan/Gaokao-Compass-11M/resolve/main/data/2025/hebei/school-admission.csv,2026-09-20T07:30:14+00:00
1154.0,内蒙古民族幼儿师范高等专科学校,,,,普通本科,,,https://hf-mirror.com/datasets/choucsan/Gaokao-Compass-11M/resolve/main/data/2025/hebei/school-admission.csv,2026-09-20T07:30:14+00:00
1157.0,内蒙古商贸职业学院,,,,普通本科,,,https://hf-mirror.com/datasets/choucsan/Gaokao-Compass-11M/resolve/main/data/2025/hebei/school-admission.csv,2026-09-20T07:30:14+00:00
1167.0,宁夏工商职业技术学院,,,,普通本科,,,https://hf-mirror.com/datasets/choucsan/Gaokao-Compass-11M/resolve/main/data/2025/hebei/school-admission.csv,2026-09-20T07:30:14+00:00
1169.0,宁夏警官职业学院,,,,普通本科,,,https://hf-mirror.com/datasets/choucsan/Gaokao-Compass-11M/resolve/main/data/2025/hebei/school-admission.csv,2026-09-20T07:30:14+00:00
1172.0,宁夏卫生健康职业技术学院,,,,普通本科,,,https://hf-mirror.com/datasets/choucsan/Gaokao-Compass-11M/resolve/main/data/2025/hebei/school-admission.csv,2026-09-20T07:30:14+00:00
1175.0,宁夏幼儿师范高等专科学校,,ningxia,,普通本科,,公办,https://hf-mirror.com/datasets/choucsan/Gaokao-Compass-11M/resolve/main/data/2025/hebei/school-admission.csv,2026-09-20T07:30:14+00:00
1179.0,培黎职业学院,,gansu,,普通本科,,公办,https://hf-mirror.com/datasets/choucsan/Gaokao-Compass-11M/resolve/main/data/2025/hebei/school-admission.csv,2026-09-20T07:30:14+00:00
1182.0,平凉职业技术学院,,,,普通本科,,,https://hf-mirror.com/datasets/choucsan/Gaokao-Compass-11M/resolve/main/data/2025/hebei/school-admission.csv,2026-09-20T07:30:14+00:00
12.0,安徽工贸职业技术学院,,,,普通本科,,,https://hf-mirror.com/datasets/choucsan/Gaokao-Compass-11M/resolve/main/data/2025/hebei/school-admission.csv,2026-09-20T07:30:14+00:00
1206.0,秦皇岛工业职业技术学院,,hebei,,普通本科,,公办,https://hf-mirror.com/datasets/choucsan/Gaokao-Compass-11M/resolve/main/data/2025/hebei/school-admission.csv,2026-09-20T07:30:14+00:00
1210.0,青岛工程职业学院,,shandong,,普通本科,,公办,https://hf-mirror.com/datasets/choucsan/Gaokao-Compass-11M/resolve/main/data/2025/hebei/school-admission.csv,2026-09-20T07:30:14+00:00
1218.0,青海建筑职业技术学院,,,,普通本科,,,https://hf-mirror.com/datasets/choucsan/Gaokao-Compass-11M/resolve/main/data/2025/hebei/school-admission.csv,2026-09-20T07:30:14+00:00
1227.0,庆阳职业技术学院,,gansu,,普通本科,,公办,https://hf-mirror.com/datasets/choucsan/Gaokao-Compass-11M/resolve/main/data/2025/hebei/school-admission.csv,2026-09-20T07:30:14+00:00
1238.0,汝州职业技术学院,,henan,,普通本科,,公办,https://hf-mirror.com/datasets/choucsan/Gaokao-Compass-11M/resolve/main/data/2025/hebei/school-admission.csv,2026-09-20T07:30:14+00:00
1247.0,山东城市服务职业学院,,shandong,,普通本科,,公办,https://hf-mirror.com/datasets/choucsan/Gaokao-Compass-11M/resolve/main/data/2025/hebei/school-admission.csv,2026-09-20T07:30:14+00:00
1248.0,山东城市建设职业学院,,shandong,,普通本科,,公办,https://hf-mirror.com/datasets/choucsan/Gaokao-Compass-11M/resolve/main/data/2025/hebei/school-admission.csv,2026-09-20T07:30:14+00:00
1258.0,山东工业职业学院,,shandong,,普通本科,,公办,https://hf-mirror.com/datasets/choucsan/Gaokao-Compass-11M/resolve/main/data/2025/hebei/school-admission.csv,2026-09-20T07:30:14+00:00
1269.0,山东经贸职业学院,,shandong,,普通本科,,公办,https://hf-mirror.com/datasets/choucsan/Gaokao-Compass-11M/resolve/main/data/2025/hebei/school-admission.csv,2026-09-20T07:30:14+00:00
1275.0,山东理工职业学院,,shandong,,普通本科,,公办,https://hf-mirror.com/datasets/choucsan/Gaokao-Compass-11M/resolve/main/data/2025/hebei/school-admission.csv,2026-09-20T07:30:14+00:00
1276.0,山东旅游职业学院,,shandong,,普通本科,,公办,https://hf-mirror.com/datasets/choucsan/Gaokao-Compass-11M/resolve/main/data/2025/hebei/school-admission.csv,2026-09-20T07:30:14+00:00
128.0,北京体育职业学院,,,,普通本科,,,https://hf-mirror.com/datasets/choucsan/Gaokao-Compass-11M/resolve/main/data/2025/hebei/school-admission.csv,2026-09-20T07:30:14+00:00
1289.0,山东特殊教育职业学院,,shandong,,普通本科,,公办,https://hf-mirror.com/datasets/choucsan/Gaokao-Compass-11M/resolve/main/data/2025/hebei/school-admission.csv,2026-09-20T07:30:14+00:00
1292.0,山东文化艺术职业学院,,shandong,,普通本科,,公办,https://hf-mirror.com/datasets/choucsan/Gaokao-Compass-11M/resolve/main/data/2025/hebei/school-admission.csv,2026-09-20T07:30:14+00:00
13.0,安徽工商职业学院,,anhui,,普通本科,,公办,https://hf-mirror.com/datasets/choucsan/Gaokao-Compass-11M/resolve/main/data/2025/hebei/school-admission.csv,2026-09-20T07:30:14+00:00
1311.0,山西管理职业学院,,shanxi,,普通本科,,公办,https://hf-mirror.com/datasets/choucsan/Gaokao-Compass-11M/resolve/main/data/2025/hebei/school-admission.csv,2026-09-20T07:30:14+00:00
1312.0,山西国际商务职业学院,,,,普通本科,,,https://hf-mirror.com/datasets/choucsan/Gaokao-Compass-11M/resolve/main/data/2025/hebei/school-admission.csv,2026-09-20T07:30:14+00:00
1313.0,山西机电职业技术学院,,shanxi,,普通本科,,公办,https://hf-mirror.com/datasets/choucsan/Gaokao-Compass-11M/resolve/main/data/2025/hebei/school-admission.csv,2026-09-20T07:30:14+00:00
1314.0,山西金融职业学院,,shanxi,,普通本科,,公办,https://hf-mirror.com/datasets/choucsan/Gaokao-Compass-11M/resolve/main/data/2025/hebei/school-admission.csv,2026-09-20T07:30:14+00:00
1315.0,山西经贸职业学院,,,,普通本科,,,https://hf-mirror.com/datasets/choucsan/Gaokao-Compass-11M/resolve/main/data/2025/hebei/school-admission.csv,2026-09-20T07:30:14+00:00
1319.0,山西省财政税务专科学校,,shanxi,,普通本科,,公办,https://hf-mirror.com/datasets/choucsan/Gaokao-Compass-11M/resolve/main/data/2025/hebei/school-admission.csv,2026-09-20T07:30:14+00:00
1321.0,山西水利职业技术学院,,shanxi,,普通本科,,公办,https://hf-mirror.com/datasets/choucsan/Gaokao-Compass-11M/resolve/main/data/2025/hebei/school-admission.csv,2026-09-20T07:30:14+00:00
1323.0,山西通用航空职业技术学院,,shanxi,,普通本科,,公办,https://hf-mirror.com/datasets/choucsan/Gaokao-Compass-11M/resolve/main/data/2025/hebei/school-admission.csv,2026-09-20T07:30:14+00:00
1325.0,山西药科职业学院,,shanxi,,普通本科,,公办,https://hf-mirror.com/datasets/choucsan/Gaokao-Compass-11M/resolve/main/data/2025/hebei/school-admission.csv,2026-09-20T07:30:14+00:00
1328.0,山西运城农业职业技术学院,,,,普通本科,,,https://hf-mirror.com/datasets/choucsan/Gaokao-Compass-11M/resolve/main/data/2025/hebei/school-admission.csv,2026-09-20T07:30:14+00:00
1329.0,山西职业技术学院,,shanxi,,普通本科,,公办,https://hf-mirror.com/datasets/choucsan/Gaokao-Compass-11M/resolve/main/data/2025/hebei/school-admission.csv,2026-09-20T07:30:14+00:00
1333.0,陕西工业职业技术学院,,,,普通本科,,,https://hf-mirror.com/datasets/choucsan/Gaokao-Compass-11M/resolve/main/data/2025/hebei/school-admission.csv,2026-09-20T07:30:14+00:00
1353.0,汕头职业技术学院,,,,普通本科,,,https://hf-mirror.com/datasets/choucsan/Gaokao-Compass-11M/resolve/main/data/2025/hebei/school-admission.csv,2026-09-20T07:30:14+00:00
1383.0,上海科创职业技术学院,,shanghai,,普通本科,,公办,https://hf-mirror.com/datasets/choucsan/Gaokao-Compass-11M/resolve/main/data/2025/hebei/school-admission.csv,2026-09-20T07:30:14+00:00
1449.0,石家庄职业技术学院,,hebei,,普通本科,,公办,https://hf-mirror.com/datasets/choucsan/Gaokao-Compass-11M/resolve/main/data/2025/hebei/school-admission.csv,2026-09-20T07:30:14+00:00
1450.0,石嘴山工贸职业技术学院,,,,普通本科,,,https://hf-mirror.com/datasets/choucsan/Gaokao-Compass-11M/resolve/main/data/2025/hebei/school-admission.csv,2026-09-20T07:30:14+00:00
1456.0,双河职业技术学院,,xinjiang,,普通本科,,公办,https://hf-mirror.com/datasets/choucsan/Gaokao-Compass-11M/resolve/main/data/2025/hebei/school-admission.csv,2026-09-20T07:30:14+00:00
1458.0,朔州陶瓷职业技术学院,,,,普通本科,,,https://hf-mirror.com/datasets/choucsan/Gaokao-Compass-11M/resolve/main/data/2025/hebei/school-admission.csv,2026-09-20T07:30:14+00:00
1459.0,朔州职业技术学院,,shanxi,,普通本科,,公办,https://hf-mirror.com/datasets/choucsan/Gaokao-Compass-11M/resolve/main/data/2025/hebei/school-admission.csv,2026-09-20T07:30:14+00:00
1482.0,四平职业大学,,,,普通本科,,,https://hf-mirror.com/datasets/choucsan/Gaokao-Compass-11M/resolve/main/data/2025/hebei/school-admission.csv,2026-09-20T07:30:14+00:00
1483.0,松原职业技术学院,,jilin,,普通本科,,公办,https://hf-mirror.com/datasets/choucsan/Gaokao-Compass-11M/resolve/main/data/2025/hebei/school-admission.csv,2026-09-20T07:30:14+00:00
1491.0,苏州经贸职业技术学院,,jiangsu,,普通本科,,公办,https://hf-mirror.com/datasets/choucsan/Gaokao-Compass-11M/resolve/main/data/2025/hebei/school-admission.csv,2026-09-20T07:30:14+00:00
15.0,安徽工业经济职业技术学院,,anhui,,普通本科,,公办,https://hf-mirror.com/datasets/choucsan/Gaokao-Compass-11M/resolve/main/data/2025/hebei/school-admission.csv,2026-09-20T07:30:14+00:00
1502.0,太原城市职业技术学院,,,,普通本科,,,https://hf-mirror.com/datasets/choucsan/Gaokao-Compass-11M/resolve/main/data/2025/hebei/school-admission.csv,2026-09-20T07:30:14+00:00
1513.0,唐山科技职业技术学院,,,,普通本科,,,https://hf-mirror.com/datasets/choucsan/Gaokao-Compass-11M/resolve/main/data/2025/hebei/school-admission.csv,2026-09-20T07:30:14+00:00
1538.0,天津警察学院,,tianjin,,普通本科,,公办,https://hf-mirror.com/datasets/choucsan/Gaokao-Compass-11M/resolve/main/data/2025/hebei/school-admission.csv,2026-09-20T07:30:14+00:00
154.0,亳州职业技术学院,,,,普通本科,,,https://hf-mirror.com/datasets/choucsan/Gaokao-Compass-11M/resolve/main/data/2025/hebei/school-admission.csv,2026-09-20T07:30:14+00:00
1561.0,天津艺术职业学院,,tianjin,,普通本科,,公办,https://hf-mirror.com/datasets/choucsan/Gaokao-Compass-11M/resolve/main/data/2025/hebei/school-admission.csv,2026-09-20T07:30:14+00:00
1578.0,铜陵职业技术学院,,anhui,,普通本科,,公办,https://hf-mirror.com/datasets/choucsan/Gaokao-Compass-11M/resolve/main/data/2025/hebei/school-admission.csv,2026-09-20T07:30:14+00:00
1587.0,威海海洋职业学院,,shandong,,普通本科,,公办,https://hf-mirror.com/datasets/choucsan/Gaokao-Compass-11M/resolve/main/data/2025/hebei/school-admission.csv,2026-09-20T07:30:14+00:00
1599.0,乌海职业技术学院,,,,普通本科,,,https://hf-mirror.com/datasets/choucsan/Gaokao-Compass-11M/resolve/main/data/2025/hebei/school-admission.csv,2026-09-20T07:30:14+00:00
1603.0,乌鲁木齐职业技术学院,,xinjiang,,普通本科,,公办,https://hf-mirror.com/datasets/choucsan/Gaokao-Compass-11M/resolve/main/data/2025/hebei/school-admission.csv,2026-09-20T07:30:14+00:00
1604.0,无锡城市职业技术学院,,jiangsu,,普通本科,,公办,https://hf-mirror.com/datasets/choucsan/Gaokao-Compass-11M/resolve/main/data/2025/hebei/school-admission.csv,2026-09-20T07:30:14+00:00
164.0,沧州职业技术学院,,hebei,,普通本科,,公办,https://hf-mirror.com/datasets/choucsan/Gaokao-Compass-11M/resolve/main/data/2025/hebei/school-admission.csv,2026-09-20T07:30:14+00:00
1698.0,锡林郭勒职业学院,,neimenggu,,普通本科,,公办,https://hf-mirror.com/datasets/choucsan/Gaokao-Compass-11M/resolve/main/data/2025/hebei/school-admission.csv,2026-09-20T07:30:14+00:00
17.0,安徽广播影视职业技术学院,,anhui,,普通本科,,公办,https://hf-mirror.com/datasets/choucsan/Gaokao-Compass-11M/resolve/main/data/2025/hebei/school-admission.csv,2026-09-20T07:30:14+00:00
1725.0,新疆建设职业技术学院,,,,普通本科,,,https://hf-mirror.com/datasets/choucsan/Gaokao-Compass-11M/resolve/main/data/2025/hebei/school-admission.csv,2026-09-20T07:30:14+00:00
6291.0,新乡职业技术学院,,henan,,普通本科,,公办,https://hf-mirror.com/datasets/choucsan/Gaokao-Compass-11M/resolve/main/data/2025/hebei/school-admission.csv,2026-09-20T07:30:14+00:00
1755.0,兴安职业技术大学,,neimenggu,,普通本科,,公办,https://hf-mirror.com/datasets/choucsan/Gaokao-Compass-11M/resolve/main/data/2025/hebei/school-admission.csv,2026-09-20T07:30:14+00:00
1762.0,徐州生物工程职业技术学院,,jiangsu,,普通本科,,公办,https://hf-mirror.com/datasets/choucsan/Gaokao-Compass-11M/resolve/main/data/2025/hebei/school-admission.csv,2026-09-20T07:30:14+00:00
1770.0,烟台文化旅游职业学院,,shandong,,普通本科,,公办,https://hf-mirror.com/datasets/choucsan/Gaokao-Compass-11M/resolve/main/data/2025/hebei/school-admission.csv,2026-09-20T07:30:14+00:00
1775.0,延边职业技术学院,,jilin,,普通本科,,公办,https://hf-mirror.com/datasets/choucsan/Gaokao-Compass-11M/resolve/main/data/2025/hebei/school-admission.csv,2026-09-20T07:30:14+00:00
1777.0,盐城工业职业技术学院,,jiangsu,,普通本科,,公办,https://hf-mirror.com/datasets/choucsan/Gaokao-Compass-11M/resolve/main/data/2025/hebei/school-admission.csv,2026-09-20T07:30:14+00:00
1787.0,扬州工业职业技术学院,,jiangsu,,普通本科,,公办,https://hf-mirror.com/datasets/choucsan/Gaokao-Compass-11M/resolve/main/data/2025/hebei/school-admission.csv,2026-09-20T07:30:14+00:00
1793.0,伊犁职业技术学院,,xinjiang,,普通本科,,公办,https://hf-mirror.com/datasets/choucsan/Gaokao-Compass-11M/resolve/main/data/2025/hebei/school-admission.csv,2026-09-20T07:30:14+00:00
1799.0,永城职业学院,,henan,,普通本科,,公办,https://hf-mirror.com/datasets/choucsan/Gaokao-Compass-11M/resolve/main/data/2025/hebei/school-admission.csv,2026-09-20T07:30:14+00:00
1822.0,运城师范高等专科学校,,,,普通本科,,,https://hf-mirror.com/datasets/choucsan/Gaokao-Compass-11M/resolve/main/data/2025/hebei/school-admission.csv,2026-09-20T07:30:14+00:00
1828.0,扎兰屯职业学院,,neimenggu,,普通本科,,公办,https://hf-mirror.com/datasets/choucsan/Gaokao-Compass-11M/resolve/main/data/2025/hebei/school-admission.csv,2026-09-20T07:30:14+00:00
6379.0,郑州财税金融职业学院,,henan,,普通本科,,公办,https://hf-mirror.com/datasets/choucsan/Gaokao-Compass-11M/resolve/main/data/2025/hebei/school-admission.csv,2026-09-20T07:30:14+00:00
19.0,安徽国际商务职业学院,,anhui,,普通本科,,公办,https://hf-mirror.com/datasets/choucsan/Gaokao-Compass-11M/resolve/main/data/2025/hebei/school-admission.csv,2026-09-20T07:30:14+00:00
1962.0,驻马店职业技术学院,,henan,,普通本科,,公办,https://hf-mirror.com/datasets/choucsan/Gaokao-Compass-11M/resolve/main/data/2025/hebei/school-admission.csv,2026-09-20T07:30:14+00:00
205.0,长治职业技术学院,,,,普通本科,,,https://hf-mirror.com/datasets/choucsan/Gaokao-Compass-11M/resolve/main/data/2025/hebei/school-admission.csv,2026-09-20T07:30:14+00:00
2078.0,安徽绿海商务职业学院,,,,普通本科,,,https://hf-mirror.com/datasets/choucsan/Gaokao-Compass-11M/resolve/main/data/2025/hebei/school-admission.csv,2026-09-20T07:30:14+00:00
2083.0,白银希望职业技术学院,,gansu,,普通本科,,民办,https://hf-mirror.com/datasets/choucsan/Gaokao-Compass-11M/resolve/main/data/2025/hebei/school-admission.csv,2026-09-20T07:30:14+00:00
2102.0,滨州科技职业学院,,shandong,,普通本科,,民办,https://hf-mirror.com/datasets/choucsan/Gaokao-Compass-11M/resolve/main/data/2025/hebei/school-admission.csv,2026-09-20T07:30:14+00:00
2104.0,沧州航空职业学院,,hebei,,普通本科,,民办,https://hf-mirror.com/datasets/choucsan/Gaokao-Compass-11M/resolve/main/data/2025/hebei/school-admission.csv,2026-09-20T07:30:14+00:00
2106.0,曹妃甸职业技术学院,,hebei,,普通本科,,民办,https://hf-mirror.com/datasets/choucsan/Gaokao-Compass-11M/resolve/main/data/2025/hebei/school-admission.csv,2026-09-20T07:30:14+00:00
2109.0,长春东方职业学院,,jilin,,普通本科,,民办,https://hf-mirror.com/datasets/choucsan/Gaokao-Compass-11M/resolve/main/data/2025/hebei/school-admission.csv,2026-09-20T07:30:14+00:00
2116.0,长春数字科技职业学院,,jilin,,普通本科,,民办,https://hf-mirror.com/datasets/choucsan/Gaokao-Compass-11M/resolve/main/data/2025/hebei/school-admission.csv,2026-09-20T07:30:14+00:00
2117.0,长春信息技术职业学院,,jilin,,普通本科,,民办,https://hf-mirror.com/datasets/choucsan/Gaokao-Compass-11M/resolve/main/data/2025/hebei/school-admission.csv,2026-09-20T07:30:14+00:00
2120.0,长沙轨道交通职业学院,,hunan,,普通本科,,民办,https://hf-mirror.com/datasets/choucsan/Gaokao-Compass-11M/resolve/main/data/2025/hebei/school-admission.csv,2026-09-20T07:30:14+00:00
2121.0,长沙科技职业学院,,hunan,,普通本科,,民办,https://hf-mirror.com/datasets/choucsan/Gaokao-Compass-11M/resolve/main/data/2025/hebei/school-admission.csv,2026-09-20T07:30:14+00:00
2123.0,长沙文创艺术职业学院,,hunan,,普通本科,,民办,https://hf-mirror.com/datasets/choucsan/Gaokao-Compass-11M/resolve/main/data/2025/hebei/school-admission.csv,2026-09-20T07:30:14+00:00
2126.0,长垣烹饪职业技术学院,,henan,,普通本科,,民办,https://hf-mirror.com/datasets/choucsan/Gaokao-Compass-11M/resolve/main/data/2025/hebei/school-admission.csv,2026-09-20T07:30:14+00:00
2180.0,德州工程职业学院,,shandong,,普通本科,,民办,https://hf-mirror.com/datasets/choucsan/Gaokao-Compass-11M/resolve/main/data/2025/hebei/school-admission.csv,2026-09-20T07:30:14+00:00
2181.0,德州科技职业学院,,shandong,,普通本科,,民办,https://hf-mirror.com/datasets/choucsan/Gaokao-Compass-11M/resolve/main/data/2025/hebei/school-admission.csv,2026-09-20T07:30:14+00:00
2189.0,共青科技职业学院,,,,普通本科,,,https://hf-mirror.com/datasets/choucsan/Gaokao-Compass-11M/resolve/main/data/2025/hebei/school-admission.csv,2026-09-20T07:30:14+00:00
2237.0,桂林山水职业学院,,guangxi,,普通本科,,民办,https://hf-mirror.com/datasets/choucsan/Gaokao-Compass-11M/resolve/main/data/2025/hebei/school-admission.csv,2026-09-20T07:30:14+00:00
2243.0,哈尔滨城市职业学院,,heilongjiang,,普通本科,,民办,https://hf-mirror.com/datasets/choucsan/Gaokao-Compass-11M/resolve/main/data/2025/hebei/school-admission.csv,2026-09-20T07:30:14+00:00
2258.0,邯郸应用技术职业学院,,hebei,,普通本科,,民办,https://hf-mirror.com/datasets/choucsan/Gaokao-Compass-11M/resolve/main/data/2025/hebei/school-admission.csv,2026-09-20T07:30:14+00:00
2261.0,合肥共达职业技术学院,,,,普通本科,,,https://hf-mirror.com/datasets/choucsan/Gaokao-Compass-11M/resolve/main/data/2025/hebei/school-admission.csv,2026-09-20T07:30:14+00:00
2271.0,鹤壁汽车工程职业学院,,henan,,普通本科,,民办,https://hf-mirror.com/datasets/choucsan/Gaokao-Compass-11M/resolve/main/data/2025/hebei/school-admission.csv,2026-09-20T07:30:14+00:00
2277.0,衡阳科技职业学院,,hunan,,普通本科,,民办,https://hf-mirror.com/datasets/choucsan/Gaokao-Compass-11M/resolve/main/data/2025/hebei/school-admission.csv,2026-09-20T07:30:14+00:00
2278.0,衡阳理工职业学院,,hunan,,普通本科,,民办,https://hf-mirror.com/datasets/choucsan/Gaokao-Compass-11M/resolve/main/data/2025/hebei/school-admission.csv,2026-09-20T07:30:14+00:00
2280.0,湖北健康职业学院,,hubei,,普通本科,,民办,https://hf-mirror.com/datasets/choucsan/Gaokao-Compass-11M/resolve/main/data/2025/hebei/school-admission.csv,2026-09-20T07:30:14+00:00
2281.0,湖北三峡航空学院,,hubei,,普通本科,,民办,https://hf-mirror.com/datasets/choucsan/Gaokao-Compass-11M/resolve/main/data/2025/hebei/school-admission.csv,2026-09-20T07:30:14+00:00
2284.0,湖南电子科技职业学院,,hunan,,普通本科,,民办,https://hf-mirror.com/datasets/choucsan/Gaokao-Compass-11M/resolve/main/data/2025/hebei/school-admission.csv,2026-09-20T07:30:14+00:00
2299.0,吉林城市职业技术学院,,,,普通本科,,,https://hf-mirror.com/datasets/choucsan/Gaokao-Compass-11M/resolve/main/data/2025/hebei/school-admission.csv,2026-09-20T07:30:14+00:00
2302.0,吉林科技职业技术学院,,jilin,,普通本科,,民办,https://hf-mirror.com/datasets/choucsan/Gaokao-Compass-11M/resolve/main/data/2025/hebei/school-admission.csv,2026-09-20T07:30:14+00:00
2304.0,吉林职业技术学院,,jilin,,普通本科,,民办,https://hf-mirror.com/datasets/choucsan/Gaokao-Compass-11M/resolve/main/data/2025/hebei/school-admission.csv,2026-09-20T07:30:14+00:00
2307.0,江南影视艺术职业学院,,jiangsu,,普通本科,,民办,https://hf-mirror.com/datasets/choucsan/Gaokao-Compass-11M/resolve/main/data/2025/hebei/school-admission.csv,2026-09-20T07:30:14+00:00
2323.0,金肯职业技术学院,,jiangsu,,普通本科,,民办,https://hf-mirror.com/datasets/choucsan/Gaokao-Compass-11M/resolve/main/data/2025/hebei/school-admission.csv,2026-09-20T07:30:14+00:00
2329.0,九州职业技术学院,,jiangsu,,普通本科,,民办,https://hf-mirror.com/datasets/choucsan/Gaokao-Compass-11M/resolve/main/data/2025/hebei/school-admission.csv,2026-09-20T07:30:14+00:00
233.0,赤峰应用技术职业学院,,neimenggu,,普通本科,,公办,https://hf-mirror.com/datasets/choucsan/Gaokao-Compass-11M/resolve/main/data/2025/hebei/school-admission.csv,2026-09-20T07:30:14+00:00
2338.0,兰州科技职业学院,,gansu,,普通本科,,民办,https://hf-mirror.com/datasets/choucsan/Gaokao-Compass-11M/resolve/main/data/2025/hebei/school-admission.csv,2026-09-20T07:30:14+00:00
2348.0,林州建筑职业技术学院,,henan,,普通本科,,民办,https://hf-mirror.com/datasets/choucsan/Gaokao-Compass-11M/resolve/main/data/2025/hebei/school-admission.csv,2026-09-20T07:30:14+00:00
2351.0,洛阳科技职业学院,,henan,,普通本科,,民办,https://hf-mirror.com/datasets/choucsan/Gaokao-Compass-11M/resolve/main/data/2025/hebei/school-admission.csv,2026-09-20T07:30:14+00:00
2352.0,漯河食品工程职业大学,,henan,,普通本科,,民办,https://hf-mirror.com/datasets/choucsan/Gaokao-Compass-11M/resolve/main/data/2025/hebei/school-admission.csv,2026-09-20T07:30:14+00:00
2358.0,民办合肥滨湖职业技术学院,,,,普通本科,,,https://hf-mirror.com/datasets/choucsan/Gaokao-Compass-11M/resolve/main/data/2025/hebei/school-admission.csv,2026-09-20T07:30:14+00:00
2359.0,民办合肥财经职业学院,,,,普通本科,,,https://hf-mirror.com/datasets/choucsan/Gaokao-Compass-11M/resolve/main/data/2025/hebei/school-admission.csv,2026-09-20T07:30:14+00:00
2360.0,民办合肥经济技术职业学院,,,,普通本科,,,https://hf-mirror.com/datasets/choucsan/Gaokao-Compass-11M/resolve/main/data/2025/hebei/school-admission.csv,2026-09-20T07:30:14+00:00
2362.0,民办万博科技职业学院,,anhui,,普通本科,,民办,https://hf-mirror.com/datasets/choucsan/Gaokao-Compass-11M/resolve/main/data/2025/hebei/school-admission.csv,2026-09-20T07:30:14+00:00
2373.0,南京视觉艺术职业学院,,jiangsu,,普通本科,,民办,https://hf-mirror.com/datasets/choucsan/Gaokao-Compass-11M/resolve/main/data/2025/hebei/school-admission.csv,2026-09-20T07:30:14+00:00
2378.0,内蒙古北方职业技术学院,,neimenggu,,普通本科,,民办,https://hf-mirror.com/datasets/choucsan/Gaokao-Compass-11M/resolve/main/data/2025/hebei/school-admission.csv,2026-09-20T07:30:14+00:00
2379.0,内蒙古丰州职业学院,,,,普通本科,,,https://hf-mirror.com/datasets/choucsan/Gaokao-Compass-11M/resolve/main/data/2025/hebei/school-admission.csv,2026-09-20T07:30:14+00:00
2381.0,内蒙古科技职业学院,,,,普通本科,,,https://hf-mirror.com/datasets/choucsan/Gaokao-Compass-11M/resolve/main/data/2025/hebei/school-admission.csv,2026-09-20T07:30:14+00:00
2382.0,内蒙古美术职业学院,,,,普通本科,,,https://hf-mirror.com/datasets/choucsan/Gaokao-Compass-11M/resolve/main/data/2025/hebei/school-admission.csv,2026-09-20T07:30:14+00:00
2383.0,内蒙古能源职业学院,,,,普通本科,,,https://hf-mirror.com/datasets/choucsan/Gaokao-Compass-11M/resolve/main/data/2025/hebei/school-admission.csv,2026-09-20T07:30:14+00:00
2391.0,齐齐哈尔立德健康职业学院,,,,普通本科,,,https://hf-mirror.com/datasets/choucsan/Gaokao-Compass-11M/resolve/main/data/2025/hebei/school-admission.csv,2026-09-20T07:30:14+00:00
2409.0,日照康养职业学院,,shandong,,普通本科,,民办,https://hf-mirror.com/datasets/choucsan/Gaokao-Compass-11M/resolve/main/data/2025/hebei/school-admission.csv,2026-09-20T07:30:14+00:00
2423.0,山东外事职业大学,,shandong,,普通本科,,民办,https://hf-mirror.com/datasets/choucsan/Gaokao-Compass-11M/resolve/main/data/2025/hebei/school-admission.csv,2026-09-20T07:30:14+00:00
2427.0,山东艺术设计职业学院,,shandong,,普通本科,,民办,https://hf-mirror.com/datasets/choucsan/Gaokao-Compass-11M/resolve/main/data/2025/hebei/school-admission.csv,2026-09-20T07:30:14+00:00
2433.0,山西信息职业技术学院,,shanxi,,普通本科,,民办,https://hf-mirror.com/datasets/choucsan/Gaokao-Compass-11M/resolve/main/data/2025/hebei/school-admission.csv,2026-09-20T07:30:14+00:00
2442.0,上海电影艺术职业学院,,shanghai,,普通本科,,民办,https://hf-mirror.com/datasets/choucsan/Gaokao-Compass-11M/resolve/main/data/2025/hebei/school-admission.csv,2026-09-20T07:30:14+00:00
2461.0,石家庄财经职业学院,,,,普通本科,,,https://hf-mirror.com/datasets/choucsan/Gaokao-Compass-11M/resolve/main/data/2025/hebei/school-admission.csv,2026-09-20T07:30:14+00:00
2463.0,石家庄工程职业学院,,hebei,,普通本科,,民办,https://hf-mirror.com/datasets/choucsan/Gaokao-Compass-11M/resolve/main/data/2025/hebei/school-admission.csv,2026-09-20T07:30:14+00:00
2465.0,石家庄金融职业学院,,,,普通本科,,,https://hf-mirror.com/datasets/choucsan/Gaokao-Compass-11M/resolve/main/data/2025/hebei/school-admission.csv,2026-09-20T07:30:14+00:00
2466.0,石家庄经济职业学院,,hebei,,普通本科,,民办,https://hf-mirror.com/datasets/choucsan/Gaokao-Compass-11M/resolve/main/data/2025/hebei/school-admission.csv,2026-09-20T07:30:14+00:00
2469.0,石家庄理工职业学院,,,,普通本科,,,https://hf-mirror.com/datasets/choucsan/Gaokao-Compass-11M/resolve/main/data/2025/hebei/school-admission.csv,2026-09-20T07:30:14+00:00
2470.0,石家庄农林职业学院,,,,普通本科,,,https://hf-mirror.com/datasets/choucsan/Gaokao-Compass-11M/resolve/main/data/2025/hebei/school-admission.csv,2026-09-20T07:30:14+00:00
2493.0,宿迁泽达职业技术学院,,jiangsu,,普通本科,,民办,https://hf-mirror.com/datasets/choucsan/Gaokao-Compass-11M/resolve/main/data/2025/hebei/school-admission.csv,2026-09-20T07:30:14+00:00
2500.0,唐山海运职业学院,,hebei,,普通本科,,民办,https://hf-mirror.com/datasets/choucsan/Gaokao-Compass-11M/resolve/main/data/2025/hebei/school-admission.csv,2026-09-20T07:30:14+00:00
2513.0,潍坊理工学院,,shandong,,普通本科,,民办,https://hf-mirror.com/datasets/choucsan/Gaokao-Compass-11M/resolve/main/data/2025/hebei/school-admission.csv,2026-09-20T07:30:14+00:00
2514.0,潍坊食品科技职业学院,,shandong,,普通本科,,民办,https://hf-mirror.com/datasets/choucsan/Gaokao-Compass-11M/resolve/main/data/2025/hebei/school-admission.csv,2026-09-20T07:30:14+00:00
2568.0,新疆科信职业技术学院,,xinjiang,,普通本科,,民办,https://hf-mirror.com/datasets/choucsan/Gaokao-Compass-11M/resolve/main/data/2025/hebei/school-admission.csv,2026-09-20T07:30:14+00:00
2569.0,新疆能源职业技术学院,,xinjiang,,普通本科,,民办,https://hf-mirror.com/datasets/choucsan/Gaokao-Compass-11M/resolve/main/data/2025/hebei/school-admission.csv,2026-09-20T07:30:14+00:00
2571.0,新疆现代职业技术学院,,,,普通本科,,,https://hf-mirror.com/datasets/choucsan/Gaokao-Compass-11M/resolve/main/data/2025/hebei/school-admission.csv,2026-09-20T07:30:14+00:00
2573.0,信阳涉外职业技术学院,,henan,,普通本科,,民办,https://hf-mirror.com/datasets/choucsan/Gaokao-Compass-11M/resolve/main/data/2025/hebei/school-admission.csv,2026-09-20T07:30:14+00:00
2575.0,邢台新能源职业学院,,hebei,,普通本科,,民办,https://hf-mirror.com/datasets/choucsan/Gaokao-Compass-11M/resolve/main/data/2025/hebei/school-admission.csv,2026-09-20T07:30:14+00:00
2576.0,邢台应用技术职业学院,,hebei,,普通本科,,民办,https://hf-mirror.com/datasets/choucsan/Gaokao-Compass-11M/resolve/main/data/2025/hebei/school-admission.csv,2026-09-20T07:30:14+00:00
7465.0,烟台城市科技职业学院,,shandong,,民办/独立学院,,民办,https://hf-mirror.com/datasets/choucsan/Gaokao-Compass-11M/resolve/main/data/2025/hebei/school-admission.csv,2026-09-20T07:30:14+00:00
2598.0,云南科技信息职业学院,,,,普通本科,,,https://hf-mirror.com/datasets/choucsan/Gaokao-Compass-11M/resolve/main/data/2025/hebei/school-admission.csv,2026-09-20T07:30:14+00:00
2620.0,郑州商贸旅游职业学院,,henan,,普通本科,,民办,https://hf-mirror.com/datasets/choucsan/Gaokao-Compass-11M/resolve/main/data/2025/hebei/school-admission.csv,2026-09-20T07:30:14+00:00
2623.0,郑州食品工程职业学院,,henan,,普通本科,,民办,https://hf-mirror.com/datasets/choucsan/Gaokao-Compass-11M/resolve/main/data/2025/hebei/school-admission.csv,2026-09-20T07:30:14+00:00
2625.0,郑州信息工程职业学院,,henan,,普通本科,,民办,https://hf-mirror.com/datasets/choucsan/Gaokao-Compass-11M/resolve/main/data/2025/hebei/school-admission.csv,2026-09-20T07:30:14+00:00
2628.0,株洲科技职业学院,,hunan,,普通本科,,民办,https://hf-mirror.com/datasets/choucsan/Gaokao-Compass-11M/resolve/main/data/2025/hebei/school-admission.csv,2026-09-20T07:30:14+00:00
268.0,滁州城市职业学院,,,,普通本科,,,https://hf-mirror.com/datasets/choucsan/Gaokao-Compass-11M/resolve/main/data/2025/hebei/school-admission.csv,2026-09-20T07:30:14+00:00
270.0,滁州职业技术学院,,anhui,,普通本科,,公办,https://hf-mirror.com/datasets/choucsan/Gaokao-Compass-11M/resolve/main/data/2025/hebei/school-admission.csv,2026-09-20T07:30:14+00:00
28.0,安徽商贸职业技术学院,,anhui,,普通本科,,公办,https://hf-mirror.com/datasets/choucsan/Gaokao-Compass-11M/resolve/main/data/2025/hebei/school-admission.csv,2026-09-20T07:30:14+00:00
297.0,大同师范高等专科学校,,shanxi,,普通本科,,公办,https://hf-mirror.com/datasets/choucsan/Gaokao-Compass-11M/resolve/main/data/2025/hebei/school-admission.csv,2026-09-20T07:30:14+00:00
3.0,阿拉善职业技术学院,,neimenggu,,普通本科,,公办,https://hf-mirror.com/datasets/choucsan/Gaokao-Compass-11M/resolve/main/data/2025/hebei/school-admission.csv,2026-09-20T07:30:14+00:00
301.0,德州职业技术学院,,shandong,,普通本科,,公办,https://hf-mirror.com/datasets/choucsan/Gaokao-Compass-11M/resolve/main/data/2025/hebei/school-admission.csv,2026-09-20T07:30:14+00:00
307.0,定西职业技术学院,,gansu,,普通本科,,公办,https://hf-mirror.com/datasets/choucsan/Gaokao-Compass-11M/resolve/main/data/2025/hebei/school-admission.csv,2026-09-20T07:30:14+00:00
31.0,安徽水利水电职业技术学院,,anhui,,普通本科,,公办,https://hf-mirror.com/datasets/choucsan/Gaokao-Compass-11M/resolve/main/data/2025/hebei/school-admission.csv,2026-09-20T07:30:14+00:00
331.0,东营科技职业学院,,shandong,,普通本科,,公办,https://hf-mirror.com/datasets/choucsan/Gaokao-Compass-11M/resolve/main/data/2025/hebei/school-admission.csv,2026-09-20T07:30:14+00:00
335.0,鄂尔多斯生态环境职业学院,,,,普通本科,,,https://hf-mirror.com/datasets/choucsan/Gaokao-Compass-11M/resolve/main/data/2025/hebei/school-admission.csv,2026-09-20T07:30:14+00:00
337.0,鄂尔多斯职业学院,,neimenggu,,普通本科,,公办,https://hf-mirror.com/datasets/choucsan/Gaokao-Compass-11M/resolve/main/data/2025/hebei/school-admission.csv,2026-09-20T07:30:14+00:00
34.0,安徽冶金科技职业学院,,,,普通本科,,,https://hf-mirror.com/datasets/choucsan/Gaokao-Compass-11M/resolve/main/data/2025/hebei/school-admission.csv,2026-09-20T07:30:14+00:00
367.0,甘肃财贸职业学院,,gansu,,普通本科,,公办,https://hf-mirror.com/datasets/choucsan/Gaokao-Compass-11M/resolve/main/data/2025/hebei/school-admission.csv,2026-09-20T07:30:14+00:00
368.0,甘肃钢铁职业技术学院,,,,普通本科,,,https://hf-mirror.com/datasets/choucsan/Gaokao-Compass-11M/resolve/main/data/2025/hebei/school-admission.csv,2026-09-20T07:30:14+00:00
375.0,甘肃农业职业技术学院,,,,普通本科,,,https://hf-mirror.com/datasets/choucsan/Gaokao-Compass-11M/resolve/main/data/2025/hebei/school-admission.csv,2026-09-20T07:30:14+00:00
388.0,广东财贸职业学院,,,,普通本科,,,https://hf-mirror.com/datasets/choucsan/Gaokao-Compass-11M/resolve/main/data/2025/hebei/school-admission.csv,2026-09-20T07:30:14+00:00
39.0,安徽中澳科技职业学院,,anhui,,普通本科,,公办,https://hf-mirror.com/datasets/choucsan/Gaokao-Compass-11M/resolve/main/data/2025/hebei/school-admission.csv,2026-09-20T07:30:14+00:00
8722.0,广东科贸职业学院,,guangdong,,普通本科,,公办,https://hf-mirror.com/datasets/choucsan/Gaokao-Compass-11M/resolve/main/data/2025/hebei/school-admission.csv,2026-09-20T07:30:14+00:00
407.0,广东省外语艺术职业学院,,guangdong,,普通本科,,公办,https://hf-mirror.com/datasets/choucsan/Gaokao-Compass-11M/resolve/main/data/2025/hebei/school-admission.csv,2026-09-20T07:30:14+00:00
51.0,鞍山职业技术学院,,liaoning,,普通本科,,公办,https://hf-mirror.com/datasets/choucsan/Gaokao-Compass-11M/resolve/main/data/2025/hebei/school-admission.csv,2026-09-20T07:30:14+00:00
514.0,邯郸科技职业学院,,hebei,,普通本科,,公办,https://hf-mirror.com/datasets/choucsan/Gaokao-Compass-11M/resolve/main/data/2025/hebei/school-admission.csv,2026-09-20T07:30:14+00:00
54.0,白城医学高等专科学校,,jilin,,普通本科,,公办,https://hf-mirror.com/datasets/choucsan/Gaokao-Compass-11M/resolve/main/data/2025/hebei/school-admission.csv,2026-09-20T07:30:14+00:00
56.0,白银矿冶职业技术学院,,gansu,,普通本科,,公办,https://hf-mirror.com/datasets/choucsan/Gaokao-Compass-11M/resolve/main/data/2025/hebei/school-admission.csv,2026-09-20T07:30:14+00:00
585.0,河北劳动关系职业学院,,,,普通本科,,,https://hf-mirror.com/datasets/choucsan/Gaokao-Compass-11M/resolve/main/data/2025/hebei/school-admission.csv,2026-09-20T07:30:14+00:00
596.0,河北女子职业技术学院,,hebei,,普通本科,,公办,https://hf-mirror.com/datasets/choucsan/Gaokao-Compass-11M/resolve/main/data/2025/hebei/school-admission.csv,2026-09-20T07:30:14+00:00
597.0,河北青年管理干部学院,,,,普通本科,,,https://hf-mirror.com/datasets/choucsan/Gaokao-Compass-11M/resolve/main/data/2025/hebei/school-admission.csv,2026-09-20T07:30:14+00:00
614.0,河北艺术职业学院,,,,普通本科,,,https://hf-mirror.com/datasets/choucsan/Gaokao-Compass-11M/resolve/main/data/2025/hebei/school-admission.csv,2026-09-20T07:30:14+00:00
616.0,河北政法职业学院,,hebei,,普通本科,,公办,https://hf-mirror.com/datasets/choucsan/Gaokao-Compass-11M/resolve/main/data/2025/hebei/school-admission.csv,2026-09-20T07:30:14+00:00
621.0,河北资源环境职业技术学院,,hebei,,普通本科,,公办,https://hf-mirror.com/datasets/choucsan/Gaokao-Compass-11M/resolve/main/data/2025/hebei/school-admission.csv,2026-09-20T07:30:14+00:00
638.0,河南检察职业学院,,henan,,普通本科,,公办,https://hf-mirror.com/datasets/choucsan/Gaokao-Compass-11M/resolve/main/data/2025/hebei/school-admission.csv,2026-09-20T07:30:14+00:00
640.0,河南经贸职业学院,,henan,,普通本科,,公办,https://hf-mirror.com/datasets/choucsan/Gaokao-Compass-11M/resolve/main/data/2025/hebei/school-admission.csv,2026-09-20T07:30:14+00:00
646.0,河南农业职业学院,,henan,,普通本科,,公办,https://hf-mirror.com/datasets/choucsan/Gaokao-Compass-11M/resolve/main/data/2025/hebei/school-admission.csv,2026-09-20T07:30:14+00:00
6192.0,河南水利与环境职业学院,,henan,,普通本科,,公办,https://hf-mirror.com/datasets/choucsan/Gaokao-Compass-11M/resolve/main/data/2025/hebei/school-admission.csv,2026-09-20T07:30:14+00:00
6263.0,河南司法警官职业学院,,henan,,普通本科,,公办,https://hf-mirror.com/datasets/choucsan/Gaokao-Compass-11M/resolve/main/data/2025/hebei/school-admission.csv,2026-09-20T07:30:14+00:00
663.0,菏泽职业学院,,shandong,,普通本科,,公办,https://hf-mirror.com/datasets/choucsan/Gaokao-Compass-11M/resolve/main/data/2025/hebei/school-admission.csv,2026-09-20T07:30:14+00:00
665.0,鹤壁能源化工职业学院,,henan,,普通本科,,公办,https://hf-mirror.com/datasets/choucsan/Gaokao-Compass-11M/resolve/main/data/2025/hebei/school-admission.csv,2026-09-20T07:30:14+00:00
671.0,黑龙江冰雪体育职业学院,,heilongjiang,,普通本科,,公办,https://hf-mirror.com/datasets/choucsan/Gaokao-Compass-11M/resolve/main/data/2025/hebei/school-admission.csv,2026-09-20T07:30:14+00:00
690.0,黑龙江艺术职业学院,,,,普通本科,,,https://hf-mirror.com/datasets/choucsan/Gaokao-Compass-11M/resolve/main/data/2025/hebei/school-admission.csv,2026-09-20T07:30:14+00:00
694.0,衡水健康科技职业学院,,,,普通本科,,,https://hf-mirror.com/datasets/choucsan/Gaokao-Compass-11M/resolve/main/data/2025/hebei/school-admission.csv,2026-09-20T07:30:14+00:00
697.0,衡水职业技术学院,,hebei,,普通本科,,公办,https://hf-mirror.com/datasets/choucsan/Gaokao-Compass-11M/resolve/main/data/2025/hebei/school-admission.csv,2026-09-20T07:30:14+00:00
709.0,呼伦贝尔职业技术学院,,neimenggu,,普通本科,,公办,https://hf-mirror.com/datasets/choucsan/Gaokao-Compass-11M/resolve/main/data/2025/hebei/school-admission.csv,2026-09-20T07:30:14+00:00
825.0,淮北职业技术学院,,anhui,,普通本科,,公办,https://hf-mirror.com/datasets/choucsan/Gaokao-Compass-11M/resolve/main/data/2025/hebei/school-admission.csv,2026-09-20T07:30:14+00:00
835.0,徽商职业学院,,,,普通本科,,,https://hf-mirror.com/datasets/choucsan/Gaokao-Compass-11M/resolve/main/data/2025/hebei/school-admission.csv,2026-09-20T07:30:14+00:00
837.0,惠州工程职业学院,,guangdong,,普通本科,,公办,https://hf-mirror.com/datasets/choucsan/Gaokao-Compass-11M/resolve/main/data/2025/hebei/school-admission.csv,2026-09-20T07:30:14+00:00
847.0,吉林工程职业学院,,jilin,,普通本科,,公办,https://hf-mirror.com/datasets/choucsan/Gaokao-Compass-11M/resolve/main/data/2025/hebei/school-admission.csv,2026-09-20T07:30:14+00:00
872.0,济南职业学院,,shandong,,普通本科,,公办,https://hf-mirror.com/datasets/choucsan/Gaokao-Compass-11M/resolve/main/data/2025/hebei/school-admission.csv,2026-09-20T07:30:14+00:00
916.0,江苏信息职业技术学院,,jiangsu,,普通本科,,公办,https://hf-mirror.com/datasets/choucsan/Gaokao-Compass-11M/resolve/main/data/2025/hebei/school-admission.csv,2026-09-20T07:30:14+00:00
950.0,江西艺术职业学院,,,,普通本科,,,https://hf-mirror.com/datasets/choucsan/Gaokao-Compass-11M/resolve/main/data/2025/hebei/school-admission.csv,2026-09-20T07:30:14+00:00
980.0,克拉玛依职业技术学院,,xinjiang,,普通本科,,公办,https://hf-mirror.com/datasets/choucsan/Gaokao-Compass-11M/resolve/main/data/2025/hebei/school-admission.csv,2026-09-20T07:30:14+00:00
988.0,兰考三农职业学院,,henan,,普通本科,,公办,https://hf-mirror.com/datasets/choucsan/Gaokao-Compass-11M/resolve/main/data/2025/hebei/school-admission.csv,2026-09-20T07:30:14+00:00
996.0,兰州航空职业技术学院,,,,普通本科,,,https://hf-mirror.com/datasets/choucsan/Gaokao-Compass-11M/resolve/main/data/2025/hebei/school-admission.csv,2026-09-20T07:30:14+00:00
11.0,安徽工程大学,,anhui,,普通本科,,公办,https://hf-mirror.com/datasets/choucsan/Gaokao-Compass-11M/resolve/main/data/2025/hebei/school-admission.csv,2026-09-20T07:30:14+00:00
1317.0,山西能源学院,,shanxi,,普通本科,,公办,https://hf-mirror.com/datasets/choucsan/Gaokao-Compass-11M/resolve/main/data/2025/hebei/school-admission.csv,2026-09-20T07:30:14+00:00
1654.0,西安体育学院,,shaanxi,,普通本科,,公办,https://hf-mirror.com/datasets/choucsan/Gaokao-Compass-11M/resolve/main/data/2025/hebei/school-admission.csv,2026-09-20T07:30:14+00:00
1900.0,中国科学院大学,,beijing,,普通本科,,公办,https://hf-mirror.com/datasets/choucsan/Gaokao-Compass-11M/resolve/main/data/2025/hebei/school-admission.csv,2026-09-20T07:30:14+00:00
211.0,巢湖学院,,anhui,,普通本科,,公办,https://hf-mirror.com/datasets/choucsan/Gaokao-Compass-11M/resolve/main/data/2025/hebei/school-admission.csv,2026-09-20T07:30:14+00:00
2301.0,吉林建筑科技学院,,jilin,,普通本科,,民办,https://hf-mirror.com/datasets/choucsan/Gaokao-Compass-11M/resolve/main/data/2025/hebei/school-admission.csv,2026-09-20T07:30:14+00:00
365.0,复旦大学医学院,,,,普通本科,,,https://hf-mirror.com/datasets/choucsan/Gaokao-Compass-11M/resolve/main/data/2025/hebei/school-admission.csv,2026-09-20T07:30:14+00:00
532.0,合肥理工学院,,anhui,,普通本科,,公办,https://hf-mirror.com/datasets/choucsan/Gaokao-Compass-11M/resolve/main/data/2025/hebei/school-admission.csv,2026-09-20T07:30:14+00:00
4515.0,康复大学,,shandong,,普通本科,,公办,https://hf-mirror.com/datasets/choucsan/Gaokao-Compass-11M/resolve/main/data/2025/hebei/school-admission.csv,2026-09-20T07:30:14+00:00
981.0,空军军医大学,,,,普通本科,,,https://hf-mirror.com/datasets/choucsan/Gaokao-Compass-11M/resolve/main/data/2025/hebei/school-admission.csv,2026-09-20T07:30:14+00:00
994.0,兰州工业学院,,gansu,,普通本科,,公办,https://hf-mirror.com/datasets/choucsan/Gaokao-Compass-11M/resolve/main/data/2025/hebei/school-admission.csv,2026-09-20T07:30:14+00:00
1048.0,临沂科技职业学院,,shandong,,普通本科,,公办,https://hf-mirror.com/datasets/choucsan/Gaokao-Compass-11M/resolve/main/data/2025/hebei/school-admission.csv,2026-09-20T07:30:14+00:00
1186.0,濮阳科技职业学院,,henan,,普通本科,,公办,https://hf-mirror.com/datasets/choucsan/Gaokao-Compass-11M/resolve/main/data/2025/hebei/school-admission.csv,2026-09-20T07:30:14+00:00
2125.0,长沙医药健康职业学院,,hunan,,普通本科,,民办,https://hf-mirror.com/datasets/choucsan/Gaokao-Compass-11M/resolve/main/data/2025/hebei/school-admission.csv,2026-09-20T07:30:14+00:00
2207.0,广西演艺职业学院,,guangxi,,普通本科,,民办,https://hf-mirror.com/datasets/choucsan/Gaokao-Compass-11M/resolve/main/data/2025/hebei/school-admission.csv,2026-09-20T07:30:14+00:00
2368.0,南昌影视传播职业学院,,jiangxi,,普通本科,,民办,https://hf-mirror.com/datasets/choucsan/Gaokao-Compass-11M/resolve/main/data/2025/hebei/school-admission.csv,2026-09-20T07:30:14+00:00
2390.0,齐齐哈尔理工职业学院,,heilongjiang,,普通本科,,民办,https://hf-mirror.com/datasets/choucsan/Gaokao-Compass-11M/resolve/main/data/2025/hebei/school-admission.csv,2026-09-20T07:30:14+00:00
2614.0,郑州城市职业学院,,henan,,普通本科,,民办,https://hf-mirror.com/datasets/choucsan/Gaokao-Compass-11M/resolve/main/data/2025/hebei/school-admission.csv,2026-09-20T07:30:14+00:00
479.0,哈尔滨电力职业技术学院,,heilongjiang,,普通本科,,公办,https://hf-mirror.com/datasets/choucsan/Gaokao-Compass-11M/resolve/main/data/2025/hebei/school-admission.csv,2026-09-20T07:30:14+00:00
786.0,湖州职业技术学院,,zhejiang,,普通本科,,公办,https://hf-mirror.com/datasets/choucsan/Gaokao-Compass-11M/resolve/main/data/2025/hebei/school-admission.csv,2026-09-20T07:30:14+00:00
836.0,惠州城市职业学院,,,,普通本科,,,https://hf-mirror.com/datasets/choucsan/Gaokao-Compass-11M/resolve/main/data/2025/hebei/school-admission.csv,2026-09-20T07:30:14+00:00
961.0,晋城职业技术学院,,,,普通本科,,,https://hf-mirror.com/datasets/choucsan/Gaokao-Compass-11M/resolve/main/data/2025/hebei/school-admission.csv,2026-09-20T07:30:14+00:00
6226.0,黄河交通学院,,henan,,民办/独立学院,,民办,https://hf-mirror.com/datasets/choucsan/Gaokao-Compass-11M/resolve/main/data/2025/henan/school-admission.csv,2026-09-20T07:30:25+00:00
6276.0,许昌职业技术学院,,henan,,普通本科,,公办,https://hf-mirror.com/datasets/choucsan/Gaokao-Compass-11M/resolve/main/data/2025/henan/school-admission.csv,2026-09-20T07:30:25+00:00
6375.0,郑州智能科技职业学院,,henan,,民办/独立学院,,民办,https://hf-mirror.com/datasets/choucsan/Gaokao-Compass-11M/resolve/main/data/2025/henan/school-admission.csv,2026-09-20T07:30:25+00:00
6503.0,新乡工程学院,,henan,,民办/独立学院,,民办,https://hf-mirror.com/datasets/choucsan/Gaokao-Compass-11M/resolve/main/data/2025/henan/school-admission.csv,2026-09-20T07:30:25+00:00
8318.0,浙江横店影视职业学院,,zhejiang,,民办/独立学院,,民办,https://hf-mirror.com/datasets/choucsan/Gaokao-Compass-11M/resolve/main/data/2025/henan/school-admission.csv,2026-09-20T07:30:25+00:00
6530.0,河南体育学院,,henan,,普通本科,,公办,https://hf-mirror.com/datasets/choucsan/Gaokao-Compass-11M/resolve/main/data/2025/henan/school-admission.csv,2026-09-20T07:30:25+00:00
9752.0,无锡工艺职业技术学院,,jiangsu,,普通本科,,公办,https://hf-mirror.com/datasets/choucsan/Gaokao-Compass-11M/resolve/main/data/2025/henan/school-admission.csv,2026-09-20T07:30:25+00:00
6395.0,华北水利水电大学乌拉尔学院,,henan,,普通本科,,中外合作办学,https://hf-mirror.com/datasets/choucsan/Gaokao-Compass-11M/resolve/main/data/2025/henan/school-admission.csv,2026-09-20T07:30:25+00:00
3684.0,江西管理职业学院,,jiangxi,,普通本科,,公办,https://hf-mirror.com/datasets/choucsan/Gaokao-Compass-11M/resolve/main/data/2025/hunan/school-admission.csv,2026-09-20T07:30:34+00:00
4848.0,广东新安职业技术学院,,guangdong,,民办/独立学院,,民办,https://hf-mirror.com/datasets/choucsan/Gaokao-Compass-11M/resolve/main/data/2025/hunan/school-admission.csv,2026-09-20T07:30:34+00:00
4878.0,苏州农业职业技术学院,,jiangsu,,普通本科,,公办,https://hf-mirror.com/datasets/choucsan/Gaokao-Compass-11M/resolve/main/data/2025/hunan/school-admission.csv,2026-09-20T07:30:34+00:00
3503.0,福建福耀科技大学,,fujian,,民办/独立学院,,民办,https://hf-mirror.com/datasets/choucsan/Gaokao-Compass-11M/resolve/main/data/2025/hunan/school-admission.csv,2026-09-20T07:30:34+00:00
4802.0,深圳理工大学,,guangdong,,普通本科,,公办,https://hf-mirror.com/datasets/choucsan/Gaokao-Compass-11M/resolve/main/data/2025/hunan/school-admission.csv,2026-09-20T07:30:34+00:00
1217.0,无锡师范高等专科学校,,jiangsu,,普通本科,,公办,https://hf-mirror.com/datasets/choucsan/Gaokao-Compass-11M/resolve/main/data/2025/jiangsu/school-admission.csv,2026-09-20T07:30:39+00:00
1290.0,苏州幼儿师范高等专科学校,,jiangsu,,普通本科,,公办,https://hf-mirror.com/datasets/choucsan/Gaokao-Compass-11M/resolve/main/data/2025/jiangsu/school-admission.csv,2026-09-20T07:30:39+00:00
2618.0,山东胜利职业学院,,shandong,,普通本科,,公办,https://hf-mirror.com/datasets/choucsan/Gaokao-Compass-11M/resolve/main/data/2025/jiangsu/school-admission.csv,2026-09-20T07:30:39+00:00
5423.0,广州体育学院,,guangdong,,普通本科,,公办,https://hf-mirror.com/datasets/choucsan/Gaokao-Compass-11M/resolve/main/data/2025/jiangsu/school-admission.csv,2026-09-20T07:30:39+00:00
8080.0,安徽三联学院,,anhui,,民办/独立学院,,民办,https://hf-mirror.com/datasets/choucsan/Gaokao-Compass-11M/resolve/main/data/2025/jiangsu/school-admission.csv,2026-09-20T07:30:39+00:00
8082.0,安徽文达信息工程学院,,anhui,,民办/独立学院,,民办,https://hf-mirror.com/datasets/choucsan/Gaokao-Compass-11M/resolve/main/data/2025/jiangsu/school-admission.csv,2026-09-20T07:30:39+00:00
8086.0,安徽信息工程学院,,anhui,,民办/独立学院,,民办,https://hf-mirror.com/datasets/choucsan/Gaokao-Compass-11M/resolve/main/data/2025/jiangsu/school-admission.csv,2026-09-20T07:30:39+00:00
8090.0,芜湖学院,,anhui,,民办/独立学院,,民办,https://hf-mirror.com/datasets/choucsan/Gaokao-Compass-11M/resolve/main/data/2025/jiangsu/school-admission.csv,2026-09-20T07:30:39+00:00
1211.0,无锡职业技术大学,,jiangsu,,普通本科,,公办,https://hf-mirror.com/datasets/choucsan/Gaokao-Compass-11M/resolve/main/data/2025/jiangsu/school-admission.csv,2026-09-20T07:30:39+00:00
9106.0,香港城市大学(东莞),,guangdong,,普通本科,,内地与港澳台地区合作办学,https://hf-mirror.com/datasets/choucsan/Gaokao-Compass-11M/resolve/main/data/2025/jiangsu/school-admission.csv,2026-09-20T07:30:39+00:00
2262.0,吉林省经济管理干部学院,,,,普通本科,,,https://hf-mirror.com/datasets/choucsan/Gaokao-Compass-11M/resolve/main/data/2025/jilin/school-admission.csv,2026-09-20T07:30:49+00:00
2268.0,吉林通用航空职业技术学院,,jilin,,普通本科,,公办,https://hf-mirror.com/datasets/choucsan/Gaokao-Compass-11M/resolve/main/data/2025/jilin/school-admission.csv,2026-09-20T07:30:49+00:00
2275.0,四平现代职业学院,,,,普通本科,,,https://hf-mirror.com/datasets/choucsan/Gaokao-Compass-11M/resolve/main/data/2025/jilin/school-admission.csv,2026-09-20T07:30:49+00:00
,苏州职业大学,,,,普通本科,,,https://hf-mirror.com/datasets/choucsan/Gaokao-Compass-11M/resolve/main/data/2025/jilin/school-admission.csv,2026-09-20T07:30:49+00:00
2135.0,沈阳音乐学院,,liaoning,,普通本科,,公办,https://hf-mirror.com/datasets/choucsan/Gaokao-Compass-11M/resolve/main/data/2025/jilin/school-admission.csv,2026-09-20T07:30:49+00:00
2668.0,广州理工学院,,guangdong,,普通本科,,民办,https://hf-mirror.com/datasets/choucsan/Gaokao-Compass-11M/resolve/main/data/2025/jilin/school-admission.csv,2026-09-20T07:30:49+00:00
3707.0,济南工程职业技术学院,,shandong,,普通本科,,公办,https://hf-mirror.com/datasets/choucsan/Gaokao-Compass-11M/resolve/main/data/2025/jilin/school-admission.csv,2026-09-20T07:30:49+00:00
4200000.0,信息支援部队工程大学,,,,普通本科,,,https://hf-mirror.com/datasets/choucsan/Gaokao-Compass-11M/resolve/main/data/2025/jilin/school-admission.csv,2026-09-20T07:30:49+00:00
,军事航天部队航天工程大学,,,,普通本科,,,https://hf-mirror.com/datasets/choucsan/Gaokao-Compass-11M/resolve/main/data/2025/jilin/school-admission.csv,2026-09-20T07:30:49+00:00
505.0,国防科技大学,,,,普通本科,,,https://hf-mirror.com/datasets/choucsan/Gaokao-Compass-11M/resolve/main/data/2025/jilin/school-admission.csv,2026-09-20T07:30:49+00:00
,海军大连舰艇学院,,,,普通本科,,,https://hf-mirror.com/datasets/choucsan/Gaokao-Compass-11M/resolve/main/data/2025/jilin/school-admission.csv,2026-09-20T07:30:49+00:00
,海军航空大学,,,,普通本科,,,https://hf-mirror.com/datasets/choucsan/Gaokao-Compass-11M/resolve/main/data/2025/jilin/school-admission.csv,2026-09-20T07:30:49+00:00
108.0,空军工程大学,,,,普通本科,,,https://hf-mirror.com/datasets/choucsan/Gaokao-Compass-11M/resolve/main/data/2025/jilin/school-admission.csv,2026-09-20T07:30:49+00:00
,陆军步兵学院,,,,普通本科,,,https://hf-mirror.com/datasets/choucsan/Gaokao-Compass-11M/resolve/main/data/2025/jilin/school-admission.csv,2026-09-20T07:30:49+00:00
1121.0,私立华联学院,,guangdong,,民办/独立学院,,民办,https://hf-mirror.com/datasets/choucsan/Gaokao-Compass-11M/resolve/main/data/2025/liaoning/school-admission.csv,2026-09-20T07:30:55+00:00
4077.0,辽河石油职业技术学院,,liaoning,,普通本科,,公办,https://hf-mirror.com/datasets/choucsan/Gaokao-Compass-11M/resolve/main/data/2025/liaoning/school-admission.csv,2026-09-20T07:30:55+00:00
4320.0,青岛远洋船员职业学院,,shandong,,普通本科,,公办,https://hf-mirror.com/datasets/choucsan/Gaokao-Compass-11M/resolve/main/data/2025/liaoning/school-admission.csv,2026-09-20T07:30:55+00:00
,辽宁警察学院,,liaoning,,普通本科,,公办,https://hf-mirror.com/datasets/choucsan/Gaokao-Compass-11M/resolve/main/data/2025/liaoning/school-admission.csv,2026-09-20T07:30:55+00:00
773.0,内蒙古警察学院,,,,普通本科,,,https://hf-mirror.com/datasets/choucsan/Gaokao-Compass-11M/resolve/main/data/2025/neimenggu/school-admission.csv,2026-09-20T07:31:01+00:00
4416.0,广州应用科技学院,,guangdong,,普通本科,,民办,https://hf-mirror.com/datasets/choucsan/Gaokao-Compass-11M/resolve/main/data/2025/neimenggu/school-admission.csv,2026-09-20T07:31:01+00:00
206.0,河南职业技术学院,,henan,,普通本科,,公办,https://hf-mirror.com/datasets/choucsan/Gaokao-Compass-11M/resolve/main/data/2025/neimenggu/school-admission.csv,2026-09-20T07:31:01+00:00
769.0,科尔沁艺术职业学院,,,,普通本科,,,https://hf-mirror.com/datasets/choucsan/Gaokao-Compass-11M/resolve/main/data/2025/neimenggu/school-admission.csv,2026-09-20T07:31:01+00:00
774.0,内蒙古体育职业学院,,,,普通本科,,,https://hf-mirror.com/datasets/choucsan/Gaokao-Compass-11M/resolve/main/data/2025/neimenggu/school-admission.csv,2026-09-20T07:31:01+00:00
780.0,郑州电力职业技术学院,,henan,,普通本科,,民办,https://hf-mirror.com/datasets/choucsan/Gaokao-Compass-11M/resolve/main/data/2025/neimenggu/school-admission.csv,2026-09-20T07:31:01+00:00
,兰州现代职业学院,,gansu,,普通本科,,公办,https://hf-mirror.com/datasets/choucsan/Gaokao-Compass-11M/resolve/main/data/2025/neimenggu/school-admission.csv,2026-09-20T07:31:01+00:00
,宁夏葡萄酒与防沙治沙职业技术学院,,,,普通本科,,,https://hf-mirror.com/datasets/choucsan/Gaokao-Compass-11M/resolve/main/data/2025/neimenggu/school-admission.csv,2026-09-20T07:31:01+00:00
,宁夏财经职业技术学院,,,,普通本科,,,https://hf-mirror.com/datasets/choucsan/Gaokao-Compass-11M/resolve/main/data/2025/neimenggu/school-admission.csv,2026-09-20T07:31:01+00:00
742.0,西安理工大学高科学院,,shaanxi,,普通本科,,民办,https://hf-mirror.com/datasets/choucsan/Gaokao-Compass-11M/resolve/main/data/2025/neimenggu/school-admission.csv,2026-09-20T07:31:01+00:00
361.0,宁夏工业职业学院,,,,普通本科,,,https://hf-mirror.com/datasets/choucsan/Gaokao-Compass-11M/resolve/main/data/2025/neimenggu/school-admission.csv,2026-09-20T07:31:01+00:00
,宁夏交通职业技术学院,,,,普通本科,,,https://hf-mirror.com/datasets/choucsan/Gaokao-Compass-11M/resolve/main/data/2025/neimenggu/school-admission.csv,2026-09-20T07:31:01+00:00
118.0,上海音乐学院,,shanghai,,普通本科,,公办,https://hf-mirror.com/datasets/choucsan/Gaokao-Compass-11M/resolve/main/data/2025/shandong/school-admission.csv,2026-09-20T07:31:14+00:00
,山东财经大学燕山学院,,shandong,,民办/独立学院,,民办,https://hf-mirror.com/datasets/choucsan/Gaokao-Compass-11M/resolve/main/data/2025/shandong/school-admission.csv,2026-09-20T07:31:14+00:00
4435.0,星海音乐学院,,guangdong,,普通本科,,公办,https://hf-mirror.com/datasets/choucsan/Gaokao-Compass-11M/resolve/main/data/2025/shandong/school-admission.csv,2026-09-20T07:31:14+00:00
,淮北理工学院,,anhui,,民办/独立学院,,民办,https://hf-mirror.com/datasets/choucsan/Gaokao-Compass-11M/resolve/main/data/2025/shandong/school-admission.csv,2026-09-20T07:31:14+00:00
3444.0,阜阳理工学院,,anhui,,民办/独立学院,,民办,https://hf-mirror.com/datasets/choucsan/Gaokao-Compass-11M/resolve/main/data/2025/shandong/school-admission.csv,2026-09-20T07:31:14+00:00
,临沂城市职业学院,,shandong,,民办/独立学院,,民办,https://hf-mirror.com/datasets/choucsan/Gaokao-Compass-11M/resolve/main/data/2025/shandong/school-admission.csv,2026-09-20T07:31:14+00:00
,临沂职业学院,,shandong,,普通本科,,公办,https://hf-mirror.com/datasets/choucsan/Gaokao-Compass-11M/resolve/main/data/2025/shandong/school-admission.csv,2026-09-20T07:31:14+00:00
,周口城市职业学院,,henan,,民办/独立学院,,民办,https://hf-mirror.com/datasets/choucsan/Gaokao-Compass-11M/resolve/main/data/2025/shandong/school-admission.csv,2026-09-20T07:31:14+00:00
,宁夏工商职业技术大学,,ningxia,,普通本科,,公办,https://hf-mirror.com/datasets/choucsan/Gaokao-Compass-11M/resolve/main/data/2025/shandong/school-admission.csv,2026-09-20T07:31:14+00:00
,宁夏建设职业技术学院,,ningxia,,普通本科,,公办,https://hf-mirror.com/datasets/choucsan/Gaokao-Compass-11M/resolve/main/data/2025/shandong/school-admission.csv,2026-09-20T07:31:14+00:00
,宿迁幼儿师范高等专科学校,,jiangsu,,普通本科,,公办,https://hf-mirror.com/datasets/choucsan/Gaokao-Compass-11M/resolve/main/data/2025/shandong/school-admission.csv,2026-09-20T07:31:14+00:00
4541.0,广西培贤国际职业学院,,guangxi,,民办/独立学院,,民办,https://hf-mirror.com/datasets/choucsan/Gaokao-Compass-11M/resolve/main/data/2025/shandong/school-admission.csv,2026-09-20T07:31:14+00:00
3296.0,无锡商业职业技术学院,,jiangsu,,普通本科,,公办,https://hf-mirror.com/datasets/choucsan/Gaokao-Compass-11M/resolve/main/data/2025/shandong/school-admission.csv,2026-09-20T07:31:14+00:00
,日照科技职业学院,,shandong,,民办/独立学院,,民办,https://hf-mirror.com/datasets/choucsan/Gaokao-Compass-11M/resolve/main/data/2025/shandong/school-admission.csv,2026-09-20T07:31:14+00:00
,枣庄应用技术职业学院,,shandong,,民办/独立学院,,民办,https://hf-mirror.com/datasets/choucsan/Gaokao-Compass-11M/resolve/main/data/2025/shandong/school-admission.csv,2026-09-20T07:31:14+00:00
3229.0,江苏农林职业技术学院,,jiangsu,,普通本科,,公办,https://hf-mirror.com/datasets/choucsan/Gaokao-Compass-11M/resolve/main/data/2025/shandong/school-admission.csv,2026-09-20T07:31:14+00:00
3233.0,江阴职业技术学院,,jiangsu,,普通本科,,公办,https://hf-mirror.com/datasets/choucsan/Gaokao-Compass-11M/resolve/main/data/2025/shandong/school-admission.csv,2026-09-20T07:31:14+00:00
,济宁汽车工程职业学院,,shandong,,民办/独立学院,,民办,https://hf-mirror.com/datasets/choucsan/Gaokao-Compass-11M/resolve/main/data/2025/shandong/school-admission.csv,2026-09-20T07:31:14+00:00
,湖北体育职业学院,,hubei,,普通本科,,公办,https://hf-mirror.com/datasets/choucsan/Gaokao-Compass-11M/resolve/main/data/2025/shandong/school-admission.csv,2026-09-20T07:31:14+00:00
,烟台卫生健康职业学院,,shandong,,普通本科,,公办,https://hf-mirror.com/datasets/choucsan/Gaokao-Compass-11M/resolve/main/data/2025/shandong/school-admission.csv,2026-09-20T07:31:14+00:00
,烟台幼儿师范高等专科学校,,shandong,,普通本科,,公办,https://hf-mirror.com/datasets/choucsan/Gaokao-Compass-11M/resolve/main/data/2025/shandong/school-admission.csv,2026-09-20T07:31:14+00:00
,烟台职业学院,,shandong,,普通本科,,公办,https://hf-mirror.com/datasets/choucsan/Gaokao-Compass-11M/resolve/main/data/2025/shandong/school-admission.csv,2026-09-20T07:31:14+00:00
,聊城科技职业学院,,shandong,,普通本科,,公办,https://hf-mirror.com/datasets/choucsan/Gaokao-Compass-11M/resolve/main/data/2025/shandong/school-admission.csv,2026-09-20T07:31:14+00:00
3454.0,芜湖职业技术大学,,anhui,,普通本科,,公办,https://hf-mirror.com/datasets/choucsan/Gaokao-Compass-11M/resolve/main/data/2025/shandong/school-admission.csv,2026-09-20T07:31:14+00:00
3347.0,苏州信息职业技术学院,,jiangsu,,普通本科,,公办,https://hf-mirror.com/datasets/choucsan/Gaokao-Compass-11M/resolve/main/data/2025/shandong/school-admission.csv,2026-09-20T07:31:14+00:00
3286.0,苏州工业园区职业技术学院,,jiangsu,,民办/独立学院,,民办,https://hf-mirror.com/datasets/choucsan/Gaokao-Compass-11M/resolve/main/data/2025/shandong/school-admission.csv,2026-09-20T07:31:14+00:00
,菏泽生物医药职业学院,,shandong,,民办/独立学院,,民办,https://hf-mirror.com/datasets/choucsan/Gaokao-Compass-11M/resolve/main/data/2025/shandong/school-admission.csv,2026-09-20T07:31:14+00:00
,郑州工业安全职业学院,,henan,,普通本科,,公办,https://hf-mirror.com/datasets/choucsan/Gaokao-Compass-11M/resolve/main/data/2025/shandong/school-admission.csv,2026-09-20T07:31:14+00:00
4243.0,郑州铁路职业技术学院,,henan,,普通本科,,公办,https://hf-mirror.com/datasets/choucsan/Gaokao-Compass-11M/resolve/main/data/2025/shandong/school-admission.csv,2026-09-20T07:31:14+00:00
3317.0,钟山职业技术学院,,jiangsu,,民办/独立学院,,民办,https://hf-mirror.com/datasets/choucsan/Gaokao-Compass-11M/resolve/main/data/2025/shandong/school-admission.csv,2026-09-20T07:31:14+00:00
,青岛幼儿师范高等专科学校,,shandong,,普通本科,,公办,https://hf-mirror.com/datasets/choucsan/Gaokao-Compass-11M/resolve/main/data/2025/shandong/school-admission.csv,2026-09-20T07:31:14+00:00
,青海警官职业学院,,qinghai,,普通本科,,公办,https://hf-mirror.com/datasets/choucsan/Gaokao-Compass-11M/resolve/main/data/2025/shandong/school-admission.csv,2026-09-20T07:31:14+00:00
,郑州美术学院,,henan,,民办/独立学院,,民办,https://hf-mirror.com/datasets/choucsan/Gaokao-Compass-11M/resolve/main/data/2025/shandong/school-admission.csv,2026-09-20T07:31:14+00:00
3179.0,上海中华职业技术学院,,shanghai,,普通本科,,民办,https://hf-mirror.com/datasets/choucsan/Gaokao-Compass-11M/resolve/main/data/2025/shanghai/school-admission.csv,2026-09-20T07:31:21+00:00
,上海海事职业技术学院,,,,普通本科,,,https://hf-mirror.com/datasets/choucsan/Gaokao-Compass-11M/resolve/main/data/2025/shanghai/school-admission.csv,2026-09-20T07:31:21+00:00
238.0,中国音乐学院,,,,普通本科,,,https://hf-mirror.com/datasets/choucsan/Gaokao-Compass-11M/resolve/main/data/2025/shanghai/school-admission.csv,2026-09-20T07:31:21+00:00
35.0,上海公安学院,,,,普通本科,,,https://hf-mirror.com/datasets/choucsan/Gaokao-Compass-11M/resolve/main/data/2025/shanghai/school-admission.csv,2026-09-20T07:31:21+00:00
64.0,昆山杜克大学,,,,普通本科,,,https://hf-mirror.com/datasets/choucsan/Gaokao-Compass-11M/resolve/main/data/2025/shanghai/school-admission.csv,2026-09-20T07:31:21+00:00
,新疆理工职业大学,,xinjiang,,普通本科,,公办,https://hf-mirror.com/datasets/choucsan/Gaokao-Compass-11M/resolve/main/data/2025/xinjiang/school-admission.csv,2026-09-20T07:31:35+00:00
5393.0,云南工业信息职业学院,,yunnan,,普通本科,,公办,https://hf-mirror.com/datasets/choucsan/Gaokao-Compass-11M/resolve/main/data/2025/yunnan/school-admission.csv,2026-09-20T07:31:43+00:00
150.0,浙江金华科贸职业技术学院,,zhejiang,,民办/独立学院,,民办,https://hf-mirror.com/datasets/choucsan/Gaokao-Compass-11M/resolve/main/data/2025/zhejiang/school-admission.csv,2026-09-20T07:31:48+00:00
232.0,浙江舟山群岛新区旅游与健康职业学院,,zhejiang,,普通本科,,公办,https://hf-mirror.com/datasets/choucsan/Gaokao-Compass-11M/resolve/main/data/2025/zhejiang/school-admission.csv,2026-09-20T07:31:48+00:00
3405.0,安徽电气工程职业技术学院,,anhui,,普通本科,,公办,https://hf-mirror.com/datasets/choucsan/Gaokao-Compass-11M/resolve/main/data/2025/zhejiang/school-admission.csv,2026-09-20T07:31:48+00:00
3461.0,黄山职业技术学院,,anhui,,普通本科,,公办,https://hf-mirror.com/datasets/choucsan/Gaokao-Compass-11M/resolve/main/data/2025/zhejiang/school-admission.csv,2026-09-20T07:31:48+00:00
4354.0,湖南中医药高等专科学校,,hunan,,普通本科,,公办,https://hf-mirror.com/datasets/choucsan/Gaokao-Compass-11M/resolve/main/data/2025/zhejiang/school-admission.csv,2026-09-20T07:31:48+00:00
54.0,浙江育英职业技术学院,,zhejiang,,民办/独立学院,,民办,https://hf-mirror.com/datasets/choucsan/Gaokao-Compass-11M/resolve/main/data/2025/zhejiang/school-admission.csv,2026-09-20T07:31:48+00:00
55.0,浙江东方职业技术学院,,zhejiang,,民办/独立学院,,民办,https://hf-mirror.com/datasets/choucsan/Gaokao-Compass-11M/resolve/main/data/2025/zhejiang/school-admission.csv,2026-09-20T07:31:48+00:00
56.0,浙江长征职业技术学院,,zhejiang,,民办/独立学院,,民办,https://hf-mirror.com/datasets/choucsan/Gaokao-Compass-11M/resolve/main/data/2025/zhejiang/school-admission.csv,2026-09-20T07:31:48+00:00
63.0,宁波职业技术大学,,zhejiang,,普通本科,,公办,https://hf-mirror.com/datasets/choucsan/Gaokao-Compass-11M/resolve/main/data/2025/zhejiang/school-admission.csv,2026-09-20T07:31:48+00:00
66.0,台州职业技术学院,,zhejiang,,普通本科,,公办,https://hf-mirror.com/datasets/choucsan/Gaokao-Compass-11M/resolve/main/data/2025/zhejiang/school-admission.csv,2026-09-20T07:31:48+00:00
90.0,湖州健康职业学院,,zhejiang,,民办/独立学院,,民办,https://hf-mirror.com/datasets/choucsan/Gaokao-Compass-11M/resolve/main/data/2025/zhejiang/school-admission.csv,2026-09-20T07:31:48+00:00
,宁波东方理工大学,,zhejiang,,民办/独立学院,,民办,https://hf-mirror.com/datasets/choucsan/Gaokao-Compass-11M/resolve/main/data/2025/zhejiang/school-admission.csv,2026-09-20T07:31:48+00:00
3815.0,赣东职业技术学院,,jiangxi,,民办/独立学院,,民办,https://hf-mirror.com/datasets/choucsan/Gaokao-Compass-11M/resolve/main/data/2025/zhejiang/school-admission.csv,2026-09-20T07:31:48+00:00
4549.0,广西质量工程职业技术学院,,guangxi,,普通本科,,公办,https://hf-mirror.com/datasets/choucsan/Gaokao-Compass-11M/resolve/main/data/2025/zhejiang/school-admission.csv,2026-09-20T07:31:48+00:00
88.0,浙江宇翔职业技术学院,,zhejiang,,民办/独立学院,,民办,https://hf-mirror.com/datasets/choucsan/Gaokao-Compass-11M/resolve/main/data/2025/zhejiang/school-admission.csv,2026-09-20T07:31:48+00:00
